[2026-09-22T04:43:53.226+0000] {local_task_job_runner.py:123} INFO - ::group::Pre task execution logs
[2026-09-22T04:43:53.239+0000] {taskinstance.py:2613} INFO - Dependencies all met for dep_context=non-requeueable deps ti=<TaskInstance: spotify_etl_pro.canciones.extraer_tacks manual__2026-09-22T04:42:46+00:00 [queued]>
[2026-09-22T04:43:53.244+0000] {taskinstance.py:2613} INFO - Dependencies all met for dep_context=requeueable deps ti=<TaskInstance: spotify_etl_pro.canciones.extraer_tacks manual__2026-09-22T04:42:46+00:00 [queued]>
[2026-09-22T04:43:53.244+0000] {taskinstance.py:2866} INFO - Starting attempt 1 of 3
[2026-09-22T04:43:53.253+0000] {taskinstance.py:2889} INFO - Executing <Task(_PythonDecoratedOperator): canciones.extraer_tacks> on 2026-09-22 04:42:46+00:00
[2026-09-22T04:43:53.256+0000] {standard_task_runner.py:72} INFO - Started process 3267 to run task
[2026-09-22T04:43:53.260+0000] {standard_task_runner.py:104} INFO - Running: ['airflow', 'tasks', 'run', 'spotify_etl_pro', 'canciones.extraer_tacks', 'manual__2026-09-22T04:42:46+00:00', '--job-id', '872', '--raw', '--subdir', 'DAGS_FOLDER/spotify_etl_pro.py', '--cfg-path', '/tmp/tmp5awxial_']
[2026-09-22T04:43:53.262+0000] {standard_task_runner.py:105} INFO - Job 872: Subtask canciones.extraer_tacks
[2026-09-22T04:43:53.305+0000] {task_command.py:467} INFO - Running <TaskInstance: spotify_etl_pro.canciones.extraer_tacks manual__2026-09-22T04:42:46+00:00 [running]> on host 96d0bddc4644
[2026-09-22T04:43:53.369+0000] {taskinstance.py:3132} INFO - Exporting env vars: AIRFLOW_CTX_DAG_OWNER='axel' AIRFLOW_CTX_DAG_ID='spotify_etl_pro' AIRFLOW_CTX_TASK_ID='canciones.extraer_tacks' AIRFLOW_CTX_EXECUTION_DATE='2026-09-22T04:42:46+00:00' AIRFLOW_CTX_TRY_NUMBER='1' AIRFLOW_CTX_DAG_RUN_ID='manual__2026-09-22T04:42:46+00:00'
[2026-09-22T04:43:53.370+0000] {taskinstance.py:731} INFO - ::endgroup::
[2026-09-22T04:43:53.407+0000] {base.py:1032} INFO - BEGIN (implicit)
[2026-09-22T04:43:53.408+0000] {base.py:1863} INFO - SELECT album.id_album 
FROM album 
WHERE album.id_spotify = %(id_spotify_1)s
[2026-09-22T04:43:53.408+0000] {base.py:1868} INFO - [generated in 0.00027s] {'id_spotify_1': '2A1wHE90Z5Aj3TSQVhyU4Y'}
[2026-09-22T04:43:53.409+0000] {logging_mixin.py:190} INFO - El id_album asociado con 2A1wHE90Z5Aj3TSQVhyU4Y es: None
[2026-09-22T04:43:53.410+0000] {base.py:1060} INFO - ROLLBACK
[2026-09-22T04:43:55.612+0000] {base.py:1032} INFO - BEGIN (implicit)
[2026-09-22T04:43:55.614+0000] {base.py:1863} INFO - SELECT album.id_album 
FROM album 
WHERE album.id_spotify = %(id_spotify_1)s
[2026-09-22T04:43:55.614+0000] {base.py:1868} INFO - [cached since 2.206s ago] {'id_spotify_1': '2EDW8OhiHdB2UtE6PCAxZD'}
[2026-09-22T04:43:55.616+0000] {logging_mixin.py:190} INFO - El id_album asociado con 2EDW8OhiHdB2UtE6PCAxZD es: None
[2026-09-22T04:43:55.616+0000] {base.py:1060} INFO - ROLLBACK
[2026-09-22T04:43:57.811+0000] {base.py:1032} INFO - BEGIN (implicit)
[2026-09-22T04:43:57.813+0000] {base.py:1863} INFO - SELECT album.id_album 
FROM album 
WHERE album.id_spotify = %(id_spotify_1)s
[2026-09-22T04:43:57.813+0000] {base.py:1868} INFO - [cached since 4.405s ago] {'id_spotify_1': '4Xbcm6g5Z8Sl7VZvGlzG5R'}
[2026-09-22T04:43:57.814+0000] {logging_mixin.py:190} INFO - El id_album asociado con 4Xbcm6g5Z8Sl7VZvGlzG5R es: None
[2026-09-22T04:43:57.814+0000] {base.py:1060} INFO - ROLLBACK
[2026-09-22T04:43:59.939+0000] {base.py:1032} INFO - BEGIN (implicit)
[2026-09-22T04:43:59.943+0000] {base.py:1863} INFO - SELECT album.id_album 
FROM album 
WHERE album.id_spotify = %(id_spotify_1)s
[2026-09-22T04:43:59.944+0000] {base.py:1868} INFO - [cached since 6.536s ago] {'id_spotify_1': '65naY9lNYSZh6h1mOeqsGN'}
[2026-09-22T04:43:59.945+0000] {logging_mixin.py:190} INFO - El id_album asociado con 65naY9lNYSZh6h1mOeqsGN es: None
[2026-09-22T04:43:59.945+0000] {base.py:1060} INFO - ROLLBACK
[2026-09-22T04:44:02.042+0000] {base.py:1032} INFO - BEGIN (implicit)
[2026-09-22T04:44:02.043+0000] {base.py:1863} INFO - SELECT album.id_album 
FROM album 
WHERE album.id_spotify = %(id_spotify_1)s
[2026-09-22T04:44:02.043+0000] {base.py:1868} INFO - [cached since 8.635s ago] {'id_spotify_1': '4L6Eadsg3dylhJS1BzM9Sa'}
[2026-09-22T04:44:02.044+0000] {logging_mixin.py:190} INFO - El id_album asociado con 4L6Eadsg3dylhJS1BzM9Sa es: None
[2026-09-22T04:44:02.044+0000] {base.py:1060} INFO - ROLLBACK
[2026-09-22T04:44:04.244+0000] {base.py:1032} INFO - BEGIN (implicit)
[2026-09-22T04:44:04.258+0000] {base.py:1863} INFO - SELECT album.id_album 
FROM album 
WHERE album.id_spotify = %(id_spotify_1)s
[2026-09-22T04:44:04.259+0000] {base.py:1868} INFO - [cached since 10.85s ago] {'id_spotify_1': '2QioUoh1jheynkUHP4XsCN'}
[2026-09-22T04:44:04.268+0000] {logging_mixin.py:190} INFO - El id_album asociado con 2QioUoh1jheynkUHP4XsCN es: None
[2026-09-22T04:44:04.270+0000] {base.py:1060} INFO - ROLLBACK
[2026-09-22T04:44:06.497+0000] {base.py:1032} INFO - BEGIN (implicit)
[2026-09-22T04:44:06.503+0000] {base.py:1863} INFO - SELECT album.id_album 
FROM album 
WHERE album.id_spotify = %(id_spotify_1)s
[2026-09-22T04:44:06.503+0000] {base.py:1868} INFO - [cached since 13.09s ago] {'id_spotify_1': '0W8eSVMCkF6C4CpvtDtOyZ'}
[2026-09-22T04:44:06.505+0000] {logging_mixin.py:190} INFO - El id_album asociado con 0W8eSVMCkF6C4CpvtDtOyZ es: None
[2026-09-22T04:44:06.505+0000] {base.py:1060} INFO - ROLLBACK
[2026-09-22T04:44:08.654+0000] {base.py:1032} INFO - BEGIN (implicit)
[2026-09-22T04:44:08.655+0000] {base.py:1863} INFO - SELECT album.id_album 
FROM album 
WHERE album.id_spotify = %(id_spotify_1)s
[2026-09-22T04:44:08.655+0000] {base.py:1868} INFO - [cached since 15.25s ago] {'id_spotify_1': '6YwpXnqqxbnOqCJLqrxyfb'}
[2026-09-22T04:44:08.655+0000] {logging_mixin.py:190} INFO - El id_album asociado con 6YwpXnqqxbnOqCJLqrxyfb es: None
[2026-09-22T04:44:08.656+0000] {base.py:1060} INFO - ROLLBACK
[2026-09-22T04:44:10.767+0000] {base.py:1032} INFO - BEGIN (implicit)
[2026-09-22T04:44:10.775+0000] {base.py:1863} INFO - SELECT album.id_album 
FROM album 
WHERE album.id_spotify = %(id_spotify_1)s
[2026-09-22T04:44:10.776+0000] {base.py:1868} INFO - [cached since 17.37s ago] {'id_spotify_1': '282N9Yf8R9zFqSgB80r2qo'}
[2026-09-22T04:44:10.777+0000] {logging_mixin.py:190} INFO - El id_album asociado con 282N9Yf8R9zFqSgB80r2qo es: None
[2026-09-22T04:44:10.778+0000] {base.py:1060} INFO - ROLLBACK
[2026-09-22T04:44:12.883+0000] {base.py:1032} INFO - BEGIN (implicit)
[2026-09-22T04:44:12.884+0000] {base.py:1863} INFO - SELECT album.id_album 
FROM album 
WHERE album.id_spotify = %(id_spotify_1)s
[2026-09-22T04:44:12.884+0000] {base.py:1868} INFO - [cached since 19.48s ago] {'id_spotify_1': '78R84o4n1a3LxcdzgGZKfC'}
[2026-09-22T04:44:12.884+0000] {logging_mixin.py:190} INFO - El id_album asociado con 78R84o4n1a3LxcdzgGZKfC es: None
[2026-09-22T04:44:12.885+0000] {base.py:1060} INFO - ROLLBACK
[2026-09-22T04:44:14.986+0000] {base.py:1032} INFO - BEGIN (implicit)
[2026-09-22T04:44:14.986+0000] {base.py:1863} INFO - SELECT album.id_album 
FROM album 
WHERE album.id_spotify = %(id_spotify_1)s
[2026-09-22T04:44:14.987+0000] {base.py:1868} INFO - [cached since 21.58s ago] {'id_spotify_1': '4KzJG9VVC0zxlZrRqJTCvE'}
[2026-09-22T04:44:14.987+0000] {logging_mixin.py:190} INFO - El id_album asociado con 4KzJG9VVC0zxlZrRqJTCvE es: None
[2026-09-22T04:44:14.988+0000] {base.py:1060} INFO - ROLLBACK
[2026-09-22T04:44:17.091+0000] {base.py:1032} INFO - BEGIN (implicit)
[2026-09-22T04:44:17.091+0000] {base.py:1863} INFO - SELECT album.id_album 
FROM album 
WHERE album.id_spotify = %(id_spotify_1)s
[2026-09-22T04:44:17.092+0000] {base.py:1868} INFO - [cached since 23.68s ago] {'id_spotify_1': '6D1tydNOSP2pWcHlMexO49'}
[2026-09-22T04:44:17.092+0000] {logging_mixin.py:190} INFO - El id_album asociado con 6D1tydNOSP2pWcHlMexO49 es: None
[2026-09-22T04:44:17.093+0000] {base.py:1060} INFO - ROLLBACK
[2026-09-22T04:44:19.232+0000] {base.py:1032} INFO - BEGIN (implicit)
[2026-09-22T04:44:19.233+0000] {base.py:1863} INFO - SELECT album.id_album 
FROM album 
WHERE album.id_spotify = %(id_spotify_1)s
[2026-09-22T04:44:19.233+0000] {base.py:1868} INFO - [cached since 25.82s ago] {'id_spotify_1': '0a8d4BfLP3XEiuZZTWxxEQ'}
[2026-09-22T04:44:19.234+0000] {logging_mixin.py:190} INFO - El id_album asociado con 0a8d4BfLP3XEiuZZTWxxEQ es: None
[2026-09-22T04:44:19.234+0000] {base.py:1060} INFO - ROLLBACK
[2026-09-22T04:44:21.346+0000] {base.py:1032} INFO - BEGIN (implicit)
[2026-09-22T04:44:21.352+0000] {base.py:1863} INFO - SELECT album.id_album 
FROM album 
WHERE album.id_spotify = %(id_spotify_1)s
[2026-09-22T04:44:21.353+0000] {base.py:1868} INFO - [cached since 27.94s ago] {'id_spotify_1': '7q659RJq4LXjzlZxwByzLk'}
[2026-09-22T04:44:21.354+0000] {logging_mixin.py:190} INFO - El id_album asociado con 7q659RJq4LXjzlZxwByzLk es: None
[2026-09-22T04:44:21.355+0000] {base.py:1060} INFO - ROLLBACK
[2026-09-22T04:44:23.478+0000] {base.py:1032} INFO - BEGIN (implicit)
[2026-09-22T04:44:23.479+0000] {base.py:1863} INFO - SELECT album.id_album 
FROM album 
WHERE album.id_spotify = %(id_spotify_1)s
[2026-09-22T04:44:23.479+0000] {base.py:1868} INFO - [cached since 30.07s ago] {'id_spotify_1': '4zeITicw3oKpOV5EMQIUQH'}
[2026-09-22T04:44:23.480+0000] {logging_mixin.py:190} INFO - El id_album asociado con 4zeITicw3oKpOV5EMQIUQH es: None
[2026-09-22T04:44:23.480+0000] {base.py:1060} INFO - ROLLBACK
[2026-09-22T04:44:25.602+0000] {base.py:1032} INFO - BEGIN (implicit)
[2026-09-22T04:44:25.603+0000] {base.py:1863} INFO - SELECT album.id_album 
FROM album 
WHERE album.id_spotify = %(id_spotify_1)s
[2026-09-22T04:44:25.603+0000] {base.py:1868} INFO - [cached since 32.19s ago] {'id_spotify_1': '7JH7jIpL9JwnBEpYAtyi2f'}
[2026-09-22T04:44:25.604+0000] {logging_mixin.py:190} INFO - El id_album asociado con 7JH7jIpL9JwnBEpYAtyi2f es: None
[2026-09-22T04:44:25.604+0000] {base.py:1060} INFO - ROLLBACK
[2026-09-22T04:44:27.778+0000] {base.py:1032} INFO - BEGIN (implicit)
[2026-09-22T04:44:27.780+0000] {base.py:1863} INFO - SELECT album.id_album 
FROM album 
WHERE album.id_spotify = %(id_spotify_1)s
[2026-09-22T04:44:27.780+0000] {base.py:1868} INFO - [cached since 34.37s ago] {'id_spotify_1': '6MRg8FgwKDNmNO0D9neSmo'}
[2026-09-22T04:44:27.781+0000] {logging_mixin.py:190} INFO - El id_album asociado con 6MRg8FgwKDNmNO0D9neSmo es: None
[2026-09-22T04:44:27.781+0000] {base.py:1060} INFO - ROLLBACK
[2026-09-22T04:44:29.892+0000] {base.py:1032} INFO - BEGIN (implicit)
[2026-09-22T04:44:29.893+0000] {base.py:1863} INFO - SELECT album.id_album 
FROM album 
WHERE album.id_spotify = %(id_spotify_1)s
[2026-09-22T04:44:29.893+0000] {base.py:1868} INFO - [cached since 36.48s ago] {'id_spotify_1': '4HGpekiabmZyat5xw23uZB'}
[2026-09-22T04:44:29.894+0000] {logging_mixin.py:190} INFO - El id_album asociado con 4HGpekiabmZyat5xw23uZB es: None
[2026-09-22T04:44:29.894+0000] {base.py:1060} INFO - ROLLBACK
[2026-09-22T04:44:32.057+0000] {base.py:1032} INFO - BEGIN (implicit)
[2026-09-22T04:44:32.058+0000] {base.py:1863} INFO - SELECT album.id_album 
FROM album 
WHERE album.id_spotify = %(id_spotify_1)s
[2026-09-22T04:44:32.058+0000] {base.py:1868} INFO - [cached since 38.65s ago] {'id_spotify_1': '5PcQCqnfkK1IY9lrfE8sMQ'}
[2026-09-22T04:44:32.059+0000] {logging_mixin.py:190} INFO - El id_album asociado con 5PcQCqnfkK1IY9lrfE8sMQ es: None
[2026-09-22T04:44:32.059+0000] {base.py:1060} INFO - ROLLBACK
[2026-09-22T04:44:34.217+0000] {base.py:1032} INFO - BEGIN (implicit)
[2026-09-22T04:44:34.218+0000] {base.py:1863} INFO - SELECT album.id_album 
FROM album 
WHERE album.id_spotify = %(id_spotify_1)s
[2026-09-22T04:44:34.218+0000] {base.py:1868} INFO - [cached since 40.81s ago] {'id_spotify_1': '3uymcMheLvldkL7e7EUXz3'}
[2026-09-22T04:44:34.219+0000] {logging_mixin.py:190} INFO - El id_album asociado con 3uymcMheLvldkL7e7EUXz3 es: None
[2026-09-22T04:44:34.219+0000] {base.py:1060} INFO - ROLLBACK
[2026-09-22T04:44:36.331+0000] {base.py:1032} INFO - BEGIN (implicit)
[2026-09-22T04:44:36.333+0000] {base.py:1863} INFO - SELECT album.id_album 
FROM album 
WHERE album.id_spotify = %(id_spotify_1)s
[2026-09-22T04:44:36.333+0000] {base.py:1868} INFO - [cached since 42.93s ago] {'id_spotify_1': '3UesepjW7Scwi8DV62Qqyn'}
[2026-09-22T04:44:36.334+0000] {logging_mixin.py:190} INFO - El id_album asociado con 3UesepjW7Scwi8DV62Qqyn es: None
[2026-09-22T04:44:36.335+0000] {base.py:1060} INFO - ROLLBACK
[2026-09-22T04:44:38.488+0000] {base.py:1032} INFO - BEGIN (implicit)
[2026-09-22T04:44:38.489+0000] {base.py:1863} INFO - SELECT album.id_album 
FROM album 
WHERE album.id_spotify = %(id_spotify_1)s
[2026-09-22T04:44:38.490+0000] {base.py:1868} INFO - [cached since 45.08s ago] {'id_spotify_1': '3HC675zVoU9skzkwk6zMsf'}
[2026-09-22T04:44:38.490+0000] {logging_mixin.py:190} INFO - El id_album asociado con 3HC675zVoU9skzkwk6zMsf es: None
[2026-09-22T04:44:38.491+0000] {base.py:1060} INFO - ROLLBACK
[2026-09-22T04:44:40.584+0000] {base.py:1032} INFO - BEGIN (implicit)
[2026-09-22T04:44:40.586+0000] {base.py:1863} INFO - SELECT album.id_album 
FROM album 
WHERE album.id_spotify = %(id_spotify_1)s
[2026-09-22T04:44:40.586+0000] {base.py:1868} INFO - [cached since 47.18s ago] {'id_spotify_1': '3x2qoJX6nDBPnJVlbmv5wc'}
[2026-09-22T04:44:40.587+0000] {logging_mixin.py:190} INFO - El id_album asociado con 3x2qoJX6nDBPnJVlbmv5wc es: None
[2026-09-22T04:44:40.587+0000] {base.py:1060} INFO - ROLLBACK
[2026-09-22T04:44:42.683+0000] {base.py:1032} INFO - BEGIN (implicit)
[2026-09-22T04:44:42.683+0000] {base.py:1863} INFO - SELECT album.id_album 
FROM album 
WHERE album.id_spotify = %(id_spotify_1)s
[2026-09-22T04:44:42.684+0000] {base.py:1868} INFO - [cached since 49.28s ago] {'id_spotify_1': '12pnVAswzLE6hArSl0bF0h'}
[2026-09-22T04:44:42.684+0000] {logging_mixin.py:190} INFO - El id_album asociado con 12pnVAswzLE6hArSl0bF0h es: None
[2026-09-22T04:44:42.684+0000] {base.py:1060} INFO - ROLLBACK
[2026-09-22T04:44:44.794+0000] {base.py:1032} INFO - BEGIN (implicit)
[2026-09-22T04:44:44.796+0000] {base.py:1863} INFO - SELECT album.id_album 
FROM album 
WHERE album.id_spotify = %(id_spotify_1)s
[2026-09-22T04:44:44.796+0000] {base.py:1868} INFO - [cached since 51.39s ago] {'id_spotify_1': '6Hnr6UcLxnEadWQ70bZqGS'}
[2026-09-22T04:44:44.797+0000] {logging_mixin.py:190} INFO - El id_album asociado con 6Hnr6UcLxnEadWQ70bZqGS es: None
[2026-09-22T04:44:44.797+0000] {base.py:1060} INFO - ROLLBACK
[2026-09-22T04:44:46.925+0000] {base.py:1032} INFO - BEGIN (implicit)
[2026-09-22T04:44:46.936+0000] {base.py:1863} INFO - SELECT album.id_album 
FROM album 
WHERE album.id_spotify = %(id_spotify_1)s
[2026-09-22T04:44:46.936+0000] {base.py:1868} INFO - [cached since 53.53s ago] {'id_spotify_1': '0wiCziapeV1iX4WvkhldFS'}
[2026-09-22T04:44:46.938+0000] {logging_mixin.py:190} INFO - El id_album asociado con 0wiCziapeV1iX4WvkhldFS es: None
[2026-09-22T04:44:46.938+0000] {base.py:1060} INFO - ROLLBACK
[2026-09-22T04:44:49.050+0000] {base.py:1032} INFO - BEGIN (implicit)
[2026-09-22T04:44:49.051+0000] {base.py:1863} INFO - SELECT album.id_album 
FROM album 
WHERE album.id_spotify = %(id_spotify_1)s
[2026-09-22T04:44:49.051+0000] {base.py:1868} INFO - [cached since 55.64s ago] {'id_spotify_1': '2raYIHvbOLTgSZAQtZfyak'}
[2026-09-22T04:44:49.052+0000] {logging_mixin.py:190} INFO - El id_album asociado con 2raYIHvbOLTgSZAQtZfyak es: None
[2026-09-22T04:44:49.052+0000] {base.py:1060} INFO - ROLLBACK
[2026-09-22T04:44:51.165+0000] {base.py:1032} INFO - BEGIN (implicit)
[2026-09-22T04:44:51.166+0000] {base.py:1863} INFO - SELECT album.id_album 
FROM album 
WHERE album.id_spotify = %(id_spotify_1)s
[2026-09-22T04:44:51.166+0000] {base.py:1868} INFO - [cached since 57.76s ago] {'id_spotify_1': '3N7agGkKrdlEHBrzSDTNmG'}
[2026-09-22T04:44:51.166+0000] {logging_mixin.py:190} INFO - El id_album asociado con 3N7agGkKrdlEHBrzSDTNmG es: None
[2026-09-22T04:44:51.167+0000] {base.py:1060} INFO - ROLLBACK
[2026-09-22T04:44:53.356+0000] {base.py:1032} INFO - BEGIN (implicit)
[2026-09-22T04:44:53.357+0000] {base.py:1863} INFO - SELECT album.id_album 
FROM album 
WHERE album.id_spotify = %(id_spotify_1)s
[2026-09-22T04:44:53.358+0000] {base.py:1868} INFO - [cached since 59.95s ago] {'id_spotify_1': '5EtVXHkqYV1ebAoYNDFmmY'}
[2026-09-22T04:44:53.358+0000] {logging_mixin.py:190} INFO - El id_album asociado con 5EtVXHkqYV1ebAoYNDFmmY es: None
[2026-09-22T04:44:53.358+0000] {base.py:1060} INFO - ROLLBACK
[2026-09-22T04:44:55.449+0000] {base.py:1032} INFO - BEGIN (implicit)
[2026-09-22T04:44:55.451+0000] {base.py:1863} INFO - SELECT album.id_album 
FROM album 
WHERE album.id_spotify = %(id_spotify_1)s
[2026-09-22T04:44:55.451+0000] {base.py:1868} INFO - [cached since 62.04s ago] {'id_spotify_1': '2BbqE0ewA8MJyI9QkIkpCL'}
[2026-09-22T04:44:55.452+0000] {logging_mixin.py:190} INFO - El id_album asociado con 2BbqE0ewA8MJyI9QkIkpCL es: None
[2026-09-22T04:44:55.452+0000] {base.py:1060} INFO - ROLLBACK
[2026-09-22T04:44:57.554+0000] {base.py:1032} INFO - BEGIN (implicit)
[2026-09-22T04:44:57.556+0000] {base.py:1863} INFO - SELECT album.id_album 
FROM album 
WHERE album.id_spotify = %(id_spotify_1)s
[2026-09-22T04:44:57.556+0000] {base.py:1868} INFO - [cached since 64.15s ago] {'id_spotify_1': '3oTSXelgiaAZBOdFWlkbO8'}
[2026-09-22T04:44:57.557+0000] {logging_mixin.py:190} INFO - El id_album asociado con 3oTSXelgiaAZBOdFWlkbO8 es: None
[2026-09-22T04:44:57.557+0000] {base.py:1060} INFO - ROLLBACK
[2026-09-22T04:44:59.703+0000] {base.py:1032} INFO - BEGIN (implicit)
[2026-09-22T04:44:59.703+0000] {base.py:1863} INFO - SELECT album.id_album 
FROM album 
WHERE album.id_spotify = %(id_spotify_1)s
[2026-09-22T04:44:59.704+0000] {base.py:1868} INFO - [cached since 66.3s ago] {'id_spotify_1': '5EyEI8tm60S6y2YKbjE0xI'}
[2026-09-22T04:44:59.704+0000] {logging_mixin.py:190} INFO - El id_album asociado con 5EyEI8tm60S6y2YKbjE0xI es: None
[2026-09-22T04:44:59.704+0000] {base.py:1060} INFO - ROLLBACK
[2026-09-22T04:45:01.955+0000] {base.py:1032} INFO - BEGIN (implicit)
[2026-09-22T04:45:01.956+0000] {base.py:1863} INFO - SELECT album.id_album 
FROM album 
WHERE album.id_spotify = %(id_spotify_1)s
[2026-09-22T04:45:01.957+0000] {base.py:1868} INFO - [cached since 68.55s ago] {'id_spotify_1': '6NHY8V0ckcPcYoL2T1z9k8'}
[2026-09-22T04:45:01.957+0000] {logging_mixin.py:190} INFO - El id_album asociado con 6NHY8V0ckcPcYoL2T1z9k8 es: None
[2026-09-22T04:45:01.958+0000] {base.py:1060} INFO - ROLLBACK
[2026-09-22T04:45:04.105+0000] {base.py:1032} INFO - BEGIN (implicit)
[2026-09-22T04:45:04.108+0000] {base.py:1863} INFO - SELECT album.id_album 
FROM album 
WHERE album.id_spotify = %(id_spotify_1)s
[2026-09-22T04:45:04.108+0000] {base.py:1868} INFO - [cached since 70.7s ago] {'id_spotify_1': '797fkvAtk0iZvP1HHPCWbp'}
[2026-09-22T04:45:04.109+0000] {logging_mixin.py:190} INFO - El id_album asociado con 797fkvAtk0iZvP1HHPCWbp es: None
[2026-09-22T04:45:04.110+0000] {base.py:1060} INFO - ROLLBACK
[2026-09-22T04:45:06.224+0000] {base.py:1032} INFO - BEGIN (implicit)
[2026-09-22T04:45:06.225+0000] {base.py:1863} INFO - SELECT album.id_album 
FROM album 
WHERE album.id_spotify = %(id_spotify_1)s
[2026-09-22T04:45:06.226+0000] {base.py:1868} INFO - [cached since 72.82s ago] {'id_spotify_1': '7F9hfZKh6WLOKME4LwCPZI'}
[2026-09-22T04:45:06.226+0000] {logging_mixin.py:190} INFO - El id_album asociado con 7F9hfZKh6WLOKME4LwCPZI es: None
[2026-09-22T04:45:06.227+0000] {base.py:1060} INFO - ROLLBACK
[2026-09-22T04:45:08.325+0000] {base.py:1032} INFO - BEGIN (implicit)
[2026-09-22T04:45:08.326+0000] {base.py:1863} INFO - SELECT album.id_album 
FROM album 
WHERE album.id_spotify = %(id_spotify_1)s
[2026-09-22T04:45:08.326+0000] {base.py:1868} INFO - [cached since 74.92s ago] {'id_spotify_1': '71VPCdeQQs1dmyVbflhPjX'}
[2026-09-22T04:45:08.326+0000] {logging_mixin.py:190} INFO - El id_album asociado con 71VPCdeQQs1dmyVbflhPjX es: None
[2026-09-22T04:45:08.327+0000] {base.py:1060} INFO - ROLLBACK
[2026-09-22T04:45:10.434+0000] {base.py:1032} INFO - BEGIN (implicit)
[2026-09-22T04:45:10.434+0000] {base.py:1863} INFO - SELECT album.id_album 
FROM album 
WHERE album.id_spotify = %(id_spotify_1)s
[2026-09-22T04:45:10.435+0000] {base.py:1868} INFO - [cached since 77.03s ago] {'id_spotify_1': '2evskaXutnTkQAaZeT4PQb'}
[2026-09-22T04:45:10.435+0000] {logging_mixin.py:190} INFO - El id_album asociado con 2evskaXutnTkQAaZeT4PQb es: None
[2026-09-22T04:45:10.436+0000] {base.py:1060} INFO - ROLLBACK
[2026-09-22T04:45:12.535+0000] {base.py:1032} INFO - BEGIN (implicit)
[2026-09-22T04:45:12.536+0000] {base.py:1863} INFO - SELECT album.id_album 
FROM album 
WHERE album.id_spotify = %(id_spotify_1)s
[2026-09-22T04:45:12.536+0000] {base.py:1868} INFO - [cached since 79.13s ago] {'id_spotify_1': '0ADxWse76Nsk2Tvq5SXGGQ'}
[2026-09-22T04:45:12.537+0000] {logging_mixin.py:190} INFO - El id_album asociado con 0ADxWse76Nsk2Tvq5SXGGQ es: None
[2026-09-22T04:45:12.537+0000] {base.py:1060} INFO - ROLLBACK
[2026-09-22T04:45:14.635+0000] {base.py:1032} INFO - BEGIN (implicit)
[2026-09-22T04:45:14.636+0000] {base.py:1863} INFO - SELECT album.id_album 
FROM album 
WHERE album.id_spotify = %(id_spotify_1)s
[2026-09-22T04:45:14.636+0000] {base.py:1868} INFO - [cached since 81.23s ago] {'id_spotify_1': '0vOm2bkcuDCXS6AQqWXyAQ'}
[2026-09-22T04:45:14.637+0000] {logging_mixin.py:190} INFO - El id_album asociado con 0vOm2bkcuDCXS6AQqWXyAQ es: None
[2026-09-22T04:45:14.637+0000] {base.py:1060} INFO - ROLLBACK
[2026-09-22T04:45:16.878+0000] {base.py:1032} INFO - BEGIN (implicit)
[2026-09-22T04:45:16.886+0000] {base.py:1863} INFO - SELECT album.id_album 
FROM album 
WHERE album.id_spotify = %(id_spotify_1)s
[2026-09-22T04:45:16.886+0000] {base.py:1868} INFO - [cached since 83.48s ago] {'id_spotify_1': '5IFOummNcGXY3qCBWRchqP'}
[2026-09-22T04:45:16.890+0000] {logging_mixin.py:190} INFO - El id_album asociado con 5IFOummNcGXY3qCBWRchqP es: None
[2026-09-22T04:45:16.891+0000] {base.py:1060} INFO - ROLLBACK
[2026-09-22T04:45:19.015+0000] {spotify_etl_pro.py:216} INFO - OK. Canciones extraidas: [{'nombre_cancion': 'Step', 'id_spotify': '3Kv6sMC4N5zEWkTugluCV8', 'num_cancion': 1, 'duracion': 214723, 'id_album': None}, {'nombre_cancion': 'Lied 2 U', 'id_spotify': '59gUNCV3DJZIEJfEZmBqKQ', 'num_cancion': 2, 'duracion': 167276, 'id_album': None}, {'nombre_cancion': 'Slid Off', 'id_spotify': '08A6jwlSiLBubvr4WjHF0b', 'num_cancion': 3, 'duracion': 140924, 'id_album': None}, {'nombre_cancion': 'Daddy Rich', 'id_spotify': '33h8FeXNW7mHfbyCab3TL6', 'num_cancion': 4, 'duracion': 13412, 'id_album': None}, {'nombre_cancion': 'Stop Counting My Poccets', 'id_spotify': '2TEpOh4ROxqIU2nd4bYa7o', 'num_cancion': 5, 'duracion': 123865, 'id_album': None}, {'nombre_cancion': 'OG to BG', 'id_spotify': '0bNBcSFpd0gMYQAYCZycn1', 'num_cancion': 6, 'duracion': 149709, 'id_album': None}, {'nombre_cancion': 'Dogg Wattup Doe', 'id_spotify': '1h39l7NbaXx5tzuKMVIoe1', 'num_cancion': 7, 'duracion': 157731, 'id_album': None}, {'nombre_cancion': 'Leave That Dogg Alone', 'id_spotify': '0c3C4o45M0EvgzAYuGqocw', 'num_cancion': 8, 'duracion': 137856, 'id_album': None}, {'nombre_cancion': 'Pop My Shit', 'id_spotify': '0QbymLm4MoSx2SrTYM2b82', 'num_cancion': 9, 'duracion': 151989, 'id_album': None}, {'nombre_cancion': '17 Rules', 'id_spotify': '2fsY5ZvDkwtTYQhkDmEamJ', 'num_cancion': 10, 'duracion': 158002, 'id_album': None}, {'nombre_cancion': 'Bread Under The Bed', 'id_spotify': '2HO8qO7LuY8NoFU3cFTgTM', 'num_cancion': 11, 'duracion': 230922, 'id_album': None}, {'nombre_cancion': 'No Ticcet Needed', 'id_spotify': '1FN20iwxWNK0xxRNCHwLdm', 'num_cancion': 12, 'duracion': 202637, 'id_album': None}, {'nombre_cancion': "Long Beachin'", 'id_spotify': '4mXeKVIuep7tvSwNnrcxQ2', 'num_cancion': 13, 'duracion': 103687, 'id_album': None}, {'nombre_cancion': 'QTSAMYAH', 'id_spotify': '3WYlK6cf2jMLIsVbc2fEJv', 'num_cancion': 14, 'duracion': 173908, 'id_album': None}, {'nombre_cancion': 'Intro', 'id_spotify': '5Wcc5ah6W0gf9oMhD8rdLx', 'num_cancion': 1, 'duracion': 17866, 'id_album': None}, {'nombre_cancion': 'Iz It A Crime?', 'id_spotify': '0wsFEk9PB1W21j1uPLTXPx', 'num_cancion': 2, 'duracion': 139385, 'id_album': None}, {'nombre_cancion': 'Joy', 'id_spotify': '6qoSPV8pQXufO58RGmI7dR', 'num_cancion': 3, 'duracion': 168219, 'id_album': None}, {'nombre_cancion': 'Unsung Heroes', 'id_spotify': '4geHU7dj1nRbKDOpFnNDyR', 'num_cancion': 4, 'duracion': 133447, 'id_album': None}, {'nombre_cancion': "Sophisticated Crippin'", 'id_spotify': '5pUJW98nAZ4FDgkJZcS6eT', 'num_cancion': 5, 'duracion': 202160, 'id_album': None}, {'nombre_cancion': 'Can’t Wait', 'id_spotify': '2HAK0VowiQALBFlxJxrHw1', 'num_cancion': 6, 'duracion': 172481, 'id_album': None}, {'nombre_cancion': "Can't Get Enough", 'id_spotify': '3x25D5A6vQuTI9cdWY5sOy', 'num_cancion': 7, 'duracion': 172200, 'id_album': None}, {'nombre_cancion': 'Keep it Moving', 'id_spotify': '1go8qx8IBftD6Gx9hFnWYo', 'num_cancion': 8, 'duracion': 174430, 'id_album': None}, {'nombre_cancion': 'Just the Way It Iz', 'id_spotify': '3vItapJtdqXNwFpNz0THMz', 'num_cancion': 9, 'duracion': 195213, 'id_album': None}, {'nombre_cancion': 'You Want My All', 'id_spotify': '2L1uQ7e3haLesol3fAm5qh', 'num_cancion': 10, 'duracion': 228153, 'id_album': None}, {'nombre_cancion': "What's Hattnin?", 'id_spotify': '0eUno5UuPvdqYHiNbVLfVU', 'num_cancion': 11, 'duracion': 93821, 'id_album': None}, {'nombre_cancion': 'Spot', 'id_spotify': '6qzl1z0V7c1Pe2O1QzW3gV', 'num_cancion': 12, 'duracion': 163821, 'id_album': None}, {'nombre_cancion': 'SYBAU', 'id_spotify': '0mvjGOp6bQUwCYCDNYdgRy', 'num_cancion': 13, 'duracion': 118640, 'id_album': None}, {'nombre_cancion': 'Cold Summer', 'id_spotify': '7N35tXSuPzDUUHPZtGqZgX', 'num_cancion': 14, 'duracion': 139369, 'id_album': None}, {'nombre_cancion': 'Snoop Will Make You Dance', 'id_spotify': '6L3v1k4aGQ1GuxLBB9yuqi', 'num_cancion': 15, 'duracion': 185663, 'id_album': None}, {'nombre_cancion': 'Life’s Journey', 'id_spotify': '6SGBrBYJ7uxzUYA5QbdfiV', 'num_cancion': 16, 'duracion': 145129, 'id_album': None}, {'nombre_cancion': 'Me N OG Snoop', 'id_spotify': '4pfUkkJKUgrsXuVVYRuSh4', 'num_cancion': 17, 'duracion': 158270, 'id_album': None}, {'nombre_cancion': 'Let Me Love You', 'id_spotify': '2u6W28YWw74m8MCasynAJ7', 'num_cancion': 18, 'duracion': 211976, 'id_album': None}, {'nombre_cancion': 'West Up', 'id_spotify': '2oVvaQqoNclvi4l0C2dxj6', 'num_cancion': 19, 'duracion': 167291, 'id_album': None}, {'nombre_cancion': 'My Friend', 'id_spotify': '7xIHxf9iqamVCyH830BXwT', 'num_cancion': 20, 'duracion': 263355, 'id_album': None}, {'nombre_cancion': 'Live Life', 'id_spotify': '2VfSmK0InLYFeHgIApkBNu', 'num_cancion': 21, 'duracion': 186722, 'id_album': None}, {'nombre_cancion': 'Fore Play (feat. BJ The Chicago Kid)', 'id_spotify': '1jpqmIVcubRbsHO5tHwUnS', 'num_cancion': 1, 'duracion': 75002, 'id_album': None}, {'nombre_cancion': 'Shangri-La', 'id_spotify': '2xAlwGEzeiW5r3tVln0e63', 'num_cancion': 2, 'duracion': 97808, 'id_album': None}, {'nombre_cancion': 'Outta Da Blue (feat. Dr. Dre & Alus)', 'id_spotify': '6viYkuKssGA7oRKFcTrlzA', 'num_cancion': 3, 'duracion': 159580, 'id_album': None}, {'nombre_cancion': 'Hard Knocks', 'id_spotify': '1ieZSmgulenjkl52fYmLMF', 'num_cancion': 4, 'duracion': 253851, 'id_album': None}, {'nombre_cancion': 'Gorgeous (feat. Jhené Aiko)', 'id_spotify': '2AdXjqcbPyz3I4hujZZTDo', 'num_cancion': 5, 'duracion': 176034, 'id_album': None}, {'nombre_cancion': 'Last Dance With Mary Jane (feat. Tom Petty & Jelly Roll)', 'id_spotify': '2A6lb22olxLOdTiuyXr1R4', 'num_cancion': 6, 'duracion': 185092, 'id_album': None}, {'nombre_cancion': 'Thank You', 'id_spotify': '5xRyi3yMeM01isGt1R2ahF', 'num_cancion': 7, 'duracion': 163722, 'id_album': None}, {'nombre_cancion': 'Pressure (feat. Dr. Dre & K.A.A.N.)', 'id_spotify': '1H6LyMtEzrHCzvfri39pZu', 'num_cancion': 8, 'duracion': 142955, 'id_album': None}, {'nombre_cancion': 'Another Part Of Me (feat. Sting)', 'id_spotify': '14YI198tRxniEEIjTBDYMn', 'num_cancion': 9, 'duracion': 206765, 'id_album': None}, {'nombre_cancion': 'Skyscrapers (feat. Method Man & Smitty)', 'id_spotify': '4VnMLpe61JhaDX1jegH7eo', 'num_cancion': 10, 'duracion': 180256, 'id_album': None}, {'nombre_cancion': 'Fire (feat. Cocoa Sarai)', 'id_spotify': '70AUVsUB3IyhJWj2op1r6F', 'num_cancion': 11, 'duracion': 222655, 'id_album': None}, {'nombre_cancion': 'Gunz N Smoke (feat. 50 Cent & Eminem)', 'id_spotify': '4eFS864wY6Ru3UiER6P5Z9', 'num_cancion': 12, 'duracion': 213739, 'id_album': None}, {'nombre_cancion': 'Sticcy Situation (feat. K.A.A.N. & Cocoa Sarai)', 'id_spotify': '023JyyijSNIUUPC32IEw8X', 'num_cancion': 13, 'duracion': 188749, 'id_album': None}, {'nombre_cancion': 'Now Or Never (feat. Dr. Dre & BJ The Chicago Kid)', 'id_spotify': '3ByB0fia6CyjXVVL4hXTno', 'num_cancion': 14, 'duracion': 198550, 'id_album': None}, {'nombre_cancion': 'Gangsta Pose (feat. Dem Jointz, Stalone & Fat Money)', 'id_spotify': '1BnHD6OTvqa5q3MbyMIi7a', 'num_cancion': 15, 'duracion': 176206, 'id_album': None}, {'nombre_cancion': 'The Negotiator', 'id_spotify': '1hLfJLE3fJ5JaiXMKvNvMA', 'num_cancion': 16, 'duracion': 142222, 'id_album': None}, {'nombre_cancion': 'Fore Play (feat. BJ The Chicago Kid) - Instrumental', 'id_spotify': '0rRxuO6lnWHEc46rYElPTe', 'num_cancion': 17, 'duracion': 75002, 'id_album': None}, {'nombre_cancion': 'Shangri-La - Instrumental', 'id_spotify': '2ReqrNmVPDwc1FpcU6VtkY', 'num_cancion': 18, 'duracion': 97808, 'id_album': None}, {'nombre_cancion': 'Outta Da Blue (feat. Dr. Dre & Alus) - Instrumental', 'id_spotify': '3KDH8wdF4fdk23WkfsAlyj', 'num_cancion': 19, 'duracion': 159580, 'id_album': None}, {'nombre_cancion': 'Hard Knocks - Instrumental', 'id_spotify': '1z8uzyPCJFyQ5q7TkzMwUG', 'num_cancion': 20, 'duracion': 253853, 'id_album': None}, {'nombre_cancion': 'Gorgeous (feat. Jhené Aiko) - Instrumental', 'id_spotify': '0bs6tZZ3xH9ALJIdxj5Vl7', 'num_cancion': 21, 'duracion': 176034, 'id_album': None}, {'nombre_cancion': 'Last Dance With Mary Jane (feat. Tom Petty & Jelly Roll) - Instrumental', 'id_spotify': '1ZOcGCODzxWcZ5nEUs8nJm', 'num_cancion': 22, 'duracion': 184020, 'id_album': None}, {'nombre_cancion': 'Thank You - Instrumental', 'id_spotify': '5iqVnIOfMclVobzFdoawU2', 'num_cancion': 23, 'duracion': 163722, 'id_album': None}, {'nombre_cancion': 'Pressure (feat. Dr. Dre & K.A.A.N.) - Instrumental', 'id_spotify': '3YKCvsLAPbXXy4Acpg8ThM', 'num_cancion': 24, 'duracion': 142955, 'id_album': None}, {'nombre_cancion': 'Another Part Of Me (feat. Sting) - Instrumental', 'id_spotify': '1GOYg63pruZUmgaU2DHCyF', 'num_cancion': 25, 'duracion': 207123, 'id_album': None}, {'nombre_cancion': 'Skyscrapers (feat. Method Man & Smitty) - Instrumental', 'id_spotify': '51x7u5EqtdOyGIcO752OHw', 'num_cancion': 26, 'duracion': 180256, 'id_album': None}, {'nombre_cancion': 'Fire (feat. Cocoa Sarai) - Instrumental', 'id_spotify': '3hTvzslMpU5OyeXIKwS1BS', 'num_cancion': 27, 'duracion': 222655, 'id_album': None}, {'nombre_cancion': 'Gunz N Smoke (feat. 50 Cent & Eminem) - Instrumental', 'id_spotify': '7cbMSgnpckdPToc3dA7NOU', 'num_cancion': 28, 'duracion': 213739, 'id_album': None}, {'nombre_cancion': 'Sticcy Situation (feat. K.A.A.N. & Cocoa Sarai) - Instrumental', 'id_spotify': '5RzptMsdb8RmjPtLdDQ1Hk', 'num_cancion': 29, 'duracion': 188749, 'id_album': None}, {'nombre_cancion': 'Now Or Never (feat. Dr. Dre & BJ The Chicago Kid) - Instrumental', 'id_spotify': '0trz91L3wogAzbAfSQW788', 'num_cancion': 30, 'duracion': 198550, 'id_album': None}, {'nombre_cancion': 'Gangsta Pose (feat. Dem Jointz, Stalone & Fat Money) - Instrumental', 'id_spotify': '5P7rNUHXUI6GtSNjwTtc6D', 'num_cancion': 31, 'duracion': 176206, 'id_album': None}, {'nombre_cancion': 'The Negotiator - Instrumental', 'id_spotify': '1ciiMqqIZV7Ed0PE8RoNJj', 'num_cancion': 32, 'duracion': 142222, 'id_album': None}, {'nombre_cancion': 'Fore Play (feat. BJ The Chicago Kid)', 'id_spotify': '0Xa8YvNd8jPb0JwDdS588E', 'num_cancion': 1, 'duracion': 75002, 'id_album': None}, {'nombre_cancion': 'Shangri-La', 'id_spotify': '1B76dJAexrgEa2krEJh88P', 'num_cancion': 2, 'duracion': 97808, 'id_album': None}, {'nombre_cancion': 'Outta Da Blue (feat. Dr. Dre & Alus)', 'id_spotify': '2NQgPPXMmpmLPzxxfbTh9V', 'num_cancion': 3, 'duracion': 159580, 'id_album': None}, {'nombre_cancion': 'Hard Knocks', 'id_spotify': '7CHsywyRabRhgfGF9N4JSG', 'num_cancion': 4, 'duracion': 253851, 'id_album': None}, {'nombre_cancion': 'Gorgeous (feat. Jhené Aiko)', 'id_spotify': '3WXRXRRnWbbIFMOPKj8BB4', 'num_cancion': 5, 'duracion': 176034, 'id_album': None}, {'nombre_cancion': 'Last Dance With Mary Jane (feat. Tom Petty & Jelly Roll)', 'id_spotify': '4nqKqrFUwEkHEGKBr1lBe3', 'num_cancion': 6, 'duracion': 185092, 'id_album': None}, {'nombre_cancion': 'Thank You', 'id_spotify': '0w9z8zQTNKOwp56AK42jkB', 'num_cancion': 7, 'duracion': 163722, 'id_album': None}, {'nombre_cancion': 'Pressure (feat. Dr. Dre & K.A.A.N.)', 'id_spotify': '7LMcQlrCdjexJEWT9oasE8', 'num_cancion': 8, 'duracion': 142955, 'id_album': None}, {'nombre_cancion': 'Another Part Of Me (feat. Sting)', 'id_spotify': '6KmW2oHAkhnBQKUtVxatR4', 'num_cancion': 9, 'duracion': 206765, 'id_album': None}, {'nombre_cancion': 'Skyscrapers (feat. Method Man & Smitty)', 'id_spotify': '6xKPF39l411bTJZ27U2Cs9', 'num_cancion': 10, 'duracion': 180256, 'id_album': None}, {'nombre_cancion': 'Fire (feat. Cocoa Sarai)', 'id_spotify': '0islKhgvB3HiMJY8YN9ssE', 'num_cancion': 11, 'duracion': 222655, 'id_album': None}, {'nombre_cancion': 'Gunz N Smoke (feat. 50 Cent & Eminem)', 'id_spotify': '2GiJpAxK7T6JddAmEVreKT', 'num_cancion': 12, 'duracion': 213739, 'id_album': None}, {'nombre_cancion': 'Sticcy Situation (feat. K.A.A.N. & Cocoa Sarai)', 'id_spotify': '2THvF6GZtWpObx22UDJTkp', 'num_cancion': 13, 'duracion': 188749, 'id_album': None}, {'nombre_cancion': 'Now Or Never (feat. Dr. Dre & BJ The Chicago Kid)', 'id_spotify': '0zPez0f9yR1UF1iowFVxrW', 'num_cancion': 14, 'duracion': 198550, 'id_album': None}, {'nombre_cancion': 'Gangsta Pose (feat. Dem Jointz, Stalone & Fat Money)', 'id_spotify': '4EwD52RYArKX0cvlJ4FoNd', 'num_cancion': 15, 'duracion': 176206, 'id_album': None}, {'nombre_cancion': 'The Negotiator', 'id_spotify': '3hifED2qSOpsT5f4xQoaVW', 'num_cancion': 16, 'duracion': 142222, 'id_album': None}, {'nombre_cancion': 'Olelelele', 'id_spotify': '6rlB3v6wlL72QdN0NO2nRS', 'num_cancion': 1, 'duracion': 158511, 'id_album': None}, {'nombre_cancion': 'What Can I Do?', 'id_spotify': '4vzJFd247RDvBHAHOyAotH', 'num_cancion': 2, 'duracion': 157687, 'id_album': None}, {'nombre_cancion': 'Love You More', 'id_spotify': '6lA5ObZokEWqLzfvCAlSyr', 'num_cancion': 3, 'duracion': 193803, 'id_album': None}, {'nombre_cancion': 'Mood', 'id_spotify': '3FTo9hDgSxplYnGemzSG7s', 'num_cancion': 4, 'duracion': 153652, 'id_album': None}, {'nombre_cancion': 'The Monster', 'id_spotify': '4S7CrNeR3E3TiGgg773qVZ', 'num_cancion': 5, 'duracion': 183272, 'id_album': None}, {'nombre_cancion': 'Shook Up', 'id_spotify': '1dpeRjKiRF96kdirI4TpfK', 'num_cancion': 6, 'duracion': 157391, 'id_album': None}, {'nombre_cancion': 'Fire Baby', 'id_spotify': '2enxCvBWoZ6Qeiw1RqqfmY', 'num_cancion': 7, 'duracion': 176122, 'id_album': None}, {'nombre_cancion': 'Breakfast', 'id_spotify': '43V7cEc7hLEzb0MrHDijoH', 'num_cancion': 8, 'duracion': 235102, 'id_album': None}, {'nombre_cancion': 'Amazing Grace', 'id_spotify': '3FGkIqy6LsVzo8xjfvzw5t', 'num_cancion': 9, 'duracion': 190000, 'id_album': None}, {'nombre_cancion': "Chasin' Freedum", 'id_spotify': '2qfhJtaLp8sZT1daApg12v', 'num_cancion': 10, 'duracion': 190243, 'id_album': None}, {'nombre_cancion': 'Bathtub', 'id_spotify': '7GEyytJzGjvu8RDET3ulh3', 'num_cancion': 1, 'duracion': 110333, 'id_album': None}, {'nombre_cancion': 'G Funk Intro', 'id_spotify': '5zIRUxmWFzm3NVzYqKpACh', 'num_cancion': 2, 'duracion': 144106, 'id_album': None}, {'nombre_cancion': 'Gin and Juice', 'id_spotify': '4APUhaxWBxr0aeE4K25kLm', 'num_cancion': 3, 'duracion': 211866, 'id_album': None}, {'nombre_cancion': 'Tha Shiznit', 'id_spotify': '117qDoy0NwCLQr7uAmmuIi', 'num_cancion': 4, 'duracion': 280613, 'id_album': None}, {'nombre_cancion': 'Lodi Dodi', 'id_spotify': '43n82MLKUQVUBRgvmCdBO5', 'num_cancion': 5, 'duracion': 301386, 'id_album': None}, {'nombre_cancion': 'Murder Was The Case', 'id_spotify': '2NI6MMXxvjyMwXdd6y6VxX', 'num_cancion': 6, 'duracion': 218186, 'id_album': None}, {'nombre_cancion': 'Serial Killa', 'id_spotify': '4GpUnKmzVIFFkXBTsO6ZvZ', 'num_cancion': 7, 'duracion': 213000, 'id_album': None}, {'nombre_cancion': 'Who Am I (What’s My Name)?', 'id_spotify': '5dTAf41pEWKQb5n9rY4xKV', 'num_cancion': 8, 'duracion': 246200, 'id_album': None}, {'nombre_cancion': 'For All My Niggaz & Bitches', 'id_spotify': '2snxfQCUWC3Wz40ga2C5aO', 'num_cancion': 9, 'duracion': 283520, 'id_album': None}, {'nombre_cancion': 'Ain’t No Fun (If The Homies Can’t Have None)', 'id_spotify': '2YsjouPWAKt5tJQqKZU0LM', 'num_cancion': 10, 'duracion': 246400, 'id_album': None}, {'nombre_cancion': 'Doggy Dogg World', 'id_spotify': '0rOhXvVYjj28C8PmqT7SND', 'num_cancion': 11, 'duracion': 338760, 'id_album': None}, {'nombre_cancion': 'Gz and Hustlas', 'id_spotify': '5bqitkdAPNVuVgOaBuVFve', 'num_cancion': 12, 'duracion': 275893, 'id_album': None}, {'nombre_cancion': 'Gz Up, Hoes Down', 'id_spotify': '0cCLG47Bxcj7GpCXmkKP5r', 'num_cancion': 13, 'duracion': 141734, 'id_album': None}, {'nombre_cancion': 'Pump Pump', 'id_spotify': '27Ou2ejuujbCXnbGkXJcIw', 'num_cancion': 14, 'duracion': 279280, 'id_album': None}, {'nombre_cancion': 'California', 'id_spotify': '67CNB6HU39jTGEz4jLuI9N', 'num_cancion': 1, 'duracion': 195136, 'id_album': None}, {'nombre_cancion': 'Motto', 'id_spotify': '5yF6EN9Ec6kW3XgDT3VMSy', 'num_cancion': 2, 'duracion': 218829, 'id_album': None}, {'nombre_cancion': 'Big Subwoofer', 'id_spotify': '2mgQbrZyxN3Dza5CvtNfwe', 'num_cancion': 3, 'duracion': 219135, 'id_album': None}, {'nombre_cancion': 'Too Big', 'id_spotify': '5CSKc1MTcGNx5DF9Yo6DqF', 'num_cancion': 4, 'duracion': 216100, 'id_album': None}, {'nombre_cancion': 'Activated', 'id_spotify': '2CBBLFBZHYF87DBFdMpnUQ', 'num_cancion': 5, 'duracion': 239534, 'id_album': None}, {'nombre_cancion': 'Have A Nice Day', 'id_spotify': '5mFPgTdVrdqGuxdTh5Fgmj', 'num_cancion': 6, 'duracion': 303386, 'id_album': None}, {'nombre_cancion': 'Ghetto Gutter', 'id_spotify': '0SHmtvkUv7lQcPlA8o8alN', 'num_cancion': 7, 'duracion': 221722, 'id_album': None}, {'nombre_cancion': 'Free Game', 'id_spotify': '2VHGgygOUe8DqjgZezP1Mq', 'num_cancion': 8, 'duracion': 231683, 'id_album': None}, {'nombre_cancion': 'I Got Pull', 'id_spotify': '2ya39cEbGKq9pKnqOx35qh', 'num_cancion': 9, 'duracion': 210096, 'id_album': None}, {'nombre_cancion': 'Up & Down', 'id_spotify': '60hwkBd6YuHTlhWN9M7pGW', 'num_cancion': 10, 'duracion': 274069, 'id_album': None}, {'nombre_cancion': 'Do My Best', 'id_spotify': '2IRC2rnO4V0fY4wNvN52Ha', 'num_cancion': 11, 'duracion': 269683, 'id_album': None}, {'nombre_cancion': 'Lace You Up', 'id_spotify': '0FWSLQXx8vpwWabrOmJSJf', 'num_cancion': 12, 'duracion': 255059, 'id_album': None}, {'nombre_cancion': 'Tribal', 'id_spotify': '4dPLF0wqDM0ftuM3blSUox', 'num_cancion': 13, 'duracion': 239773, 'id_album': None}, {'nombre_cancion': 'How Many', 'id_spotify': '2IWdU0ic84WDgaXV1BU8rK', 'num_cancion': 14, 'duracion': 261797, 'id_album': None}, {'nombre_cancion': 'On Camera', 'id_spotify': '5goafyRZnRyeUyZbSrq6XE', 'num_cancion': 15, 'duracion': 274080, 'id_album': None}, {'nombre_cancion': 'Mash', 'id_spotify': '6EVeVdUv2Sme5DEAONR7Tp', 'num_cancion': 16, 'duracion': 273068, 'id_album': None}, {'nombre_cancion': 'Intro', 'id_spotify': '7uhuCyUgZzq2teMExWBIZk', 'num_cancion': 1, 'duracion': 11650, 'id_album': None}, {'nombre_cancion': "I'm From 21st Street", 'id_spotify': '34LfKSiRgJbMDVT99DQwfI', 'num_cancion': 2, 'duracion': 195837, 'id_album': None}, {'nombre_cancion': "I'll Holla Back", 'id_spotify': '73L9J10go7Kf5yKOhCN8YU', 'num_cancion': 3, 'duracion': 172338, 'id_album': None}, {'nombre_cancion': 'I Still Got It', 'id_spotify': '6UpO3bAhGxrsHzk41HyOJK', 'num_cancion': 4, 'duracion': 185150, 'id_album': None}, {'nombre_cancion': 'Lit', 'id_spotify': '3irlnwNOnseNEfnIlBjxTY', 'num_cancion': 5, 'duracion': 144806, 'id_album': None}, {'nombre_cancion': 'The Price Went Up', 'id_spotify': '7FbX29mSkRsAFdqKOtwshW', 'num_cancion': 6, 'duracion': 154671, 'id_album': None}, {'nombre_cancion': 'My City', 'id_spotify': '6P5rwHPAfRrtLYAR2R0dg1', 'num_cancion': 7, 'duracion': 220280, 'id_album': None}, {'nombre_cancion': 'No Half Steppin', 'id_spotify': '3IEYo3YVx9m17Jr8ZM4qSp', 'num_cancion': 8, 'duracion': 212101, 'id_album': None}, {'nombre_cancion': 'Been Smokin', 'id_spotify': '7HU0AQ32McpPcpRfRClJU2', 'num_cancion': 9, 'duracion': 169487, 'id_album': None}, {'nombre_cancion': 'Lime and Squeeze', 'id_spotify': '3x00D6vrZVpGIVZDZ4AuCH', 'num_cancion': 10, 'duracion': 188056, 'id_album': None}, {'nombre_cancion': 'Girls Love Snoop', 'id_spotify': '2po4ihyng69XdgRgmwGIcT', 'num_cancion': 11, 'duracion': 191861, 'id_album': None}, {'nombre_cancion': 'Around Here', 'id_spotify': '5II8S137GH5dYxLpGJ9KNz', 'num_cancion': 12, 'duracion': 178434, 'id_album': None}, {'nombre_cancion': 'Dolla Signs', 'id_spotify': '5RG43IZ0rFEjPMGsw2ODD7', 'num_cancion': 13, 'duracion': 189508, 'id_album': None}, {'nombre_cancion': 'Sunshine (Covid Song)', 'id_spotify': '471kvQEdU05mI2TJ0SAoNO', 'num_cancion': 1, 'duracion': 241603, 'id_album': None}, {'nombre_cancion': 'Hotline', 'id_spotify': '4D1bpfLstALUXEVYccjL3E', 'num_cancion': 2, 'duracion': 161148, 'id_album': None}, {'nombre_cancion': 'Live How You Want', 'id_spotify': '1V54k2g6vQoDLJk3gEKLHN', 'num_cancion': 3, 'duracion': 151823, 'id_album': None}, {'nombre_cancion': 'High', 'id_spotify': '2WmB4iiqny1iEfXMa7h4NF', 'num_cancion': 4, 'duracion': 166022, 'id_album': None}, {'nombre_cancion': 'It really Turns Me On', 'id_spotify': '0rck5bL7GgwUTxsAT0URDO', 'num_cancion': 5, 'duracion': 197687, 'id_album': None}, {'nombre_cancion': 'Paid My Dues', 'id_spotify': '7B1Bnca0w2hfCb4quNWjav', 'num_cancion': 6, 'duracion': 230617, 'id_album': None}, {'nombre_cancion': 'Rollin down the Highway', 'id_spotify': '5rzk26aHkfJRoBqjC5MfGw', 'num_cancion': 7, 'duracion': 212718, 'id_album': None}, {'nombre_cancion': "That's What the Homie Said", 'id_spotify': '64Y29WlGU6HqlzBBMZLLhk', 'num_cancion': 8, 'duracion': 161040, 'id_album': None}, {'nombre_cancion': 'U Neva Had it Like This', 'id_spotify': '3bWbBfa5yAKpall5iKaYgS', 'num_cancion': 9, 'duracion': 256363, 'id_album': None}, {'nombre_cancion': 'Big Snoop Has That Fire', 'id_spotify': '7o6DlaWo2ksEWlyAKg1EZW', 'num_cancion': 10, 'duracion': 166153, 'id_album': None}, {'nombre_cancion': 'Let the K Spray', 'id_spotify': '0AM0i8gzaWLCb9KcnxmPtm', 'num_cancion': 11, 'duracion': 222574, 'id_album': None}, {'nombre_cancion': 'Lady Bugg', 'id_spotify': '0PO7M6TBV2EYlVa8edKHNH', 'num_cancion': 12, 'duracion': 265480, 'id_album': None}, {'nombre_cancion': 'Keep On Ridin', 'id_spotify': '2Te9iXWPaJhU67V6Og2X7V', 'num_cancion': 1, 'duracion': 270336, 'id_album': None}, {'nombre_cancion': 'Bad', 'id_spotify': '4a1IPD9ANhNhnw0SVHJVnx', 'num_cancion': 2, 'duracion': 136533, 'id_album': None}, {'nombre_cancion': 'Touch Away', 'id_spotify': '073oXlVIh4rKYdgOBNr9j5', 'num_cancion': 3, 'duracion': 221610, 'id_album': None}, {'nombre_cancion': 'Bron & Bronny', 'id_spotify': '2w5Km6uPUThxL6UfKWhz0d', 'num_cancion': 4, 'duracion': 135024, 'id_album': None}, {'nombre_cancion': 'Everybody Watching', 'id_spotify': '1nHMytYSkk9bmMEVa7j5bY', 'num_cancion': 5, 'duracion': 186965, 'id_album': None}, {'nombre_cancion': 'Mulholland Drive', 'id_spotify': '70RUzztH81zpAMm9jbMLDi', 'num_cancion': 6, 'duracion': 221893, 'id_album': None}, {'nombre_cancion': 'Mad Mans World', 'id_spotify': '2z46qBfq56POEyndWpFAmc', 'num_cancion': 7, 'duracion': 120703, 'id_album': None}, {'nombre_cancion': 'World Go Round', 'id_spotify': '249g0xiWIoBaD9hWfEXF1X', 'num_cancion': 8, 'duracion': 263048, 'id_album': None}, {'nombre_cancion': 'Whoopty Whoop', 'id_spotify': '4dWengusJN6idp9dRYKJhu', 'num_cancion': 9, 'duracion': 219032, 'id_album': None}, {'nombre_cancion': 'Higher Power', 'id_spotify': '1cjmK4LqVvMRxcu5iBnncB', 'num_cancion': 10, 'duracion': 318037, 'id_album': None}, {'nombre_cancion': 'Put You Thru Hell', 'id_spotify': '6SVuLZuwSTf9TWeULaZHLi', 'num_cancion': 11, 'duracion': 165298, 'id_album': None}, {'nombre_cancion': 'Baila Conmigo', 'id_spotify': '1RaU1RHF7WKmK70vWiWarb', 'num_cancion': 12, 'duracion': 237060, 'id_album': None}, {'nombre_cancion': 'Verbalize', 'id_spotify': '3qLGnjsA1Vqy8gOyxJKlbS', 'num_cancion': 13, 'duracion': 263387, 'id_album': None}, {'nombre_cancion': 'Wait a Minute Baby', 'id_spotify': '7aGmouRIlGa893lcdx5ZQX', 'num_cancion': 14, 'duracion': 341877, 'id_album': None}, {'nombre_cancion': 'Runnin', 'id_spotify': '6QD3ucuy0OPYUCTpjlXB0r', 'num_cancion': 15, 'duracion': 237167, 'id_album': None}, {'nombre_cancion': 'Still Smokin', 'id_spotify': '6SAoc6VOdjVrAZe9R2zkVv', 'num_cancion': 1, 'duracion': 90726, 'id_album': None}, {'nombre_cancion': 'Gun Smoke', 'id_spotify': '66fjRppV4I7Buw6y1Jqcoe', 'num_cancion': 2, 'duracion': 110100, 'id_album': None}, {'nombre_cancion': 'Coming Back', 'id_spotify': '34OfVb8885GyOLPN1wHQ9U', 'num_cancion': 3, 'duracion': 211361, 'id_album': None}, {'nombre_cancion': 'Sandwich Bag', 'id_spotify': '4mujIhmv4griuAuFBIOp9K', 'num_cancion': 4, 'duracion': 169041, 'id_album': None}, {'nombre_cancion': 'Conflicted', 'id_spotify': '5T4zLnPeoi7bES97eG0Z7h', 'num_cancion': 5, 'duracion': 169926, 'id_album': None}, {'nombre_cancion': 'Daddy', 'id_spotify': '7GAjti228PU4Lwv15okghJ', 'num_cancion': 6, 'duracion': 217115, 'id_album': None}, {'nombre_cancion': 'Doggystylin', 'id_spotify': '2QKSJLc9GMrryQVT2hCSdT', 'num_cancion': 7, 'duracion': 173108, 'id_album': None}, {'nombre_cancion': 'Crip Ya Enthusiasm', 'id_spotify': '35tDfJl8QOSgXV2wN2B9j8', 'num_cancion': 8, 'duracion': 218637, 'id_album': None}, {'nombre_cancion': 'Gotta Keep Pushing', 'id_spotify': '5lCKA1p26RpKQc3EbDQ0MT', 'num_cancion': 9, 'duracion': 193081, 'id_album': None}, {'nombre_cancion': 'House I Built', 'id_spotify': '5HfUw6L8xwfRZF6mkmOO9G', 'num_cancion': 10, 'duracion': 189965, 'id_album': None}, {'nombre_cancion': 'Outside The Box', 'id_spotify': '0hbPdHxWGRQFryHB3YKajd', 'num_cancion': 11, 'duracion': 142302, 'id_album': None}, {'nombre_cancion': 'Jerseys In The Rafters', 'id_spotify': '53ADNaf76asls2UvNUHSo5', 'num_cancion': 12, 'duracion': 148682, 'id_album': None}, {'nombre_cancion': 'Pop Pop', 'id_spotify': '48reuH21JEQ21sTqcswqwi', 'num_cancion': 13, 'duracion': 143948, 'id_album': None}, {'nombre_cancion': 'Catch a Vibe', 'id_spotify': '6u2ab08VBKxCb8sXtHNm51', 'num_cancion': 14, 'duracion': 193883, 'id_album': None}, {'nombre_cancion': 'It’s In The Air', 'id_spotify': '1BNp5ifOfQSAv2pQUuq6Hs', 'num_cancion': 15, 'duracion': 191645, 'id_album': None}, {'nombre_cancion': 'We Don’t Gotta Worry No More', 'id_spotify': '3I6g9ZP5eVGbFaihTpDyFt', 'num_cancion': 16, 'duracion': 177025, 'id_album': None}, {'nombre_cancion': 'Get This Dick', 'id_spotify': '46JleJdEFWSldFDORWV3rP', 'num_cancion': 17, 'duracion': 210417, 'id_album': None}, {'nombre_cancion': 'Snoopy Don’t Go', 'id_spotify': '2EefPdGSkB4JskQhNdmzeV', 'num_cancion': 18, 'duracion': 239681, 'id_album': None}, {'nombre_cancion': 'CEO', 'id_spotify': '0iVh9CMOrKNobLkwHaxHCK', 'num_cancion': 1, 'duracion': 205170, 'id_album': None}, {'nombre_cancion': 'Roaches In My Ashtray', 'id_spotify': '6vvJf0KEqJUvKfNPUaLdXz', 'num_cancion': 2, 'duracion': 212857, 'id_album': None}, {'nombre_cancion': 'Gang Signs', 'id_spotify': '4laGLspUjGjh1O0AZ2tEQk', 'num_cancion': 3, 'duracion': 294397, 'id_album': None}, {'nombre_cancion': 'Talk Dat Shit To Me', 'id_spotify': '2RVRSRGTWo3GdVL3gF6hF3', 'num_cancion': 4, 'duracion': 209509, 'id_album': None}, {'nombre_cancion': 'Sittin On Blades', 'id_spotify': '47LCMwvDDT8dYq2Lrpgf0P', 'num_cancion': 5, 'duracion': 211183, 'id_album': None}, {'nombre_cancion': 'Say It Witcha Booty', 'id_spotify': '6tHTBacyjFBbp3clUbySxv', 'num_cancion': 6, 'duracion': 162540, 'id_album': None}, {'nombre_cancion': 'Get Yo Bread Up', 'id_spotify': '3Qkf2uPVdUGbKSGwhNvXMN', 'num_cancion': 7, 'duracion': 252389, 'id_album': None}, {'nombre_cancion': 'Fetty In The Bag', 'id_spotify': '2IssU3kSSoDWkmQeOyegpr', 'num_cancion': 8, 'duracion': 195513, 'id_album': None}, {'nombre_cancion': 'Look Around', 'id_spotify': '0iMhMxDGK3C6xOYMC7VECp', 'num_cancion': 9, 'duracion': 218861, 'id_album': None}, {'nombre_cancion': 'Left My Weed', 'id_spotify': '3w2xWMjAYjJhwLM4VbqDLq', 'num_cancion': 10, 'duracion': 248848, 'id_album': None}, {'nombre_cancion': "What U Talkin' Bout", 'id_spotify': '2ohwP3qlOkaFQQMJ5AoyHz', 'num_cancion': 1, 'duracion': 162649, 'id_album': None}, {'nombre_cancion': 'So Misinformed (feat. Slick Rick)', 'id_spotify': '63xavd8KQ7jB1ievKEhMgP', 'num_cancion': 2, 'duracion': 232282, 'id_album': None}, {'nombre_cancion': 'Let Bygones Be Bygones', 'id_spotify': '54W5vqIQDhWvFXs5gjhNez', 'num_cancion': 3, 'duracion': 185358, 'id_album': None}, {'nombre_cancion': 'One Blood, One Cuzz (feat. DJ Battlecat)', 'id_spotify': '02JgSD5rGufRrYHVkGELBB', 'num_cancion': 4, 'duracion': 233780, 'id_album': None}, {'nombre_cancion': 'Countdown (feat. Swizz Beatz)', 'id_spotify': '2N1SyTYsvm0uLkJN9zqfzd', 'num_cancion': 5, 'duracion': 138824, 'id_album': None}, {'nombre_cancion': 'I C Your Bullshit', 'id_spotify': '0Bkcrm5alnH42rKsTuV84Z', 'num_cancion': 6, 'duracion': 227462, 'id_album': None}, {'nombre_cancion': 'Turn Me On (feat. Chris Brown)', 'id_spotify': '6WYuOvgMhrNM4L6igAkUsg', 'num_cancion': 7, 'duracion': 197687, 'id_album': None}, {'nombre_cancion': 'Blue Face Hunnids (feat. YG & Mustard)', 'id_spotify': '6XIsJIQ5OQe1ojOQJefW6F', 'num_cancion': 8, 'duracion': 196197, 'id_album': None}, {'nombre_cancion': 'New Booty', 'id_spotify': '1fWTkgk1b1tIcwfz47TJqG', 'num_cancion': 9, 'duracion': 181071, 'id_album': None}, {'nombre_cancion': 'Take Me Away (feat. Russ & Wiz Khalifa)', 'id_spotify': '08YwOYGFPB7ltBok0WQAFF', 'num_cancion': 10, 'duracion': 236362, 'id_album': None}, {'nombre_cancion': "Do It When I'm In It (feat. Jermaine Dupri, Ozuna & Slim Jxmmi)", 'id_spotify': '7KnZjHM4BJDfZPFadIP6W0', 'num_cancion': 11, 'duracion': 233849, 'id_album': None}, {'nombre_cancion': 'First Place (feat. Tdot Illdude)', 'id_spotify': '2bkhz8WnhCECTdpBaMvBao', 'num_cancion': 12, 'duracion': 217782, 'id_album': None}, {'nombre_cancion': 'Focused', 'id_spotify': '5DonOdRr6YBxdjNU9qTADJ', 'num_cancion': 13, 'duracion': 163416, 'id_album': None}, {'nombre_cancion': 'Rise To The Top (feat. Trey Songz & Swizz Beatz)', 'id_spotify': '1SFwhGdsFAj4jo2pKCf8W2', 'num_cancion': 14, 'duracion': 271983, 'id_album': None}, {'nombre_cancion': 'Wintertime in June (feat. Nate Dogg)', 'id_spotify': '328koIBcZe6tQfPMph2f4c', 'num_cancion': 15, 'duracion': 298248, 'id_album': None}, {'nombre_cancion': 'Doo Wop Thank Me (feat. The HamilTones)', 'id_spotify': '569QUTfnUG3WqTnyEZQewA', 'num_cancion': 16, 'duracion': 59173, 'id_album': None}, {'nombre_cancion': 'Main Phone (feat. Rick Rock & Stressmatic)', 'id_spotify': '4hPuEKXZi4wUhRyDF0Cw0t', 'num_cancion': 17, 'duracion': 221404, 'id_album': None}, {'nombre_cancion': 'Do You Like I Do (feat. Lil Duval)', 'id_spotify': '5UBvmiSmxXM5TQiqDNK40j', 'num_cancion': 18, 'duracion': 237737, 'id_album': None}, {'nombre_cancion': "I've Been Looking For You (feat. Eric Jaye)", 'id_spotify': '1KYrTCOdDwi7ByYnmAOeRM', 'num_cancion': 19, 'duracion': 249397, 'id_album': None}, {'nombre_cancion': 'Little Square UBitchU (feat. Anitta)', 'id_spotify': '3GRYbb9KX2iGeLMur4FUVs', 'num_cancion': 20, 'duracion': 134928, 'id_album': None}, {'nombre_cancion': 'Ventalation (feat. RJmrLA, $tupid Young & Azjah)', 'id_spotify': '0AdQ4Fm7Z3Ehrz3imRdSUP', 'num_cancion': 21, 'duracion': 205273, 'id_album': None}, {'nombre_cancion': 'I Wanna Thank Me (feat. Marknoxx)', 'id_spotify': '55VcwDNsQZcW8YBDudv9uS', 'num_cancion': 22, 'duracion': 221213, 'id_album': None}, {'nombre_cancion': 'Cali-California', 'id_spotify': '5wq6y9PbAHoaqqDVRF1ahG', 'num_cancion': 1, 'duracion': 230292, 'id_album': None}, {'nombre_cancion': "It's Dat Gangsta Shit", 'id_spotify': '0GrMXzaO6JlhZCEgQUU9mS', 'num_cancion': 2, 'duracion': 250892, 'id_album': None}, {'nombre_cancion': 'Me And My Homies', 'id_spotify': '6Mu0BE5Wwt5FLRhSwrNbzy', 'num_cancion': 3, 'duracion': 251092, 'id_album': None}, {'nombre_cancion': 'What Dew You Mean', 'id_spotify': '5xtsif70HK4cAYiZJiR2ah', 'num_cancion': 4, 'duracion': 255959, 'id_album': None}, {'nombre_cancion': 'I Got Dat Fire', 'id_spotify': '5u7YslOux9bOrxAOJ7isVr', 'num_cancion': 5, 'duracion': 287426, 'id_album': None}, {'nombre_cancion': "Ya Don't Quit", 'id_spotify': '3Jih9GH6Ue5fBtJEbpqyuO', 'num_cancion': 6, 'duracion': 266479, 'id_album': None}, {'nombre_cancion': 'X-Change', 'id_spotify': '6g7uqZFUxpt3MXomRctWKr', 'num_cancion': 7, 'duracion': 257719, 'id_album': None}, {'nombre_cancion': 'G-Funk', 'id_spotify': '5yeBI9LVVSvjAXnuxgmSXk', 'num_cancion': 8, 'duracion': 285772, 'id_album': None}, {'nombre_cancion': 'Whoop Your Ass', 'id_spotify': '64LM0BSU1lzGPcmeVpIXkS', 'num_cancion': 9, 'duracion': 180612, 'id_album': None}, {'nombre_cancion': 'A Story To Tell', 'id_spotify': '5lgXepIgY8CAbEEnU42kPC', 'num_cancion': 10, 'duracion': 301092, 'id_album': None}, {'nombre_cancion': "Don't Be Foolish", 'id_spotify': '64ZjImn8utnCUtmUDDNWrU', 'num_cancion': 11, 'duracion': 249692, 'id_album': None}, {'nombre_cancion': 'First We Pray', 'id_spotify': '0gGAUJJGjtuaRA40H0O6mu', 'num_cancion': 12, 'duracion': 249826, 'id_album': None}, {'nombre_cancion': 'Nobody Does It Better', 'id_spotify': '3AXnDrlz04yywl39ZJ35av', 'num_cancion': 13, 'duracion': 269919, 'id_album': None}, {'nombre_cancion': 'Fatha Figga', 'id_spotify': '6YqULDkPgGJnO6lfGzUUYc', 'num_cancion': 14, 'duracion': 185119, 'id_album': None}, {'nombre_cancion': "Can't Stop That Gangsta Shit", 'id_spotify': '2qb5W88l8o5QvhKTTvnyvV', 'num_cancion': 15, 'duracion': 246866, 'id_album': None}, {'nombre_cancion': 'Hardest Man In Town', 'id_spotify': '49TfHwL3SLDTZjcx3Rcfqu', 'num_cancion': 16, 'duracion': 234692, 'id_album': None}, {'nombre_cancion': 'Whut Do U Mean', 'id_spotify': '3OoGcs5pH79PcTeCRznJjT', 'num_cancion': 17, 'duracion': 238706, 'id_album': None}, {'nombre_cancion': 'Thank You Lord (Intro) [feat. Chris Bolton]', 'id_spotify': '3bXnUAy2HtlsHmVeyQ8k4Q', 'num_cancion': 1, 'duracion': 62133, 'id_album': None}, {'nombre_cancion': 'Love for God (feat. Uncle Chucc, The Zion Messengers & K-Ci)', 'id_spotify': '3Z5NT4c4itnolLk5DWW52Y', 'num_cancion': 2, 'duracion': 194546, 'id_album': None}, {'nombre_cancion': 'Always Got Something to Say', 'id_spotify': '28eFObdwuBVk9F2JCl2MzK', 'num_cancion': 3, 'duracion': 245306, 'id_album': None}, {'nombre_cancion': 'Defeated (feat. John P. Kee)', 'id_spotify': '1LNUBHnbT6mG5P6MrlsJ2v', 'num_cancion': 4, 'duracion': 273013, 'id_album': None}, {'nombre_cancion': 'In the Name of Jesus (feat. October London)', 'id_spotify': '3VxqaMNwboWEoQCeNMYPXl', 'num_cancion': 5, 'duracion': 209786, 'id_album': None}, {'nombre_cancion': 'Going Home (feat. Uncle Chucc & The Zion Messengers)', 'id_spotify': '6VdTz1RCyKTwwKPQKlKiCQ', 'num_cancion': 6, 'duracion': 253160, 'id_album': None}, {'nombre_cancion': 'Saved (feat. Faith Evans & 3rd Generation (Bereal Family))', 'id_spotify': '1WPzLuZobA2iwQ8mcL7OoW', 'num_cancion': 7, 'duracion': 215493, 'id_album': None}, {'nombre_cancion': 'Sunshine Feel Good (feat. Kim Burrell)', 'id_spotify': '7Mw5RdOJKKhuxypP8GuPEj', 'num_cancion': 8, 'duracion': 228306, 'id_album': None}, {'nombre_cancion': 'Sunrise (feat. Sly Pyper)', 'id_spotify': '2sbGP8IRzU0kSCYbw8ERya', 'num_cancion': 9, 'duracion': 237000, 'id_album': None}, {'nombre_cancion': 'Pure Gold (feat. The Clark Sisters)', 'id_spotify': '1WWkZKR5AvG4RGwwTyJGmA', 'num_cancion': 10, 'duracion': 337253, 'id_album': None}, {'nombre_cancion': 'Pain (feat. B Slade)', 'id_spotify': '7yDI1XwdDlEg7dwMqeHZwh', 'num_cancion': 11, 'duracion': 284853, 'id_album': None}, {'nombre_cancion': 'New Wave (feat. Mali Music)', 'id_spotify': '6INODoR55JNdWaOYGH97uV', 'num_cancion': 12, 'duracion': 321893, 'id_album': None}, {'nombre_cancion': 'On Time (feat. B Slade)', 'id_spotify': '58B5HpXA92KmAUJgeXN3rt', 'num_cancion': 13, 'duracion': 227986, 'id_album': None}, {'nombre_cancion': 'You (feat. Tye Tribbett)', 'id_spotify': '5eD47cakdGoPPuvCQBhPeU', 'num_cancion': 14, 'duracion': 226333, 'id_album': None}, {'nombre_cancion': 'One More Day (feat. Charlie Wilson)', 'id_spotify': '7FsNhRMjcNxNTfSTmftsZR', 'num_cancion': 15, 'duracion': 286106, 'id_album': None}, {'nombre_cancion': 'Bible of Love (Interlude) [feat. Lonny Bereal]', 'id_spotify': '0qmDye81wDGBBGGlD7936J', 'num_cancion': 16, 'duracion': 160680, 'id_album': None}, {'nombre_cancion': 'Come as You Are (feat. Marvin Sapp & Mary Mary)', 'id_spotify': '4U71YbRASCEhxEqRcME4xq', 'num_cancion': 17, 'duracion': 341106, 'id_album': None}, {'nombre_cancion': 'Talk to God (feat. Mali Music & Kim Burrell)', 'id_spotify': '4XYfkBW3s0KyT77Gdfgbkd', 'num_cancion': 18, 'duracion': 263746, 'id_album': None}, {'nombre_cancion': 'Changed (feat. Isaac Carree & Jazze Pha)', 'id_spotify': '68avCGUOhQZ0IMh6et0aXV', 'num_cancion': 19, 'duracion': 199560, 'id_album': None}, {'nombre_cancion': 'Praise Him (feat. Soopafly)', 'id_spotify': '7jWQ4T9tMiZWge0GTUPvDX', 'num_cancion': 20, 'duracion': 213320, 'id_album': None}, {'nombre_cancion': 'Blessing Me Again (feat. Rance Allen)', 'id_spotify': '6SAXC9KXj2dihEzSjDyqQB', 'num_cancion': 21, 'duracion': 242160, 'id_album': None}, {'nombre_cancion': 'Blessed & Highly Favored (Remix) [feat. The Clark Sisters]', 'id_spotify': '1rDLwKD8TyWNMCfffIADRp', 'num_cancion': 22, 'duracion': 304933, 'id_album': None}, {'nombre_cancion': 'Unbelievable (feat. Ev3)', 'id_spotify': '4e4cj10x0GgHuRUL38kWVW', 'num_cancion': 23, 'duracion': 215293, 'id_album': None}, {'nombre_cancion': 'No One Else (feat. K-Ci)', 'id_spotify': '3YJOdrVxrJGwMXnOPP4elx', 'num_cancion': 24, 'duracion': 255613, 'id_album': None}, {'nombre_cancion': 'Chizzle (feat. Sly Pyper & Daz Dillinger)', 'id_spotify': '1D9QCwx24OHVKcQpxDvapV', 'num_cancion': 25, 'duracion': 281373, 'id_album': None}, {'nombre_cancion': 'My God (feat. James Wright)', 'id_spotify': '3nZuZghTJwcw6099gvhWjz', 'num_cancion': 26, 'duracion': 170493, 'id_album': None}, {'nombre_cancion': "When It's All Over (feat. Patti LaBelle)", 'id_spotify': '66gQLJPstIw23s1QPyai7i', 'num_cancion': 27, 'duracion': 302693, 'id_album': None}, {'nombre_cancion': 'Crown (feat. Tyrell Urquhart, Jazze Pha & Issac Carree)', 'id_spotify': '0zee27TblBVh4h9F5bOEGk', 'num_cancion': 28, 'duracion': 211373, 'id_album': None}, {'nombre_cancion': 'Call Him (feat. Fred Hammond)', 'id_spotify': '6DWqjssyDmLBl3Un9TSjrk', 'num_cancion': 29, 'duracion': 268680, 'id_album': None}, {'nombre_cancion': 'Change the World (feat. John P. Kee)', 'id_spotify': '4hr1iPTcPqFNBvLUoHCELl', 'num_cancion': 30, 'duracion': 334880, 'id_album': None}, {'nombre_cancion': 'Voices of Praise', 'id_spotify': '5LEH8YAVunoyrbPh4ykrJi', 'num_cancion': 31, 'duracion': 238226, 'id_album': None}, {'nombre_cancion': 'Words Are Few (feat. B Slade)', 'id_spotify': '3eMkfX408Bx5oOw6JraGV7', 'num_cancion': 32, 'duracion': 448680, 'id_album': None}, {'nombre_cancion': 'Intro', 'id_spotify': '5S4oUbDNhhy5y4MgLXWRBw', 'num_cancion': 1, 'duracion': 154020, 'id_album': None}, {'nombre_cancion': 'Everything (feat. Jacquees & Dreezy)', 'id_spotify': '2kY9Tk59g4BkLAZpd6kPEc', 'num_cancion': 2, 'duracion': 268864, 'id_album': None}, {'nombre_cancion': '220 (feat. Goldie Loc)', 'id_spotify': '2WdQlmx03Vl51Wd8OiQy5U', 'num_cancion': 3, 'duracion': 281066, 'id_album': None}, {'nombre_cancion': 'Waves (feat. October London)', 'id_spotify': '4Bka1GmAS5nRUkwYs1s0y9', 'num_cancion': 4, 'duracion': 227628, 'id_album': None}, {'nombre_cancion': "I Don't Care (feat. LunchMoney Lewis)", 'id_spotify': '14ECWudZinFYr2Mue5sy45', 'num_cancion': 5, 'duracion': 152709, 'id_album': None}, {'nombre_cancion': 'Doggytails (feat. Kokane)', 'id_spotify': '67BPY7ijAvZR9xbn5YwF4u', 'num_cancion': 6, 'duracion': 213580, 'id_album': None}, {'nombre_cancion': 'Motivation (feat. Hypnotic Brass Essemble)', 'id_spotify': '0PBv2vCaLkWR9qnF2XkQdX', 'num_cancion': 7, 'duracion': 206930, 'id_album': None}, {'nombre_cancion': 'On The Double', 'id_spotify': '2YNzSlhscl5WAe3KMF6VYw', 'num_cancion': 8, 'duracion': 209718, 'id_album': None}, {'nombre_cancion': 'M.A.C.A.', 'id_spotify': '3wETQBEqxyi84g11Ej4P66', 'num_cancion': 1, 'duracion': 197738, 'id_album': None}, {'nombre_cancion': "3's Company (feat. Chris Brown & O.T. Genasis)", 'id_spotify': '05S5yY7H0WuiQsEhrtjQj5', 'num_cancion': 2, 'duracion': 245456, 'id_album': None}, {'nombre_cancion': 'Good Foot', 'id_spotify': '1eHCj6qqKbVe3s4c69Bczg', 'num_cancion': 3, 'duracion': 211097, 'id_album': None}, {'nombre_cancion': 'Dis Finna Be a Breeze! (feat. Ha Ha Davis)', 'id_spotify': '6H2HPlWDogZpr9lQdQeoYi', 'num_cancion': 4, 'duracion': 167183, 'id_album': None}, {'nombre_cancion': 'None of Mine', 'id_spotify': '5Zerz4Z8jZluzRf55cQv2u', 'num_cancion': 5, 'duracion': 200063, 'id_album': None}, {'nombre_cancion': 'My Last Name (feat. October London)', 'id_spotify': '0PCZZ8xvHdLaq9Jm0cVUR2', 'num_cancion': 6, 'duracion': 193194, 'id_album': None}, {'nombre_cancion': 'SportsCenter (Remix) (feat. DesignerFlow)', 'id_spotify': '1WRRIHdI4utvBEIsDkBV7h', 'num_cancion': 7, 'duracion': 274429, 'id_album': None}, {'nombre_cancion': 'Fly Away (feat. Shon Lawon)', 'id_spotify': '79xoG61JfCgbAQVfvHOS5o', 'num_cancion': 8, 'duracion': 279401, 'id_album': None}, {'nombre_cancion': 'Neva Left', 'id_spotify': '3Zgc3xdXTxsjLumnQqiTfE', 'num_cancion': 1, 'duracion': 306755, 'id_album': None}, {'nombre_cancion': 'Moment I Feared', 'id_spotify': '0NIOJPJfM7tAEcDfhqfrEI', 'num_cancion': 2, 'duracion': 147082, 'id_album': None}, {'nombre_cancion': 'Bacc in da Dayz', 'id_spotify': '7sjMS672QIyAyjFbvkxYI4', 'num_cancion': 3, 'duracion': 229829, 'id_album': None}, {'nombre_cancion': 'Promise You This', 'id_spotify': '5qUgwwbBWQHMrbmOUdd6jp', 'num_cancion': 4, 'duracion': 171921, 'id_album': None}, {'nombre_cancion': 'Trash Bags', 'id_spotify': '1HAUtll1MUZmQaNE1XEDiU', 'num_cancion': 5, 'duracion': 207470, 'id_album': None}, {'nombre_cancion': 'Swivel', 'id_spotify': '6K8lKsm9m0Jaf4YlEfgf1q', 'num_cancion': 6, 'duracion': 256757, 'id_album': None}, {'nombre_cancion': 'Go On', 'id_spotify': '5GW97dX1VfhPhLvXyMGaSk', 'num_cancion': 7, 'duracion': 190237, 'id_album': None}, {'nombre_cancion': 'Big Mouth', 'id_spotify': '7zTk2UISeqBZnIhXz5y3H7', 'num_cancion': 8, 'duracion': 241388, 'id_album': None}, {'nombre_cancion': 'Toss It', 'id_spotify': '7bp82X8aj8BGFPrZpmnCED', 'num_cancion': 9, 'duracion': 194757, 'id_album': None}, {'nombre_cancion': '420 (Blaze Up)', 'id_spotify': '4hBy3nZVzQV4F3jxe1wWL1', 'num_cancion': 10, 'duracion': 265301, 'id_album': None}, {'nombre_cancion': 'Lavender (Nightfall Remix)', 'id_spotify': '7emb4uOFqsVDNk92N7lK2e', 'num_cancion': 11, 'duracion': 195487, 'id_album': None}, {'nombre_cancion': 'Let Us Begin', 'id_spotify': '4j4ryGgO5O5TTDtNWuK2lt', 'num_cancion': 12, 'duracion': 222756, 'id_album': None}, {'nombre_cancion': 'Mount Kushmore', 'id_spotify': '1rV7Uaerzx6qwmhF89qfGL', 'num_cancion': 13, 'duracion': 228297, 'id_album': None}, {'nombre_cancion': 'Vapors (DJ Battlecat Remix)', 'id_spotify': '74akBDiqWQfVF7MWRSuhz8', 'num_cancion': 14, 'duracion': 408967, 'id_album': None}, {'nombre_cancion': "I'm Still Here", 'id_spotify': '2iSJJYH5eTNIU9bxMVT0Wx', 'num_cancion': 15, 'duracion': 212582, 'id_album': None}, {'nombre_cancion': 'Love Around the World', 'id_spotify': '3CcxTpfAHrdBrogqGJ9t2s', 'num_cancion': 16, 'duracion': 204919, 'id_album': None}, {'nombre_cancion': 'Legend', 'id_spotify': '2hWe09DjJgl4JObLjiTZE4', 'num_cancion': 1, 'duracion': 227013, 'id_album': None}, {'nombre_cancion': 'Ten Toes Down', 'id_spotify': '3fDuFCT6RgndAGjNjOMUTv', 'num_cancion': 2, 'duracion': 247613, 'id_album': None}, {'nombre_cancion': "Don't Stop", 'id_spotify': '1XgqHjBNsR0WlebBP1Xj67', 'num_cancion': 3, 'duracion': 221000, 'id_album': None}, {'nombre_cancion': 'Super Crip', 'id_spotify': '6dsHrUZBsGkB1LVelKS9kB', 'num_cancion': 4, 'duracion': 226773, 'id_album': None}, {'nombre_cancion': 'Coolaid Man', 'id_spotify': '4mOMvZM77P6j29gKZfyatv', 'num_cancion': 5, 'duracion': 207306, 'id_album': None}, {'nombre_cancion': 'Let Me See Em Up', 'id_spotify': '1GKQxqASerMN2LnMz5wglH', 'num_cancion': 6, 'duracion': 237573, 'id_album': None}, {'nombre_cancion': 'Point Seen Money Gone', 'id_spotify': '7xSF7ihjwsXNKpogyY4GKp', 'num_cancion': 7, 'duracion': 259105, 'id_album': None}, {'nombre_cancion': 'Oh Na Na', 'id_spotify': '4B5T7uPZExsCNK9vX5mE1l', 'num_cancion': 8, 'duracion': 201986, 'id_album': None}, {'nombre_cancion': 'My Carz', 'id_spotify': '1bvGWWGKrDlIR7hy4kLRNq', 'num_cancion': 9, 'duracion': 217280, 'id_album': None}, {'nombre_cancion': 'Two Or More', 'id_spotify': '60aKg9rHetAateSDCeGFic', 'num_cancion': 10, 'duracion': 233293, 'id_album': None}, {'nombre_cancion': 'Affiliated', 'id_spotify': '0sYBUT5Y57WmNtHTEs8Rpp', 'num_cancion': 11, 'duracion': 248226, 'id_album': None}, {'nombre_cancion': 'Feel About Snoop', 'id_spotify': '1sLNjBiFX47Abc5qPN9FaP', 'num_cancion': 12, 'duracion': 172093, 'id_album': None}, {'nombre_cancion': 'Light It Up', 'id_spotify': '72ff2Pv9sYTwL5yjgUi8PD', 'num_cancion': 13, 'duracion': 272013, 'id_album': None}, {'nombre_cancion': 'Side Piece', 'id_spotify': '5y02MBojdNgQWOhw0sdgtD', 'num_cancion': 14, 'duracion': 293920, 'id_album': None}, {'nombre_cancion': 'Kush Ups', 'id_spotify': '1bEX8psuF1Ooujysdcxj5b', 'num_cancion': 15, 'duracion': 237973, 'id_album': None}, {'nombre_cancion': 'Double Tap', 'id_spotify': '0K1h25d6olzgmLWCSaPcoz', 'num_cancion': 16, 'duracion': 197746, 'id_album': None}, {'nombre_cancion': 'Got Those', 'id_spotify': '1196BBsEsiupjL3BUw7lut', 'num_cancion': 17, 'duracion': 211946, 'id_album': None}, {'nombre_cancion': 'Let The Beat Drop (Celebrate)', 'id_spotify': '1R1I9jIBstL6rNhFtAQlpZ', 'num_cancion': 18, 'duracion': 264733, 'id_album': None}, {'nombre_cancion': 'What If', 'id_spotify': '2AJQVwXlQcMkJhjnHRS6t9', 'num_cancion': 19, 'duracion': 207080, 'id_album': None}, {'nombre_cancion': 'Revolution', 'id_spotify': '1wqCocUg9a2WCE5oektAbV', 'num_cancion': 20, 'duracion': 252440, 'id_album': None}, {'nombre_cancion': 'Have U Eva', 'id_spotify': '6ckchQhQQ5dbfaPsRWAfV4', 'num_cancion': 1, 'duracion': 230341, 'id_album': None}, {'nombre_cancion': 'N My System', 'id_spotify': '4sRxkQCuyskBIwYvL5fBu3', 'num_cancion': 2, 'duracion': 319772, 'id_album': None}, {'nombre_cancion': "Six n'da Morning", 'id_spotify': '1WnVkKzkch6ehaVCEmSN2K', 'num_cancion': 3, 'duracion': 189022, 'id_album': None}, {'nombre_cancion': 'Pop Pop Bang', 'id_spotify': '5IrBWOSIiesUP9mlBMt75i', 'num_cancion': 4, 'duracion': 224803, 'id_album': None}, {'nombre_cancion': 'Phenomonon', 'id_spotify': '11R0ku9j4dcXX1AQvGoNNJ', 'num_cancion': 5, 'duracion': 219904, 'id_album': None}, {'nombre_cancion': 'Happy Birthday', 'id_spotify': '0lK3CbgIK73Dem9i3t40e9', 'num_cancion': 6, 'duracion': 142210, 'id_album': None}, {'nombre_cancion': 'Dic Walk', 'id_spotify': '1ZOgiUuGbRrZCjkfFm07Qq', 'num_cancion': 7, 'duracion': 271557, 'id_album': None}, {'nombre_cancion': 'N My Life Tyme', 'id_spotify': '0INgLqE6OCDHuYz8XS5t6h', 'num_cancion': 8, 'duracion': 263523, 'id_album': None}, {'nombre_cancion': 'Bestfriend', 'id_spotify': '0FQSLIaT5MDr76vnJ5aEQ3', 'num_cancion': 9, 'duracion': 253793, 'id_album': None}, {'nombre_cancion': 'Sho You Right', 'id_spotify': '7mmN2YGTgkd5bPbp9y1IvQ', 'num_cancion': 10, 'duracion': 227689, 'id_album': None}, {'nombre_cancion': "What's Yo Pleasure", 'id_spotify': '3lTaKO5i10aDBoCbF3y2py', 'num_cancion': 11, 'duracion': 227840, 'id_album': None}, {'nombre_cancion': "It's Not a Secret", 'id_spotify': '54SE1jpVzt9DNKJXlzgJYb', 'num_cancion': 12, 'duracion': 243484, 'id_album': None}, {'nombre_cancion': "Keep'a Nigga High", 'id_spotify': '5Rgfq410dDUY2SJre1OhRJ', 'num_cancion': 13, 'duracion': 211235, 'id_album': None}, {'nombre_cancion': "We'll Miss U", 'id_spotify': '7FWMowJMz97hKEd9O74uGy', 'num_cancion': 14, 'duracion': 208615, 'id_album': None}, {'nombre_cancion': 'California Roll (feat. Stevie Wonder)', 'id_spotify': '3wO19rAQ7aya5YFPQ6Ts0A', 'num_cancion': 1, 'duracion': 252186, 'id_album': None}, {'nombre_cancion': 'This City', 'id_spotify': '1RTbQIVO6h1cf6WMqMKiUe', 'num_cancion': 2, 'duracion': 213573, 'id_album': None}, {'nombre_cancion': 'R U A Freak', 'id_spotify': '4AYFCPg6DqR3d8YkdDTJJM', 'num_cancion': 3, 'duracion': 225772, 'id_album': None}, {'nombre_cancion': 'Awake', 'id_spotify': '1Kb0NIuXFfTEcyCsBLQPwR', 'num_cancion': 4, 'duracion': 223969, 'id_album': None}, {'nombre_cancion': 'So Many Pros', 'id_spotify': '1cnbQIZmuKlMQLENaGl6Bo', 'num_cancion': 5, 'duracion': 246520, 'id_album': None}, {'nombre_cancion': 'Peaches N Cream (feat. Charlie Wilson)', 'id_spotify': '4lcpWCMFXNhvqNIQhB6yDv', 'num_cancion': 6, 'duracion': 283760, 'id_album': None}, {'nombre_cancion': 'Edibles (feat. T.I.)', 'id_spotify': '26ZpMFioXWuHehA1bhU6Zc', 'num_cancion': 7, 'duracion': 201386, 'id_album': None}, {'nombre_cancion': 'I Knew That', 'id_spotify': '4BaktnNALWT88peel4h2aj', 'num_cancion': 8, 'duracion': 239830, 'id_album': None}, {'nombre_cancion': 'Run Away (feat. Gwen Stefani)', 'id_spotify': '3KntBFzQkMQtE0QejXNEcK', 'num_cancion': 9, 'duracion': 313918, 'id_album': None}, {'nombre_cancion': "I'm Ya Dogg (feat. Kendrick Lamar & Rick Ross)", 'id_spotify': '16utyJfWZGkTWYDobMzND7', 'num_cancion': 10, 'duracion': 278136, 'id_album': None}, {'nombre_cancion': 'Hit Da Pavement (Instrumental)', 'id_spotify': '2ibr0JhvWo6nCqTJK5JyRe', 'num_cancion': 1, 'duracion': 258650, 'id_album': None}, {'nombre_cancion': 'Let It Go (Instrumental)', 'id_spotify': '0DHFZCJsmROhQM7oCf4k5x', 'num_cancion': 2, 'duracion': 277426, 'id_album': None}, {'nombre_cancion': 'Faden Away (Instrumental)', 'id_spotify': '370bQESxpdp7KMsI1mp8MD', 'num_cancion': 3, 'duracion': 342227, 'id_album': None}, {'nombre_cancion': '1Question (Instrumental)', 'id_spotify': '0gzfYdNbNrR0sXRmd5UT4q', 'num_cancion': 4, 'duracion': 266060, 'id_album': None}, {'nombre_cancion': 'Ride (Instrumental)', 'id_spotify': '4tHDo0IIzJ4wcwQ1KksrNU', 'num_cancion': 5, 'duracion': 252220, 'id_album': None}, {'nombre_cancion': 'Do My Thang (Instrumental)', 'id_spotify': '3hz3LWMRdiPHqPUeuJn1Wi', 'num_cancion': 6, 'duracion': 289908, 'id_album': None}, {'nombre_cancion': "I'll Be There 4U (Instrumental)", 'id_spotify': '5DNF3ffPkB0PJZNQ4R0Czj', 'num_cancion': 7, 'duracion': 197098, 'id_album': None}, {'nombre_cancion': 'Systamatic (Instrumental - Bonus Track)', 'id_spotify': '62FHMZuvZES2KZYzdsbADN', 'num_cancion': 8, 'duracion': 213449, 'id_album': None}, {'nombre_cancion': 'High Wit Me (Instrumental - Bonus Track)', 'id_spotify': '4HTnD69PJaOyvuKcyMVGYp', 'num_cancion': 9, 'duracion': 193988, 'id_album': None}, {'nombre_cancion': 'Wingz (Instrumental - Bonus Track)', 'id_spotify': '1Lc74JH1jh6HGeZ0EXHNYD', 'num_cancion': 10, 'duracion': 214190, 'id_album': None}, {'nombre_cancion': 'Hit Da Pavement', 'id_spotify': '1HVk2YYklLCd8H7Pk5otEP', 'num_cancion': 1, 'duracion': 256876, 'id_album': None}, {'nombre_cancion': 'Let It Go', 'id_spotify': '4pIyYgAyJkVw2kkJZhhkLv', 'num_cancion': 2, 'duracion': 274746, 'id_album': None}, {'nombre_cancion': 'Faden Away', 'id_spotify': '0DNl6rmSPOfS4t534i0gZG', 'num_cancion': 3, 'duracion': 340490, 'id_album': None}, {'nombre_cancion': '1Question? (feat. Steve Arrington)', 'id_spotify': '1frfku11A0BgmSWf7sTf2l', 'num_cancion': 4, 'duracion': 225847, 'id_album': None}, {'nombre_cancion': 'Ride (feat. Kurupt)', 'id_spotify': '5qhAkSkJdQr7IMkmFxPXVx', 'num_cancion': 5, 'duracion': 244983, 'id_album': None}, {'nombre_cancion': 'Do My Thang', 'id_spotify': '1JTE9076Zkksk8BCNrjDDn', 'num_cancion': 6, 'duracion': 287559, 'id_album': None}, {'nombre_cancion': 'I’ll Be There 4U', 'id_spotify': '5Fw7Q2k1cMRxtEfOjsm9Pf', 'num_cancion': 7, 'duracion': 198307, 'id_album': None}, {'nombre_cancion': 'Systamatic (feat. Tha Dogg Pound) (Bonus Track)', 'id_spotify': '3F4c4Vi48WTMfnLSenUdBf', 'num_cancion': 8, 'duracion': 212296, 'id_album': None}, {'nombre_cancion': "Smokin' On (feat. Juicy J)", 'id_spotify': '7bGX4GBapXgYB9FqW7G61r', 'num_cancion': 1, 'duracion': 265093, 'id_album': None}, {'nombre_cancion': 'I Get Lifted', 'id_spotify': '2miu2tLzvzR9G4rS34iTA0', 'num_cancion': 2, 'duracion': 292626, 'id_album': None}, {'nombre_cancion': "You Can Put It in a Zag, I'mma Put It in a Blunt", 'id_spotify': '6FB3YFCgKExtmk64OVoPN2', 'num_cancion': 3, 'duracion': 199466, 'id_album': None}, {'nombre_cancion': '6:30', 'id_spotify': '3XQatg8bMXiBXY9JAPm3Ay', 'num_cancion': 4, 'duracion': 250946, 'id_album': None}, {'nombre_cancion': 'Talent Show', 'id_spotify': '7rACnijOsrC3XVHjnHyj04', 'num_cancion': 5, 'duracion': 275426, 'id_album': None}, {'nombre_cancion': "Let's Go Study", 'id_spotify': '5vsyddyBVx9kNIiCzvg935', 'num_cancion': 6, 'duracion': 245866, 'id_album': None}, {'nombre_cancion': 'Young, Wild & Free (feat. Bruno Mars)', 'id_spotify': '6YbhspuOar1D9WSSnfe7ds', 'num_cancion': 7, 'duracion': 207346, 'id_album': None}, {'nombre_cancion': 'OG (feat. Curren$y)', 'id_spotify': '2inWC24apqzXIoEVsAEfiR', 'num_cancion': 8, 'duracion': 298146, 'id_album': None}, {'nombre_cancion': 'French Inhale (feat. Mike Posner)', 'id_spotify': '2llgZTtwUyjlosxQe8pegR', 'num_cancion': 9, 'duracion': 159360, 'id_album': None}, {'nombre_cancion': 'It Could Be Easy', 'id_spotify': '4pKwLrW0qjgs3JcT48MyCn', 'num_cancion': 10, 'duracion': 288786, 'id_album': None}, {'nombre_cancion': 'World Class', 'id_spotify': '39A2OfXi9t4nL6OO8D3IM8', 'num_cancion': 11, 'duracion': 210386, 'id_album': None}, {'nombre_cancion': 'That Good', 'id_spotify': '1E9hKwf94dY92BYNBp9Z7O', 'num_cancion': 12, 'duracion': 228733, 'id_album': None}, {'nombre_cancion': 'Toyz N Da Hood', 'id_spotify': '4pW69VGNMBldLloHQzml3h', 'num_cancion': 1, 'duracion': 159961, 'id_album': None}, {'nombre_cancion': 'The Way Life Used To Be', 'id_spotify': '2uskL5eFBgSNoOwOhTEwID', 'num_cancion': 2, 'duracion': 223893, 'id_album': None}, {'nombre_cancion': 'My Own Way', 'id_spotify': '6tHZlChXjnR4JiYSoZLLkk', 'num_cancion': 3, 'duracion': 185466, 'id_album': None}, {'nombre_cancion': 'Wonder What It Do', 'id_spotify': '2sjBXUObF3SbgucLsZrGzw', 'num_cancion': 4, 'duracion': 223666, 'id_album': None}, {'nombre_cancion': 'My Fucn House', 'id_spotify': '2AX9DgPh3rly8amlkAbTeB', 'num_cancion': 5, 'duracion': 307960, 'id_album': None}, {'nombre_cancion': 'Peer Pressure', 'id_spotify': '6LkFo3HO985S4fVPGLY1aW', 'num_cancion': 6, 'duracion': 247213, 'id_album': None}, {'nombre_cancion': "I Don't Need No Bitch", 'id_spotify': '5PvZg5UY5b6vSL4igLAOOn', 'num_cancion': 7, 'duracion': 239346, 'id_album': None}, {'nombre_cancion': 'Platinum', 'id_spotify': '2uswI6qTF0wucOjbkeGfx0', 'num_cancion': 8, 'duracion': 269320, 'id_album': None}, {'nombre_cancion': 'Boom', 'id_spotify': '5BAQaMRd8ty7q1N1xVssZZ', 'num_cancion': 9, 'duracion': 230156, 'id_album': None}, {'nombre_cancion': 'We Rest N Cali', 'id_spotify': '7cCpPayrad2Bo3ssghKVQq', 'num_cancion': 10, 'duracion': 250253, 'id_album': None}, {'nombre_cancion': 'El Lay', 'id_spotify': '4HKU86hF8aWls44PqUN6Ze', 'num_cancion': 11, 'duracion': 246960, 'id_album': None}, {'nombre_cancion': 'Gang Bang Rookie', 'id_spotify': '3UKJybOsphGlYpFdPcc01X', 'num_cancion': 12, 'duracion': 226000, 'id_album': None}, {'nombre_cancion': 'This Weed Iz Mine', 'id_spotify': '7v6G5OM3X0o897asIT0YE6', 'num_cancion': 13, 'duracion': 223253, 'id_album': None}, {'nombre_cancion': 'Wet', 'id_spotify': '4oYyJzSob6eozPv1IdaJUs', 'num_cancion': 14, 'duracion': 224986, 'id_album': None}, {'nombre_cancion': 'Take U Home', 'id_spotify': '5tO38c8WGdmofNLkdRleEr', 'num_cancion': 15, 'duracion': 235146, 'id_album': None}, {'nombre_cancion': 'Sumthin Like This Night', 'id_spotify': '5UNeLR6A21P9b3WNjDvhOU', 'num_cancion': 16, 'duracion': 217896, 'id_album': None}, {'nombre_cancion': 'Superman', 'id_spotify': '5jcQZOQpMWFraXxn9hAQt0', 'num_cancion': 17, 'duracion': 125160, 'id_album': None}, {'nombre_cancion': 'Eyez Closed', 'id_spotify': '618SCcvs6hddN0W5ArmQnQ', 'num_cancion': 18, 'duracion': 302813, 'id_album': None}, {'nombre_cancion': 'Raised In Da Hood', 'id_spotify': '6OL4HllqyHAyEP5P248lMh', 'num_cancion': 19, 'duracion': 219146, 'id_album': None}, {'nombre_cancion': "It's D Only Thang", 'id_spotify': '3vBvqwFqDQqZFJVZEgZsVb', 'num_cancion': 20, 'duracion': 196640, 'id_album': None}, {'nombre_cancion': 'Cold Game', 'id_spotify': '61b9ZPYn9vGtE4BO5OW55v', 'num_cancion': 21, 'duracion': 229386, 'id_album': None}, {'nombre_cancion': 'Wet - Snoop Dogg vs David Guetta Remix', 'id_spotify': '2alijxLnR0RCiJ5JvzhDuT', 'num_cancion': 22, 'duracion': 195453, 'id_album': None}, {'nombre_cancion': 'I Wanna Rock', 'id_spotify': '0uqGXycobxJaUqe8bkuhLq', 'num_cancion': 1, 'duracion': 240573, 'id_album': None}, {'nombre_cancion': 'Protocol', 'id_spotify': '0Jv5uj020fDz117wPmpFDH', 'num_cancion': 2, 'duracion': 194400, 'id_album': None}, {'nombre_cancion': 'So Gangsta', 'id_spotify': '6a0Wr4E1DhBF9RFfo5eQyy', 'num_cancion': 3, 'duracion': 227560, 'id_album': None}, {'nombre_cancion': 'House Shoes', 'id_spotify': '0YHkofyjDByjcVv8ryHH6B', 'num_cancion': 4, 'duracion': 185066, 'id_album': None}, {'nombre_cancion': 'That Tree', 'id_spotify': '4HC13oxSHOqA092lFbRnyW', 'num_cancion': 5, 'duracion': 271600, 'id_album': None}, {'nombre_cancion': "You're Gonna Luv Me", 'id_spotify': '3IbbuHy0H5TPPXEc0HiVih', 'num_cancion': 6, 'duracion': 183866, 'id_album': None}, {'nombre_cancion': 'Pronto', 'id_spotify': '3mO24qgjaeHaMfYZwjlDtf', 'num_cancion': 7, 'duracion': 321800, 'id_album': None}, {'nombre_cancion': 'Gangsta Luv', 'id_spotify': '5q1tV7PxaRA2Wrl6lbonmA', 'num_cancion': 8, 'duracion': 257066, 'id_album': None}, {'nombre_cancion': 'Soldier Story (Intro)', 'id_spotify': '0v2Mk2JNNyJDYYfekJMuEK', 'num_cancion': 1, 'duracion': 109373, 'id_album': None}, {'nombre_cancion': 'Doggystyle', 'id_spotify': '4wPuIAVj35hwmdDxdOkCrn', 'num_cancion': 2, 'duracion': 334546, 'id_album': None}, {'nombre_cancion': 'Fallin Asleep On Death Row', 'id_spotify': '4dtqXOpFUmiIbzRhsORamO', 'num_cancion': 3, 'duracion': 123746, 'id_album': None}, {'nombre_cancion': 'Eat A Dick', 'id_spotify': '09bRjL267b5H8TjahFxx3C', 'num_cancion': 4, 'duracion': 174146, 'id_album': None}, {'nombre_cancion': 'Hoez', 'id_spotify': '2Y0y4nYTgVcfN4qEqcULfw', 'num_cancion': 5, 'duracion': 293266, 'id_album': None}, {'nombre_cancion': 'Keep It Real Dogg', 'id_spotify': '3Le9T1KrOx7CKFysk4xkvi', 'num_cancion': 6, 'duracion': 335720, 'id_album': None}, {'nombre_cancion': 'O.G.', 'id_spotify': '22Cz5GnNyU3yYpTPImPpta', 'num_cancion': 7, 'duracion': 272946, 'id_album': None}, {'nombre_cancion': 'One Life To Live', 'id_spotify': '3jKGp6b6BKkXdZGr9Rnrs0', 'num_cancion': 8, 'duracion': 317386, 'id_album': None}, {'nombre_cancion': 'The Genie', 'id_spotify': '2Wqv4Peov0GGOMVLR1qja3', 'num_cancion': 9, 'duracion': 288186, 'id_album': None}, {'nombre_cancion': 'Funk Wit Ya Brain', 'id_spotify': '50mrQawSkxxwBJzauvGcKZ', 'num_cancion': 10, 'duracion': 152693, 'id_album': None}, {'nombre_cancion': 'Caught Up', 'id_spotify': '1X7inBkFRn19mTePx06ek0', 'num_cancion': 11, 'duracion': 280520, 'id_album': None}, {'nombre_cancion': 'Put It In Ya Mouth', 'id_spotify': '7qpPP09DswynwluM4pMPDt', 'num_cancion': 12, 'duracion': 332213, 'id_album': None}, {'nombre_cancion': 'Gravy Train', 'id_spotify': '7uwvMMVdD3rMNW3sTFRcvO', 'num_cancion': 13, 'duracion': 185653, 'id_album': None}, {'nombre_cancion': 'Life’s Hard (Dedication For 2pac)', 'id_spotify': '6TGJF4fXCWRi3cB6pGToE9', 'num_cancion': 14, 'duracion': 287080, 'id_album': None}, {'nombre_cancion': 'The Root Of All Evil', 'id_spotify': '7smZyGM92Mhb4N7aVHC2hS', 'num_cancion': 15, 'duracion': 284053, 'id_album': None}, {'nombre_cancion': 'Intro', 'id_spotify': '33BI3RwnaltHqm7WyvZgFU', 'num_cancion': 1, 'duracion': 14000, 'id_album': None}, {'nombre_cancion': 'I Wanna Rock', 'id_spotify': '3vNiHPIipR4a4bZKA288CD', 'num_cancion': 2, 'duracion': 235986, 'id_album': None}, {'nombre_cancion': '2 Minute Warning', 'id_spotify': '1VqbJD5zaWisOqiQ85IEpW', 'num_cancion': 3, 'duracion': 113626, 'id_album': None}, {'nombre_cancion': '1800', 'id_spotify': '1U90lN66HMHdsAGqMR6QLM', 'num_cancion': 4, 'duracion': 215573, 'id_album': None}, {'nombre_cancion': 'Different Languages', 'id_spotify': '4JTY6b275EkStcfBb9EqAC', 'num_cancion': 5, 'duracion': 284373, 'id_album': None}, {'nombre_cancion': 'Gangsta Luv', 'id_spotify': '1E8wif6bVXurUgxV8Gfwrw', 'num_cancion': 6, 'duracion': 256546, 'id_album': None}, {'nombre_cancion': 'Pronto', 'id_spotify': '4UbJGBZUZGAfkgnUSxZw11', 'num_cancion': 7, 'duracion': 297240, 'id_album': None}, {'nombre_cancion': "That's Tha Homie", 'id_spotify': '3Zd9lVkP26rw4WcvjYYdPv', 'num_cancion': 8, 'duracion': 343213, 'id_album': None}, {'nombre_cancion': 'Upside Down', 'id_spotify': '4ruc7Nwc3AIIt7oPqnYMHS', 'num_cancion': 9, 'duracion': 284072, 'id_album': None}, {'nombre_cancion': 'Secrets', 'id_spotify': '55tKKZIbdZ7Vs4FfFkIix7', 'num_cancion': 10, 'duracion': 293213, 'id_album': None}, {'nombre_cancion': "Pimpin Ain't EZ", 'id_spotify': '39y8XCFwnGnYXov4dQlaFa', 'num_cancion': 11, 'duracion': 252333, 'id_album': None}, {'nombre_cancion': 'Luv Drunk', 'id_spotify': '0otKlNtPM5i5Pzv9bWsGFp', 'num_cancion': 12, 'duracion': 235218, 'id_album': None}, {'nombre_cancion': 'Special', 'id_spotify': '74z465KvfBQrAqovUVLkpo', 'num_cancion': 13, 'duracion': 326586, 'id_album': None}, {'nombre_cancion': 'Outro', 'id_spotify': '2arZSMhAzLDwAj5j2cp1Ra', 'num_cancion': 14, 'duracion': 91625, 'id_album': None}, {'nombre_cancion': 'A Word Witchya! (Intro)', 'id_spotify': '1lbcKvduQZT4t1T1Lfh0GX', 'num_cancion': 1, 'duracion': 80586, 'id_album': None}, {'nombre_cancion': 'Press Play', 'id_spotify': '0wWle7P0PvUb8jWE3p2LmR', 'num_cancion': 2, 'duracion': 228840, 'id_album': None}, {'nombre_cancion': 'SD Is Out', 'id_spotify': '1P1u4M9SZXLQOiN24qvTk1', 'num_cancion': 3, 'duracion': 229960, 'id_album': None}, {'nombre_cancion': 'Gangsta Like Me', 'id_spotify': '3nuw84hfQJ8JKslYL56B5C', 'num_cancion': 4, 'duracion': 266520, 'id_album': None}, {'nombre_cancion': 'Neva Have 2 Worry', 'id_spotify': '7jtJAr2MUgRorLuNnOJJ4S', 'num_cancion': 5, 'duracion': 258133, 'id_album': None}, {'nombre_cancion': 'Sexual Eruption - Album Version (Explicit) FINAL', 'id_spotify': '5gHISrWamQR5jI2K51ISbA', 'num_cancion': 6, 'duracion': 240306, 'id_album': None}, {'nombre_cancion': 'Life Of Da Party', 'id_spotify': '7bZZOib08UAQcw9UJgNjfv', 'num_cancion': 7, 'duracion': 263906, 'id_album': None}, {'nombre_cancion': 'Waste Of Time', 'id_spotify': '4IvWl4lzID4wgNU3yjIgIa', 'num_cancion': 8, 'duracion': 213653, 'id_album': None}, {'nombre_cancion': 'Cool', 'id_spotify': '4vdg9F1FRAg9XW6PlqWo9c', 'num_cancion': 9, 'duracion': 241946, 'id_album': None}, {'nombre_cancion': 'Sets Up', 'id_spotify': '67Jhcuc9sp9ERWsjuGwjpP', 'num_cancion': 10, 'duracion': 224133, 'id_album': None}, {'nombre_cancion': 'Deez Hollywood Nights', 'id_spotify': '79sVjWTriD4pQgE4hpM7zQ', 'num_cancion': 11, 'duracion': 279440, 'id_album': None}, {'nombre_cancion': 'Whateva U Do', 'id_spotify': '2OQfPMRKP6NHaqFXXPDjz5', 'num_cancion': 12, 'duracion': 226573, 'id_album': None}, {'nombre_cancion': 'Staxxx In My Jeans', 'id_spotify': '5btVksVC2VEWfLfnfLtNA0', 'num_cancion': 13, 'duracion': 229760, 'id_album': None}, {'nombre_cancion': 'Been Around Tha World', 'id_spotify': '7qVAflxPxulpWE7CYdGk1Z', 'num_cancion': 14, 'duracion': 216640, 'id_album': None}, {'nombre_cancion': 'Let It Out', 'id_spotify': '0JtJWDaTZUDSpyZomdywb3', 'num_cancion': 15, 'duracion': 157693, 'id_album': None}, {'nombre_cancion': 'My Medicine', 'id_spotify': '5jeXDGMNkY8G2bPsHLaNnm', 'num_cancion': 16, 'duracion': 159360, 'id_album': None}, {'nombre_cancion': "Ridin' In My Chevy", 'id_spotify': '3AmwgglYl3OVetfBNVwnPj', 'num_cancion': 17, 'duracion': 195266, 'id_album': None}, {'nombre_cancion': 'Those Gurlz', 'id_spotify': '01WBUfifuCVakdG7YTpHK7', 'num_cancion': 18, 'duracion': 240013, 'id_album': None}, {'nombre_cancion': 'One Chance (Make It Good)', 'id_spotify': '56naAVBFbwNBgALsGIGj8V', 'num_cancion': 19, 'duracion': 213493, 'id_album': None}, {'nombre_cancion': 'Why Did You Leave Me', 'id_spotify': '38kZhcFGQGaxf5hrGi4HgI', 'num_cancion': 20, 'duracion': 247160, 'id_album': None}, {'nombre_cancion': "Can't Say Goodbye", 'id_spotify': '4TyGYTAexVaiTD9nr2ipkt', 'num_cancion': 21, 'duracion': 247453, 'id_album': None}, {'nombre_cancion': 'Nobody Better', 'id_spotify': '7KrXhppHsnuCEQYDUCIG1r', 'num_cancion': 22, 'duracion': 204200, 'id_album': None}, {'nombre_cancion': 'Shootem Up', 'id_spotify': '0KvCQTyOMznvqjDump44wo', 'num_cancion': 23, 'duracion': 220706, 'id_album': None}, {'nombre_cancion': 'Walk Away', 'id_spotify': '251VB3smY65a95DNPW7gZJ', 'num_cancion': 24, 'duracion': 247546, 'id_album': None}, {'nombre_cancion': 'Get It Cuz I Want It', 'id_spotify': '46hcws0kXZaiQAV5F53TQx', 'num_cancion': 1, 'duracion': 257839, 'id_album': None}, {'nombre_cancion': 'Half-A-Brik', 'id_spotify': '78O6hPup7qUH9WwKpAqfq7', 'num_cancion': 2, 'duracion': 278280, 'id_album': None}, {'nombre_cancion': 'Homicide', 'id_spotify': '65xmhlIvBrKGYKzI303ezp', 'num_cancion': 3, 'duracion': 242506, 'id_album': None}, {'nombre_cancion': "Don't Ask Me", 'id_spotify': '3ZH8mOpKwvN0P1wEbZubuX', 'num_cancion': 4, 'duracion': 249373, 'id_album': None}, {'nombre_cancion': 'Boss', 'id_spotify': '6bR14ZyHZ5YaateeZ8nSVm', 'num_cancion': 5, 'duracion': 309786, 'id_album': None}, {'nombre_cancion': 'Independent in the Game', 'id_spotify': '26CA8ndkJGaLpe1zk1TAe7', 'num_cancion': 6, 'duracion': 283280, 'id_album': None}, {'nombre_cancion': 'Gotta Get This Money', 'id_spotify': '7h5YlfpT6yXggNomPSHidq', 'num_cancion': 7, 'duracion': 225040, 'id_album': None}, {'nombre_cancion': 'Bring It Back', 'id_spotify': '2QlRtTxUVcWlk34gOUip6y', 'num_cancion': 8, 'duracion': 231760, 'id_album': None}, {'nombre_cancion': 'What You Know About It', 'id_spotify': '7ySbBN60guFfB45DiqMcsB', 'num_cancion': 9, 'duracion': 196053, 'id_album': None}, {'nombre_cancion': 'Family Tree', 'id_spotify': '6p1rKNpu7pwuDuBHJj4jHC', 'num_cancion': 10, 'duracion': 297693, 'id_album': None}, {'nombre_cancion': 'The Life in California', 'id_spotify': '0zsnCEaf8k32qJ0qTCSCHu', 'num_cancion': 11, 'duracion': 227280, 'id_album': None}, {'nombre_cancion': 'Been Hustlin', 'id_spotify': '4AjyK4cOWdbhFbiXaQFQ6s', 'num_cancion': 12, 'duracion': 136666, 'id_album': None}, {'nombre_cancion': "I'm About That", 'id_spotify': '0MWNrKmXLb4DDYynOGxSZe', 'num_cancion': 13, 'duracion': 188200, 'id_album': None}, {'nombre_cancion': 'Addiction', 'id_spotify': '00GQOdQHs6euBVz5pdavWa', 'num_cancion': 14, 'duracion': 238066, 'id_album': None}, {'nombre_cancion': 'A Boss Like Me', 'id_spotify': '3HU4kfXbCrEZBfZ0cmojEp', 'num_cancion': 15, 'duracion': 213520, 'id_album': None}, {'nombre_cancion': 'Ride for the Cause', 'id_spotify': '7pK6OLM326RvXzd9CfZl8i', 'num_cancion': 16, 'duracion': 242466, 'id_album': None}, {'nombre_cancion': 'The Big Squeeze Intro', 'id_spotify': '26WQ2RjrJhmDAxr7JvwXZi', 'num_cancion': 1, 'duracion': 138986, 'id_album': None}, {'nombre_cancion': 'The Big Squeeze Intro', 'id_spotify': '74Dk4qMoo0V1ZS1TcPZW0Z', 'num_cancion': 2, 'duracion': 138986, 'id_album': None}, {'nombre_cancion': 'Globalhead', 'id_spotify': '78wD4wQL3mWVPYsHfeS8tF', 'num_cancion': 3, 'duracion': 314773, 'id_album': None}, {'nombre_cancion': 'Killaz', 'id_spotify': '4KhhFblogEcI3YowFGmi9E', 'num_cancion': 4, 'duracion': 236080, 'id_album': None}, {'nombre_cancion': 'Killaz', 'id_spotify': '4EjA5HXNsAW81eabbnbPqQ', 'num_cancion': 5, 'duracion': 236080, 'id_album': None}, {'nombre_cancion': 'Take A Look At The World', 'id_spotify': '3T4Aw5JwJ39RRzzBPUkJqd', 'num_cancion': 6, 'duracion': 312346, 'id_album': None}, {'nombre_cancion': 'We Came To Bang Out', 'id_spotify': '6bl7IfcwT1IuBfFZb2MhfR', 'num_cancion': 7, 'duracion': 223120, 'id_album': None}, {'nombre_cancion': 'We Came To Bang Out', 'id_spotify': '11FhZoosj4vtIoN9L8eRw6', 'num_cancion': 8, 'duracion': 223120, 'id_album': None}, {'nombre_cancion': 'City of God', 'id_spotify': '1Cx0QjdFrNjFWPUgnGtZlW', 'num_cancion': 9, 'duracion': 250800, 'id_album': None}, {'nombre_cancion': 'Shackled Up', 'id_spotify': '7cwM7LW7gH8DpVC2uLQ3ws', 'num_cancion': 10, 'duracion': 235253, 'id_album': None}, {'nombre_cancion': 'Shackled Up', 'id_spotify': '3CFQKmDjnxrCh4w0Xin142', 'num_cancion': 11, 'duracion': 235253, 'id_album': None}, {'nombre_cancion': 'Izulu (Li Ya Duma)', 'id_spotify': '0KLyCVXiGDoOO8bquzwTcx', 'num_cancion': 12, 'duracion': 309400, 'id_album': None}, {'nombre_cancion': 'Hat To The Bac', 'id_spotify': '6XBDXEMpZNfPNcMBeAZRSH', 'num_cancion': 13, 'duracion': 223986, 'id_album': None}, {'nombre_cancion': 'Hat To The Bac', 'id_spotify': '3m7clac16Xm9ymXWcgoGlc', 'num_cancion': 14, 'duracion': 223986, 'id_album': None}, {'nombre_cancion': 'Wings Of Desire', 'id_spotify': '3VD2DEzzYYmFWeyGApjCHO', 'num_cancion': 15, 'duracion': 334360, 'id_album': None}, {'nombre_cancion': 'Pop Pop Bang!', 'id_spotify': '1AbVAZ54UhGeme4xv8f5O7', 'num_cancion': 16, 'duracion': 261532, 'id_album': None}, {'nombre_cancion': 'Pop Pop Bang!', 'id_spotify': '0FlRNHZD7OL1o1g7Izq5Gi', 'num_cancion': 17, 'duracion': 261532, 'id_album': None}, {'nombre_cancion': "I'm A Stranger Here Myself", 'id_spotify': '1qSlyN6xmzIYeQoFEAY0cw', 'num_cancion': 18, 'duracion': 219053, 'id_album': None}, {'nombre_cancion': '31 Flavors', 'id_spotify': '4JIOuTsFkGDqYIX5AK2tjF', 'num_cancion': 19, 'duracion': 184746, 'id_album': None}, {'nombre_cancion': '31 Flavors', 'id_spotify': '7t7g10Vnj6CoGzQR2PPBhR', 'num_cancion': 20, 'duracion': 184746, 'id_album': None}, {'nombre_cancion': 'Axum Dub', 'id_spotify': '4FA03z0HLLOd30KA5qNLNv', 'num_cancion': 21, 'duracion': 340813, 'id_album': None}, {'nombre_cancion': 'All About Damani', 'id_spotify': '3bt3X2lo9KApDnrnxSh3Ya', 'num_cancion': 22, 'duracion': 303626, 'id_album': None}, {'nombre_cancion': 'All About Damani', 'id_spotify': '5kW5hQEGlecpcYpI2gFdeT', 'num_cancion': 23, 'duracion': 284066, 'id_album': None}, {'nombre_cancion': 'Garden Of Perfume - Adrian Sherwood Remix', 'id_spotify': '6JyQ4kNEgUjGgwP9Uwre77', 'num_cancion': 24, 'duracion': 399413, 'id_album': None}, {'nombre_cancion': 'Like Rock Stars', 'id_spotify': '1mzefz3cVryljLS5kSncGS', 'num_cancion': 25, 'duracion': 292133, 'id_album': None}, {'nombre_cancion': 'Like Rock Stars', 'id_spotify': '7fD8b3zqsvUVJ6ZFizkrpc', 'num_cancion': 26, 'duracion': 292146, 'id_album': None}, {'nombre_cancion': 'Blues For Babylon', 'id_spotify': '0grsq92fucZPPHL8B2GN9A', 'num_cancion': 27, 'duracion': 453320, 'id_album': None}, {'nombre_cancion': 'Spend Some Time', 'id_spotify': '04aWPAZUUVjiDZak9mtRJB', 'num_cancion': 28, 'duracion': 275560, 'id_album': None}, {'nombre_cancion': 'Spend Some Time', 'id_spotify': '4l80pdGUNsa1ODr58uZjFa', 'num_cancion': 29, 'duracion': 275546, 'id_album': None}, {'nombre_cancion': 'Afrika Temple', 'id_spotify': '2u8JzrhSW9CY1ub9rRstbV', 'num_cancion': 30, 'duracion': 430640, 'id_album': None}, {'nombre_cancion': "Fuckin' Is Good For U", 'id_spotify': '16HzGV6gUtrDyBGTRCMUfx', 'num_cancion': 31, 'duracion': 246160, 'id_album': None}, {'nombre_cancion': "Fuckin' Is Good For U", 'id_spotify': '0GmBcA6skoZeY7uX5K8tIp', 'num_cancion': 32, 'duracion': 246173, 'id_album': None}, {'nombre_cancion': 'Dust Of Empire (Song Of Albion)', 'id_spotify': '2u9s36ahO5eCUoRGBY0og8', 'num_cancion': 33, 'duracion': 357533, 'id_album': None}, {'nombre_cancion': 'Get Your Body Moving', 'id_spotify': '2FK9i9AKgPv0b2fsQdUlAm', 'num_cancion': 34, 'duracion': 249186, 'id_album': None}, {'nombre_cancion': 'Get Your Body Moving', 'id_spotify': '4wO0wzS2Ddo9qWEIj0oKsU', 'num_cancion': 35, 'duracion': 249173, 'id_album': None}, {'nombre_cancion': 'A Walk With Love And Death', 'id_spotify': '69jXgPmPOQa6kHSKV7Dzt3', 'num_cancion': 36, 'duracion': 393346, 'id_album': None}, {'nombre_cancion': 'Get Closer', 'id_spotify': '30YIwSl2N8PH3dsvRs7bKe', 'num_cancion': 37, 'duracion': 227533, 'id_album': None}, {'nombre_cancion': 'Get Closer', 'id_spotify': '7Hvm5pQec1DOXiqDtEX8SI', 'num_cancion': 38, 'duracion': 228840, 'id_album': None}, {'nombre_cancion': 'Can U Get Away?', 'id_spotify': '4QUNN86DChXmpi2yCAT9zN', 'num_cancion': 39, 'duracion': 198733, 'id_album': None}, {'nombre_cancion': 'Can U Get Away?', 'id_spotify': '7BEa1nAijDQko2cPcT2Z0z', 'num_cancion': 40, 'duracion': 198733, 'id_album': None}, {'nombre_cancion': 'Get It Started', 'id_spotify': '4nkEiNShcHaAeHGWUCDkKd', 'num_cancion': 41, 'duracion': 335520, 'id_album': None}, {'nombre_cancion': 'Get It Started', 'id_spotify': '5hxRzPoKtSQ0fwsUq4QM3R', 'num_cancion': 42, 'duracion': 336600, 'id_album': None}, {'nombre_cancion': 'Intrology', 'id_spotify': '4YCrejiod7RUjLJisHhiiA', 'num_cancion': 1, 'duracion': 119106, 'id_album': None}, {'nombre_cancion': 'Think About It', 'id_spotify': '7pCeKclmQx38n4LnDQFE4c', 'num_cancion': 2, 'duracion': 217800, 'id_album': None}, {'nombre_cancion': 'Crazy', 'id_spotify': '2jbYDQRvqcwW9zpQ9vopXZ', 'num_cancion': 3, 'duracion': 266613, 'id_album': None}, {'nombre_cancion': 'Vato', 'id_spotify': '2TgPHDU8zPgAvkSLXkHKXR', 'num_cancion': 4, 'duracion': 284653, 'id_album': None}, {'nombre_cancion': "That's That Shit", 'id_spotify': '41sLy8IQUSgvjjeW2CN0vc', 'num_cancion': 5, 'duracion': 257640, 'id_album': None}, {'nombre_cancion': "Candy (Drippin' Like Water)", 'id_spotify': '0E1NCpOWUweGB674Hhu7sc', 'num_cancion': 6, 'duracion': 288040, 'id_album': None}, {'nombre_cancion': 'Get A Light', 'id_spotify': '0brst8Eu2TRY13cwTQMcQc', 'num_cancion': 7, 'duracion': 221066, 'id_album': None}, {'nombre_cancion': "Gangbangin' 101", 'id_spotify': '2E2A3BY5Zp4vTCtWIKMxPG', 'num_cancion': 8, 'duracion': 242893, 'id_album': None}, {'nombre_cancion': "Boss' Life", 'id_spotify': '4UprL40OVADveANAtCNrIa', 'num_cancion': 9, 'duracion': 202680, 'id_album': None}, {'nombre_cancion': 'LAX', 'id_spotify': '5e8ER5Aot7za1AzhnvtiiZ', 'num_cancion': 10, 'duracion': 201480, 'id_album': None}, {'nombre_cancion': "10 Lil' Crips", 'id_spotify': '4KgUU8YS47pFaBPbfeWg7z', 'num_cancion': 11, 'duracion': 195093, 'id_album': None}, {'nombre_cancion': 'Round Here', 'id_spotify': '1R6M6xsq0vVq6vIAUhWNC8', 'num_cancion': 12, 'duracion': 222386, 'id_album': None}, {'nombre_cancion': 'A Bitch I Knew', 'id_spotify': '2Lt2h6UITX6WTzrHJFHJx6', 'num_cancion': 13, 'duracion': 272453, 'id_album': None}, {'nombre_cancion': 'Like This', 'id_spotify': '2mcOx4WV3guTbYOEiHZfqq', 'num_cancion': 14, 'duracion': 236306, 'id_album': None}, {'nombre_cancion': 'Which One Of You', 'id_spotify': '6Io4X6tBCXMi5pXve3MV5X', 'num_cancion': 15, 'duracion': 212466, 'id_album': None}, {'nombre_cancion': 'I Wanna Fuck You', 'id_spotify': '1G93i9ga7ZPEOqpiNhM1mq', 'num_cancion': 16, 'duracion': 178840, 'id_album': None}, {'nombre_cancion': 'Psst!', 'id_spotify': '0mFp3ZSck3qZjbGNBfvpkz', 'num_cancion': 17, 'duracion': 179306, 'id_album': None}, {'nombre_cancion': 'Beat Up On Yo Pads', 'id_spotify': '6lt1yjpfWaEhOGJOMVtbPy', 'num_cancion': 18, 'duracion': 177626, 'id_album': None}, {'nombre_cancion': "Don't Stop", 'id_spotify': '6GgSHVI05HgDFAiIxRDawY', 'num_cancion': 19, 'duracion': 202586, 'id_album': None}, {'nombre_cancion': 'Imagine', 'id_spotify': '0FNPiAAdWdWaGr7JOnlKmi', 'num_cancion': 20, 'duracion': 282186, 'id_album': None}, {'nombre_cancion': 'Conversations', 'id_spotify': '5KzKsgQrMPsM7oBumXej5s', 'num_cancion': 21, 'duracion': 218760, 'id_album': None}, {'nombre_cancion': 'Sisters N Brothers', 'id_spotify': '6TvxXzLJsVKIeQOCulvzCJ', 'num_cancion': 1, 'duracion': 229226, 'id_album': None}, {'nombre_cancion': 'Shake That Shit', 'id_spotify': '0zTjWtruz4pP3JVM5Qeepe', 'num_cancion': 2, 'duracion': 235000, 'id_album': None}, {'nombre_cancion': 'Just The Way You Like It', 'id_spotify': '38wC5Fy0yIsAu4vXXE42J5', 'num_cancion': 3, 'duracion': 300693, 'id_album': None}, {'nombre_cancion': 'Remember Me', 'id_spotify': '4QwAF6CwzwASZB75WV6P1R', 'num_cancion': 4, 'duracion': 279226, 'id_album': None}, {'nombre_cancion': 'Real Soon', 'id_spotify': '1VpOpZouWVOT5PB9VVH2LA', 'num_cancion': 5, 'duracion': 251800, 'id_album': None}, {'nombre_cancion': 'Sunshine', 'id_spotify': '54B3tTey3uSW00PhpQ6FHG', 'num_cancion': 6, 'duracion': 278346, 'id_album': None}, {'nombre_cancion': "Can't Find My Panties", 'id_spotify': '6eklNbIIVGXPSSwDES6gkS', 'num_cancion': 7, 'duracion': 222493, 'id_album': None}, {'nombre_cancion': 'We West Coast', 'id_spotify': '3mcpUfwGyqbWPYqjkD3XSw', 'num_cancion': 8, 'duracion': 245346, 'id_album': None}, {'nombre_cancion': 'Dinner In Bed', 'id_spotify': '2OQqeVwB1e8FMBe7ZNnnKs', 'num_cancion': 9, 'duracion': 281426, 'id_album': None}, {'nombre_cancion': 'If', 'id_spotify': '6k7I1vKWodZyaRVsJFaAiP', 'num_cancion': 10, 'duracion': 231426, 'id_album': None}, {'nombre_cancion': 'Noorious Dpg', 'id_spotify': '1qSrkrKnGhEYK6Tfv347zL', 'num_cancion': 11, 'duracion': 235200, 'id_album': None}, {'nombre_cancion': "Smokin' All My Bud", 'id_spotify': '1HphLypxPseZjlxV5o7aRX', 'num_cancion': 12, 'duracion': 329466, 'id_album': None}, {'nombre_cancion': 'Shine', 'id_spotify': '3afdQwJGfDE2GN16K2n2sX', 'num_cancion': 13, 'duracion': 223120, 'id_album': None}, {'nombre_cancion': '(Intro) I Love To Give You Light', 'id_spotify': '1whFKAlTQgdKxxIVxF4gfj', 'num_cancion': 1, 'duracion': 158346, 'id_album': None}, {'nombre_cancion': 'Bang Out', 'id_spotify': '4KEl31xQiQihsxLGW3dXZl', 'num_cancion': 2, 'duracion': 185040, 'id_album': None}, {'nombre_cancion': "Drop It Like It's Hot", 'id_spotify': '2NBQmPrOEEjA8VbeWOQGxO', 'num_cancion': 3, 'duracion': 266066, 'id_album': None}, {'nombre_cancion': 'Can I Get A Flicc Witchu', 'id_spotify': '48q2viCPz7CaxAxatvZgKp', 'num_cancion': 4, 'duracion': 324613, 'id_album': None}, {'nombre_cancion': 'Ups & Downs - Album Version (Explicit) w/o interlude', 'id_spotify': '6dw5cCtf3KtRNauKUERzR2', 'num_cancion': 5, 'duracion': 244640, 'id_album': None}, {'nombre_cancion': 'The Bidness', 'id_spotify': '6HU1LPq2PZ9ZS9ouTYwvdt', 'num_cancion': 6, 'duracion': 208373, 'id_album': None}, {'nombre_cancion': 'Snoop D.O. Double G', 'id_spotify': '7B7SpjXyzSHHj6gpDmOPqU', 'num_cancion': 7, 'duracion': 241160, 'id_album': None}, {'nombre_cancion': "Let's Get Blown", 'id_spotify': '0NdxbFFknA7kQ4E2zvJfey', 'num_cancion': 8, 'duracion': 280680, 'id_album': None}, {'nombre_cancion': 'Step Yo Game Up', 'id_spotify': '0bdDOIHKeACiHrLYzY3YJt', 'num_cancion': 9, 'duracion': 263746, 'id_album': None}, {'nombre_cancion': 'Perfect', 'id_spotify': '0tBK7YV0UMWiqc8UFd6eT4', 'num_cancion': 10, 'duracion': 350533, 'id_album': None}, {'nombre_cancion': 'WBallz (Interlude)', 'id_spotify': '3ejLLMcuB0yO6A8qQhv1bH', 'num_cancion': 11, 'duracion': 21186, 'id_album': None}, {'nombre_cancion': 'Fresh Pair of Panties On', 'id_spotify': '5m9pNa8DUCxXL40hT5ryyY', 'num_cancion': 12, 'duracion': 158666, 'id_album': None}, {'nombre_cancion': 'Promise I', 'id_spotify': '1s7phD4wCBj65e7PN1HjJN', 'num_cancion': 13, 'duracion': 197413, 'id_album': None}, {'nombre_cancion': 'Oh No - Album Version (Explicit) w/o interlude', 'id_spotify': '6eMASdR1peGlkxKcPDxNgO', 'num_cancion': 14, 'duracion': 241853, 'id_album': None}, {'nombre_cancion': 'Can You Control Yo Hoe', 'id_spotify': '5wXrQgeZtaMoA7ZWgPDsPn', 'num_cancion': 15, 'duracion': 188546, 'id_album': None}, {'nombre_cancion': 'Signs', 'id_spotify': '4HSAJpNocVNJbwbQvtCMdO', 'num_cancion': 16, 'duracion': 236480, 'id_album': None}, {'nombre_cancion': "I'm Threw Witchu", 'id_spotify': '3Lr4MGE2NDUjlq1qi99TSR', 'num_cancion': 17, 'duracion': 262373, 'id_album': None}, {'nombre_cancion': 'Pass It Pass It', 'id_spotify': '771aM9AY5YUx1OWl8tPJNG', 'num_cancion': 18, 'duracion': 272146, 'id_album': None}, {'nombre_cancion': 'Girl Like U', 'id_spotify': '5qf8hsPoCJpP1xod7Vzpac', 'num_cancion': 19, 'duracion': 275080, 'id_album': None}, {'nombre_cancion': 'No Thang On Me', 'id_spotify': '6JYUZ14W9IgEC1wRny2I8k', 'num_cancion': 20, 'duracion': 280840, 'id_album': None}, {'nombre_cancion': 'Don Doggy', 'id_spotify': '3yt8e2GfKxk1Rnr0PJcjC8', 'num_cancion': 1, 'duracion': 43333, 'id_album': None}, {'nombre_cancion': 'Da Bo$$ Would Like To See You', 'id_spotify': '0pWhjAZeevO7EPCULOstK5', 'num_cancion': 2, 'duracion': 119360, 'id_album': None}, {'nombre_cancion': 'Stoplight', 'id_spotify': '2gaHCVSKa84DPHCPZIGZJV', 'num_cancion': 3, 'duracion': 266425, 'id_album': None}, {'nombre_cancion': 'From Tha Chuuuch To Da Palace', 'id_spotify': '5M3fIM8TMpZtLC5yHc98Rh', 'num_cancion': 4, 'duracion': 280560, 'id_album': None}, {'nombre_cancion': 'I Believe In You', 'id_spotify': '084bko3tuMnppG1yJBsPCO', 'num_cancion': 5, 'duracion': 274373, 'id_album': None}, {'nombre_cancion': 'Lollipop', 'id_spotify': '2A1i5Z8ecTmWpbQgsEyRx3', 'num_cancion': 6, 'duracion': 228800, 'id_album': None}, {'nombre_cancion': "Ballin'", 'id_spotify': '4zNJc0q6w9XE8gXmbeFMls', 'num_cancion': 7, 'duracion': 319960, 'id_album': None}, {'nombre_cancion': 'Beautiful', 'id_spotify': '7FrJV8tydWEv1Mxu2mIQrm', 'num_cancion': 8, 'duracion': 298306, 'id_album': None}, {'nombre_cancion': "Paper'd Up", 'id_spotify': '4ZQOGd1cjahGnvo6d6ANkd', 'num_cancion': 9, 'duracion': 230026, 'id_album': None}, {'nombre_cancion': "Wasn't Your Fault", 'id_spotify': '1jSXfnndiG1yBMFdXsA32y', 'num_cancion': 10, 'duracion': 270000, 'id_album': None}, {'nombre_cancion': 'Bo$$ Playa', 'id_spotify': '0eF9nbzuz4htaxaMWAjxuB', 'num_cancion': 11, 'duracion': 353440, 'id_album': None}, {'nombre_cancion': 'Hourglass', 'id_spotify': '1iTbR8bmAiUMyZSgtGXudI', 'num_cancion': 12, 'duracion': 260200, 'id_album': None}, {'nombre_cancion': 'The One And Only', 'id_spotify': '7son9e0bPpoGJFDOSh2liR', 'num_cancion': 13, 'duracion': 229866, 'id_album': None}, {'nombre_cancion': 'I Miss That Bitch', 'id_spotify': '2moW3CKng8WJ2PXkzFf3rb', 'num_cancion': 14, 'duracion': 192493, 'id_album': None}, {'nombre_cancion': 'From Long Beach 2 Brick City', 'id_spotify': '3TPoOLzqJLYnB2VnDudO7C', 'num_cancion': 15, 'duracion': 223533, 'id_album': None}, {'nombre_cancion': 'Suited N Booted', 'id_spotify': '52nQkqfTDzXghEjZieLJ4d', 'num_cancion': 16, 'duracion': 195976, 'id_album': None}, {'nombre_cancion': 'You Got What I Want', 'id_spotify': '3KAIypz76ZvPmVLYPcRAnb', 'num_cancion': 17, 'duracion': 216466, 'id_album': None}, {'nombre_cancion': 'Batman And Robin', 'id_spotify': '0zdcKlp8JvkHXFda6GMOmd', 'num_cancion': 18, 'duracion': 303173, 'id_album': None}, {'nombre_cancion': 'A Message 2 Fat Cuzz', 'id_spotify': '7biYXNmlpKLZmCZFsGX4Rq', 'num_cancion': 19, 'duracion': 100666, 'id_album': None}, {'nombre_cancion': "Pimp Slapp'd", 'id_spotify': '7yTqqA3Eniv0HvufgrGJ4K', 'num_cancion': 20, 'duracion': 342400, 'id_album': None}, {'nombre_cancion': 'Intro / Tha Last Meal', 'id_spotify': '0AvXt2cN15y4REVhM993Pc', 'num_cancion': 1, 'duracion': 81223, 'id_album': None}, {'nombre_cancion': 'Hennesey N Buddah', 'id_spotify': '6dqE95KU5yVcqDkgEt3TIm', 'num_cancion': 2, 'duracion': 251533, 'id_album': None}, {'nombre_cancion': "Snoop Dogg (What's My Name Pt. 2)", 'id_spotify': '5rLnRYky5ktJYGUMAmqeWx', 'num_cancion': 3, 'duracion': 243160, 'id_album': None}, {'nombre_cancion': 'True Lies', 'id_spotify': '0qhl7BtMawSDEJ06bVIrL5', 'num_cancion': 4, 'duracion': 240480, 'id_album': None}, {'nombre_cancion': 'Wrong Idea', 'id_spotify': '5hHCQ0jbaBDiE5fIKzYf7W', 'num_cancion': 5, 'duracion': 254165, 'id_album': None}, {'nombre_cancion': 'Go Away', 'id_spotify': '63AOur1ZdTFZ6Nzox6jjNr', 'num_cancion': 6, 'duracion': 292506, 'id_album': None}, {'nombre_cancion': 'Set It Off', 'id_spotify': '7E6cKQcGpPqsr3eqnpnw0C', 'num_cancion': 7, 'duracion': 277226, 'id_album': None}, {'nombre_cancion': 'Stacey Adams', 'id_spotify': '2Gu5SaXstpHraItPqNVOSV', 'num_cancion': 8, 'duracion': 275533, 'id_album': None}, {'nombre_cancion': 'Lay Low', 'id_spotify': '0YHI5hydPPth6J5UOzdLDX', 'num_cancion': 9, 'duracion': 223000, 'id_album': None}, {'nombre_cancion': 'Bring It On', 'id_spotify': '2YHyVNeQ6NViqws6vssWx4', 'num_cancion': 10, 'duracion': 257184, 'id_album': None}, {'nombre_cancion': 'Game Court - Skit', 'id_spotify': '0z23gFgqYW3kHcrsr4mwwG', 'num_cancion': 11, 'duracion': 130226, 'id_album': None}, {'nombre_cancion': 'Issues', 'id_spotify': '6X6KrabbsRQCER77FtJGWo', 'num_cancion': 12, 'duracion': 155573, 'id_album': None}, {'nombre_cancion': 'Brake Fluid (Biiittch Pump Yo Brakes)', 'id_spotify': '2NCxDBm5rKdBnHpyu6z1iX', 'num_cancion': 13, 'duracion': 355800, 'id_album': None}, {'nombre_cancion': 'Ready 2 Ryde', 'id_spotify': '3d55Tng6iYA2M19taXnFq7', 'num_cancion': 14, 'duracion': 261466, 'id_album': None}, {'nombre_cancion': "Loosen' Control", 'id_spotify': '6RxSpXA25K1onD44Y5w7r2', 'num_cancion': 15, 'duracion': 248866, 'id_album': None}, {'nombre_cancion': "I Can't Swim", 'id_spotify': '10RtwYbxd1CfrqBE7HNu6z', 'num_cancion': 16, 'duracion': 256640, 'id_album': None}, {'nombre_cancion': 'Leave Me Alone', 'id_spotify': '3nQoutWAGNUT9aeKJs75Wx', 'num_cancion': 17, 'duracion': 252426, 'id_album': None}, {'nombre_cancion': 'Back Up Off Me', 'id_spotify': '64HLNQYxFEtDW7WFbNRLs4', 'num_cancion': 18, 'duracion': 315346, 'id_album': None}, {'nombre_cancion': "Y'All Gone Miss Me", 'id_spotify': '76gJ7ATRkD3WZuYKPl84xm', 'num_cancion': 19, 'duracion': 255626, 'id_album': None}, {'nombre_cancion': 'Dolomite Intro', 'id_spotify': '4MGapp8nemh9BcutE365EM', 'num_cancion': 1, 'duracion': 27760, 'id_album': None}, {'nombre_cancion': "Buck 'Em", 'id_spotify': '38aGhG0KaU7m5K1OTH62aM', 'num_cancion': 2, 'duracion': 164106, 'id_album': None}, {'nombre_cancion': 'Trust Me', 'id_spotify': '48PDKnD9T9yZvBQA0A29hY', 'num_cancion': 3, 'duracion': 248160, 'id_album': None}, {'nombre_cancion': 'My Heat Goes Boom', 'id_spotify': '2wMBD5IM6wMY22yMgkXfK5', 'num_cancion': 4, 'duracion': 220773, 'id_album': None}, {'nombre_cancion': 'Dolomite', 'id_spotify': '1oVTglH1TJSDJtyyG1sVai', 'num_cancion': 5, 'duracion': 52477, 'id_album': None}, {'nombre_cancion': 'Snoopafella', 'id_spotify': '1BNrSp3xmEPriOavWV1onw', 'num_cancion': 6, 'duracion': 322666, 'id_album': None}, {'nombre_cancion': 'In Love With A Thug', 'id_spotify': '364XcHeQRIgmhEL4UgI7Ox', 'num_cancion': 7, 'duracion': 223440, 'id_album': None}, {'nombre_cancion': 'G Bedtime Stories', 'id_spotify': '6aRvvLxyQEpzAqmTmHlCNb', 'num_cancion': 8, 'duracion': 134600, 'id_album': None}, {'nombre_cancion': "Down 4 My N's", 'id_spotify': '14uUTfHIwIp587cz13UI5A', 'num_cancion': 9, 'duracion': 226800, 'id_album': None}, {'nombre_cancion': 'Betta Days', 'id_spotify': '6gom2Xsy5SiVYV3qtrsb7v', 'num_cancion': 10, 'duracion': 235893, 'id_album': None}, {'nombre_cancion': 'Somethin Bout Yo Bidness', 'id_spotify': '4rZ5wox2hqBgtqsMEujwqE', 'num_cancion': 11, 'duracion': 251573, 'id_album': None}, {'nombre_cancion': 'Bitch Please', 'id_spotify': '5Sm1X46tna50RstHZvw072', 'num_cancion': 12, 'duracion': 234533, 'id_album': None}, {'nombre_cancion': "Doin' Too Much", 'id_spotify': '16HCoYfFJC1lRa4OxAWF82', 'num_cancion': 13, 'duracion': 246493, 'id_album': None}, {'nombre_cancion': 'Gangsta Ride', 'id_spotify': '5kqrdeBWSkbmXejI5jd9xE', 'num_cancion': 14, 'duracion': 224640, 'id_album': None}, {'nombre_cancion': 'Ghetto Symphony', 'id_spotify': '1uZKq4BcM2WjborHkGaQ1M', 'num_cancion': 15, 'duracion': 339826, 'id_album': None}, {'nombre_cancion': 'Party With A D.P.G.', 'id_spotify': '4JKDEhzyExiCSwAU6EUTsz', 'num_cancion': 16, 'duracion': 294600, 'id_album': None}, {'nombre_cancion': "Buss'n Rocks", 'id_spotify': '1q14IGtuJmcX1gPtbKwnWa', 'num_cancion': 17, 'duracion': 263466, 'id_album': None}, {'nombre_cancion': "Just Dippin'", 'id_spotify': '1iYWNf225EUIESs4svZudx', 'num_cancion': 18, 'duracion': 242506, 'id_album': None}, {'nombre_cancion': "Don't Tell", 'id_spotify': '6eZOwfHNH5ojE3omTCHAwU', 'num_cancion': 19, 'duracion': 287026, 'id_album': None}, {'nombre_cancion': '20 Minutes', 'id_spotify': '1UFp1MIRnIXvjqzsvmRjJm', 'num_cancion': 20, 'duracion': 239106, 'id_album': None}, {'nombre_cancion': 'I Love My Momma', 'id_spotify': '4cYqSneIrA6VsEat6nhwxu', 'num_cancion': 21, 'duracion': 186093, 'id_album': None}, {'nombre_cancion': 'Snoop World', 'id_spotify': '4j6Wplh7OGXVNWk3Ucj38S', 'num_cancion': 1, 'duracion': 319733, 'id_album': None}, {'nombre_cancion': 'Slow Down', 'id_spotify': '5nq7UXXJgy2beMNGmMXxjM', 'num_cancion': 2, 'duracion': 250311, 'id_album': None}, {'nombre_cancion': 'Woof!', 'id_spotify': '2bryPxmm98dhBU73ut3lw3', 'num_cancion': 3, 'duracion': 261866, 'id_album': None}, {'nombre_cancion': 'Gin And Juice II', 'id_spotify': '6j0Cw8M45feDVXNzlnFQrZ', 'num_cancion': 4, 'duracion': 216533, 'id_album': None}, {'nombre_cancion': 'Show Me Love', 'id_spotify': '0a7U3QDRmOEubgg2n7Hdjb', 'num_cancion': 5, 'duracion': 232893, 'id_album': None}, {'nombre_cancion': 'Hustle And Ball', 'id_spotify': '5cnjzZxszTikcrigAeX4s8', 'num_cancion': 6, 'duracion': 206840, 'id_album': None}, {'nombre_cancion': "Don't Let Go", 'id_spotify': '2FRqpVjledANsvCQCgZeGS', 'num_cancion': 7, 'duracion': 227400, 'id_album': None}, {'nombre_cancion': 'Tru Tank Dogs', 'id_spotify': '3fhweSjBmlNytwQl5GGcfm', 'num_cancion': 8, 'duracion': 235066, 'id_album': None}, {'nombre_cancion': 'Whatcha Gon Do?', 'id_spotify': '0BNV7W1n95Am0ZHPdCYt1N', 'num_cancion': 9, 'duracion': 156688, 'id_album': None}, {'nombre_cancion': 'Still A G Thang', 'id_spotify': '25FbujVRm2y8A5HSHERaRa', 'num_cancion': 10, 'duracion': 260133, 'id_album': None}, {'nombre_cancion': '20 Dollars To My Name', 'id_spotify': '3iP6mcZQoZffvhZUlHnYad', 'num_cancion': 11, 'duracion': 248333, 'id_album': None}, {'nombre_cancion': "D.O.G.'s Get Lonely 2", 'id_spotify': '5DOeIpNf3qDUGmeXili4JG', 'num_cancion': 12, 'duracion': 196200, 'id_album': None}, {'nombre_cancion': "Ain't Nut'in Personal", 'id_spotify': '1cXtsZISo4PRJTYdnLx27v', 'num_cancion': 13, 'duracion': 217093, 'id_album': None}, {'nombre_cancion': 'DP Gangsta', 'id_spotify': '4bmqj0I1npAqa6e7TkUQhW', 'num_cancion': 14, 'duracion': 293240, 'id_album': None}, {'nombre_cancion': 'Game Of Life', 'id_spotify': '4ywe4HMusJoluWpwSN4Q7z', 'num_cancion': 15, 'duracion': 232333, 'id_album': None}, {'nombre_cancion': 'See Ya When I Get There', 'id_spotify': '0kLctatZLahA4n4SQtDZsr', 'num_cancion': 16, 'duracion': 199893, 'id_album': None}, {'nombre_cancion': 'Pay For P...', 'id_spotify': '0ILJGEz6FWLAriWEaSkTi2', 'num_cancion': 17, 'duracion': 103506, 'id_album': None}, {'nombre_cancion': 'Picture This', 'id_spotify': '68lx5kAawNRXlfTBGehL7F', 'num_cancion': 18, 'duracion': 150960, 'id_album': None}, {'nombre_cancion': 'Doggz Gonna Get Ya', 'id_spotify': '5doxYHwtOH9zU5MCBbW27r', 'num_cancion': 19, 'duracion': 299173, 'id_album': None}, {'nombre_cancion': 'Hoes, Money And Clout', 'id_spotify': '0sMbB9gukSQiUBiT00vMxz', 'num_cancion': 20, 'duracion': 201626, 'id_album': None}, {'nombre_cancion': 'Get Bout It And Rowdy', 'id_spotify': '7JFu9ykY7ZUe3KFOHkLLCC', 'num_cancion': 21, 'duracion': 262600, 'id_album': None}, {'nombre_cancion': 'Intro', 'id_spotify': '7sMfX3BBZWZmE2wFwGVaJR', 'num_cancion': 1, 'duracion': 47066, 'id_album': None}, {'nombre_cancion': 'Doggfather', 'id_spotify': '0aPcMDBH8CTTF4xMjspfAi', 'num_cancion': 2, 'duracion': 237000, 'id_album': None}, {'nombre_cancion': 'Ride 4 Me', 'id_spotify': '5HJFcOZjg08BLvd6V3ZKrB', 'num_cancion': 3, 'duracion': 60933, 'id_album': None}, {'nombre_cancion': 'Up Jump Tha Boogie', 'id_spotify': '3Nw9TpRNeCeViYWjs8CHjv', 'num_cancion': 4, 'duracion': 283266, 'id_album': None}, {'nombre_cancion': 'Freestyle Conversation', 'id_spotify': '2cQOt2dRK4fd62O8iG9HiY', 'num_cancion': 5, 'duracion': 257825, 'id_album': None}, {'nombre_cancion': 'When I Grow Up', 'id_spotify': '2WHqvNucPzEszPfrO7EQAI', 'num_cancion': 6, 'duracion': 37506, 'id_album': None}, {'nombre_cancion': 'Snoop Bounce', 'id_spotify': '5c0yEdwKCYSJ5LzpWQxAG3', 'num_cancion': 7, 'duracion': 243493, 'id_album': None}, {'nombre_cancion': 'Gold Rush', 'id_spotify': '5lcFuNE5Y6p3jfVJqfNCUl', 'num_cancion': 8, 'duracion': 292800, 'id_album': None}, {'nombre_cancion': "(Tear 'Em Off) Me and My Doggz", 'id_spotify': '1geHuUqRTJTMyhHLdh7Czy', 'num_cancion': 9, 'duracion': 211773, 'id_album': None}, {'nombre_cancion': 'You Thought', 'id_spotify': '5QH2FcQSODDR2rtsczWDmd', 'num_cancion': 10, 'duracion': 284733, 'id_album': None}, {'nombre_cancion': 'Vapors', 'id_spotify': '1TsrEgEXM5S2HsoFDaZLL5', 'num_cancion': 11, 'duracion': 261493, 'id_album': None}, {'nombre_cancion': 'Groupie', 'id_spotify': '1E5uCYjBJjzS47b2NgE0WP', 'num_cancion': 12, 'duracion': 306773, 'id_album': None}, {'nombre_cancion': '2001', 'id_spotify': '4Ws80vzrVu4QKFjDTZsw8O', 'num_cancion': 13, 'duracion': 212226, 'id_album': None}, {'nombre_cancion': 'Sixx Minutes', 'id_spotify': '39894w5jy7TJzkQPuixKay', 'num_cancion': 14, 'duracion': 280400, 'id_album': None}, {'nombre_cancion': '(O.J.) Wake Up', 'id_spotify': '5gJjX2ZP2uMwjbD8738DbL', 'num_cancion': 15, 'duracion': 283573, 'id_album': None}, {'nombre_cancion': "Snoop's Upside Ya Head", 'id_spotify': '1K8AFXNylEJgvJLeYWIKK4', 'num_cancion': 16, 'duracion': 267400, 'id_album': None}, {'nombre_cancion': 'Blueberry', 'id_spotify': '66v9ZGha74BK10Fqd5NKfr', 'num_cancion': 17, 'duracion': 255533, 'id_album': None}, {'nombre_cancion': 'Traffic Jam', 'id_spotify': '7ijh7aNCYWCsoDULpaaMYd', 'num_cancion': 18, 'duracion': 31866, 'id_album': None}, {'nombre_cancion': 'Doggyland', 'id_spotify': '3goJBuaxTz1vr8LsOUERWT', 'num_cancion': 19, 'duracion': 280333, 'id_album': None}, {'nombre_cancion': 'Downtown Assassins', 'id_spotify': '3G9fE3RDD5okPFgjGIOAyU', 'num_cancion': 20, 'duracion': 262693, 'id_album': None}, {'nombre_cancion': 'Outro', 'id_spotify': '1PDSG6GzMZt6mgxpXACXT0', 'num_cancion': 21, 'duracion': 42506, 'id_album': None}, {'nombre_cancion': 'Bathtub', 'id_spotify': '50Yk8PaUtdGptynE6y8ea7', 'num_cancion': 1, 'duracion': 110333, 'id_album': None}, {'nombre_cancion': 'G Funk Intro', 'id_spotify': '4ljxxdaJncZ5hsY2C4pAk5', 'num_cancion': 2, 'duracion': 144106, 'id_album': None}, {'nombre_cancion': 'Gin and Juice', 'id_spotify': '39QBkWKnap8wRSW4WB9OK0', 'num_cancion': 3, 'duracion': 211866, 'id_album': None}, {'nombre_cancion': 'Tha Shiznit', 'id_spotify': '2DhL7DtMmxmqrCUB2NAlLm', 'num_cancion': 4, 'duracion': 280613, 'id_album': None}, {'nombre_cancion': 'Lodi Dodi', 'id_spotify': '6OtfwrzhIaIg6gmnzgPlu1', 'num_cancion': 5, 'duracion': 301386, 'id_album': None}, {'nombre_cancion': 'Murder Was The Case', 'id_spotify': '1z9EbieFSoVLz7A3Q2DCiu', 'num_cancion': 6, 'duracion': 218186, 'id_album': None}, {'nombre_cancion': 'Serial Killa', 'id_spotify': '4SPyjYGmv0nbLru9oX75iV', 'num_cancion': 7, 'duracion': 213000, 'id_album': None}, {'nombre_cancion': 'Who Am I (What’s My Name)?', 'id_spotify': '0eO8MW9YSTK3CjdaTYKlhF', 'num_cancion': 8, 'duracion': 246200, 'id_album': None}, {'nombre_cancion': 'For All My Niggaz & Bitches', 'id_spotify': '11qJz7Likbhet3q0fqxC5B', 'num_cancion': 9, 'duracion': 283520, 'id_album': None}, {'nombre_cancion': 'Ain’t No Fun (If The Homies Can’t Have None)', 'id_spotify': '3g1mP8c79KbkWDhED5tyKZ', 'num_cancion': 10, 'duracion': 246400, 'id_album': None}, {'nombre_cancion': 'Doggy Dogg World', 'id_spotify': '5HCxyNfUA6DMJtIHavfJnw', 'num_cancion': 11, 'duracion': 338760, 'id_album': None}, {'nombre_cancion': 'Gz and Hustlas', 'id_spotify': '3gTPlYouwH2OoVbMQBB4UC', 'num_cancion': 12, 'duracion': 275893, 'id_album': None}, {'nombre_cancion': 'Pump Pump', 'id_spotify': '4h4DwmPoliocSmF7J33pDP', 'num_cancion': 13, 'duracion': 279280, 'id_album': None}]
[2026-09-22T04:45:19.020+0000] {python.py:240} INFO - Done. Returned value was: [{'nombre_cancion': 'Step', 'id_spotify': '3Kv6sMC4N5zEWkTugluCV8', 'num_cancion': 1, 'duracion': 214723, 'id_album': None}, {'nombre_cancion': 'Lied 2 U', 'id_spotify': '59gUNCV3DJZIEJfEZmBqKQ', 'num_cancion': 2, 'duracion': 167276, 'id_album': None}, {'nombre_cancion': 'Slid Off', 'id_spotify': '08A6jwlSiLBubvr4WjHF0b', 'num_cancion': 3, 'duracion': 140924, 'id_album': None}, {'nombre_cancion': 'Daddy Rich', 'id_spotify': '33h8FeXNW7mHfbyCab3TL6', 'num_cancion': 4, 'duracion': 13412, 'id_album': None}, {'nombre_cancion': 'Stop Counting My Poccets', 'id_spotify': '2TEpOh4ROxqIU2nd4bYa7o', 'num_cancion': 5, 'duracion': 123865, 'id_album': None}, {'nombre_cancion': 'OG to BG', 'id_spotify': '0bNBcSFpd0gMYQAYCZycn1', 'num_cancion': 6, 'duracion': 149709, 'id_album': None}, {'nombre_cancion': 'Dogg Wattup Doe', 'id_spotify': '1h39l7NbaXx5tzuKMVIoe1', 'num_cancion': 7, 'duracion': 157731, 'id_album': None}, {'nombre_cancion': 'Leave That Dogg Alone', 'id_spotify': '0c3C4o45M0EvgzAYuGqocw', 'num_cancion': 8, 'duracion': 137856, 'id_album': None}, {'nombre_cancion': 'Pop My Shit', 'id_spotify': '0QbymLm4MoSx2SrTYM2b82', 'num_cancion': 9, 'duracion': 151989, 'id_album': None}, {'nombre_cancion': '17 Rules', 'id_spotify': '2fsY5ZvDkwtTYQhkDmEamJ', 'num_cancion': 10, 'duracion': 158002, 'id_album': None}, {'nombre_cancion': 'Bread Under The Bed', 'id_spotify': '2HO8qO7LuY8NoFU3cFTgTM', 'num_cancion': 11, 'duracion': 230922, 'id_album': None}, {'nombre_cancion': 'No Ticcet Needed', 'id_spotify': '1FN20iwxWNK0xxRNCHwLdm', 'num_cancion': 12, 'duracion': 202637, 'id_album': None}, {'nombre_cancion': "Long Beachin'", 'id_spotify': '4mXeKVIuep7tvSwNnrcxQ2', 'num_cancion': 13, 'duracion': 103687, 'id_album': None}, {'nombre_cancion': 'QTSAMYAH', 'id_spotify': '3WYlK6cf2jMLIsVbc2fEJv', 'num_cancion': 14, 'duracion': 173908, 'id_album': None}, {'nombre_cancion': 'Intro', 'id_spotify': '5Wcc5ah6W0gf9oMhD8rdLx', 'num_cancion': 1, 'duracion': 17866, 'id_album': None}, {'nombre_cancion': 'Iz It A Crime?', 'id_spotify': '0wsFEk9PB1W21j1uPLTXPx', 'num_cancion': 2, 'duracion': 139385, 'id_album': None}, {'nombre_cancion': 'Joy', 'id_spotify': '6qoSPV8pQXufO58RGmI7dR', 'num_cancion': 3, 'duracion': 168219, 'id_album': None}, {'nombre_cancion': 'Unsung Heroes', 'id_spotify': '4geHU7dj1nRbKDOpFnNDyR', 'num_cancion': 4, 'duracion': 133447, 'id_album': None}, {'nombre_cancion': "Sophisticated Crippin'", 'id_spotify': '5pUJW98nAZ4FDgkJZcS6eT', 'num_cancion': 5, 'duracion': 202160, 'id_album': None}, {'nombre_cancion': 'Can’t Wait', 'id_spotify': '2HAK0VowiQALBFlxJxrHw1', 'num_cancion': 6, 'duracion': 172481, 'id_album': None}, {'nombre_cancion': "Can't Get Enough", 'id_spotify': '3x25D5A6vQuTI9cdWY5sOy', 'num_cancion': 7, 'duracion': 172200, 'id_album': None}, {'nombre_cancion': 'Keep it Moving', 'id_spotify': '1go8qx8IBftD6Gx9hFnWYo', 'num_cancion': 8, 'duracion': 174430, 'id_album': None}, {'nombre_cancion': 'Just the Way It Iz', 'id_spotify': '3vItapJtdqXNwFpNz0THMz', 'num_cancion': 9, 'duracion': 195213, 'id_album': None}, {'nombre_cancion': 'You Want My All', 'id_spotify': '2L1uQ7e3haLesol3fAm5qh', 'num_cancion': 10, 'duracion': 228153, 'id_album': None}, {'nombre_cancion': "What's Hattnin?", 'id_spotify': '0eUno5UuPvdqYHiNbVLfVU', 'num_cancion': 11, 'duracion': 93821, 'id_album': None}, {'nombre_cancion': 'Spot', 'id_spotify': '6qzl1z0V7c1Pe2O1QzW3gV', 'num_cancion': 12, 'duracion': 163821, 'id_album': None}, {'nombre_cancion': 'SYBAU', 'id_spotify': '0mvjGOp6bQUwCYCDNYdgRy', 'num_cancion': 13, 'duracion': 118640, 'id_album': None}, {'nombre_cancion': 'Cold Summer', 'id_spotify': '7N35tXSuPzDUUHPZtGqZgX', 'num_cancion': 14, 'duracion': 139369, 'id_album': None}, {'nombre_cancion': 'Snoop Will Make You Dance', 'id_spotify': '6L3v1k4aGQ1GuxLBB9yuqi', 'num_cancion': 15, 'duracion': 185663, 'id_album': None}, {'nombre_cancion': 'Life’s Journey', 'id_spotify': '6SGBrBYJ7uxzUYA5QbdfiV', 'num_cancion': 16, 'duracion': 145129, 'id_album': None}, {'nombre_cancion': 'Me N OG Snoop', 'id_spotify': '4pfUkkJKUgrsXuVVYRuSh4', 'num_cancion': 17, 'duracion': 158270, 'id_album': None}, {'nombre_cancion': 'Let Me Love You', 'id_spotify': '2u6W28YWw74m8MCasynAJ7', 'num_cancion': 18, 'duracion': 211976, 'id_album': None}, {'nombre_cancion': 'West Up', 'id_spotify': '2oVvaQqoNclvi4l0C2dxj6', 'num_cancion': 19, 'duracion': 167291, 'id_album': None}, {'nombre_cancion': 'My Friend', 'id_spotify': '7xIHxf9iqamVCyH830BXwT', 'num_cancion': 20, 'duracion': 263355, 'id_album': None}, {'nombre_cancion': 'Live Life', 'id_spotify': '2VfSmK0InLYFeHgIApkBNu', 'num_cancion': 21, 'duracion': 186722, 'id_album': None}, {'nombre_cancion': 'Fore Play (feat. BJ The Chicago Kid)', 'id_spotify': '1jpqmIVcubRbsHO5tHwUnS', 'num_cancion': 1, 'duracion': 75002, 'id_album': None}, {'nombre_cancion': 'Shangri-La', 'id_spotify': '2xAlwGEzeiW5r3tVln0e63', 'num_cancion': 2, 'duracion': 97808, 'id_album': None}, {'nombre_cancion': 'Outta Da Blue (feat. Dr. Dre & Alus)', 'id_spotify': '6viYkuKssGA7oRKFcTrlzA', 'num_cancion': 3, 'duracion': 159580, 'id_album': None}, {'nombre_cancion': 'Hard Knocks', 'id_spotify': '1ieZSmgulenjkl52fYmLMF', 'num_cancion': 4, 'duracion': 253851, 'id_album': None}, {'nombre_cancion': 'Gorgeous (feat. Jhené Aiko)', 'id_spotify': '2AdXjqcbPyz3I4hujZZTDo', 'num_cancion': 5, 'duracion': 176034, 'id_album': None}, {'nombre_cancion': 'Last Dance With Mary Jane (feat. Tom Petty & Jelly Roll)', 'id_spotify': '2A6lb22olxLOdTiuyXr1R4', 'num_cancion': 6, 'duracion': 185092, 'id_album': None}, {'nombre_cancion': 'Thank You', 'id_spotify': '5xRyi3yMeM01isGt1R2ahF', 'num_cancion': 7, 'duracion': 163722, 'id_album': None}, {'nombre_cancion': 'Pressure (feat. Dr. Dre & K.A.A.N.)', 'id_spotify': '1H6LyMtEzrHCzvfri39pZu', 'num_cancion': 8, 'duracion': 142955, 'id_album': None}, {'nombre_cancion': 'Another Part Of Me (feat. Sting)', 'id_spotify': '14YI198tRxniEEIjTBDYMn', 'num_cancion': 9, 'duracion': 206765, 'id_album': None}, {'nombre_cancion': 'Skyscrapers (feat. Method Man & Smitty)', 'id_spotify': '4VnMLpe61JhaDX1jegH7eo', 'num_cancion': 10, 'duracion': 180256, 'id_album': None}, {'nombre_cancion': 'Fire (feat. Cocoa Sarai)', 'id_spotify': '70AUVsUB3IyhJWj2op1r6F', 'num_cancion': 11, 'duracion': 222655, 'id_album': None}, {'nombre_cancion': 'Gunz N Smoke (feat. 50 Cent & Eminem)', 'id_spotify': '4eFS864wY6Ru3UiER6P5Z9', 'num_cancion': 12, 'duracion': 213739, 'id_album': None}, {'nombre_cancion': 'Sticcy Situation (feat. K.A.A.N. & Cocoa Sarai)', 'id_spotify': '023JyyijSNIUUPC32IEw8X', 'num_cancion': 13, 'duracion': 188749, 'id_album': None}, {'nombre_cancion': 'Now Or Never (feat. Dr. Dre & BJ The Chicago Kid)', 'id_spotify': '3ByB0fia6CyjXVVL4hXTno', 'num_cancion': 14, 'duracion': 198550, 'id_album': None}, {'nombre_cancion': 'Gangsta Pose (feat. Dem Jointz, Stalone & Fat Money)', 'id_spotify': '1BnHD6OTvqa5q3MbyMIi7a', 'num_cancion': 15, 'duracion': 176206, 'id_album': None}, {'nombre_cancion': 'The Negotiator', 'id_spotify': '1hLfJLE3fJ5JaiXMKvNvMA', 'num_cancion': 16, 'duracion': 142222, 'id_album': None}, {'nombre_cancion': 'Fore Play (feat. BJ The Chicago Kid) - Instrumental', 'id_spotify': '0rRxuO6lnWHEc46rYElPTe', 'num_cancion': 17, 'duracion': 75002, 'id_album': None}, {'nombre_cancion': 'Shangri-La - Instrumental', 'id_spotify': '2ReqrNmVPDwc1FpcU6VtkY', 'num_cancion': 18, 'duracion': 97808, 'id_album': None}, {'nombre_cancion': 'Outta Da Blue (feat. Dr. Dre & Alus) - Instrumental', 'id_spotify': '3KDH8wdF4fdk23WkfsAlyj', 'num_cancion': 19, 'duracion': 159580, 'id_album': None}, {'nombre_cancion': 'Hard Knocks - Instrumental', 'id_spotify': '1z8uzyPCJFyQ5q7TkzMwUG', 'num_cancion': 20, 'duracion': 253853, 'id_album': None}, {'nombre_cancion': 'Gorgeous (feat. Jhené Aiko) - Instrumental', 'id_spotify': '0bs6tZZ3xH9ALJIdxj5Vl7', 'num_cancion': 21, 'duracion': 176034, 'id_album': None}, {'nombre_cancion': 'Last Dance With Mary Jane (feat. Tom Petty & Jelly Roll) - Instrumental', 'id_spotify': '1ZOcGCODzxWcZ5nEUs8nJm', 'num_cancion': 22, 'duracion': 184020, 'id_album': None}, {'nombre_cancion': 'Thank You - Instrumental', 'id_spotify': '5iqVnIOfMclVobzFdoawU2', 'num_cancion': 23, 'duracion': 163722, 'id_album': None}, {'nombre_cancion': 'Pressure (feat. Dr. Dre & K.A.A.N.) - Instrumental', 'id_spotify': '3YKCvsLAPbXXy4Acpg8ThM', 'num_cancion': 24, 'duracion': 142955, 'id_album': None}, {'nombre_cancion': 'Another Part Of Me (feat. Sting) - Instrumental', 'id_spotify': '1GOYg63pruZUmgaU2DHCyF', 'num_cancion': 25, 'duracion': 207123, 'id_album': None}, {'nombre_cancion': 'Skyscrapers (feat. Method Man & Smitty) - Instrumental', 'id_spotify': '51x7u5EqtdOyGIcO752OHw', 'num_cancion': 26, 'duracion': 180256, 'id_album': None}, {'nombre_cancion': 'Fire (feat. Cocoa Sarai) - Instrumental', 'id_spotify': '3hTvzslMpU5OyeXIKwS1BS', 'num_cancion': 27, 'duracion': 222655, 'id_album': None}, {'nombre_cancion': 'Gunz N Smoke (feat. 50 Cent & Eminem) - Instrumental', 'id_spotify': '7cbMSgnpckdPToc3dA7NOU', 'num_cancion': 28, 'duracion': 213739, 'id_album': None}, {'nombre_cancion': 'Sticcy Situation (feat. K.A.A.N. & Cocoa Sarai) - Instrumental', 'id_spotify': '5RzptMsdb8RmjPtLdDQ1Hk', 'num_cancion': 29, 'duracion': 188749, 'id_album': None}, {'nombre_cancion': 'Now Or Never (feat. Dr. Dre & BJ The Chicago Kid) - Instrumental', 'id_spotify': '0trz91L3wogAzbAfSQW788', 'num_cancion': 30, 'duracion': 198550, 'id_album': None}, {'nombre_cancion': 'Gangsta Pose (feat. Dem Jointz, Stalone & Fat Money) - Instrumental', 'id_spotify': '5P7rNUHXUI6GtSNjwTtc6D', 'num_cancion': 31, 'duracion': 176206, 'id_album': None}, {'nombre_cancion': 'The Negotiator - Instrumental', 'id_spotify': '1ciiMqqIZV7Ed0PE8RoNJj', 'num_cancion': 32, 'duracion': 142222, 'id_album': None}, {'nombre_cancion': 'Fore Play (feat. BJ The Chicago Kid)', 'id_spotify': '0Xa8YvNd8jPb0JwDdS588E', 'num_cancion': 1, 'duracion': 75002, 'id_album': None}, {'nombre_cancion': 'Shangri-La', 'id_spotify': '1B76dJAexrgEa2krEJh88P', 'num_cancion': 2, 'duracion': 97808, 'id_album': None}, {'nombre_cancion': 'Outta Da Blue (feat. Dr. Dre & Alus)', 'id_spotify': '2NQgPPXMmpmLPzxxfbTh9V', 'num_cancion': 3, 'duracion': 159580, 'id_album': None}, {'nombre_cancion': 'Hard Knocks', 'id_spotify': '7CHsywyRabRhgfGF9N4JSG', 'num_cancion': 4, 'duracion': 253851, 'id_album': None}, {'nombre_cancion': 'Gorgeous (feat. Jhené Aiko)', 'id_spotify': '3WXRXRRnWbbIFMOPKj8BB4', 'num_cancion': 5, 'duracion': 176034, 'id_album': None}, {'nombre_cancion': 'Last Dance With Mary Jane (feat. Tom Petty & Jelly Roll)', 'id_spotify': '4nqKqrFUwEkHEGKBr1lBe3', 'num_cancion': 6, 'duracion': 185092, 'id_album': None}, {'nombre_cancion': 'Thank You', 'id_spotify': '0w9z8zQTNKOwp56AK42jkB', 'num_cancion': 7, 'duracion': 163722, 'id_album': None}, {'nombre_cancion': 'Pressure (feat. Dr. Dre & K.A.A.N.)', 'id_spotify': '7LMcQlrCdjexJEWT9oasE8', 'num_cancion': 8, 'duracion': 142955, 'id_album': None}, {'nombre_cancion': 'Another Part Of Me (feat. Sting)', 'id_spotify': '6KmW2oHAkhnBQKUtVxatR4', 'num_cancion': 9, 'duracion': 206765, 'id_album': None}, {'nombre_cancion': 'Skyscrapers (feat. Method Man & Smitty)', 'id_spotify': '6xKPF39l411bTJZ27U2Cs9', 'num_cancion': 10, 'duracion': 180256, 'id_album': None}, {'nombre_cancion': 'Fire (feat. Cocoa Sarai)', 'id_spotify': '0islKhgvB3HiMJY8YN9ssE', 'num_cancion': 11, 'duracion': 222655, 'id_album': None}, {'nombre_cancion': 'Gunz N Smoke (feat. 50 Cent & Eminem)', 'id_spotify': '2GiJpAxK7T6JddAmEVreKT', 'num_cancion': 12, 'duracion': 213739, 'id_album': None}, {'nombre_cancion': 'Sticcy Situation (feat. K.A.A.N. & Cocoa Sarai)', 'id_spotify': '2THvF6GZtWpObx22UDJTkp', 'num_cancion': 13, 'duracion': 188749, 'id_album': None}, {'nombre_cancion': 'Now Or Never (feat. Dr. Dre & BJ The Chicago Kid)', 'id_spotify': '0zPez0f9yR1UF1iowFVxrW', 'num_cancion': 14, 'duracion': 198550, 'id_album': None}, {'nombre_cancion': 'Gangsta Pose (feat. Dem Jointz, Stalone & Fat Money)', 'id_spotify': '4EwD52RYArKX0cvlJ4FoNd', 'num_cancion': 15, 'duracion': 176206, 'id_album': None}, {'nombre_cancion': 'The Negotiator', 'id_spotify': '3hifED2qSOpsT5f4xQoaVW', 'num_cancion': 16, 'duracion': 142222, 'id_album': None}, {'nombre_cancion': 'Olelelele', 'id_spotify': '6rlB3v6wlL72QdN0NO2nRS', 'num_cancion': 1, 'duracion': 158511, 'id_album': None}, {'nombre_cancion': 'What Can I Do?', 'id_spotify': '4vzJFd247RDvBHAHOyAotH', 'num_cancion': 2, 'duracion': 157687, 'id_album': None}, {'nombre_cancion': 'Love You More', 'id_spotify': '6lA5ObZokEWqLzfvCAlSyr', 'num_cancion': 3, 'duracion': 193803, 'id_album': None}, {'nombre_cancion': 'Mood', 'id_spotify': '3FTo9hDgSxplYnGemzSG7s', 'num_cancion': 4, 'duracion': 153652, 'id_album': None}, {'nombre_cancion': 'The Monster', 'id_spotify': '4S7CrNeR3E3TiGgg773qVZ', 'num_cancion': 5, 'duracion': 183272, 'id_album': None}, {'nombre_cancion': 'Shook Up', 'id_spotify': '1dpeRjKiRF96kdirI4TpfK', 'num_cancion': 6, 'duracion': 157391, 'id_album': None}, {'nombre_cancion': 'Fire Baby', 'id_spotify': '2enxCvBWoZ6Qeiw1RqqfmY', 'num_cancion': 7, 'duracion': 176122, 'id_album': None}, {'nombre_cancion': 'Breakfast', 'id_spotify': '43V7cEc7hLEzb0MrHDijoH', 'num_cancion': 8, 'duracion': 235102, 'id_album': None}, {'nombre_cancion': 'Amazing Grace', 'id_spotify': '3FGkIqy6LsVzo8xjfvzw5t', 'num_cancion': 9, 'duracion': 190000, 'id_album': None}, {'nombre_cancion': "Chasin' Freedum", 'id_spotify': '2qfhJtaLp8sZT1daApg12v', 'num_cancion': 10, 'duracion': 190243, 'id_album': None}, {'nombre_cancion': 'Bathtub', 'id_spotify': '7GEyytJzGjvu8RDET3ulh3', 'num_cancion': 1, 'duracion': 110333, 'id_album': None}, {'nombre_cancion': 'G Funk Intro', 'id_spotify': '5zIRUxmWFzm3NVzYqKpACh', 'num_cancion': 2, 'duracion': 144106, 'id_album': None}, {'nombre_cancion': 'Gin and Juice', 'id_spotify': '4APUhaxWBxr0aeE4K25kLm', 'num_cancion': 3, 'duracion': 211866, 'id_album': None}, {'nombre_cancion': 'Tha Shiznit', 'id_spotify': '117qDoy0NwCLQr7uAmmuIi', 'num_cancion': 4, 'duracion': 280613, 'id_album': None}, {'nombre_cancion': 'Lodi Dodi', 'id_spotify': '43n82MLKUQVUBRgvmCdBO5', 'num_cancion': 5, 'duracion': 301386, 'id_album': None}, {'nombre_cancion': 'Murder Was The Case', 'id_spotify': '2NI6MMXxvjyMwXdd6y6VxX', 'num_cancion': 6, 'duracion': 218186, 'id_album': None}, {'nombre_cancion': 'Serial Killa', 'id_spotify': '4GpUnKmzVIFFkXBTsO6ZvZ', 'num_cancion': 7, 'duracion': 213000, 'id_album': None}, {'nombre_cancion': 'Who Am I (What’s My Name)?', 'id_spotify': '5dTAf41pEWKQb5n9rY4xKV', 'num_cancion': 8, 'duracion': 246200, 'id_album': None}, {'nombre_cancion': 'For All My Niggaz & Bitches', 'id_spotify': '2snxfQCUWC3Wz40ga2C5aO', 'num_cancion': 9, 'duracion': 283520, 'id_album': None}, {'nombre_cancion': 'Ain’t No Fun (If The Homies Can’t Have None)', 'id_spotify': '2YsjouPWAKt5tJQqKZU0LM', 'num_cancion': 10, 'duracion': 246400, 'id_album': None}, {'nombre_cancion': 'Doggy Dogg World', 'id_spotify': '0rOhXvVYjj28C8PmqT7SND', 'num_cancion': 11, 'duracion': 338760, 'id_album': None}, {'nombre_cancion': 'Gz and Hustlas', 'id_spotify': '5bqitkdAPNVuVgOaBuVFve', 'num_cancion': 12, 'duracion': 275893, 'id_album': None}, {'nombre_cancion': 'Gz Up, Hoes Down', 'id_spotify': '0cCLG47Bxcj7GpCXmkKP5r', 'num_cancion': 13, 'duracion': 141734, 'id_album': None}, {'nombre_cancion': 'Pump Pump', 'id_spotify': '27Ou2ejuujbCXnbGkXJcIw', 'num_cancion': 14, 'duracion': 279280, 'id_album': None}, {'nombre_cancion': 'California', 'id_spotify': '67CNB6HU39jTGEz4jLuI9N', 'num_cancion': 1, 'duracion': 195136, 'id_album': None}, {'nombre_cancion': 'Motto', 'id_spotify': '5yF6EN9Ec6kW3XgDT3VMSy', 'num_cancion': 2, 'duracion': 218829, 'id_album': None}, {'nombre_cancion': 'Big Subwoofer', 'id_spotify': '2mgQbrZyxN3Dza5CvtNfwe', 'num_cancion': 3, 'duracion': 219135, 'id_album': None}, {'nombre_cancion': 'Too Big', 'id_spotify': '5CSKc1MTcGNx5DF9Yo6DqF', 'num_cancion': 4, 'duracion': 216100, 'id_album': None}, {'nombre_cancion': 'Activated', 'id_spotify': '2CBBLFBZHYF87DBFdMpnUQ', 'num_cancion': 5, 'duracion': 239534, 'id_album': None}, {'nombre_cancion': 'Have A Nice Day', 'id_spotify': '5mFPgTdVrdqGuxdTh5Fgmj', 'num_cancion': 6, 'duracion': 303386, 'id_album': None}, {'nombre_cancion': 'Ghetto Gutter', 'id_spotify': '0SHmtvkUv7lQcPlA8o8alN', 'num_cancion': 7, 'duracion': 221722, 'id_album': None}, {'nombre_cancion': 'Free Game', 'id_spotify': '2VHGgygOUe8DqjgZezP1Mq', 'num_cancion': 8, 'duracion': 231683, 'id_album': None}, {'nombre_cancion': 'I Got Pull', 'id_spotify': '2ya39cEbGKq9pKnqOx35qh', 'num_cancion': 9, 'duracion': 210096, 'id_album': None}, {'nombre_cancion': 'Up & Down', 'id_spotify': '60hwkBd6YuHTlhWN9M7pGW', 'num_cancion': 10, 'duracion': 274069, 'id_album': None}, {'nombre_cancion': 'Do My Best', 'id_spotify': '2IRC2rnO4V0fY4wNvN52Ha', 'num_cancion': 11, 'duracion': 269683, 'id_album': None}, {'nombre_cancion': 'Lace You Up', 'id_spotify': '0FWSLQXx8vpwWabrOmJSJf', 'num_cancion': 12, 'duracion': 255059, 'id_album': None}, {'nombre_cancion': 'Tribal', 'id_spotify': '4dPLF0wqDM0ftuM3blSUox', 'num_cancion': 13, 'duracion': 239773, 'id_album': None}, {'nombre_cancion': 'How Many', 'id_spotify': '2IWdU0ic84WDgaXV1BU8rK', 'num_cancion': 14, 'duracion': 261797, 'id_album': None}, {'nombre_cancion': 'On Camera', 'id_spotify': '5goafyRZnRyeUyZbSrq6XE', 'num_cancion': 15, 'duracion': 274080, 'id_album': None}, {'nombre_cancion': 'Mash', 'id_spotify': '6EVeVdUv2Sme5DEAONR7Tp', 'num_cancion': 16, 'duracion': 273068, 'id_album': None}, {'nombre_cancion': 'Intro', 'id_spotify': '7uhuCyUgZzq2teMExWBIZk', 'num_cancion': 1, 'duracion': 11650, 'id_album': None}, {'nombre_cancion': "I'm From 21st Street", 'id_spotify': '34LfKSiRgJbMDVT99DQwfI', 'num_cancion': 2, 'duracion': 195837, 'id_album': None}, {'nombre_cancion': "I'll Holla Back", 'id_spotify': '73L9J10go7Kf5yKOhCN8YU', 'num_cancion': 3, 'duracion': 172338, 'id_album': None}, {'nombre_cancion': 'I Still Got It', 'id_spotify': '6UpO3bAhGxrsHzk41HyOJK', 'num_cancion': 4, 'duracion': 185150, 'id_album': None}, {'nombre_cancion': 'Lit', 'id_spotify': '3irlnwNOnseNEfnIlBjxTY', 'num_cancion': 5, 'duracion': 144806, 'id_album': None}, {'nombre_cancion': 'The Price Went Up', 'id_spotify': '7FbX29mSkRsAFdqKOtwshW', 'num_cancion': 6, 'duracion': 154671, 'id_album': None}, {'nombre_cancion': 'My City', 'id_spotify': '6P5rwHPAfRrtLYAR2R0dg1', 'num_cancion': 7, 'duracion': 220280, 'id_album': None}, {'nombre_cancion': 'No Half Steppin', 'id_spotify': '3IEYo3YVx9m17Jr8ZM4qSp', 'num_cancion': 8, 'duracion': 212101, 'id_album': None}, {'nombre_cancion': 'Been Smokin', 'id_spotify': '7HU0AQ32McpPcpRfRClJU2', 'num_cancion': 9, 'duracion': 169487, 'id_album': None}, {'nombre_cancion': 'Lime and Squeeze', 'id_spotify': '3x00D6vrZVpGIVZDZ4AuCH', 'num_cancion': 10, 'duracion': 188056, 'id_album': None}, {'nombre_cancion': 'Girls Love Snoop', 'id_spotify': '2po4ihyng69XdgRgmwGIcT', 'num_cancion': 11, 'duracion': 191861, 'id_album': None}, {'nombre_cancion': 'Around Here', 'id_spotify': '5II8S137GH5dYxLpGJ9KNz', 'num_cancion': 12, 'duracion': 178434, 'id_album': None}, {'nombre_cancion': 'Dolla Signs', 'id_spotify': '5RG43IZ0rFEjPMGsw2ODD7', 'num_cancion': 13, 'duracion': 189508, 'id_album': None}, {'nombre_cancion': 'Sunshine (Covid Song)', 'id_spotify': '471kvQEdU05mI2TJ0SAoNO', 'num_cancion': 1, 'duracion': 241603, 'id_album': None}, {'nombre_cancion': 'Hotline', 'id_spotify': '4D1bpfLstALUXEVYccjL3E', 'num_cancion': 2, 'duracion': 161148, 'id_album': None}, {'nombre_cancion': 'Live How You Want', 'id_spotify': '1V54k2g6vQoDLJk3gEKLHN', 'num_cancion': 3, 'duracion': 151823, 'id_album': None}, {'nombre_cancion': 'High', 'id_spotify': '2WmB4iiqny1iEfXMa7h4NF', 'num_cancion': 4, 'duracion': 166022, 'id_album': None}, {'nombre_cancion': 'It really Turns Me On', 'id_spotify': '0rck5bL7GgwUTxsAT0URDO', 'num_cancion': 5, 'duracion': 197687, 'id_album': None}, {'nombre_cancion': 'Paid My Dues', 'id_spotify': '7B1Bnca0w2hfCb4quNWjav', 'num_cancion': 6, 'duracion': 230617, 'id_album': None}, {'nombre_cancion': 'Rollin down the Highway', 'id_spotify': '5rzk26aHkfJRoBqjC5MfGw', 'num_cancion': 7, 'duracion': 212718, 'id_album': None}, {'nombre_cancion': "That's What the Homie Said", 'id_spotify': '64Y29WlGU6HqlzBBMZLLhk', 'num_cancion': 8, 'duracion': 161040, 'id_album': None}, {'nombre_cancion': 'U Neva Had it Like This', 'id_spotify': '3bWbBfa5yAKpall5iKaYgS', 'num_cancion': 9, 'duracion': 256363, 'id_album': None}, {'nombre_cancion': 'Big Snoop Has That Fire', 'id_spotify': '7o6DlaWo2ksEWlyAKg1EZW', 'num_cancion': 10, 'duracion': 166153, 'id_album': None}, {'nombre_cancion': 'Let the K Spray', 'id_spotify': '0AM0i8gzaWLCb9KcnxmPtm', 'num_cancion': 11, 'duracion': 222574, 'id_album': None}, {'nombre_cancion': 'Lady Bugg', 'id_spotify': '0PO7M6TBV2EYlVa8edKHNH', 'num_cancion': 12, 'duracion': 265480, 'id_album': None}, {'nombre_cancion': 'Keep On Ridin', 'id_spotify': '2Te9iXWPaJhU67V6Og2X7V', 'num_cancion': 1, 'duracion': 270336, 'id_album': None}, {'nombre_cancion': 'Bad', 'id_spotify': '4a1IPD9ANhNhnw0SVHJVnx', 'num_cancion': 2, 'duracion': 136533, 'id_album': None}, {'nombre_cancion': 'Touch Away', 'id_spotify': '073oXlVIh4rKYdgOBNr9j5', 'num_cancion': 3, 'duracion': 221610, 'id_album': None}, {'nombre_cancion': 'Bron & Bronny', 'id_spotify': '2w5Km6uPUThxL6UfKWhz0d', 'num_cancion': 4, 'duracion': 135024, 'id_album': None}, {'nombre_cancion': 'Everybody Watching', 'id_spotify': '1nHMytYSkk9bmMEVa7j5bY', 'num_cancion': 5, 'duracion': 186965, 'id_album': None}, {'nombre_cancion': 'Mulholland Drive', 'id_spotify': '70RUzztH81zpAMm9jbMLDi', 'num_cancion': 6, 'duracion': 221893, 'id_album': None}, {'nombre_cancion': 'Mad Mans World', 'id_spotify': '2z46qBfq56POEyndWpFAmc', 'num_cancion': 7, 'duracion': 120703, 'id_album': None}, {'nombre_cancion': 'World Go Round', 'id_spotify': '249g0xiWIoBaD9hWfEXF1X', 'num_cancion': 8, 'duracion': 263048, 'id_album': None}, {'nombre_cancion': 'Whoopty Whoop', 'id_spotify': '4dWengusJN6idp9dRYKJhu', 'num_cancion': 9, 'duracion': 219032, 'id_album': None}, {'nombre_cancion': 'Higher Power', 'id_spotify': '1cjmK4LqVvMRxcu5iBnncB', 'num_cancion': 10, 'duracion': 318037, 'id_album': None}, {'nombre_cancion': 'Put You Thru Hell', 'id_spotify': '6SVuLZuwSTf9TWeULaZHLi', 'num_cancion': 11, 'duracion': 165298, 'id_album': None}, {'nombre_cancion': 'Baila Conmigo', 'id_spotify': '1RaU1RHF7WKmK70vWiWarb', 'num_cancion': 12, 'duracion': 237060, 'id_album': None}, {'nombre_cancion': 'Verbalize', 'id_spotify': '3qLGnjsA1Vqy8gOyxJKlbS', 'num_cancion': 13, 'duracion': 263387, 'id_album': None}, {'nombre_cancion': 'Wait a Minute Baby', 'id_spotify': '7aGmouRIlGa893lcdx5ZQX', 'num_cancion': 14, 'duracion': 341877, 'id_album': None}, {'nombre_cancion': 'Runnin', 'id_spotify': '6QD3ucuy0OPYUCTpjlXB0r', 'num_cancion': 15, 'duracion': 237167, 'id_album': None}, {'nombre_cancion': 'Still Smokin', 'id_spotify': '6SAoc6VOdjVrAZe9R2zkVv', 'num_cancion': 1, 'duracion': 90726, 'id_album': None}, {'nombre_cancion': 'Gun Smoke', 'id_spotify': '66fjRppV4I7Buw6y1Jqcoe', 'num_cancion': 2, 'duracion': 110100, 'id_album': None}, {'nombre_cancion': 'Coming Back', 'id_spotify': '34OfVb8885GyOLPN1wHQ9U', 'num_cancion': 3, 'duracion': 211361, 'id_album': None}, {'nombre_cancion': 'Sandwich Bag', 'id_spotify': '4mujIhmv4griuAuFBIOp9K', 'num_cancion': 4, 'duracion': 169041, 'id_album': None}, {'nombre_cancion': 'Conflicted', 'id_spotify': '5T4zLnPeoi7bES97eG0Z7h', 'num_cancion': 5, 'duracion': 169926, 'id_album': None}, {'nombre_cancion': 'Daddy', 'id_spotify': '7GAjti228PU4Lwv15okghJ', 'num_cancion': 6, 'duracion': 217115, 'id_album': None}, {'nombre_cancion': 'Doggystylin', 'id_spotify': '2QKSJLc9GMrryQVT2hCSdT', 'num_cancion': 7, 'duracion': 173108, 'id_album': None}, {'nombre_cancion': 'Crip Ya Enthusiasm', 'id_spotify': '35tDfJl8QOSgXV2wN2B9j8', 'num_cancion': 8, 'duracion': 218637, 'id_album': None}, {'nombre_cancion': 'Gotta Keep Pushing', 'id_spotify': '5lCKA1p26RpKQc3EbDQ0MT', 'num_cancion': 9, 'duracion': 193081, 'id_album': None}, {'nombre_cancion': 'House I Built', 'id_spotify': '5HfUw6L8xwfRZF6mkmOO9G', 'num_cancion': 10, 'duracion': 189965, 'id_album': None}, {'nombre_cancion': 'Outside The Box', 'id_spotify': '0hbPdHxWGRQFryHB3YKajd', 'num_cancion': 11, 'duracion': 142302, 'id_album': None}, {'nombre_cancion': 'Jerseys In The Rafters', 'id_spotify': '53ADNaf76asls2UvNUHSo5', 'num_cancion': 12, 'duracion': 148682, 'id_album': None}, {'nombre_cancion': 'Pop Pop', 'id_spotify': '48reuH21JEQ21sTqcswqwi', 'num_cancion': 13, 'duracion': 143948, 'id_album': None}, {'nombre_cancion': 'Catch a Vibe', 'id_spotify': '6u2ab08VBKxCb8sXtHNm51', 'num_cancion': 14, 'duracion': 193883, 'id_album': None}, {'nombre_cancion': 'It’s In The Air', 'id_spotify': '1BNp5ifOfQSAv2pQUuq6Hs', 'num_cancion': 15, 'duracion': 191645, 'id_album': None}, {'nombre_cancion': 'We Don’t Gotta Worry No More', 'id_spotify': '3I6g9ZP5eVGbFaihTpDyFt', 'num_cancion': 16, 'duracion': 177025, 'id_album': None}, {'nombre_cancion': 'Get This Dick', 'id_spotify': '46JleJdEFWSldFDORWV3rP', 'num_cancion': 17, 'duracion': 210417, 'id_album': None}, {'nombre_cancion': 'Snoopy Don’t Go', 'id_spotify': '2EefPdGSkB4JskQhNdmzeV', 'num_cancion': 18, 'duracion': 239681, 'id_album': None}, {'nombre_cancion': 'CEO', 'id_spotify': '0iVh9CMOrKNobLkwHaxHCK', 'num_cancion': 1, 'duracion': 205170, 'id_album': None}, {'nombre_cancion': 'Roaches In My Ashtray', 'id_spotify': '6vvJf0KEqJUvKfNPUaLdXz', 'num_cancion': 2, 'duracion': 212857, 'id_album': None}, {'nombre_cancion': 'Gang Signs', 'id_spotify': '4laGLspUjGjh1O0AZ2tEQk', 'num_cancion': 3, 'duracion': 294397, 'id_album': None}, {'nombre_cancion': 'Talk Dat Shit To Me', 'id_spotify': '2RVRSRGTWo3GdVL3gF6hF3', 'num_cancion': 4, 'duracion': 209509, 'id_album': None}, {'nombre_cancion': 'Sittin On Blades', 'id_spotify': '47LCMwvDDT8dYq2Lrpgf0P', 'num_cancion': 5, 'duracion': 211183, 'id_album': None}, {'nombre_cancion': 'Say It Witcha Booty', 'id_spotify': '6tHTBacyjFBbp3clUbySxv', 'num_cancion': 6, 'duracion': 162540, 'id_album': None}, {'nombre_cancion': 'Get Yo Bread Up', 'id_spotify': '3Qkf2uPVdUGbKSGwhNvXMN', 'num_cancion': 7, 'duracion': 252389, 'id_album': None}, {'nombre_cancion': 'Fetty In The Bag', 'id_spotify': '2IssU3kSSoDWkmQeOyegpr', 'num_cancion': 8, 'duracion': 195513, 'id_album': None}, {'nombre_cancion': 'Look Around', 'id_spotify': '0iMhMxDGK3C6xOYMC7VECp', 'num_cancion': 9, 'duracion': 218861, 'id_album': None}, {'nombre_cancion': 'Left My Weed', 'id_spotify': '3w2xWMjAYjJhwLM4VbqDLq', 'num_cancion': 10, 'duracion': 248848, 'id_album': None}, {'nombre_cancion': "What U Talkin' Bout", 'id_spotify': '2ohwP3qlOkaFQQMJ5AoyHz', 'num_cancion': 1, 'duracion': 162649, 'id_album': None}, {'nombre_cancion': 'So Misinformed (feat. Slick Rick)', 'id_spotify': '63xavd8KQ7jB1ievKEhMgP', 'num_cancion': 2, 'duracion': 232282, 'id_album': None}, {'nombre_cancion': 'Let Bygones Be Bygones', 'id_spotify': '54W5vqIQDhWvFXs5gjhNez', 'num_cancion': 3, 'duracion': 185358, 'id_album': None}, {'nombre_cancion': 'One Blood, One Cuzz (feat. DJ Battlecat)', 'id_spotify': '02JgSD5rGufRrYHVkGELBB', 'num_cancion': 4, 'duracion': 233780, 'id_album': None}, {'nombre_cancion': 'Countdown (feat. Swizz Beatz)', 'id_spotify': '2N1SyTYsvm0uLkJN9zqfzd', 'num_cancion': 5, 'duracion': 138824, 'id_album': None}, {'nombre_cancion': 'I C Your Bullshit', 'id_spotify': '0Bkcrm5alnH42rKsTuV84Z', 'num_cancion': 6, 'duracion': 227462, 'id_album': None}, {'nombre_cancion': 'Turn Me On (feat. Chris Brown)', 'id_spotify': '6WYuOvgMhrNM4L6igAkUsg', 'num_cancion': 7, 'duracion': 197687, 'id_album': None}, {'nombre_cancion': 'Blue Face Hunnids (feat. YG & Mustard)', 'id_spotify': '6XIsJIQ5OQe1ojOQJefW6F', 'num_cancion': 8, 'duracion': 196197, 'id_album': None}, {'nombre_cancion': 'New Booty', 'id_spotify': '1fWTkgk1b1tIcwfz47TJqG', 'num_cancion': 9, 'duracion': 181071, 'id_album': None}, {'nombre_cancion': 'Take Me Away (feat. Russ & Wiz Khalifa)', 'id_spotify': '08YwOYGFPB7ltBok0WQAFF', 'num_cancion': 10, 'duracion': 236362, 'id_album': None}, {'nombre_cancion': "Do It When I'm In It (feat. Jermaine Dupri, Ozuna & Slim Jxmmi)", 'id_spotify': '7KnZjHM4BJDfZPFadIP6W0', 'num_cancion': 11, 'duracion': 233849, 'id_album': None}, {'nombre_cancion': 'First Place (feat. Tdot Illdude)', 'id_spotify': '2bkhz8WnhCECTdpBaMvBao', 'num_cancion': 12, 'duracion': 217782, 'id_album': None}, {'nombre_cancion': 'Focused', 'id_spotify': '5DonOdRr6YBxdjNU9qTADJ', 'num_cancion': 13, 'duracion': 163416, 'id_album': None}, {'nombre_cancion': 'Rise To The Top (feat. Trey Songz & Swizz Beatz)', 'id_spotify': '1SFwhGdsFAj4jo2pKCf8W2', 'num_cancion': 14, 'duracion': 271983, 'id_album': None}, {'nombre_cancion': 'Wintertime in June (feat. Nate Dogg)', 'id_spotify': '328koIBcZe6tQfPMph2f4c', 'num_cancion': 15, 'duracion': 298248, 'id_album': None}, {'nombre_cancion': 'Doo Wop Thank Me (feat. The HamilTones)', 'id_spotify': '569QUTfnUG3WqTnyEZQewA', 'num_cancion': 16, 'duracion': 59173, 'id_album': None}, {'nombre_cancion': 'Main Phone (feat. Rick Rock & Stressmatic)', 'id_spotify': '4hPuEKXZi4wUhRyDF0Cw0t', 'num_cancion': 17, 'duracion': 221404, 'id_album': None}, {'nombre_cancion': 'Do You Like I Do (feat. Lil Duval)', 'id_spotify': '5UBvmiSmxXM5TQiqDNK40j', 'num_cancion': 18, 'duracion': 237737, 'id_album': None}, {'nombre_cancion': "I've Been Looking For You (feat. Eric Jaye)", 'id_spotify': '1KYrTCOdDwi7ByYnmAOeRM', 'num_cancion': 19, 'duracion': 249397, 'id_album': None}, {'nombre_cancion': 'Little Square UBitchU (feat. Anitta)', 'id_spotify': '3GRYbb9KX2iGeLMur4FUVs', 'num_cancion': 20, 'duracion': 134928, 'id_album': None}, {'nombre_cancion': 'Ventalation (feat. RJmrLA, $tupid Young & Azjah)', 'id_spotify': '0AdQ4Fm7Z3Ehrz3imRdSUP', 'num_cancion': 21, 'duracion': 205273, 'id_album': None}, {'nombre_cancion': 'I Wanna Thank Me (feat. Marknoxx)', 'id_spotify': '55VcwDNsQZcW8YBDudv9uS', 'num_cancion': 22, 'duracion': 221213, 'id_album': None}, {'nombre_cancion': 'Cali-California', 'id_spotify': '5wq6y9PbAHoaqqDVRF1ahG', 'num_cancion': 1, 'duracion': 230292, 'id_album': None}, {'nombre_cancion': "It's Dat Gangsta Shit", 'id_spotify': '0GrMXzaO6JlhZCEgQUU9mS', 'num_cancion': 2, 'duracion': 250892, 'id_album': None}, {'nombre_cancion': 'Me And My Homies', 'id_spotify': '6Mu0BE5Wwt5FLRhSwrNbzy', 'num_cancion': 3, 'duracion': 251092, 'id_album': None}, {'nombre_cancion': 'What Dew You Mean', 'id_spotify': '5xtsif70HK4cAYiZJiR2ah', 'num_cancion': 4, 'duracion': 255959, 'id_album': None}, {'nombre_cancion': 'I Got Dat Fire', 'id_spotify': '5u7YslOux9bOrxAOJ7isVr', 'num_cancion': 5, 'duracion': 287426, 'id_album': None}, {'nombre_cancion': "Ya Don't Quit", 'id_spotify': '3Jih9GH6Ue5fBtJEbpqyuO', 'num_cancion': 6, 'duracion': 266479, 'id_album': None}, {'nombre_cancion': 'X-Change', 'id_spotify': '6g7uqZFUxpt3MXomRctWKr', 'num_cancion': 7, 'duracion': 257719, 'id_album': None}, {'nombre_cancion': 'G-Funk', 'id_spotify': '5yeBI9LVVSvjAXnuxgmSXk', 'num_cancion': 8, 'duracion': 285772, 'id_album': None}, {'nombre_cancion': 'Whoop Your Ass', 'id_spotify': '64LM0BSU1lzGPcmeVpIXkS', 'num_cancion': 9, 'duracion': 180612, 'id_album': None}, {'nombre_cancion': 'A Story To Tell', 'id_spotify': '5lgXepIgY8CAbEEnU42kPC', 'num_cancion': 10, 'duracion': 301092, 'id_album': None}, {'nombre_cancion': "Don't Be Foolish", 'id_spotify': '64ZjImn8utnCUtmUDDNWrU', 'num_cancion': 11, 'duracion': 249692, 'id_album': None}, {'nombre_cancion': 'First We Pray', 'id_spotify': '0gGAUJJGjtuaRA40H0O6mu', 'num_cancion': 12, 'duracion': 249826, 'id_album': None}, {'nombre_cancion': 'Nobody Does It Better', 'id_spotify': '3AXnDrlz04yywl39ZJ35av', 'num_cancion': 13, 'duracion': 269919, 'id_album': None}, {'nombre_cancion': 'Fatha Figga', 'id_spotify': '6YqULDkPgGJnO6lfGzUUYc', 'num_cancion': 14, 'duracion': 185119, 'id_album': None}, {'nombre_cancion': "Can't Stop That Gangsta Shit", 'id_spotify': '2qb5W88l8o5QvhKTTvnyvV', 'num_cancion': 15, 'duracion': 246866, 'id_album': None}, {'nombre_cancion': 'Hardest Man In Town', 'id_spotify': '49TfHwL3SLDTZjcx3Rcfqu', 'num_cancion': 16, 'duracion': 234692, 'id_album': None}, {'nombre_cancion': 'Whut Do U Mean', 'id_spotify': '3OoGcs5pH79PcTeCRznJjT', 'num_cancion': 17, 'duracion': 238706, 'id_album': None}, {'nombre_cancion': 'Thank You Lord (Intro) [feat. Chris Bolton]', 'id_spotify': '3bXnUAy2HtlsHmVeyQ8k4Q', 'num_cancion': 1, 'duracion': 62133, 'id_album': None}, {'nombre_cancion': 'Love for God (feat. Uncle Chucc, The Zion Messengers & K-Ci)', 'id_spotify': '3Z5NT4c4itnolLk5DWW52Y', 'num_cancion': 2, 'duracion': 194546, 'id_album': None}, {'nombre_cancion': 'Always Got Something to Say', 'id_spotify': '28eFObdwuBVk9F2JCl2MzK', 'num_cancion': 3, 'duracion': 245306, 'id_album': None}, {'nombre_cancion': 'Defeated (feat. John P. Kee)', 'id_spotify': '1LNUBHnbT6mG5P6MrlsJ2v', 'num_cancion': 4, 'duracion': 273013, 'id_album': None}, {'nombre_cancion': 'In the Name of Jesus (feat. October London)', 'id_spotify': '3VxqaMNwboWEoQCeNMYPXl', 'num_cancion': 5, 'duracion': 209786, 'id_album': None}, {'nombre_cancion': 'Going Home (feat. Uncle Chucc & The Zion Messengers)', 'id_spotify': '6VdTz1RCyKTwwKPQKlKiCQ', 'num_cancion': 6, 'duracion': 253160, 'id_album': None}, {'nombre_cancion': 'Saved (feat. Faith Evans & 3rd Generation (Bereal Family))', 'id_spotify': '1WPzLuZobA2iwQ8mcL7OoW', 'num_cancion': 7, 'duracion': 215493, 'id_album': None}, {'nombre_cancion': 'Sunshine Feel Good (feat. Kim Burrell)', 'id_spotify': '7Mw5RdOJKKhuxypP8GuPEj', 'num_cancion': 8, 'duracion': 228306, 'id_album': None}, {'nombre_cancion': 'Sunrise (feat. Sly Pyper)', 'id_spotify': '2sbGP8IRzU0kSCYbw8ERya', 'num_cancion': 9, 'duracion': 237000, 'id_album': None}, {'nombre_cancion': 'Pure Gold (feat. The Clark Sisters)', 'id_spotify': '1WWkZKR5AvG4RGwwTyJGmA', 'num_cancion': 10, 'duracion': 337253, 'id_album': None}, {'nombre_cancion': 'Pain (feat. B Slade)', 'id_spotify': '7yDI1XwdDlEg7dwMqeHZwh', 'num_cancion': 11, 'duracion': 284853, 'id_album': None}, {'nombre_cancion': 'New Wave (feat. Mali Music)', 'id_spotify': '6INODoR55JNdWaOYGH97uV', 'num_cancion': 12, 'duracion': 321893, 'id_album': None}, {'nombre_cancion': 'On Time (feat. B Slade)', 'id_spotify': '58B5HpXA92KmAUJgeXN3rt', 'num_cancion': 13, 'duracion': 227986, 'id_album': None}, {'nombre_cancion': 'You (feat. Tye Tribbett)', 'id_spotify': '5eD47cakdGoPPuvCQBhPeU', 'num_cancion': 14, 'duracion': 226333, 'id_album': None}, {'nombre_cancion': 'One More Day (feat. Charlie Wilson)', 'id_spotify': '7FsNhRMjcNxNTfSTmftsZR', 'num_cancion': 15, 'duracion': 286106, 'id_album': None}, {'nombre_cancion': 'Bible of Love (Interlude) [feat. Lonny Bereal]', 'id_spotify': '0qmDye81wDGBBGGlD7936J', 'num_cancion': 16, 'duracion': 160680, 'id_album': None}, {'nombre_cancion': 'Come as You Are (feat. Marvin Sapp & Mary Mary)', 'id_spotify': '4U71YbRASCEhxEqRcME4xq', 'num_cancion': 17, 'duracion': 341106, 'id_album': None}, {'nombre_cancion': 'Talk to God (feat. Mali Music & Kim Burrell)', 'id_spotify': '4XYfkBW3s0KyT77Gdfgbkd', 'num_cancion': 18, 'duracion': 263746, 'id_album': None}, {'nombre_cancion': 'Changed (feat. Isaac Carree & Jazze Pha)', 'id_spotify': '68avCGUOhQZ0IMh6et0aXV', 'num_cancion': 19, 'duracion': 199560, 'id_album': None}, {'nombre_cancion': 'Praise Him (feat. Soopafly)', 'id_spotify': '7jWQ4T9tMiZWge0GTUPvDX', 'num_cancion': 20, 'duracion': 213320, 'id_album': None}, {'nombre_cancion': 'Blessing Me Again (feat. Rance Allen)', 'id_spotify': '6SAXC9KXj2dihEzSjDyqQB', 'num_cancion': 21, 'duracion': 242160, 'id_album': None}, {'nombre_cancion': 'Blessed & Highly Favored (Remix) [feat. The Clark Sisters]', 'id_spotify': '1rDLwKD8TyWNMCfffIADRp', 'num_cancion': 22, 'duracion': 304933, 'id_album': None}, {'nombre_cancion': 'Unbelievable (feat. Ev3)', 'id_spotify': '4e4cj10x0GgHuRUL38kWVW', 'num_cancion': 23, 'duracion': 215293, 'id_album': None}, {'nombre_cancion': 'No One Else (feat. K-Ci)', 'id_spotify': '3YJOdrVxrJGwMXnOPP4elx', 'num_cancion': 24, 'duracion': 255613, 'id_album': None}, {'nombre_cancion': 'Chizzle (feat. Sly Pyper & Daz Dillinger)', 'id_spotify': '1D9QCwx24OHVKcQpxDvapV', 'num_cancion': 25, 'duracion': 281373, 'id_album': None}, {'nombre_cancion': 'My God (feat. James Wright)', 'id_spotify': '3nZuZghTJwcw6099gvhWjz', 'num_cancion': 26, 'duracion': 170493, 'id_album': None}, {'nombre_cancion': "When It's All Over (feat. Patti LaBelle)", 'id_spotify': '66gQLJPstIw23s1QPyai7i', 'num_cancion': 27, 'duracion': 302693, 'id_album': None}, {'nombre_cancion': 'Crown (feat. Tyrell Urquhart, Jazze Pha & Issac Carree)', 'id_spotify': '0zee27TblBVh4h9F5bOEGk', 'num_cancion': 28, 'duracion': 211373, 'id_album': None}, {'nombre_cancion': 'Call Him (feat. Fred Hammond)', 'id_spotify': '6DWqjssyDmLBl3Un9TSjrk', 'num_cancion': 29, 'duracion': 268680, 'id_album': None}, {'nombre_cancion': 'Change the World (feat. John P. Kee)', 'id_spotify': '4hr1iPTcPqFNBvLUoHCELl', 'num_cancion': 30, 'duracion': 334880, 'id_album': None}, {'nombre_cancion': 'Voices of Praise', 'id_spotify': '5LEH8YAVunoyrbPh4ykrJi', 'num_cancion': 31, 'duracion': 238226, 'id_album': None}, {'nombre_cancion': 'Words Are Few (feat. B Slade)', 'id_spotify': '3eMkfX408Bx5oOw6JraGV7', 'num_cancion': 32, 'duracion': 448680, 'id_album': None}, {'nombre_cancion': 'Intro', 'id_spotify': '5S4oUbDNhhy5y4MgLXWRBw', 'num_cancion': 1, 'duracion': 154020, 'id_album': None}, {'nombre_cancion': 'Everything (feat. Jacquees & Dreezy)', 'id_spotify': '2kY9Tk59g4BkLAZpd6kPEc', 'num_cancion': 2, 'duracion': 268864, 'id_album': None}, {'nombre_cancion': '220 (feat. Goldie Loc)', 'id_spotify': '2WdQlmx03Vl51Wd8OiQy5U', 'num_cancion': 3, 'duracion': 281066, 'id_album': None}, {'nombre_cancion': 'Waves (feat. October London)', 'id_spotify': '4Bka1GmAS5nRUkwYs1s0y9', 'num_cancion': 4, 'duracion': 227628, 'id_album': None}, {'nombre_cancion': "I Don't Care (feat. LunchMoney Lewis)", 'id_spotify': '14ECWudZinFYr2Mue5sy45', 'num_cancion': 5, 'duracion': 152709, 'id_album': None}, {'nombre_cancion': 'Doggytails (feat. Kokane)', 'id_spotify': '67BPY7ijAvZR9xbn5YwF4u', 'num_cancion': 6, 'duracion': 213580, 'id_album': None}, {'nombre_cancion': 'Motivation (feat. Hypnotic Brass Essemble)', 'id_spotify': '0PBv2vCaLkWR9qnF2XkQdX', 'num_cancion': 7, 'duracion': 206930, 'id_album': None}, {'nombre_cancion': 'On The Double', 'id_spotify': '2YNzSlhscl5WAe3KMF6VYw', 'num_cancion': 8, 'duracion': 209718, 'id_album': None}, {'nombre_cancion': 'M.A.C.A.', 'id_spotify': '3wETQBEqxyi84g11Ej4P66', 'num_cancion': 1, 'duracion': 197738, 'id_album': None}, {'nombre_cancion': "3's Company (feat. Chris Brown & O.T. Genasis)", 'id_spotify': '05S5yY7H0WuiQsEhrtjQj5', 'num_cancion': 2, 'duracion': 245456, 'id_album': None}, {'nombre_cancion': 'Good Foot', 'id_spotify': '1eHCj6qqKbVe3s4c69Bczg', 'num_cancion': 3, 'duracion': 211097, 'id_album': None}, {'nombre_cancion': 'Dis Finna Be a Breeze! (feat. Ha Ha Davis)', 'id_spotify': '6H2HPlWDogZpr9lQdQeoYi', 'num_cancion': 4, 'duracion': 167183, 'id_album': None}, {'nombre_cancion': 'None of Mine', 'id_spotify': '5Zerz4Z8jZluzRf55cQv2u', 'num_cancion': 5, 'duracion': 200063, 'id_album': None}, {'nombre_cancion': 'My Last Name (feat. October London)', 'id_spotify': '0PCZZ8xvHdLaq9Jm0cVUR2', 'num_cancion': 6, 'duracion': 193194, 'id_album': None}, {'nombre_cancion': 'SportsCenter (Remix) (feat. DesignerFlow)', 'id_spotify': '1WRRIHdI4utvBEIsDkBV7h', 'num_cancion': 7, 'duracion': 274429, 'id_album': None}, {'nombre_cancion': 'Fly Away (feat. Shon Lawon)', 'id_spotify': '79xoG61JfCgbAQVfvHOS5o', 'num_cancion': 8, 'duracion': 279401, 'id_album': None}, {'nombre_cancion': 'Neva Left', 'id_spotify': '3Zgc3xdXTxsjLumnQqiTfE', 'num_cancion': 1, 'duracion': 306755, 'id_album': None}, {'nombre_cancion': 'Moment I Feared', 'id_spotify': '0NIOJPJfM7tAEcDfhqfrEI', 'num_cancion': 2, 'duracion': 147082, 'id_album': None}, {'nombre_cancion': 'Bacc in da Dayz', 'id_spotify': '7sjMS672QIyAyjFbvkxYI4', 'num_cancion': 3, 'duracion': 229829, 'id_album': None}, {'nombre_cancion': 'Promise You This', 'id_spotify': '5qUgwwbBWQHMrbmOUdd6jp', 'num_cancion': 4, 'duracion': 171921, 'id_album': None}, {'nombre_cancion': 'Trash Bags', 'id_spotify': '1HAUtll1MUZmQaNE1XEDiU', 'num_cancion': 5, 'duracion': 207470, 'id_album': None}, {'nombre_cancion': 'Swivel', 'id_spotify': '6K8lKsm9m0Jaf4YlEfgf1q', 'num_cancion': 6, 'duracion': 256757, 'id_album': None}, {'nombre_cancion': 'Go On', 'id_spotify': '5GW97dX1VfhPhLvXyMGaSk', 'num_cancion': 7, 'duracion': 190237, 'id_album': None}, {'nombre_cancion': 'Big Mouth', 'id_spotify': '7zTk2UISeqBZnIhXz5y3H7', 'num_cancion': 8, 'duracion': 241388, 'id_album': None}, {'nombre_cancion': 'Toss It', 'id_spotify': '7bp82X8aj8BGFPrZpmnCED', 'num_cancion': 9, 'duracion': 194757, 'id_album': None}, {'nombre_cancion': '420 (Blaze Up)', 'id_spotify': '4hBy3nZVzQV4F3jxe1wWL1', 'num_cancion': 10, 'duracion': 265301, 'id_album': None}, {'nombre_cancion': 'Lavender (Nightfall Remix)', 'id_spotify': '7emb4uOFqsVDNk92N7lK2e', 'num_cancion': 11, 'duracion': 195487, 'id_album': None}, {'nombre_cancion': 'Let Us Begin', 'id_spotify': '4j4ryGgO5O5TTDtNWuK2lt', 'num_cancion': 12, 'duracion': 222756, 'id_album': None}, {'nombre_cancion': 'Mount Kushmore', 'id_spotify': '1rV7Uaerzx6qwmhF89qfGL', 'num_cancion': 13, 'duracion': 228297, 'id_album': None}, {'nombre_cancion': 'Vapors (DJ Battlecat Remix)', 'id_spotify': '74akBDiqWQfVF7MWRSuhz8', 'num_cancion': 14, 'duracion': 408967, 'id_album': None}, {'nombre_cancion': "I'm Still Here", 'id_spotify': '2iSJJYH5eTNIU9bxMVT0Wx', 'num_cancion': 15, 'duracion': 212582, 'id_album': None}, {'nombre_cancion': 'Love Around the World', 'id_spotify': '3CcxTpfAHrdBrogqGJ9t2s', 'num_cancion': 16, 'duracion': 204919, 'id_album': None}, {'nombre_cancion': 'Legend', 'id_spotify': '2hWe09DjJgl4JObLjiTZE4', 'num_cancion': 1, 'duracion': 227013, 'id_album': None}, {'nombre_cancion': 'Ten Toes Down', 'id_spotify': '3fDuFCT6RgndAGjNjOMUTv', 'num_cancion': 2, 'duracion': 247613, 'id_album': None}, {'nombre_cancion': "Don't Stop", 'id_spotify': '1XgqHjBNsR0WlebBP1Xj67', 'num_cancion': 3, 'duracion': 221000, 'id_album': None}, {'nombre_cancion': 'Super Crip', 'id_spotify': '6dsHrUZBsGkB1LVelKS9kB', 'num_cancion': 4, 'duracion': 226773, 'id_album': None}, {'nombre_cancion': 'Coolaid Man', 'id_spotify': '4mOMvZM77P6j29gKZfyatv', 'num_cancion': 5, 'duracion': 207306, 'id_album': None}, {'nombre_cancion': 'Let Me See Em Up', 'id_spotify': '1GKQxqASerMN2LnMz5wglH', 'num_cancion': 6, 'duracion': 237573, 'id_album': None}, {'nombre_cancion': 'Point Seen Money Gone', 'id_spotify': '7xSF7ihjwsXNKpogyY4GKp', 'num_cancion': 7, 'duracion': 259105, 'id_album': None}, {'nombre_cancion': 'Oh Na Na', 'id_spotify': '4B5T7uPZExsCNK9vX5mE1l', 'num_cancion': 8, 'duracion': 201986, 'id_album': None}, {'nombre_cancion': 'My Carz', 'id_spotify': '1bvGWWGKrDlIR7hy4kLRNq', 'num_cancion': 9, 'duracion': 217280, 'id_album': None}, {'nombre_cancion': 'Two Or More', 'id_spotify': '60aKg9rHetAateSDCeGFic', 'num_cancion': 10, 'duracion': 233293, 'id_album': None}, {'nombre_cancion': 'Affiliated', 'id_spotify': '0sYBUT5Y57WmNtHTEs8Rpp', 'num_cancion': 11, 'duracion': 248226, 'id_album': None}, {'nombre_cancion': 'Feel About Snoop', 'id_spotify': '1sLNjBiFX47Abc5qPN9FaP', 'num_cancion': 12, 'duracion': 172093, 'id_album': None}, {'nombre_cancion': 'Light It Up', 'id_spotify': '72ff2Pv9sYTwL5yjgUi8PD', 'num_cancion': 13, 'duracion': 272013, 'id_album': None}, {'nombre_cancion': 'Side Piece', 'id_spotify': '5y02MBojdNgQWOhw0sdgtD', 'num_cancion': 14, 'duracion': 293920, 'id_album': None}, {'nombre_cancion': 'Kush Ups', 'id_spotify': '1bEX8psuF1Ooujysdcxj5b', 'num_cancion': 15, 'duracion': 237973, 'id_album': None}, {'nombre_cancion': 'Double Tap', 'id_spotify': '0K1h25d6olzgmLWCSaPcoz', 'num_cancion': 16, 'duracion': 197746, 'id_album': None}, {'nombre_cancion': 'Got Those', 'id_spotify': '1196BBsEsiupjL3BUw7lut', 'num_cancion': 17, 'duracion': 211946, 'id_album': None}, {'nombre_cancion': 'Let The Beat Drop (Celebrate)', 'id_spotify': '1R1I9jIBstL6rNhFtAQlpZ', 'num_cancion': 18, 'duracion': 264733, 'id_album': None}, {'nombre_cancion': 'What If', 'id_spotify': '2AJQVwXlQcMkJhjnHRS6t9', 'num_cancion': 19, 'duracion': 207080, 'id_album': None}, {'nombre_cancion': 'Revolution', 'id_spotify': '1wqCocUg9a2WCE5oektAbV', 'num_cancion': 20, 'duracion': 252440, 'id_album': None}, {'nombre_cancion': 'Have U Eva', 'id_spotify': '6ckchQhQQ5dbfaPsRWAfV4', 'num_cancion': 1, 'duracion': 230341, 'id_album': None}, {'nombre_cancion': 'N My System', 'id_spotify': '4sRxkQCuyskBIwYvL5fBu3', 'num_cancion': 2, 'duracion': 319772, 'id_album': None}, {'nombre_cancion': "Six n'da Morning", 'id_spotify': '1WnVkKzkch6ehaVCEmSN2K', 'num_cancion': 3, 'duracion': 189022, 'id_album': None}, {'nombre_cancion': 'Pop Pop Bang', 'id_spotify': '5IrBWOSIiesUP9mlBMt75i', 'num_cancion': 4, 'duracion': 224803, 'id_album': None}, {'nombre_cancion': 'Phenomonon', 'id_spotify': '11R0ku9j4dcXX1AQvGoNNJ', 'num_cancion': 5, 'duracion': 219904, 'id_album': None}, {'nombre_cancion': 'Happy Birthday', 'id_spotify': '0lK3CbgIK73Dem9i3t40e9', 'num_cancion': 6, 'duracion': 142210, 'id_album': None}, {'nombre_cancion': 'Dic Walk', 'id_spotify': '1ZOgiUuGbRrZCjkfFm07Qq', 'num_cancion': 7, 'duracion': 271557, 'id_album': None}, {'nombre_cancion': 'N My Life Tyme', 'id_spotify': '0INgLqE6OCDHuYz8XS5t6h', 'num_cancion': 8, 'duracion': 263523, 'id_album': None}, {'nombre_cancion': 'Bestfriend', 'id_spotify': '0FQSLIaT5MDr76vnJ5aEQ3', 'num_cancion': 9, 'duracion': 253793, 'id_album': None}, {'nombre_cancion': 'Sho You Right', 'id_spotify': '7mmN2YGTgkd5bPbp9y1IvQ', 'num_cancion': 10, 'duracion': 227689, 'id_album': None}, {'nombre_cancion': "What's Yo Pleasure", 'id_spotify': '3lTaKO5i10aDBoCbF3y2py', 'num_cancion': 11, 'duracion': 227840, 'id_album': None}, {'nombre_cancion': "It's Not a Secret", 'id_spotify': '54SE1jpVzt9DNKJXlzgJYb', 'num_cancion': 12, 'duracion': 243484, 'id_album': None}, {'nombre_cancion': "Keep'a Nigga High", 'id_spotify': '5Rgfq410dDUY2SJre1OhRJ', 'num_cancion': 13, 'duracion': 211235, 'id_album': None}, {'nombre_cancion': "We'll Miss U", 'id_spotify': '7FWMowJMz97hKEd9O74uGy', 'num_cancion': 14, 'duracion': 208615, 'id_album': None}, {'nombre_cancion': 'California Roll (feat. Stevie Wonder)', 'id_spotify': '3wO19rAQ7aya5YFPQ6Ts0A', 'num_cancion': 1, 'duracion': 252186, 'id_album': None}, {'nombre_cancion': 'This City', 'id_spotify': '1RTbQIVO6h1cf6WMqMKiUe', 'num_cancion': 2, 'duracion': 213573, 'id_album': None}, {'nombre_cancion': 'R U A Freak', 'id_spotify': '4AYFCPg6DqR3d8YkdDTJJM', 'num_cancion': 3, 'duracion': 225772, 'id_album': None}, {'nombre_cancion': 'Awake', 'id_spotify': '1Kb0NIuXFfTEcyCsBLQPwR', 'num_cancion': 4, 'duracion': 223969, 'id_album': None}, {'nombre_cancion': 'So Many Pros', 'id_spotify': '1cnbQIZmuKlMQLENaGl6Bo', 'num_cancion': 5, 'duracion': 246520, 'id_album': None}, {'nombre_cancion': 'Peaches N Cream (feat. Charlie Wilson)', 'id_spotify': '4lcpWCMFXNhvqNIQhB6yDv', 'num_cancion': 6, 'duracion': 283760, 'id_album': None}, {'nombre_cancion': 'Edibles (feat. T.I.)', 'id_spotify': '26ZpMFioXWuHehA1bhU6Zc', 'num_cancion': 7, 'duracion': 201386, 'id_album': None}, {'nombre_cancion': 'I Knew That', 'id_spotify': '4BaktnNALWT88peel4h2aj', 'num_cancion': 8, 'duracion': 239830, 'id_album': None}, {'nombre_cancion': 'Run Away (feat. Gwen Stefani)', 'id_spotify': '3KntBFzQkMQtE0QejXNEcK', 'num_cancion': 9, 'duracion': 313918, 'id_album': None}, {'nombre_cancion': "I'm Ya Dogg (feat. Kendrick Lamar & Rick Ross)", 'id_spotify': '16utyJfWZGkTWYDobMzND7', 'num_cancion': 10, 'duracion': 278136, 'id_album': None}, {'nombre_cancion': 'Hit Da Pavement (Instrumental)', 'id_spotify': '2ibr0JhvWo6nCqTJK5JyRe', 'num_cancion': 1, 'duracion': 258650, 'id_album': None}, {'nombre_cancion': 'Let It Go (Instrumental)', 'id_spotify': '0DHFZCJsmROhQM7oCf4k5x', 'num_cancion': 2, 'duracion': 277426, 'id_album': None}, {'nombre_cancion': 'Faden Away (Instrumental)', 'id_spotify': '370bQESxpdp7KMsI1mp8MD', 'num_cancion': 3, 'duracion': 342227, 'id_album': None}, {'nombre_cancion': '1Question (Instrumental)', 'id_spotify': '0gzfYdNbNrR0sXRmd5UT4q', 'num_cancion': 4, 'duracion': 266060, 'id_album': None}, {'nombre_cancion': 'Ride (Instrumental)', 'id_spotify': '4tHDo0IIzJ4wcwQ1KksrNU', 'num_cancion': 5, 'duracion': 252220, 'id_album': None}, {'nombre_cancion': 'Do My Thang (Instrumental)', 'id_spotify': '3hz3LWMRdiPHqPUeuJn1Wi', 'num_cancion': 6, 'duracion': 289908, 'id_album': None}, {'nombre_cancion': "I'll Be There 4U (Instrumental)", 'id_spotify': '5DNF3ffPkB0PJZNQ4R0Czj', 'num_cancion': 7, 'duracion': 197098, 'id_album': None}, {'nombre_cancion': 'Systamatic (Instrumental - Bonus Track)', 'id_spotify': '62FHMZuvZES2KZYzdsbADN', 'num_cancion': 8, 'duracion': 213449, 'id_album': None}, {'nombre_cancion': 'High Wit Me (Instrumental - Bonus Track)', 'id_spotify': '4HTnD69PJaOyvuKcyMVGYp', 'num_cancion': 9, 'duracion': 193988, 'id_album': None}, {'nombre_cancion': 'Wingz (Instrumental - Bonus Track)', 'id_spotify': '1Lc74JH1jh6HGeZ0EXHNYD', 'num_cancion': 10, 'duracion': 214190, 'id_album': None}, {'nombre_cancion': 'Hit Da Pavement', 'id_spotify': '1HVk2YYklLCd8H7Pk5otEP', 'num_cancion': 1, 'duracion': 256876, 'id_album': None}, {'nombre_cancion': 'Let It Go', 'id_spotify': '4pIyYgAyJkVw2kkJZhhkLv', 'num_cancion': 2, 'duracion': 274746, 'id_album': None}, {'nombre_cancion': 'Faden Away', 'id_spotify': '0DNl6rmSPOfS4t534i0gZG', 'num_cancion': 3, 'duracion': 340490, 'id_album': None}, {'nombre_cancion': '1Question? (feat. Steve Arrington)', 'id_spotify': '1frfku11A0BgmSWf7sTf2l', 'num_cancion': 4, 'duracion': 225847, 'id_album': None}, {'nombre_cancion': 'Ride (feat. Kurupt)', 'id_spotify': '5qhAkSkJdQr7IMkmFxPXVx', 'num_cancion': 5, 'duracion': 244983, 'id_album': None}, {'nombre_cancion': 'Do My Thang', 'id_spotify': '1JTE9076Zkksk8BCNrjDDn', 'num_cancion': 6, 'duracion': 287559, 'id_album': None}, {'nombre_cancion': 'I’ll Be There 4U', 'id_spotify': '5Fw7Q2k1cMRxtEfOjsm9Pf', 'num_cancion': 7, 'duracion': 198307, 'id_album': None}, {'nombre_cancion': 'Systamatic (feat. Tha Dogg Pound) (Bonus Track)', 'id_spotify': '3F4c4Vi48WTMfnLSenUdBf', 'num_cancion': 8, 'duracion': 212296, 'id_album': None}, {'nombre_cancion': "Smokin' On (feat. Juicy J)", 'id_spotify': '7bGX4GBapXgYB9FqW7G61r', 'num_cancion': 1, 'duracion': 265093, 'id_album': None}, {'nombre_cancion': 'I Get Lifted', 'id_spotify': '2miu2tLzvzR9G4rS34iTA0', 'num_cancion': 2, 'duracion': 292626, 'id_album': None}, {'nombre_cancion': "You Can Put It in a Zag, I'mma Put It in a Blunt", 'id_spotify': '6FB3YFCgKExtmk64OVoPN2', 'num_cancion': 3, 'duracion': 199466, 'id_album': None}, {'nombre_cancion': '6:30', 'id_spotify': '3XQatg8bMXiBXY9JAPm3Ay', 'num_cancion': 4, 'duracion': 250946, 'id_album': None}, {'nombre_cancion': 'Talent Show', 'id_spotify': '7rACnijOsrC3XVHjnHyj04', 'num_cancion': 5, 'duracion': 275426, 'id_album': None}, {'nombre_cancion': "Let's Go Study", 'id_spotify': '5vsyddyBVx9kNIiCzvg935', 'num_cancion': 6, 'duracion': 245866, 'id_album': None}, {'nombre_cancion': 'Young, Wild & Free (feat. Bruno Mars)', 'id_spotify': '6YbhspuOar1D9WSSnfe7ds', 'num_cancion': 7, 'duracion': 207346, 'id_album': None}, {'nombre_cancion': 'OG (feat. Curren$y)', 'id_spotify': '2inWC24apqzXIoEVsAEfiR', 'num_cancion': 8, 'duracion': 298146, 'id_album': None}, {'nombre_cancion': 'French Inhale (feat. Mike Posner)', 'id_spotify': '2llgZTtwUyjlosxQe8pegR', 'num_cancion': 9, 'duracion': 159360, 'id_album': None}, {'nombre_cancion': 'It Could Be Easy', 'id_spotify': '4pKwLrW0qjgs3JcT48MyCn', 'num_cancion': 10, 'duracion': 288786, 'id_album': None}, {'nombre_cancion': 'World Class', 'id_spotify': '39A2OfXi9t4nL6OO8D3IM8', 'num_cancion': 11, 'duracion': 210386, 'id_album': None}, {'nombre_cancion': 'That Good', 'id_spotify': '1E9hKwf94dY92BYNBp9Z7O', 'num_cancion': 12, 'duracion': 228733, 'id_album': None}, {'nombre_cancion': 'Toyz N Da Hood', 'id_spotify': '4pW69VGNMBldLloHQzml3h', 'num_cancion': 1, 'duracion': 159961, 'id_album': None}, {'nombre_cancion': 'The Way Life Used To Be', 'id_spotify': '2uskL5eFBgSNoOwOhTEwID', 'num_cancion': 2, 'duracion': 223893, 'id_album': None}, {'nombre_cancion': 'My Own Way', 'id_spotify': '6tHZlChXjnR4JiYSoZLLkk', 'num_cancion': 3, 'duracion': 185466, 'id_album': None}, {'nombre_cancion': 'Wonder What It Do', 'id_spotify': '2sjBXUObF3SbgucLsZrGzw', 'num_cancion': 4, 'duracion': 223666, 'id_album': None}, {'nombre_cancion': 'My Fucn House', 'id_spotify': '2AX9DgPh3rly8amlkAbTeB', 'num_cancion': 5, 'duracion': 307960, 'id_album': None}, {'nombre_cancion': 'Peer Pressure', 'id_spotify': '6LkFo3HO985S4fVPGLY1aW', 'num_cancion': 6, 'duracion': 247213, 'id_album': None}, {'nombre_cancion': "I Don't Need No Bitch", 'id_spotify': '5PvZg5UY5b6vSL4igLAOOn', 'num_cancion': 7, 'duracion': 239346, 'id_album': None}, {'nombre_cancion': 'Platinum', 'id_spotify': '2uswI6qTF0wucOjbkeGfx0', 'num_cancion': 8, 'duracion': 269320, 'id_album': None}, {'nombre_cancion': 'Boom', 'id_spotify': '5BAQaMRd8ty7q1N1xVssZZ', 'num_cancion': 9, 'duracion': 230156, 'id_album': None}, {'nombre_cancion': 'We Rest N Cali', 'id_spotify': '7cCpPayrad2Bo3ssghKVQq', 'num_cancion': 10, 'duracion': 250253, 'id_album': None}, {'nombre_cancion': 'El Lay', 'id_spotify': '4HKU86hF8aWls44PqUN6Ze', 'num_cancion': 11, 'duracion': 246960, 'id_album': None}, {'nombre_cancion': 'Gang Bang Rookie', 'id_spotify': '3UKJybOsphGlYpFdPcc01X', 'num_cancion': 12, 'duracion': 226000, 'id_album': None}, {'nombre_cancion': 'This Weed Iz Mine', 'id_spotify': '7v6G5OM3X0o897asIT0YE6', 'num_cancion': 13, 'duracion': 223253, 'id_album': None}, {'nombre_cancion': 'Wet', 'id_spotify': '4oYyJzSob6eozPv1IdaJUs', 'num_cancion': 14, 'duracion': 224986, 'id_album': None}, {'nombre_cancion': 'Take U Home', 'id_spotify': '5tO38c8WGdmofNLkdRleEr', 'num_cancion': 15, 'duracion': 235146, 'id_album': None}, {'nombre_cancion': 'Sumthin Like This Night', 'id_spotify': '5UNeLR6A21P9b3WNjDvhOU', 'num_cancion': 16, 'duracion': 217896, 'id_album': None}, {'nombre_cancion': 'Superman', 'id_spotify': '5jcQZOQpMWFraXxn9hAQt0', 'num_cancion': 17, 'duracion': 125160, 'id_album': None}, {'nombre_cancion': 'Eyez Closed', 'id_spotify': '618SCcvs6hddN0W5ArmQnQ', 'num_cancion': 18, 'duracion': 302813, 'id_album': None}, {'nombre_cancion': 'Raised In Da Hood', 'id_spotify': '6OL4HllqyHAyEP5P248lMh', 'num_cancion': 19, 'duracion': 219146, 'id_album': None}, {'nombre_cancion': "It's D Only Thang", 'id_spotify': '3vBvqwFqDQqZFJVZEgZsVb', 'num_cancion': 20, 'duracion': 196640, 'id_album': None}, {'nombre_cancion': 'Cold Game', 'id_spotify': '61b9ZPYn9vGtE4BO5OW55v', 'num_cancion': 21, 'duracion': 229386, 'id_album': None}, {'nombre_cancion': 'Wet - Snoop Dogg vs David Guetta Remix', 'id_spotify': '2alijxLnR0RCiJ5JvzhDuT', 'num_cancion': 22, 'duracion': 195453, 'id_album': None}, {'nombre_cancion': 'I Wanna Rock', 'id_spotify': '0uqGXycobxJaUqe8bkuhLq', 'num_cancion': 1, 'duracion': 240573, 'id_album': None}, {'nombre_cancion': 'Protocol', 'id_spotify': '0Jv5uj020fDz117wPmpFDH', 'num_cancion': 2, 'duracion': 194400, 'id_album': None}, {'nombre_cancion': 'So Gangsta', 'id_spotify': '6a0Wr4E1DhBF9RFfo5eQyy', 'num_cancion': 3, 'duracion': 227560, 'id_album': None}, {'nombre_cancion': 'House Shoes', 'id_spotify': '0YHkofyjDByjcVv8ryHH6B', 'num_cancion': 4, 'duracion': 185066, 'id_album': None}, {'nombre_cancion': 'That Tree', 'id_spotify': '4HC13oxSHOqA092lFbRnyW', 'num_cancion': 5, 'duracion': 271600, 'id_album': None}, {'nombre_cancion': "You're Gonna Luv Me", 'id_spotify': '3IbbuHy0H5TPPXEc0HiVih', 'num_cancion': 6, 'duracion': 183866, 'id_album': None}, {'nombre_cancion': 'Pronto', 'id_spotify': '3mO24qgjaeHaMfYZwjlDtf', 'num_cancion': 7, 'duracion': 321800, 'id_album': None}, {'nombre_cancion': 'Gangsta Luv', 'id_spotify': '5q1tV7PxaRA2Wrl6lbonmA', 'num_cancion': 8, 'duracion': 257066, 'id_album': None}, {'nombre_cancion': 'Soldier Story (Intro)', 'id_spotify': '0v2Mk2JNNyJDYYfekJMuEK', 'num_cancion': 1, 'duracion': 109373, 'id_album': None}, {'nombre_cancion': 'Doggystyle', 'id_spotify': '4wPuIAVj35hwmdDxdOkCrn', 'num_cancion': 2, 'duracion': 334546, 'id_album': None}, {'nombre_cancion': 'Fallin Asleep On Death Row', 'id_spotify': '4dtqXOpFUmiIbzRhsORamO', 'num_cancion': 3, 'duracion': 123746, 'id_album': None}, {'nombre_cancion': 'Eat A Dick', 'id_spotify': '09bRjL267b5H8TjahFxx3C', 'num_cancion': 4, 'duracion': 174146, 'id_album': None}, {'nombre_cancion': 'Hoez', 'id_spotify': '2Y0y4nYTgVcfN4qEqcULfw', 'num_cancion': 5, 'duracion': 293266, 'id_album': None}, {'nombre_cancion': 'Keep It Real Dogg', 'id_spotify': '3Le9T1KrOx7CKFysk4xkvi', 'num_cancion': 6, 'duracion': 335720, 'id_album': None}, {'nombre_cancion': 'O.G.', 'id_spotify': '22Cz5GnNyU3yYpTPImPpta', 'num_cancion': 7, 'duracion': 272946, 'id_album': None}, {'nombre_cancion': 'One Life To Live', 'id_spotify': '3jKGp6b6BKkXdZGr9Rnrs0', 'num_cancion': 8, 'duracion': 317386, 'id_album': None}, {'nombre_cancion': 'The Genie', 'id_spotify': '2Wqv4Peov0GGOMVLR1qja3', 'num_cancion': 9, 'duracion': 288186, 'id_album': None}, {'nombre_cancion': 'Funk Wit Ya Brain', 'id_spotify': '50mrQawSkxxwBJzauvGcKZ', 'num_cancion': 10, 'duracion': 152693, 'id_album': None}, {'nombre_cancion': 'Caught Up', 'id_spotify': '1X7inBkFRn19mTePx06ek0', 'num_cancion': 11, 'duracion': 280520, 'id_album': None}, {'nombre_cancion': 'Put It In Ya Mouth', 'id_spotify': '7qpPP09DswynwluM4pMPDt', 'num_cancion': 12, 'duracion': 332213, 'id_album': None}, {'nombre_cancion': 'Gravy Train', 'id_spotify': '7uwvMMVdD3rMNW3sTFRcvO', 'num_cancion': 13, 'duracion': 185653, 'id_album': None}, {'nombre_cancion': 'Life’s Hard (Dedication For 2pac)', 'id_spotify': '6TGJF4fXCWRi3cB6pGToE9', 'num_cancion': 14, 'duracion': 287080, 'id_album': None}, {'nombre_cancion': 'The Root Of All Evil', 'id_spotify': '7smZyGM92Mhb4N7aVHC2hS', 'num_cancion': 15, 'duracion': 284053, 'id_album': None}, {'nombre_cancion': 'Intro', 'id_spotify': '33BI3RwnaltHqm7WyvZgFU', 'num_cancion': 1, 'duracion': 14000, 'id_album': None}, {'nombre_cancion': 'I Wanna Rock', 'id_spotify': '3vNiHPIipR4a4bZKA288CD', 'num_cancion': 2, 'duracion': 235986, 'id_album': None}, {'nombre_cancion': '2 Minute Warning', 'id_spotify': '1VqbJD5zaWisOqiQ85IEpW', 'num_cancion': 3, 'duracion': 113626, 'id_album': None}, {'nombre_cancion': '1800', 'id_spotify': '1U90lN66HMHdsAGqMR6QLM', 'num_cancion': 4, 'duracion': 215573, 'id_album': None}, {'nombre_cancion': 'Different Languages', 'id_spotify': '4JTY6b275EkStcfBb9EqAC', 'num_cancion': 5, 'duracion': 284373, 'id_album': None}, {'nombre_cancion': 'Gangsta Luv', 'id_spotify': '1E8wif6bVXurUgxV8Gfwrw', 'num_cancion': 6, 'duracion': 256546, 'id_album': None}, {'nombre_cancion': 'Pronto', 'id_spotify': '4UbJGBZUZGAfkgnUSxZw11', 'num_cancion': 7, 'duracion': 297240, 'id_album': None}, {'nombre_cancion': "That's Tha Homie", 'id_spotify': '3Zd9lVkP26rw4WcvjYYdPv', 'num_cancion': 8, 'duracion': 343213, 'id_album': None}, {'nombre_cancion': 'Upside Down', 'id_spotify': '4ruc7Nwc3AIIt7oPqnYMHS', 'num_cancion': 9, 'duracion': 284072, 'id_album': None}, {'nombre_cancion': 'Secrets', 'id_spotify': '55tKKZIbdZ7Vs4FfFkIix7', 'num_cancion': 10, 'duracion': 293213, 'id_album': None}, {'nombre_cancion': "Pimpin Ain't EZ", 'id_spotify': '39y8XCFwnGnYXov4dQlaFa', 'num_cancion': 11, 'duracion': 252333, 'id_album': None}, {'nombre_cancion': 'Luv Drunk', 'id_spotify': '0otKlNtPM5i5Pzv9bWsGFp', 'num_cancion': 12, 'duracion': 235218, 'id_album': None}, {'nombre_cancion': 'Special', 'id_spotify': '74z465KvfBQrAqovUVLkpo', 'num_cancion': 13, 'duracion': 326586, 'id_album': None}, {'nombre_cancion': 'Outro', 'id_spotify': '2arZSMhAzLDwAj5j2cp1Ra', 'num_cancion': 14, 'duracion': 91625, 'id_album': None}, {'nombre_cancion': 'A Word Witchya! (Intro)', 'id_spotify': '1lbcKvduQZT4t1T1Lfh0GX', 'num_cancion': 1, 'duracion': 80586, 'id_album': None}, {'nombre_cancion': 'Press Play', 'id_spotify': '0wWle7P0PvUb8jWE3p2LmR', 'num_cancion': 2, 'duracion': 228840, 'id_album': None}, {'nombre_cancion': 'SD Is Out', 'id_spotify': '1P1u4M9SZXLQOiN24qvTk1', 'num_cancion': 3, 'duracion': 229960, 'id_album': None}, {'nombre_cancion': 'Gangsta Like Me', 'id_spotify': '3nuw84hfQJ8JKslYL56B5C', 'num_cancion': 4, 'duracion': 266520, 'id_album': None}, {'nombre_cancion': 'Neva Have 2 Worry', 'id_spotify': '7jtJAr2MUgRorLuNnOJJ4S', 'num_cancion': 5, 'duracion': 258133, 'id_album': None}, {'nombre_cancion': 'Sexual Eruption - Album Version (Explicit) FINAL', 'id_spotify': '5gHISrWamQR5jI2K51ISbA', 'num_cancion': 6, 'duracion': 240306, 'id_album': None}, {'nombre_cancion': 'Life Of Da Party', 'id_spotify': '7bZZOib08UAQcw9UJgNjfv', 'num_cancion': 7, 'duracion': 263906, 'id_album': None}, {'nombre_cancion': 'Waste Of Time', 'id_spotify': '4IvWl4lzID4wgNU3yjIgIa', 'num_cancion': 8, 'duracion': 213653, 'id_album': None}, {'nombre_cancion': 'Cool', 'id_spotify': '4vdg9F1FRAg9XW6PlqWo9c', 'num_cancion': 9, 'duracion': 241946, 'id_album': None}, {'nombre_cancion': 'Sets Up', 'id_spotify': '67Jhcuc9sp9ERWsjuGwjpP', 'num_cancion': 10, 'duracion': 224133, 'id_album': None}, {'nombre_cancion': 'Deez Hollywood Nights', 'id_spotify': '79sVjWTriD4pQgE4hpM7zQ', 'num_cancion': 11, 'duracion': 279440, 'id_album': None}, {'nombre_cancion': 'Whateva U Do', 'id_spotify': '2OQfPMRKP6NHaqFXXPDjz5', 'num_cancion': 12, 'duracion': 226573, 'id_album': None}, {'nombre_cancion': 'Staxxx In My Jeans', 'id_spotify': '5btVksVC2VEWfLfnfLtNA0', 'num_cancion': 13, 'duracion': 229760, 'id_album': None}, {'nombre_cancion': 'Been Around Tha World', 'id_spotify': '7qVAflxPxulpWE7CYdGk1Z', 'num_cancion': 14, 'duracion': 216640, 'id_album': None}, {'nombre_cancion': 'Let It Out', 'id_spotify': '0JtJWDaTZUDSpyZomdywb3', 'num_cancion': 15, 'duracion': 157693, 'id_album': None}, {'nombre_cancion': 'My Medicine', 'id_spotify': '5jeXDGMNkY8G2bPsHLaNnm', 'num_cancion': 16, 'duracion': 159360, 'id_album': None}, {'nombre_cancion': "Ridin' In My Chevy", 'id_spotify': '3AmwgglYl3OVetfBNVwnPj', 'num_cancion': 17, 'duracion': 195266, 'id_album': None}, {'nombre_cancion': 'Those Gurlz', 'id_spotify': '01WBUfifuCVakdG7YTpHK7', 'num_cancion': 18, 'duracion': 240013, 'id_album': None}, {'nombre_cancion': 'One Chance (Make It Good)', 'id_spotify': '56naAVBFbwNBgALsGIGj8V', 'num_cancion': 19, 'duracion': 213493, 'id_album': None}, {'nombre_cancion': 'Why Did You Leave Me', 'id_spotify': '38kZhcFGQGaxf5hrGi4HgI', 'num_cancion': 20, 'duracion': 247160, 'id_album': None}, {'nombre_cancion': "Can't Say Goodbye", 'id_spotify': '4TyGYTAexVaiTD9nr2ipkt', 'num_cancion': 21, 'duracion': 247453, 'id_album': None}, {'nombre_cancion': 'Nobody Better', 'id_spotify': '7KrXhppHsnuCEQYDUCIG1r', 'num_cancion': 22, 'duracion': 204200, 'id_album': None}, {'nombre_cancion': 'Shootem Up', 'id_spotify': '0KvCQTyOMznvqjDump44wo', 'num_cancion': 23, 'duracion': 220706, 'id_album': None}, {'nombre_cancion': 'Walk Away', 'id_spotify': '251VB3smY65a95DNPW7gZJ', 'num_cancion': 24, 'duracion': 247546, 'id_album': None}, {'nombre_cancion': 'Get It Cuz I Want It', 'id_spotify': '46hcws0kXZaiQAV5F53TQx', 'num_cancion': 1, 'duracion': 257839, 'id_album': None}, {'nombre_cancion': 'Half-A-Brik', 'id_spotify': '78O6hPup7qUH9WwKpAqfq7', 'num_cancion': 2, 'duracion': 278280, 'id_album': None}, {'nombre_cancion': 'Homicide', 'id_spotify': '65xmhlIvBrKGYKzI303ezp', 'num_cancion': 3, 'duracion': 242506, 'id_album': None}, {'nombre_cancion': "Don't Ask Me", 'id_spotify': '3ZH8mOpKwvN0P1wEbZubuX', 'num_cancion': 4, 'duracion': 249373, 'id_album': None}, {'nombre_cancion': 'Boss', 'id_spotify': '6bR14ZyHZ5YaateeZ8nSVm', 'num_cancion': 5, 'duracion': 309786, 'id_album': None}, {'nombre_cancion': 'Independent in the Game', 'id_spotify': '26CA8ndkJGaLpe1zk1TAe7', 'num_cancion': 6, 'duracion': 283280, 'id_album': None}, {'nombre_cancion': 'Gotta Get This Money', 'id_spotify': '7h5YlfpT6yXggNomPSHidq', 'num_cancion': 7, 'duracion': 225040, 'id_album': None}, {'nombre_cancion': 'Bring It Back', 'id_spotify': '2QlRtTxUVcWlk34gOUip6y', 'num_cancion': 8, 'duracion': 231760, 'id_album': None}, {'nombre_cancion': 'What You Know About It', 'id_spotify': '7ySbBN60guFfB45DiqMcsB', 'num_cancion': 9, 'duracion': 196053, 'id_album': None}, {'nombre_cancion': 'Family Tree', 'id_spotify': '6p1rKNpu7pwuDuBHJj4jHC', 'num_cancion': 10, 'duracion': 297693, 'id_album': None}, {'nombre_cancion': 'The Life in California', 'id_spotify': '0zsnCEaf8k32qJ0qTCSCHu', 'num_cancion': 11, 'duracion': 227280, 'id_album': None}, {'nombre_cancion': 'Been Hustlin', 'id_spotify': '4AjyK4cOWdbhFbiXaQFQ6s', 'num_cancion': 12, 'duracion': 136666, 'id_album': None}, {'nombre_cancion': "I'm About That", 'id_spotify': '0MWNrKmXLb4DDYynOGxSZe', 'num_cancion': 13, 'duracion': 188200, 'id_album': None}, {'nombre_cancion': 'Addiction', 'id_spotify': '00GQOdQHs6euBVz5pdavWa', 'num_cancion': 14, 'duracion': 238066, 'id_album': None}, {'nombre_cancion': 'A Boss Like Me', 'id_spotify': '3HU4kfXbCrEZBfZ0cmojEp', 'num_cancion': 15, 'duracion': 213520, 'id_album': None}, {'nombre_cancion': 'Ride for the Cause', 'id_spotify': '7pK6OLM326RvXzd9CfZl8i', 'num_cancion': 16, 'duracion': 242466, 'id_album': None}, {'nombre_cancion': 'The Big Squeeze Intro', 'id_spotify': '26WQ2RjrJhmDAxr7JvwXZi', 'num_cancion': 1, 'duracion': 138986, 'id_album': None}, {'nombre_cancion': 'The Big Squeeze Intro', 'id_spotify': '74Dk4qMoo0V1ZS1TcPZW0Z', 'num_cancion': 2, 'duracion': 138986, 'id_album': None}, {'nombre_cancion': 'Globalhead', 'id_spotify': '78wD4wQL3mWVPYsHfeS8tF', 'num_cancion': 3, 'duracion': 314773, 'id_album': None}, {'nombre_cancion': 'Killaz', 'id_spotify': '4KhhFblogEcI3YowFGmi9E', 'num_cancion': 4, 'duracion': 236080, 'id_album': None}, {'nombre_cancion': 'Killaz', 'id_spotify': '4EjA5HXNsAW81eabbnbPqQ', 'num_cancion': 5, 'duracion': 236080, 'id_album': None}, {'nombre_cancion': 'Take A Look At The World', 'id_spotify': '3T4Aw5JwJ39RRzzBPUkJqd', 'num_cancion': 6, 'duracion': 312346, 'id_album': None}, {'nombre_cancion': 'We Came To Bang Out', 'id_spotify': '6bl7IfcwT1IuBfFZb2MhfR', 'num_cancion': 7, 'duracion': 223120, 'id_album': None}, {'nombre_cancion': 'We Came To Bang Out', 'id_spotify': '11FhZoosj4vtIoN9L8eRw6', 'num_cancion': 8, 'duracion': 223120, 'id_album': None}, {'nombre_cancion': 'City of God', 'id_spotify': '1Cx0QjdFrNjFWPUgnGtZlW', 'num_cancion': 9, 'duracion': 250800, 'id_album': None}, {'nombre_cancion': 'Shackled Up', 'id_spotify': '7cwM7LW7gH8DpVC2uLQ3ws', 'num_cancion': 10, 'duracion': 235253, 'id_album': None}, {'nombre_cancion': 'Shackled Up', 'id_spotify': '3CFQKmDjnxrCh4w0Xin142', 'num_cancion': 11, 'duracion': 235253, 'id_album': None}, {'nombre_cancion': 'Izulu (Li Ya Duma)', 'id_spotify': '0KLyCVXiGDoOO8bquzwTcx', 'num_cancion': 12, 'duracion': 309400, 'id_album': None}, {'nombre_cancion': 'Hat To The Bac', 'id_spotify': '6XBDXEMpZNfPNcMBeAZRSH', 'num_cancion': 13, 'duracion': 223986, 'id_album': None}, {'nombre_cancion': 'Hat To The Bac', 'id_spotify': '3m7clac16Xm9ymXWcgoGlc', 'num_cancion': 14, 'duracion': 223986, 'id_album': None}, {'nombre_cancion': 'Wings Of Desire', 'id_spotify': '3VD2DEzzYYmFWeyGApjCHO', 'num_cancion': 15, 'duracion': 334360, 'id_album': None}, {'nombre_cancion': 'Pop Pop Bang!', 'id_spotify': '1AbVAZ54UhGeme4xv8f5O7', 'num_cancion': 16, 'duracion': 261532, 'id_album': None}, {'nombre_cancion': 'Pop Pop Bang!', 'id_spotify': '0FlRNHZD7OL1o1g7Izq5Gi', 'num_cancion': 17, 'duracion': 261532, 'id_album': None}, {'nombre_cancion': "I'm A Stranger Here Myself", 'id_spotify': '1qSlyN6xmzIYeQoFEAY0cw', 'num_cancion': 18, 'duracion': 219053, 'id_album': None}, {'nombre_cancion': '31 Flavors', 'id_spotify': '4JIOuTsFkGDqYIX5AK2tjF', 'num_cancion': 19, 'duracion': 184746, 'id_album': None}, {'nombre_cancion': '31 Flavors', 'id_spotify': '7t7g10Vnj6CoGzQR2PPBhR', 'num_cancion': 20, 'duracion': 184746, 'id_album': None}, {'nombre_cancion': 'Axum Dub', 'id_spotify': '4FA03z0HLLOd30KA5qNLNv', 'num_cancion': 21, 'duracion': 340813, 'id_album': None}, {'nombre_cancion': 'All About Damani', 'id_spotify': '3bt3X2lo9KApDnrnxSh3Ya', 'num_cancion': 22, 'duracion': 303626, 'id_album': None}, {'nombre_cancion': 'All About Damani', 'id_spotify': '5kW5hQEGlecpcYpI2gFdeT', 'num_cancion': 23, 'duracion': 284066, 'id_album': None}, {'nombre_cancion': 'Garden Of Perfume - Adrian Sherwood Remix', 'id_spotify': '6JyQ4kNEgUjGgwP9Uwre77', 'num_cancion': 24, 'duracion': 399413, 'id_album': None}, {'nombre_cancion': 'Like Rock Stars', 'id_spotify': '1mzefz3cVryljLS5kSncGS', 'num_cancion': 25, 'duracion': 292133, 'id_album': None}, {'nombre_cancion': 'Like Rock Stars', 'id_spotify': '7fD8b3zqsvUVJ6ZFizkrpc', 'num_cancion': 26, 'duracion': 292146, 'id_album': None}, {'nombre_cancion': 'Blues For Babylon', 'id_spotify': '0grsq92fucZPPHL8B2GN9A', 'num_cancion': 27, 'duracion': 453320, 'id_album': None}, {'nombre_cancion': 'Spend Some Time', 'id_spotify': '04aWPAZUUVjiDZak9mtRJB', 'num_cancion': 28, 'duracion': 275560, 'id_album': None}, {'nombre_cancion': 'Spend Some Time', 'id_spotify': '4l80pdGUNsa1ODr58uZjFa', 'num_cancion': 29, 'duracion': 275546, 'id_album': None}, {'nombre_cancion': 'Afrika Temple', 'id_spotify': '2u8JzrhSW9CY1ub9rRstbV', 'num_cancion': 30, 'duracion': 430640, 'id_album': None}, {'nombre_cancion': "Fuckin' Is Good For U", 'id_spotify': '16HzGV6gUtrDyBGTRCMUfx', 'num_cancion': 31, 'duracion': 246160, 'id_album': None}, {'nombre_cancion': "Fuckin' Is Good For U", 'id_spotify': '0GmBcA6skoZeY7uX5K8tIp', 'num_cancion': 32, 'duracion': 246173, 'id_album': None}, {'nombre_cancion': 'Dust Of Empire (Song Of Albion)', 'id_spotify': '2u9s36ahO5eCUoRGBY0og8', 'num_cancion': 33, 'duracion': 357533, 'id_album': None}, {'nombre_cancion': 'Get Your Body Moving', 'id_spotify': '2FK9i9AKgPv0b2fsQdUlAm', 'num_cancion': 34, 'duracion': 249186, 'id_album': None}, {'nombre_cancion': 'Get Your Body Moving', 'id_spotify': '4wO0wzS2Ddo9qWEIj0oKsU', 'num_cancion': 35, 'duracion': 249173, 'id_album': None}, {'nombre_cancion': 'A Walk With Love And Death', 'id_spotify': '69jXgPmPOQa6kHSKV7Dzt3', 'num_cancion': 36, 'duracion': 393346, 'id_album': None}, {'nombre_cancion': 'Get Closer', 'id_spotify': '30YIwSl2N8PH3dsvRs7bKe', 'num_cancion': 37, 'duracion': 227533, 'id_album': None}, {'nombre_cancion': 'Get Closer', 'id_spotify': '7Hvm5pQec1DOXiqDtEX8SI', 'num_cancion': 38, 'duracion': 228840, 'id_album': None}, {'nombre_cancion': 'Can U Get Away?', 'id_spotify': '4QUNN86DChXmpi2yCAT9zN', 'num_cancion': 39, 'duracion': 198733, 'id_album': None}, {'nombre_cancion': 'Can U Get Away?', 'id_spotify': '7BEa1nAijDQko2cPcT2Z0z', 'num_cancion': 40, 'duracion': 198733, 'id_album': None}, {'nombre_cancion': 'Get It Started', 'id_spotify': '4nkEiNShcHaAeHGWUCDkKd', 'num_cancion': 41, 'duracion': 335520, 'id_album': None}, {'nombre_cancion': 'Get It Started', 'id_spotify': '5hxRzPoKtSQ0fwsUq4QM3R', 'num_cancion': 42, 'duracion': 336600, 'id_album': None}, {'nombre_cancion': 'Intrology', 'id_spotify': '4YCrejiod7RUjLJisHhiiA', 'num_cancion': 1, 'duracion': 119106, 'id_album': None}, {'nombre_cancion': 'Think About It', 'id_spotify': '7pCeKclmQx38n4LnDQFE4c', 'num_cancion': 2, 'duracion': 217800, 'id_album': None}, {'nombre_cancion': 'Crazy', 'id_spotify': '2jbYDQRvqcwW9zpQ9vopXZ', 'num_cancion': 3, 'duracion': 266613, 'id_album': None}, {'nombre_cancion': 'Vato', 'id_spotify': '2TgPHDU8zPgAvkSLXkHKXR', 'num_cancion': 4, 'duracion': 284653, 'id_album': None}, {'nombre_cancion': "That's That Shit", 'id_spotify': '41sLy8IQUSgvjjeW2CN0vc', 'num_cancion': 5, 'duracion': 257640, 'id_album': None}, {'nombre_cancion': "Candy (Drippin' Like Water)", 'id_spotify': '0E1NCpOWUweGB674Hhu7sc', 'num_cancion': 6, 'duracion': 288040, 'id_album': None}, {'nombre_cancion': 'Get A Light', 'id_spotify': '0brst8Eu2TRY13cwTQMcQc', 'num_cancion': 7, 'duracion': 221066, 'id_album': None}, {'nombre_cancion': "Gangbangin' 101", 'id_spotify': '2E2A3BY5Zp4vTCtWIKMxPG', 'num_cancion': 8, 'duracion': 242893, 'id_album': None}, {'nombre_cancion': "Boss' Life", 'id_spotify': '4UprL40OVADveANAtCNrIa', 'num_cancion': 9, 'duracion': 202680, 'id_album': None}, {'nombre_cancion': 'LAX', 'id_spotify': '5e8ER5Aot7za1AzhnvtiiZ', 'num_cancion': 10, 'duracion': 201480, 'id_album': None}, {'nombre_cancion': "10 Lil' Crips", 'id_spotify': '4KgUU8YS47pFaBPbfeWg7z', 'num_cancion': 11, 'duracion': 195093, 'id_album': None}, {'nombre_cancion': 'Round Here', 'id_spotify': '1R6M6xsq0vVq6vIAUhWNC8', 'num_cancion': 12, 'duracion': 222386, 'id_album': None}, {'nombre_cancion': 'A Bitch I Knew', 'id_spotify': '2Lt2h6UITX6WTzrHJFHJx6', 'num_cancion': 13, 'duracion': 272453, 'id_album': None}, {'nombre_cancion': 'Like This', 'id_spotify': '2mcOx4WV3guTbYOEiHZfqq', 'num_cancion': 14, 'duracion': 236306, 'id_album': None}, {'nombre_cancion': 'Which One Of You', 'id_spotify': '6Io4X6tBCXMi5pXve3MV5X', 'num_cancion': 15, 'duracion': 212466, 'id_album': None}, {'nombre_cancion': 'I Wanna Fuck You', 'id_spotify': '1G93i9ga7ZPEOqpiNhM1mq', 'num_cancion': 16, 'duracion': 178840, 'id_album': None}, {'nombre_cancion': 'Psst!', 'id_spotify': '0mFp3ZSck3qZjbGNBfvpkz', 'num_cancion': 17, 'duracion': 179306, 'id_album': None}, {'nombre_cancion': 'Beat Up On Yo Pads', 'id_spotify': '6lt1yjpfWaEhOGJOMVtbPy', 'num_cancion': 18, 'duracion': 177626, 'id_album': None}, {'nombre_cancion': "Don't Stop", 'id_spotify': '6GgSHVI05HgDFAiIxRDawY', 'num_cancion': 19, 'duracion': 202586, 'id_album': None}, {'nombre_cancion': 'Imagine', 'id_spotify': '0FNPiAAdWdWaGr7JOnlKmi', 'num_cancion': 20, 'duracion': 282186, 'id_album': None}, {'nombre_cancion': 'Conversations', 'id_spotify': '5KzKsgQrMPsM7oBumXej5s', 'num_cancion': 21, 'duracion': 218760, 'id_album': None}, {'nombre_cancion': 'Sisters N Brothers', 'id_spotify': '6TvxXzLJsVKIeQOCulvzCJ', 'num_cancion': 1, 'duracion': 229226, 'id_album': None}, {'nombre_cancion': 'Shake That Shit', 'id_spotify': '0zTjWtruz4pP3JVM5Qeepe', 'num_cancion': 2, 'duracion': 235000, 'id_album': None}, {'nombre_cancion': 'Just The Way You Like It', 'id_spotify': '38wC5Fy0yIsAu4vXXE42J5', 'num_cancion': 3, 'duracion': 300693, 'id_album': None}, {'nombre_cancion': 'Remember Me', 'id_spotify': '4QwAF6CwzwASZB75WV6P1R', 'num_cancion': 4, 'duracion': 279226, 'id_album': None}, {'nombre_cancion': 'Real Soon', 'id_spotify': '1VpOpZouWVOT5PB9VVH2LA', 'num_cancion': 5, 'duracion': 251800, 'id_album': None}, {'nombre_cancion': 'Sunshine', 'id_spotify': '54B3tTey3uSW00PhpQ6FHG', 'num_cancion': 6, 'duracion': 278346, 'id_album': None}, {'nombre_cancion': "Can't Find My Panties", 'id_spotify': '6eklNbIIVGXPSSwDES6gkS', 'num_cancion': 7, 'duracion': 222493, 'id_album': None}, {'nombre_cancion': 'We West Coast', 'id_spotify': '3mcpUfwGyqbWPYqjkD3XSw', 'num_cancion': 8, 'duracion': 245346, 'id_album': None}, {'nombre_cancion': 'Dinner In Bed', 'id_spotify': '2OQqeVwB1e8FMBe7ZNnnKs', 'num_cancion': 9, 'duracion': 281426, 'id_album': None}, {'nombre_cancion': 'If', 'id_spotify': '6k7I1vKWodZyaRVsJFaAiP', 'num_cancion': 10, 'duracion': 231426, 'id_album': None}, {'nombre_cancion': 'Noorious Dpg', 'id_spotify': '1qSrkrKnGhEYK6Tfv347zL', 'num_cancion': 11, 'duracion': 235200, 'id_album': None}, {'nombre_cancion': "Smokin' All My Bud", 'id_spotify': '1HphLypxPseZjlxV5o7aRX', 'num_cancion': 12, 'duracion': 329466, 'id_album': None}, {'nombre_cancion': 'Shine', 'id_spotify': '3afdQwJGfDE2GN16K2n2sX', 'num_cancion': 13, 'duracion': 223120, 'id_album': None}, {'nombre_cancion': '(Intro) I Love To Give You Light', 'id_spotify': '1whFKAlTQgdKxxIVxF4gfj', 'num_cancion': 1, 'duracion': 158346, 'id_album': None}, {'nombre_cancion': 'Bang Out', 'id_spotify': '4KEl31xQiQihsxLGW3dXZl', 'num_cancion': 2, 'duracion': 185040, 'id_album': None}, {'nombre_cancion': "Drop It Like It's Hot", 'id_spotify': '2NBQmPrOEEjA8VbeWOQGxO', 'num_cancion': 3, 'duracion': 266066, 'id_album': None}, {'nombre_cancion': 'Can I Get A Flicc Witchu', 'id_spotify': '48q2viCPz7CaxAxatvZgKp', 'num_cancion': 4, 'duracion': 324613, 'id_album': None}, {'nombre_cancion': 'Ups & Downs - Album Version (Explicit) w/o interlude', 'id_spotify': '6dw5cCtf3KtRNauKUERzR2', 'num_cancion': 5, 'duracion': 244640, 'id_album': None}, {'nombre_cancion': 'The Bidness', 'id_spotify': '6HU1LPq2PZ9ZS9ouTYwvdt', 'num_cancion': 6, 'duracion': 208373, 'id_album': None}, {'nombre_cancion': 'Snoop D.O. Double G', 'id_spotify': '7B7SpjXyzSHHj6gpDmOPqU', 'num_cancion': 7, 'duracion': 241160, 'id_album': None}, {'nombre_cancion': "Let's Get Blown", 'id_spotify': '0NdxbFFknA7kQ4E2zvJfey', 'num_cancion': 8, 'duracion': 280680, 'id_album': None}, {'nombre_cancion': 'Step Yo Game Up', 'id_spotify': '0bdDOIHKeACiHrLYzY3YJt', 'num_cancion': 9, 'duracion': 263746, 'id_album': None}, {'nombre_cancion': 'Perfect', 'id_spotify': '0tBK7YV0UMWiqc8UFd6eT4', 'num_cancion': 10, 'duracion': 350533, 'id_album': None}, {'nombre_cancion': 'WBallz (Interlude)', 'id_spotify': '3ejLLMcuB0yO6A8qQhv1bH', 'num_cancion': 11, 'duracion': 21186, 'id_album': None}, {'nombre_cancion': 'Fresh Pair of Panties On', 'id_spotify': '5m9pNa8DUCxXL40hT5ryyY', 'num_cancion': 12, 'duracion': 158666, 'id_album': None}, {'nombre_cancion': 'Promise I', 'id_spotify': '1s7phD4wCBj65e7PN1HjJN', 'num_cancion': 13, 'duracion': 197413, 'id_album': None}, {'nombre_cancion': 'Oh No - Album Version (Explicit) w/o interlude', 'id_spotify': '6eMASdR1peGlkxKcPDxNgO', 'num_cancion': 14, 'duracion': 241853, 'id_album': None}, {'nombre_cancion': 'Can You Control Yo Hoe', 'id_spotify': '5wXrQgeZtaMoA7ZWgPDsPn', 'num_cancion': 15, 'duracion': 188546, 'id_album': None}, {'nombre_cancion': 'Signs', 'id_spotify': '4HSAJpNocVNJbwbQvtCMdO', 'num_cancion': 16, 'duracion': 236480, 'id_album': None}, {'nombre_cancion': "I'm Threw Witchu", 'id_spotify': '3Lr4MGE2NDUjlq1qi99TSR', 'num_cancion': 17, 'duracion': 262373, 'id_album': None}, {'nombre_cancion': 'Pass It Pass It', 'id_spotify': '771aM9AY5YUx1OWl8tPJNG', 'num_cancion': 18, 'duracion': 272146, 'id_album': None}, {'nombre_cancion': 'Girl Like U', 'id_spotify': '5qf8hsPoCJpP1xod7Vzpac', 'num_cancion': 19, 'duracion': 275080, 'id_album': None}, {'nombre_cancion': 'No Thang On Me', 'id_spotify': '6JYUZ14W9IgEC1wRny2I8k', 'num_cancion': 20, 'duracion': 280840, 'id_album': None}, {'nombre_cancion': 'Don Doggy', 'id_spotify': '3yt8e2GfKxk1Rnr0PJcjC8', 'num_cancion': 1, 'duracion': 43333, 'id_album': None}, {'nombre_cancion': 'Da Bo$$ Would Like To See You', 'id_spotify': '0pWhjAZeevO7EPCULOstK5', 'num_cancion': 2, 'duracion': 119360, 'id_album': None}, {'nombre_cancion': 'Stoplight', 'id_spotify': '2gaHCVSKa84DPHCPZIGZJV', 'num_cancion': 3, 'duracion': 266425, 'id_album': None}, {'nombre_cancion': 'From Tha Chuuuch To Da Palace', 'id_spotify': '5M3fIM8TMpZtLC5yHc98Rh', 'num_cancion': 4, 'duracion': 280560, 'id_album': None}, {'nombre_cancion': 'I Believe In You', 'id_spotify': '084bko3tuMnppG1yJBsPCO', 'num_cancion': 5, 'duracion': 274373, 'id_album': None}, {'nombre_cancion': 'Lollipop', 'id_spotify': '2A1i5Z8ecTmWpbQgsEyRx3', 'num_cancion': 6, 'duracion': 228800, 'id_album': None}, {'nombre_cancion': "Ballin'", 'id_spotify': '4zNJc0q6w9XE8gXmbeFMls', 'num_cancion': 7, 'duracion': 319960, 'id_album': None}, {'nombre_cancion': 'Beautiful', 'id_spotify': '7FrJV8tydWEv1Mxu2mIQrm', 'num_cancion': 8, 'duracion': 298306, 'id_album': None}, {'nombre_cancion': "Paper'd Up", 'id_spotify': '4ZQOGd1cjahGnvo6d6ANkd', 'num_cancion': 9, 'duracion': 230026, 'id_album': None}, {'nombre_cancion': "Wasn't Your Fault", 'id_spotify': '1jSXfnndiG1yBMFdXsA32y', 'num_cancion': 10, 'duracion': 270000, 'id_album': None}, {'nombre_cancion': 'Bo$$ Playa', 'id_spotify': '0eF9nbzuz4htaxaMWAjxuB', 'num_cancion': 11, 'duracion': 353440, 'id_album': None}, {'nombre_cancion': 'Hourglass', 'id_spotify': '1iTbR8bmAiUMyZSgtGXudI', 'num_cancion': 12, 'duracion': 260200, 'id_album': None}, {'nombre_cancion': 'The One And Only', 'id_spotify': '7son9e0bPpoGJFDOSh2liR', 'num_cancion': 13, 'duracion': 229866, 'id_album': None}, {'nombre_cancion': 'I Miss That Bitch', 'id_spotify': '2moW3CKng8WJ2PXkzFf3rb', 'num_cancion': 14, 'duracion': 192493, 'id_album': None}, {'nombre_cancion': 'From Long Beach 2 Brick City', 'id_spotify': '3TPoOLzqJLYnB2VnDudO7C', 'num_cancion': 15, 'duracion': 223533, 'id_album': None}, {'nombre_cancion': 'Suited N Booted', 'id_spotify': '52nQkqfTDzXghEjZieLJ4d', 'num_cancion': 16, 'duracion': 195976, 'id_album': None}, {'nombre_cancion': 'You Got What I Want', 'id_spotify': '3KAIypz76ZvPmVLYPcRAnb', 'num_cancion': 17, 'duracion': 216466, 'id_album': None}, {'nombre_cancion': 'Batman And Robin', 'id_spotify': '0zdcKlp8JvkHXFda6GMOmd', 'num_cancion': 18, 'duracion': 303173, 'id_album': None}, {'nombre_cancion': 'A Message 2 Fat Cuzz', 'id_spotify': '7biYXNmlpKLZmCZFsGX4Rq', 'num_cancion': 19, 'duracion': 100666, 'id_album': None}, {'nombre_cancion': "Pimp Slapp'd", 'id_spotify': '7yTqqA3Eniv0HvufgrGJ4K', 'num_cancion': 20, 'duracion': 342400, 'id_album': None}, {'nombre_cancion': 'Intro / Tha Last Meal', 'id_spotify': '0AvXt2cN15y4REVhM993Pc', 'num_cancion': 1, 'duracion': 81223, 'id_album': None}, {'nombre_cancion': 'Hennesey N Buddah', 'id_spotify': '6dqE95KU5yVcqDkgEt3TIm', 'num_cancion': 2, 'duracion': 251533, 'id_album': None}, {'nombre_cancion': "Snoop Dogg (What's My Name Pt. 2)", 'id_spotify': '5rLnRYky5ktJYGUMAmqeWx', 'num_cancion': 3, 'duracion': 243160, 'id_album': None}, {'nombre_cancion': 'True Lies', 'id_spotify': '0qhl7BtMawSDEJ06bVIrL5', 'num_cancion': 4, 'duracion': 240480, 'id_album': None}, {'nombre_cancion': 'Wrong Idea', 'id_spotify': '5hHCQ0jbaBDiE5fIKzYf7W', 'num_cancion': 5, 'duracion': 254165, 'id_album': None}, {'nombre_cancion': 'Go Away', 'id_spotify': '63AOur1ZdTFZ6Nzox6jjNr', 'num_cancion': 6, 'duracion': 292506, 'id_album': None}, {'nombre_cancion': 'Set It Off', 'id_spotify': '7E6cKQcGpPqsr3eqnpnw0C', 'num_cancion': 7, 'duracion': 277226, 'id_album': None}, {'nombre_cancion': 'Stacey Adams', 'id_spotify': '2Gu5SaXstpHraItPqNVOSV', 'num_cancion': 8, 'duracion': 275533, 'id_album': None}, {'nombre_cancion': 'Lay Low', 'id_spotify': '0YHI5hydPPth6J5UOzdLDX', 'num_cancion': 9, 'duracion': 223000, 'id_album': None}, {'nombre_cancion': 'Bring It On', 'id_spotify': '2YHyVNeQ6NViqws6vssWx4', 'num_cancion': 10, 'duracion': 257184, 'id_album': None}, {'nombre_cancion': 'Game Court - Skit', 'id_spotify': '0z23gFgqYW3kHcrsr4mwwG', 'num_cancion': 11, 'duracion': 130226, 'id_album': None}, {'nombre_cancion': 'Issues', 'id_spotify': '6X6KrabbsRQCER77FtJGWo', 'num_cancion': 12, 'duracion': 155573, 'id_album': None}, {'nombre_cancion': 'Brake Fluid (Biiittch Pump Yo Brakes)', 'id_spotify': '2NCxDBm5rKdBnHpyu6z1iX', 'num_cancion': 13, 'duracion': 355800, 'id_album': None}, {'nombre_cancion': 'Ready 2 Ryde', 'id_spotify': '3d55Tng6iYA2M19taXnFq7', 'num_cancion': 14, 'duracion': 261466, 'id_album': None}, {'nombre_cancion': "Loosen' Control", 'id_spotify': '6RxSpXA25K1onD44Y5w7r2', 'num_cancion': 15, 'duracion': 248866, 'id_album': None}, {'nombre_cancion': "I Can't Swim", 'id_spotify': '10RtwYbxd1CfrqBE7HNu6z', 'num_cancion': 16, 'duracion': 256640, 'id_album': None}, {'nombre_cancion': 'Leave Me Alone', 'id_spotify': '3nQoutWAGNUT9aeKJs75Wx', 'num_cancion': 17, 'duracion': 252426, 'id_album': None}, {'nombre_cancion': 'Back Up Off Me', 'id_spotify': '64HLNQYxFEtDW7WFbNRLs4', 'num_cancion': 18, 'duracion': 315346, 'id_album': None}, {'nombre_cancion': "Y'All Gone Miss Me", 'id_spotify': '76gJ7ATRkD3WZuYKPl84xm', 'num_cancion': 19, 'duracion': 255626, 'id_album': None}, {'nombre_cancion': 'Dolomite Intro', 'id_spotify': '4MGapp8nemh9BcutE365EM', 'num_cancion': 1, 'duracion': 27760, 'id_album': None}, {'nombre_cancion': "Buck 'Em", 'id_spotify': '38aGhG0KaU7m5K1OTH62aM', 'num_cancion': 2, 'duracion': 164106, 'id_album': None}, {'nombre_cancion': 'Trust Me', 'id_spotify': '48PDKnD9T9yZvBQA0A29hY', 'num_cancion': 3, 'duracion': 248160, 'id_album': None}, {'nombre_cancion': 'My Heat Goes Boom', 'id_spotify': '2wMBD5IM6wMY22yMgkXfK5', 'num_cancion': 4, 'duracion': 220773, 'id_album': None}, {'nombre_cancion': 'Dolomite', 'id_spotify': '1oVTglH1TJSDJtyyG1sVai', 'num_cancion': 5, 'duracion': 52477, 'id_album': None}, {'nombre_cancion': 'Snoopafella', 'id_spotify': '1BNrSp3xmEPriOavWV1onw', 'num_cancion': 6, 'duracion': 322666, 'id_album': None}, {'nombre_cancion': 'In Love With A Thug', 'id_spotify': '364XcHeQRIgmhEL4UgI7Ox', 'num_cancion': 7, 'duracion': 223440, 'id_album': None}, {'nombre_cancion': 'G Bedtime Stories', 'id_spotify': '6aRvvLxyQEpzAqmTmHlCNb', 'num_cancion': 8, 'duracion': 134600, 'id_album': None}, {'nombre_cancion': "Down 4 My N's", 'id_spotify': '14uUTfHIwIp587cz13UI5A', 'num_cancion': 9, 'duracion': 226800, 'id_album': None}, {'nombre_cancion': 'Betta Days', 'id_spotify': '6gom2Xsy5SiVYV3qtrsb7v', 'num_cancion': 10, 'duracion': 235893, 'id_album': None}, {'nombre_cancion': 'Somethin Bout Yo Bidness', 'id_spotify': '4rZ5wox2hqBgtqsMEujwqE', 'num_cancion': 11, 'duracion': 251573, 'id_album': None}, {'nombre_cancion': 'Bitch Please', 'id_spotify': '5Sm1X46tna50RstHZvw072', 'num_cancion': 12, 'duracion': 234533, 'id_album': None}, {'nombre_cancion': "Doin' Too Much", 'id_spotify': '16HCoYfFJC1lRa4OxAWF82', 'num_cancion': 13, 'duracion': 246493, 'id_album': None}, {'nombre_cancion': 'Gangsta Ride', 'id_spotify': '5kqrdeBWSkbmXejI5jd9xE', 'num_cancion': 14, 'duracion': 224640, 'id_album': None}, {'nombre_cancion': 'Ghetto Symphony', 'id_spotify': '1uZKq4BcM2WjborHkGaQ1M', 'num_cancion': 15, 'duracion': 339826, 'id_album': None}, {'nombre_cancion': 'Party With A D.P.G.', 'id_spotify': '4JKDEhzyExiCSwAU6EUTsz', 'num_cancion': 16, 'duracion': 294600, 'id_album': None}, {'nombre_cancion': "Buss'n Rocks", 'id_spotify': '1q14IGtuJmcX1gPtbKwnWa', 'num_cancion': 17, 'duracion': 263466, 'id_album': None}, {'nombre_cancion': "Just Dippin'", 'id_spotify': '1iYWNf225EUIESs4svZudx', 'num_cancion': 18, 'duracion': 242506, 'id_album': None}, {'nombre_cancion': "Don't Tell", 'id_spotify': '6eZOwfHNH5ojE3omTCHAwU', 'num_cancion': 19, 'duracion': 287026, 'id_album': None}, {'nombre_cancion': '20 Minutes', 'id_spotify': '1UFp1MIRnIXvjqzsvmRjJm', 'num_cancion': 20, 'duracion': 239106, 'id_album': None}, {'nombre_cancion': 'I Love My Momma', 'id_spotify': '4cYqSneIrA6VsEat6nhwxu', 'num_cancion': 21, 'duracion': 186093, 'id_album': None}, {'nombre_cancion': 'Snoop World', 'id_spotify': '4j6Wplh7OGXVNWk3Ucj38S', 'num_cancion': 1, 'duracion': 319733, 'id_album': None}, {'nombre_cancion': 'Slow Down', 'id_spotify': '5nq7UXXJgy2beMNGmMXxjM', 'num_cancion': 2, 'duracion': 250311, 'id_album': None}, {'nombre_cancion': 'Woof!', 'id_spotify': '2bryPxmm98dhBU73ut3lw3', 'num_cancion': 3, 'duracion': 261866, 'id_album': None}, {'nombre_cancion': 'Gin And Juice II', 'id_spotify': '6j0Cw8M45feDVXNzlnFQrZ', 'num_cancion': 4, 'duracion': 216533, 'id_album': None}, {'nombre_cancion': 'Show Me Love', 'id_spotify': '0a7U3QDRmOEubgg2n7Hdjb', 'num_cancion': 5, 'duracion': 232893, 'id_album': None}, {'nombre_cancion': 'Hustle And Ball', 'id_spotify': '5cnjzZxszTikcrigAeX4s8', 'num_cancion': 6, 'duracion': 206840, 'id_album': None}, {'nombre_cancion': "Don't Let Go", 'id_spotify': '2FRqpVjledANsvCQCgZeGS', 'num_cancion': 7, 'duracion': 227400, 'id_album': None}, {'nombre_cancion': 'Tru Tank Dogs', 'id_spotify': '3fhweSjBmlNytwQl5GGcfm', 'num_cancion': 8, 'duracion': 235066, 'id_album': None}, {'nombre_cancion': 'Whatcha Gon Do?', 'id_spotify': '0BNV7W1n95Am0ZHPdCYt1N', 'num_cancion': 9, 'duracion': 156688, 'id_album': None}, {'nombre_cancion': 'Still A G Thang', 'id_spotify': '25FbujVRm2y8A5HSHERaRa', 'num_cancion': 10, 'duracion': 260133, 'id_album': None}, {'nombre_cancion': '20 Dollars To My Name', 'id_spotify': '3iP6mcZQoZffvhZUlHnYad', 'num_cancion': 11, 'duracion': 248333, 'id_album': None}, {'nombre_cancion': "D.O.G.'s Get Lonely 2", 'id_spotify': '5DOeIpNf3qDUGmeXili4JG', 'num_cancion': 12, 'duracion': 196200, 'id_album': None}, {'nombre_cancion': "Ain't Nut'in Personal", 'id_spotify': '1cXtsZISo4PRJTYdnLx27v', 'num_cancion': 13, 'duracion': 217093, 'id_album': None}, {'nombre_cancion': 'DP Gangsta', 'id_spotify': '4bmqj0I1npAqa6e7TkUQhW', 'num_cancion': 14, 'duracion': 293240, 'id_album': None}, {'nombre_cancion': 'Game Of Life', 'id_spotify': '4ywe4HMusJoluWpwSN4Q7z', 'num_cancion': 15, 'duracion': 232333, 'id_album': None}, {'nombre_cancion': 'See Ya When I Get There', 'id_spotify': '0kLctatZLahA4n4SQtDZsr', 'num_cancion': 16, 'duracion': 199893, 'id_album': None}, {'nombre_cancion': 'Pay For P...', 'id_spotify': '0ILJGEz6FWLAriWEaSkTi2', 'num_cancion': 17, 'duracion': 103506, 'id_album': None}, {'nombre_cancion': 'Picture This', 'id_spotify': '68lx5kAawNRXlfTBGehL7F', 'num_cancion': 18, 'duracion': 150960, 'id_album': None}, {'nombre_cancion': 'Doggz Gonna Get Ya', 'id_spotify': '5doxYHwtOH9zU5MCBbW27r', 'num_cancion': 19, 'duracion': 299173, 'id_album': None}, {'nombre_cancion': 'Hoes, Money And Clout', 'id_spotify': '0sMbB9gukSQiUBiT00vMxz', 'num_cancion': 20, 'duracion': 201626, 'id_album': None}, {'nombre_cancion': 'Get Bout It And Rowdy', 'id_spotify': '7JFu9ykY7ZUe3KFOHkLLCC', 'num_cancion': 21, 'duracion': 262600, 'id_album': None}, {'nombre_cancion': 'Intro', 'id_spotify': '7sMfX3BBZWZmE2wFwGVaJR', 'num_cancion': 1, 'duracion': 47066, 'id_album': None}, {'nombre_cancion': 'Doggfather', 'id_spotify': '0aPcMDBH8CTTF4xMjspfAi', 'num_cancion': 2, 'duracion': 237000, 'id_album': None}, {'nombre_cancion': 'Ride 4 Me', 'id_spotify': '5HJFcOZjg08BLvd6V3ZKrB', 'num_cancion': 3, 'duracion': 60933, 'id_album': None}, {'nombre_cancion': 'Up Jump Tha Boogie', 'id_spotify': '3Nw9TpRNeCeViYWjs8CHjv', 'num_cancion': 4, 'duracion': 283266, 'id_album': None}, {'nombre_cancion': 'Freestyle Conversation', 'id_spotify': '2cQOt2dRK4fd62O8iG9HiY', 'num_cancion': 5, 'duracion': 257825, 'id_album': None}, {'nombre_cancion': 'When I Grow Up', 'id_spotify': '2WHqvNucPzEszPfrO7EQAI', 'num_cancion': 6, 'duracion': 37506, 'id_album': None}, {'nombre_cancion': 'Snoop Bounce', 'id_spotify': '5c0yEdwKCYSJ5LzpWQxAG3', 'num_cancion': 7, 'duracion': 243493, 'id_album': None}, {'nombre_cancion': 'Gold Rush', 'id_spotify': '5lcFuNE5Y6p3jfVJqfNCUl', 'num_cancion': 8, 'duracion': 292800, 'id_album': None}, {'nombre_cancion': "(Tear 'Em Off) Me and My Doggz", 'id_spotify': '1geHuUqRTJTMyhHLdh7Czy', 'num_cancion': 9, 'duracion': 211773, 'id_album': None}, {'nombre_cancion': 'You Thought', 'id_spotify': '5QH2FcQSODDR2rtsczWDmd', 'num_cancion': 10, 'duracion': 284733, 'id_album': None}, {'nombre_cancion': 'Vapors', 'id_spotify': '1TsrEgEXM5S2HsoFDaZLL5', 'num_cancion': 11, 'duracion': 261493, 'id_album': None}, {'nombre_cancion': 'Groupie', 'id_spotify': '1E5uCYjBJjzS47b2NgE0WP', 'num_cancion': 12, 'duracion': 306773, 'id_album': None}, {'nombre_cancion': '2001', 'id_spotify': '4Ws80vzrVu4QKFjDTZsw8O', 'num_cancion': 13, 'duracion': 212226, 'id_album': None}, {'nombre_cancion': 'Sixx Minutes', 'id_spotify': '39894w5jy7TJzkQPuixKay', 'num_cancion': 14, 'duracion': 280400, 'id_album': None}, {'nombre_cancion': '(O.J.) Wake Up', 'id_spotify': '5gJjX2ZP2uMwjbD8738DbL', 'num_cancion': 15, 'duracion': 283573, 'id_album': None}, {'nombre_cancion': "Snoop's Upside Ya Head", 'id_spotify': '1K8AFXNylEJgvJLeYWIKK4', 'num_cancion': 16, 'duracion': 267400, 'id_album': None}, {'nombre_cancion': 'Blueberry', 'id_spotify': '66v9ZGha74BK10Fqd5NKfr', 'num_cancion': 17, 'duracion': 255533, 'id_album': None}, {'nombre_cancion': 'Traffic Jam', 'id_spotify': '7ijh7aNCYWCsoDULpaaMYd', 'num_cancion': 18, 'duracion': 31866, 'id_album': None}, {'nombre_cancion': 'Doggyland', 'id_spotify': '3goJBuaxTz1vr8LsOUERWT', 'num_cancion': 19, 'duracion': 280333, 'id_album': None}, {'nombre_cancion': 'Downtown Assassins', 'id_spotify': '3G9fE3RDD5okPFgjGIOAyU', 'num_cancion': 20, 'duracion': 262693, 'id_album': None}, {'nombre_cancion': 'Outro', 'id_spotify': '1PDSG6GzMZt6mgxpXACXT0', 'num_cancion': 21, 'duracion': 42506, 'id_album': None}, {'nombre_cancion': 'Bathtub', 'id_spotify': '50Yk8PaUtdGptynE6y8ea7', 'num_cancion': 1, 'duracion': 110333, 'id_album': None}, {'nombre_cancion': 'G Funk Intro', 'id_spotify': '4ljxxdaJncZ5hsY2C4pAk5', 'num_cancion': 2, 'duracion': 144106, 'id_album': None}, {'nombre_cancion': 'Gin and Juice', 'id_spotify': '39QBkWKnap8wRSW4WB9OK0', 'num_cancion': 3, 'duracion': 211866, 'id_album': None}, {'nombre_cancion': 'Tha Shiznit', 'id_spotify': '2DhL7DtMmxmqrCUB2NAlLm', 'num_cancion': 4, 'duracion': 280613, 'id_album': None}, {'nombre_cancion': 'Lodi Dodi', 'id_spotify': '6OtfwrzhIaIg6gmnzgPlu1', 'num_cancion': 5, 'duracion': 301386, 'id_album': None}, {'nombre_cancion': 'Murder Was The Case', 'id_spotify': '1z9EbieFSoVLz7A3Q2DCiu', 'num_cancion': 6, 'duracion': 218186, 'id_album': None}, {'nombre_cancion': 'Serial Killa', 'id_spotify': '4SPyjYGmv0nbLru9oX75iV', 'num_cancion': 7, 'duracion': 213000, 'id_album': None}, {'nombre_cancion': 'Who Am I (What’s My Name)?', 'id_spotify': '0eO8MW9YSTK3CjdaTYKlhF', 'num_cancion': 8, 'duracion': 246200, 'id_album': None}, {'nombre_cancion': 'For All My Niggaz & Bitches', 'id_spotify': '11qJz7Likbhet3q0fqxC5B', 'num_cancion': 9, 'duracion': 283520, 'id_album': None}, {'nombre_cancion': 'Ain’t No Fun (If The Homies Can’t Have None)', 'id_spotify': '3g1mP8c79KbkWDhED5tyKZ', 'num_cancion': 10, 'duracion': 246400, 'id_album': None}, {'nombre_cancion': 'Doggy Dogg World', 'id_spotify': '5HCxyNfUA6DMJtIHavfJnw', 'num_cancion': 11, 'duracion': 338760, 'id_album': None}, {'nombre_cancion': 'Gz and Hustlas', 'id_spotify': '3gTPlYouwH2OoVbMQBB4UC', 'num_cancion': 12, 'duracion': 275893, 'id_album': None}, {'nombre_cancion': 'Pump Pump', 'id_spotify': '4h4DwmPoliocSmF7J33pDP', 'num_cancion': 13, 'duracion': 279280, 'id_album': None}]
[2026-09-22T04:45:19.069+0000] {taskinstance.py:340} INFO - ::group::Post task execution logs
[2026-09-22T04:45:19.070+0000] {taskinstance.py:352} INFO - Marking task as SUCCESS. dag_id=spotify_etl_pro, task_id=canciones.extraer_tacks, run_id=manual__2026-09-22T04:42:46+00:00, execution_date=20260922T044246, start_date=20260922T044353, end_date=20260922T044519
[2026-09-22T04:45:19.132+0000] {local_task_job_runner.py:266} INFO - Task exited with return code 0
[2026-09-22T04:45:19.180+0000] {taskinstance.py:3895} INFO - 2 downstream tasks scheduled from follow-on schedule check
[2026-09-22T04:45:19.181+0000] {local_task_job_runner.py:245} INFO - ::endgroup::
