categoria,sub_categoria,nombre_product,sku,url_general,url_product,price_original,precio_oferta,promo_producto,type_promo_by_product,bonus_product,type_bonus_by_product,time_update
Farmacia,Analgésicos,Aspirina Protec 100mg Tab 28,https://www.soriana.com/dw/image/v2/BGBD_PRD/on/demandware.static/-/Sites-soriana-grocery-master-catalog/default/dw27b647e7/images/product/7501318612655_A.jpg?sw=473&sh=473&sm=fit,https://www.soriana.com/farmacia/,/aspirina-protec-100mg-tab-28/3096234.html,$125.00,vacio,3 x 2,vacio,Puntos 'dobles' al pagar con 'FALABELLA',vacio,2026-07-02
Farmacia,Analgésicos,Bio Electro 2 Pack Migraña y Dolor de Cabeza 24 Tabs,https://www.soriana.com/dw/image/v2/BGBD_PRD/on/demandware.static/-/Sites-soriana-grocery-master-catalog/default/dw174b9b4e/images/product/0650240060045_A.jpg?sw=473&sh=473&sm=fit,https://www.soriana.com/farmacia/,/bio-electro-2-pack-migrana-y-dolor-de-cabeza-24-tabs/11573327.html,$199.00,vacio,vacio,vacio,Puntos 'dobles' al pagar con 'FALABELLA',vacio,2026-07-02
Farmacia,Analgésicos,Nikzon Tratamiento Hemorroides 40 Tabletas,https://www.soriana.com/dw/image/v2/BGBD_PRD/on/demandware.static/-/Sites-soriana-grocery-master-catalog/default/dw2dae8465/images/product/0650240024931_A.jpg?sw=473&sh=473&sm=fit,https://www.soriana.com/farmacia/,/nikzon-tratamiento-hemorroides-40-tabletas/2419262.html,$375.00,vacio,vacio,vacio,Puntos 'dobles' al pagar con 'FALABELLA',vacio,2026-07-02
Farmacia,Analgésicos,Nikzon Tratamiento Hemorroides 90 Tabletas,https://www.soriana.com/dw/image/v2/BGBD_PRD/on/demandware.static/-/Sites-soriana-grocery-master-catalog/default/dw5a38288f/images/product/0650240001314_A.jpg?sw=473&sh=473&sm=fit,https://www.soriana.com/farmacia/,/nikzon-tratamiento-hemorroides-90-tabletas/1117254.html,$479.00,vacio,vacio,vacio,Puntos 'dobles' al pagar con 'FALABELLA',vacio,2026-07-02
Farmacia,Analgésicos,Bio Electro Migraña y Dolor De Cabeza 24 tabs,https://www.soriana.com/dw/image/v2/BGBD_PRD/on/demandware.static/-/Sites-soriana-grocery-master-catalog/default/dw5d551a7e/images/product/0650240007651_A.jpg?sw=473&sh=473&sm=fit,https://www.soriana.com/farmacia/,/bio-electro-migrana-y-dolor-de-cabeza-24-tabs/1551248.html,$136.00,vacio,vacio,vacio,Puntos 'dobles' al pagar con 'FALABELLA',vacio,2026-07-02
Farmacia,Analgésicos,Alliviax Naproxeno 550 mg Alivia Dolor e Inflamación 20 Tabletas,https://www.soriana.com/dw/image/v2/BGBD_PRD/on/demandware.static/-/Sites-soriana-grocery-master-catalog/default/dw3fd01b89/images/product/0650240050398_A.jpg?sw=473&sh=473&sm=fit,https://www.soriana.com/farmacia/,/alliviax-naproxeno-550-mg-alivia-dolor-e-inflamacion-20-tabletas/11520622.html,$209.00,vacio,vacio,vacio,Puntos 'dobles' al pagar con 'FALABELLA',vacio,2026-07-02
Farmacia,Analgésicos,Gel Térmico Ultra Bengue Desinflama y Anestesia 35 g,https://www.soriana.com/dw/image/v2/BGBD_PRD/on/demandware.static/-/Sites-soriana-grocery-master-catalog/default/dw7c93c100/images/product/0650240006647_A.jpg?sw=473&sh=473&sm=fit,https://www.soriana.com/farmacia/,/gel-termico-ultra-bengue-desinflama-y-anestesia-35-g/1500507.html,$155.00,vacio,vacio,vacio,Puntos 'dobles' al pagar con 'FALABELLA',vacio,2026-07-02
Farmacia,Analgésicos,Analgésico Antiinflamatorio Flanax 550mg Desinflama y Alivia El Dolor Del Día a Día 12 tabletas,https://www.soriana.com/dw/image/v2/BGBD_PRD/on/demandware.static/-/Sites-soriana-grocery-master-catalog/default/dw62aa5bb0/images/product/7501008497340_A.jpg?sw=473&sh=473&sm=fit,https://www.soriana.com/farmacia/,/analgesico-antiinflamatorio-flanax-550mg-desinflama-y-alivia-el-dolor-del-dia-a-dia-12-tabletas/2156076.html,$255.00,vacio,vacio,vacio,Puntos 'dobles' al pagar con 'FALABELLA',vacio,2026-07-02
Farmacia,Analgésicos,Alliviax Naproxeno 550 mg Alivia Dolor e Inflamación 10 Tabletas,https://www.soriana.com/dw/image/v2/BGBD_PRD/on/demandware.static/-/Sites-soriana-grocery-master-catalog/default/dw9ba10494/images/product/0650240013805_A.jpg?sw=473&sh=473&sm=fit,https://www.soriana.com/farmacia/,/alliviax-naproxeno-550-mg-alivia-dolor-e-inflamacion-10-tabletas/2066969.html,$124.00,vacio,vacio,vacio,Puntos 'dobles' al pagar con 'FALABELLA',vacio,2026-07-02
Farmacia,Analgésicos,Tratamiento Osteoartritis X-Ray 40 Cápsulas,https://www.soriana.com/dw/image/v2/BGBD_PRD/on/demandware.static/-/Sites-soriana-grocery-master-catalog/default/dwefcb06b1/images/product/0650240001635_A.jpg?sw=473&sh=473&sm=fit,https://www.soriana.com/farmacia/,/tratamiento-osteoartritis-x-ray-40-capsulas/1117257.html,$435.00,vacio,vacio,vacio,Puntos 'dobles' al pagar con 'FALABELLA',vacio,2026-07-02
Farmacia,Analgésicos,Allitriple Dolor Muscular Severo 10 Tabletas,https://www.soriana.com/dw/image/v2/BGBD_PRD/on/demandware.static/-/Sites-soriana-grocery-master-catalog/default/dw9bb4d521/images/product/0650240053610_A.jpg?sw=473&sh=473&sm=fit,https://www.soriana.com/farmacia/,/allitriple-dolor-muscular-severo-10-tabletas/11540508.html,$181.00,vacio,vacio,vacio,Puntos 'dobles' al pagar con 'FALABELLA',vacio,2026-07-02
Farmacia,Analgésicos,Motrin Infantil Fsa-Fram Susp 120 ml,https://www.soriana.com/dw/image/v2/BGBD_PRD/on/demandware.static/-/Sites-soriana-grocery-master-catalog/default/dw1833e2af/images/product/7501007535494_A.jpg?sw=473&sh=473&sm=fit,https://www.soriana.com/farmacia/,/motrin-infantil-fsa-fram-susp-120-ml/11927190.html,$245.00,vacio,vacio,vacio,Puntos 'dobles' al pagar con 'FALABELLA',vacio,2026-07-02
Farmacia,Analgésicos,Kank-A Sol 0.3 Oz con 155,https://www.soriana.com/dw/image/v2/BGBD_PRD/on/demandware.static/-/Sites-soriana-grocery-master-catalog/default/dw2eaf9a7d/images/product/0041388284316_A.jpg?sw=473&sh=473&sm=fit,https://www.soriana.com/farmacia/,/kank-a-sol-0.3-oz-con-155/269668.html,$275.00,vacio,vacio,vacio,Puntos 'dobles' al pagar con 'FALABELLA',vacio,2026-07-02
Farmacia,Analgésicos,Allitriple Dolor Muscular Severo 20 Tabletas,https://www.soriana.com/dw/image/v2/BGBD_PRD/on/demandware.static/-/Sites-soriana-grocery-master-catalog/default/dwccc3b67b/images/product/0650240053627_A.jpg?sw=473&sh=473&sm=fit,https://www.soriana.com/farmacia/,/allitriple-dolor-muscular-severo-20-tabletas/11540385.html,$299.00,vacio,vacio,vacio,Puntos 'dobles' al pagar con 'FALABELLA',vacio,2026-07-02
Farmacia,Analgésicos,Flanax Desinflama y Alivia El Dolor Del Día a Día 550 mg 24 tabletas,https://www.soriana.com/dw/image/v2/BGBD_PRD/on/demandware.static/-/Sites-soriana-grocery-master-catalog/default/dw774e056a/images/product/7501008498873_A.jpg?sw=473&sh=473&sm=fit,https://www.soriana.com/farmacia/,/flanax-desinflama-y-alivia-el-dolor-del-dia-a-dia-550-mg-24-tabletas/11585434.html,$399.00,vacio,vacio,vacio,Puntos 'dobles' al pagar con 'FALABELLA',vacio,2026-07-02
Farmacia,Analgésicos,Iodex Cristal Ung con 60g,https://www.soriana.com/dw/image/v2/BGBD_PRD/on/demandware.static/-/Sites-soriana-grocery-master-catalog/default/dw1c67ec31/images/product/7501064560163_A.jpg?sw=473&sh=473&sm=fit,https://www.soriana.com/farmacia/,/iodex-cristal-ung-con-60g/381263.html,$99.50,vacio,vacio,vacio,Puntos 'dobles' al pagar con 'FALABELLA',vacio,2026-07-02
Farmacia,Analgésicos,Allitriple Dolor Muscular Severo 6 Tabletas,https://www.soriana.com/dw/image/v2/BGBD_PRD/on/demandware.static/-/Sites-soriana-grocery-master-catalog/default/dw4cf6340f/images/product/0650240053634_A.jpg?sw=473&sh=473&sm=fit,https://www.soriana.com/farmacia/,/allitriple-dolor-muscular-severo-6-tabletas/11540472.html,$117.00,vacio,vacio,vacio,Puntos 'dobles' al pagar con 'FALABELLA',vacio,2026-07-02
Farmacia,Analgésicos,Analgésico CafiAspirina para dolor de cabeza severo y muelas 40 tabletas,https://www.soriana.com/dw/image/v2/BGBD_PRD/on/demandware.static/-/Sites-soriana-grocery-master-catalog/default/dwd530155f/images/product/7501008433676_A.jpg?sw=473&sh=473&sm=fit,https://www.soriana.com/farmacia/,/analgesico-cafiaspirina-para-dolor-de-cabeza-severo-y-muelas-40-tabletas/361101.html,$71.90,vacio,vacio,vacio,Puntos 'dobles' al pagar con 'FALABELLA',vacio,2026-07-02
Farmacia,Analgésicos,Tempra Gotas Pediátrico Sabor Uva 30 ml,https://www.soriana.com/dw/image/v2/BGBD_PRD/on/demandware.static/-/Sites-soriana-grocery-master-catalog/default/dw18325116/images/product/7501058714312_A.jpg?sw=473&sh=473&sm=fit,https://www.soriana.com/farmacia/,/tempra-gotas-pediatrico-sabor-uva-30-ml/11291472.html,$215.00,vacio,vacio,vacio,Puntos 'dobles' al pagar con 'FALABELLA',vacio,2026-07-02
Farmacia,Analgésicos,Nodrim Paracetamol 500 mg Tab con 20,https://www.soriana.com/dw/image/v2/BGBD_PRD/on/demandware.static/-/Sites-soriana-grocery-master-catalog/default/dwfe45d2e1/images/product/7500093754567_A.jpg?sw=473&sh=473&sm=fit,https://www.soriana.com/farmacia/,/nodrim-paracetamol-500-mg-tab-con-20/11185734.html,$29.50,vacio,vacio,Aplica cupón,Puntos 'dobles' al pagar con 'FALABELLA',vacio,2026-07-02
Farmacia,Analgésicos,Nodrim Paracetamol 500 mg Tab con 10,https://www.soriana.com/dw/image/v2/BGBD_PRD/on/demandware.static/-/Sites-soriana-grocery-master-catalog/default/dw83b430ea/images/product/7500093754574_A.jpg?sw=473&sh=473&sm=fit,https://www.soriana.com/farmacia/,/nodrim-paracetamol-500-mg-tab-con-10/11185731.html,$16.90,vacio,vacio,Aplica cupón,Puntos 'dobles' al pagar con 'FALABELLA',vacio,2026-07-02
Farmacia,Analgésicos,Analgésico Aspirina para dolor de cabeza y fiebre 40 tabletas,https://www.soriana.com/dw/image/v2/BGBD_PRD/on/demandware.static/-/Sites-soriana-grocery-master-catalog/default/dw12c0b083/images/product/7501008491966_A.jpg?sw=473&sh=473&sm=fit,https://www.soriana.com/farmacia/,/analgesico-aspirina-para-dolor-de-cabeza-y-fiebre-40-tabletas/361111.html,$60.50,vacio,vacio,vacio,Puntos 'dobles' al pagar con 'FALABELLA',vacio,2026-07-02
Farmacia,Analgésicos,Gel Antiinflamatorio Ultra Bengue Lidocaina 35 gr,https://www.soriana.com/dw/image/v2/BGBD_PRD/on/demandware.static/-/Sites-soriana-grocery-master-catalog/default/dw9b02f2fa/images/product/0650240010507_A.jpg?sw=473&sh=473&sm=fit,https://www.soriana.com/farmacia/,/gel-antiinflamatorio-ultra-bengue-lidocaina-35-gr/1675318.html,$142.00,vacio,vacio,vacio,Puntos 'dobles' al pagar con 'FALABELLA',vacio,2026-07-02
Farmacia,Analgésicos,Nodrim Ibuprofeno 400 mg Tab con 20,https://www.soriana.com/dw/image/v2/BGBD_PRD/on/demandware.static/-/Sites-soriana-grocery-master-catalog/default/dwb718b047/images/product/7500093754352_A.jpg?sw=473&sh=473&sm=fit,https://www.soriana.com/farmacia/,/nodrim-ibuprofeno-400-mg-tab-con-20/11185733.html,$69.00,vacio,vacio,Aplica cupón,Puntos 'dobles' al pagar con 'FALABELLA',vacio,2026-07-02
Farmacia,Analgésicos,Nodrim Naproxeno/Paracetamol 275/300 Mg Con 15 Tabletas,https://www.soriana.com/dw/image/v2/BGBD_PRD/on/demandware.static/-/Sites-soriana-grocery-master-catalog/default/dwffaf91f0/images/product/7500525066367_A.jpg?sw=473&sh=473&sm=fit,https://www.soriana.com/farmacia/,/nodrim-naproxeno-paracetamol-275-300-mg-con-15-tabletas/11455799.html,$40.00,vacio,vacio,Aplica cupón,Puntos 'dobles' al pagar con 'FALABELLA',vacio,2026-07-02
Farmacia,Analgésicos,Dolo-Neurobion Tab con 20 Pzas,https://www.soriana.com/dw/image/v2/BGBD_PRD/on/demandware.static/-/Sites-soriana-grocery-master-catalog/default/dw80f74c94/images/product/7501298223704_A.jpg?sw=473&sh=473&sm=fit,https://www.soriana.com/farmacia/,/dolo-neurobion-tab-con-20-pzas/8002610.html,$355.00,vacio,vacio,vacio,Puntos 'dobles' al pagar con 'FALABELLA',vacio,2026-07-02
Farmacia,Analgésicos,Advil Max 400mg Cap 10,https://www.soriana.com/dw/image/v2/BGBD_PRD/on/demandware.static/-/Sites-soriana-grocery-master-catalog/default/dw75683e51/images/product/7501108767527_A.jpg?sw=473&sh=473&sm=fit,https://www.soriana.com/farmacia/,/advil-max-400mg-cap-10/1571865.html,$126.00,vacio,vacio,vacio,Puntos 'dobles' al pagar con 'FALABELLA',vacio,2026-07-02
Farmacia,Analgésicos,Analgésico Aspirina efervescente para dolor y fiebre 12 tabletas,https://www.soriana.com/dw/image/v2/BGBD_PRD/on/demandware.static/-/Sites-soriana-grocery-master-catalog/default/dwad1643c8/images/product/7501008496701_A.jpg?sw=473&sh=473&sm=fit,https://www.soriana.com/farmacia/,/analgesico-aspirina-efervescente-para-dolor-y-fiebre-12-tabletas/361115.html,$47.50,vacio,vacio,vacio,Puntos 'dobles' al pagar con 'FALABELLA',vacio,2026-07-02
Farmacia,Analgésicos,Nodrim Ibuprofeno 400mg Cap Gb con 10,https://www.soriana.com/dw/image/v2/BGBD_PRD/on/demandware.static/-/Sites-soriana-grocery-master-catalog/default/dw6ab98767/images/product/7500093752907_A.jpg?sw=473&sh=473&sm=fit,https://www.soriana.com/farmacia/,/nodrim-ibuprofeno-400mg-cap-gb-con-10/11187440.html,$49.90,vacio,vacio,Aplica cupón,Puntos 'dobles' al pagar con 'FALABELLA',vacio,2026-07-02
Farmacia,Analgésicos,Sedalmerck Tab con 20,https://www.soriana.com/dw/image/v2/BGBD_PRD/on/demandware.static/-/Sites-soriana-grocery-master-catalog/default/dwcbfa8d83/images/product/7501298281209_A.jpg?sw=473&sh=473&sm=fit,https://www.soriana.com/farmacia/,/sedalmerck-tab-con-20/443891.html,$97.50,vacio,vacio,vacio,Puntos 'dobles' al pagar con 'FALABELLA',vacio,2026-07-02
Farmacia,Analgésicos,Agrifen Antigripal 500 mg 10 Tabletas,https://www.soriana.com/dw/image/v2/BGBD_PRD/on/demandware.static/-/Sites-soriana-grocery-master-catalog/default/dw968c2b42/images/product/7501125116810_A.jpg?sw=473&sh=473&sm=fit,https://www.soriana.com/farmacia/,/agrifen-antigripal-500-mg-10-tabletas/557237.html,$37.90,vacio,vacio,vacio,Puntos 'dobles' al pagar con 'FALABELLA',vacio,2026-07-02
Farmacia,Analgésicos,Neo Melufen Inf Uva 100mg Susp con 100ml,https://www.soriana.com/dw/image/v2/BGBD_PRD/on/demandware.static/-/Sites-soriana-grocery-master-catalog/default/dw45acb422/images/product/7501165006126_A.jpg?sw=473&sh=473&sm=fit,https://www.soriana.com/farmacia/,/neo-melufen-inf-uva-100mg-susp-con-100ml/1797953.html,$172.00,vacio,vacio,vacio,Puntos 'dobles' al pagar con 'FALABELLA',vacio,2026-07-02
Farmacia,Analgésicos,Nodrim Ibuprofeno 2 Gr Susp con 120 ml,https://www.soriana.com/dw/image/v2/BGBD_PRD/on/demandware.static/-/Sites-soriana-grocery-master-catalog/default/dw8ff2a871/images/product/7500093753362_A.jpg?sw=473&sh=473&sm=fit,https://www.soriana.com/farmacia/,/nodrim-ibuprofeno-2-gr-susp-con-120-ml/11185752.html,$81.90,vacio,vacio,Aplica cupón,Puntos 'dobles' al pagar con 'FALABELLA',vacio,2026-07-02
Farmacia,Analgésicos,Tempra Masticables 80 mg 30 tabletas,https://www.soriana.com/dw/image/v2/BGBD_PRD/on/demandware.static/-/Sites-soriana-grocery-master-catalog/default/dw9d968b00/images/product/7501095452178_A.jpg?sw=473&sh=473&sm=fit,https://www.soriana.com/farmacia/,/tempra-masticables-80-mg-30-tabletas/389883.html,$113.50,vacio,vacio,vacio,Puntos 'dobles' al pagar con 'FALABELLA',vacio,2026-07-02
Farmacia,Analgésicos,Voltaren Emulgel 12 Horas 2.32% 50g,https://www.soriana.com/dw/image/v2/BGBD_PRD/on/demandware.static/-/Sites-soriana-grocery-master-catalog/default/dwc5c04f99/images/product/7501065084996_A.jpg?sw=473&sh=473&sm=fit,https://www.soriana.com/farmacia/,/voltaren-emulgel-12-horas-2.32--50g/11744663.html,$198.00,vacio,vacio,vacio,Puntos 'dobles' al pagar con 'FALABELLA',vacio,2026-07-02
Farmacia,Analgésicos,Ketorolaco Nodrim 30Mg 6 Tabletas,https://www.soriana.com/dw/image/v2/BGBD_PRD/on/demandware.static/-/Sites-soriana-grocery-master-catalog/default/dw808e54ba/images/product/7500525360328_A.jpg?sw=473&sh=473&sm=fit,https://www.soriana.com/farmacia/,/ketorolaco-nodrim-30mg-6-tabletas/11653515.html,$54.90,vacio,3 x 2,Aplica cupón,Puntos 'dobles' al pagar con 'FALABELLA',vacio,2026-07-02
Farmacia,Analgésicos,Arnica Montana Nartex Pom con 28,https://www.soriana.com/dw/image/v2/BGBD_PRD/on/demandware.static/-/Sites-soriana-grocery-master-catalog/default/dwdf0c6a3e/images/product/7501358161601_A.jpg?sw=473&sh=473&sm=fit,https://www.soriana.com/farmacia/,/arnica-montana-nartex-pom-con-28/451250.html,$68.80,vacio,vacio,vacio,Puntos 'dobles' al pagar con 'FALABELLA',vacio,2026-07-02
Farmacia,Analgésicos,Nodrim Diclofenaco 1 % Gel con 30 Gr,https://www.soriana.com/dw/image/v2/BGBD_PRD/on/demandware.static/-/Sites-soriana-grocery-master-catalog/default/dwc5aa6821/images/product/7500093754277_A.jpg?sw=473&sh=473&sm=fit,https://www.soriana.com/farmacia/,/nodrim-diclofenaco-1-gel-con-30-gr/11187512.html,$54.00,vacio,vacio,Aplica cupón,Puntos 'dobles' al pagar con 'FALABELLA',vacio,2026-07-02
Farmacia,Analgésicos,Baftas Gel Gingival Tubo 15ml,https://www.soriana.com/dw/image/v2/BGBD_PRD/on/demandware.static/-/Sites-soriana-grocery-master-catalog/default/dw9c64db27/images/product/8414600176713_A.jpg?sw=473&sh=473&sm=fit,https://www.soriana.com/farmacia/,/baftas-gel-gingival-tubo-15ml/8011085.html,$197.20,vacio,vacio,vacio,Puntos 'dobles' al pagar con 'FALABELLA',vacio,2026-07-02
Farmacia,Analgésicos,Cafiaspirina Forte Acido Acetilsalicílico 650 mg Cafeína 56 mg 24 Tabletas,https://www.soriana.com/dw/image/v2/BGBD_PRD/on/demandware.static/-/Sites-soriana-grocery-master-catalog/default/dwb414f35a/images/product/7501008433553_A.jpg?sw=473&sh=473&sm=fit,https://www.soriana.com/farmacia/,/cafiaspirina-forte-acido-acetilsalicilico-650-mg-cafeina-56-mg-24-tabletas/1137020.html,$92.90,vacio,vacio,vacio,Puntos 'dobles' al pagar con 'FALABELLA',vacio,2026-07-02
Farmacia,Analgésicos,Motrin Pediátrico Sabor Fresa-Frambuesa GTS 15 ml + PDS,https://www.soriana.com/dw/image/v2/BGBD_PRD/on/demandware.static/-/Sites-soriana-grocery-master-catalog/default/dwbf5893cb/images/product/7501007535487_A.jpg?sw=473&sh=473&sm=fit,https://www.soriana.com/farmacia/,/motrin-pediatrico-sabor-fresa-frambuesa-gts-15-ml-pds/11927233.html,$182.27,vacio,vacio,vacio,Puntos 'dobles' al pagar con 'FALABELLA',vacio,2026-07-02
Farmacia,Analgésicos,Tempra Infantil Jarabe Sabor Fresa 120 ml,https://www.soriana.com/dw/image/v2/BGBD_PRD/on/demandware.static/-/Sites-soriana-grocery-master-catalog/default/dw9edbd4e2/images/product/7501058714305_A.jpg?sw=473&sh=473&sm=fit,https://www.soriana.com/farmacia/,/tempra-infantil-jarabe-sabor-fresa-120-ml/8001650.html,$235.00,vacio,vacio,vacio,Puntos 'dobles' al pagar con 'FALABELLA',vacio,2026-07-02
Farmacia,Analgésicos,Antiinflamatorio Flanax Gel Desinflama y Alivia el Dolor Localizado 40g,https://www.soriana.com/dw/image/v2/BGBD_PRD/on/demandware.static/-/Sites-soriana-grocery-master-catalog/default/dw80a54b45/images/product/7501008426944_A.jpg?sw=473&sh=473&sm=fit,https://www.soriana.com/farmacia/,/antiinflamatorio-flanax-gel-desinflama-y-alivia-el-dolor-localizado-40g/1406910.html,$178.00,vacio,vacio,vacio,Puntos 'dobles' al pagar con 'FALABELLA',vacio,2026-07-02
Farmacia,Analgésicos,Analgésico CafiAspirina para dolor de cabeza severo y muelas 100 tabletas,https://www.soriana.com/dw/image/v2/BGBD_PRD/on/demandware.static/-/Sites-soriana-grocery-master-catalog/default/dwbd476256/images/product/7501008433515_A.jpg?sw=473&sh=473&sm=fit,https://www.soriana.com/farmacia/,/analgesico-cafiaspirina-para-dolor-de-cabeza-severo-y-muelas-100-tabletas/361100.html,$166.00,vacio,vacio,vacio,Puntos 'dobles' al pagar con 'FALABELLA',vacio,2026-07-02
Farmacia,Analgésicos,Tempra Forte 650 mg 24 tabletas,https://www.soriana.com/dw/image/v2/BGBD_PRD/on/demandware.static/-/Sites-soriana-grocery-master-catalog/default/dw6e587322/images/product/7501095452505_A.jpg?sw=473&sh=473&sm=fit,https://www.soriana.com/farmacia/,/tempra-forte-650-mg-24-tabletas/659137.html,$150.00,vacio,vacio,vacio,Puntos 'dobles' al pagar con 'FALABELLA',vacio,2026-07-02
Farmacia,Analgésicos,Aspirina Junior Alivio De Dolor De Cabeza y Fiebre 60 Tabletas,https://www.soriana.com/dw/image/v2/BGBD_PRD/on/demandware.static/-/Sites-soriana-grocery-master-catalog/default/dw571c2f6d/images/product/7501008494226_A.jpg?sw=473&sh=473&sm=fit,https://www.soriana.com/farmacia/,/aspirina-junior-alivio-de-dolor-de-cabeza-y-fiebre-60-tabletas/361113.html,$87.90,vacio,vacio,vacio,Puntos 'dobles' al pagar con 'FALABELLA',vacio,2026-07-02
Farmacia,Analgésicos,Tylenol Ad. 20 mg,https://www.soriana.com/dw/image/v2/BGBD_PRD/on/demandware.static/-/Sites-soriana-grocery-master-catalog/default/dwcae26755/images/product/7501100088095_A.jpg?sw=473&sh=473&sm=fit,https://www.soriana.com/farmacia/,/tylenol-ad.-20-mg/390288.html,$137.00,vacio,vacio,vacio,Puntos 'dobles' al pagar con 'FALABELLA',vacio,2026-07-02
Farmacia,Analgésicos,Nodrim Ibuprofeno 200 mg Tab con 12,https://www.soriana.com/dw/image/v2/BGBD_PRD/on/demandware.static/-/Sites-soriana-grocery-master-catalog/default/dwafd474cd/images/product/7500093754338_A.jpg?sw=473&sh=473&sm=fit,https://www.soriana.com/farmacia/,/nodrim-ibuprofeno-200-mg-tab-con-12/11185750.html,$37.00,vacio,vacio,Aplica cupón,Puntos 'dobles' al pagar con 'FALABELLA',vacio,2026-07-02
Farmacia,Analgésicos,Gelulbrin 400 mg Cap C10,https://www.soriana.com/dw/image/v2/BGBD_PRD/on/demandware.static/-/Sites-soriana-grocery-master-catalog/default/dw525dca4c/images/product/7503008344785_A.jpg?sw=473&sh=473&sm=fit,https://www.soriana.com/farmacia/,/gelulbrin-400-mg-cap-c10/8008382.html,$41.90,vacio,3 x 2,vacio,Puntos 'dobles' al pagar con 'FALABELLA',vacio,2026-07-02
Farmacia,Analgésicos,"Nodrim Paracetamol, Cafeína 500/50mg con 20 Tabletas",https://www.soriana.com/dw/image/v2/BGBD_PRD/on/demandware.static/-/Sites-soriana-grocery-master-catalog/default/dw0e9c8290/images/product/7500093754628_A.jpg?sw=473&sh=473&sm=fit,https://www.soriana.com/farmacia/,/nodrim-paracetamol-cafeina-500-50mg-con-20-tabletas/11185739.html,$39.90,vacio,vacio,Aplica cupón,Puntos 'dobles' al pagar con 'FALABELLA',vacio,2026-07-02
Farmacia,Analgésicos,Ml-Prim C/24 Cap,https://www.soriana.com/dw/image/v2/BGBD_PRD/on/demandware.static/-/Sites-soriana-grocery-master-catalog/default/dwe009d951/images/product/7502227426890_A.jpg?sw=473&sh=473&sm=fit,https://www.soriana.com/farmacia/,/ml-prim--c-24-cap/11585139.html,$121.00,vacio,vacio,vacio,Puntos 'dobles' al pagar con 'FALABELLA',vacio,2026-07-02
Farmacia,Analgésicos,Voltaren Emulgel 1.16% 30g,https://www.soriana.com/dw/image/v2/BGBD_PRD/on/demandware.static/-/Sites-soriana-grocery-master-catalog/default/dw8e7dbd14/images/product/7501065085191_A.jpg?sw=473&sh=473&sm=fit,https://www.soriana.com/farmacia/,/voltaren-emulgel-1.16--30g/11744661.html,$103.00,vacio,vacio,vacio,Puntos 'dobles' al pagar con 'FALABELLA',vacio,2026-07-02
Farmacia,Analgésicos,Nodrim Naproxeno 550mg Cap Gb con 12,https://www.soriana.com/dw/image/v2/BGBD_PRD/on/demandware.static/-/Sites-soriana-grocery-master-catalog/default/dw18331915/images/product/7500093752921_A.jpg?sw=473&sh=473&sm=fit,https://www.soriana.com/farmacia/,/nodrim-naproxeno-550mg-cap-gb-con-12/11189272.html,$65.90,vacio,vacio,Aplica cupón,Puntos 'dobles' al pagar con 'FALABELLA',vacio,2026-07-02
Farmacia,Analgésicos,Saridon Paracetamol y Cafeína 20 Comprimidos,https://www.soriana.com/dw/image/v2/BGBD_PRD/on/demandware.static/-/Sites-soriana-grocery-master-catalog/default/dw8613bbaa/images/product/7501008409541_A.jpg?sw=473&sh=473&sm=fit,https://www.soriana.com/farmacia/,/saridon-paracetamol-y-cafeina-20-comprimidos/3041075.html,$84.50,vacio,vacio,vacio,Puntos 'dobles' al pagar con 'FALABELLA',vacio,2026-07-02
Farmacia,Analgésicos,Nodrim Ibuprofeno 400 mg Tab con 10,https://www.soriana.com/dw/image/v2/BGBD_PRD/on/demandware.static/-/Sites-soriana-grocery-master-catalog/default/dw9446d2a1/images/product/7500093754345_A.jpg?sw=473&sh=473&sm=fit,https://www.soriana.com/farmacia/,/nodrim-ibuprofeno-400-mg-tab-con-10/11185737.html,$45.00,vacio,vacio,Aplica cupón,Puntos 'dobles' al pagar con 'FALABELLA',vacio,2026-07-02
Farmacia,Analgésicos,Rocainol Ung con 4,https://www.soriana.com/dw/image/v2/BGBD_PRD/on/demandware.static/-/Sites-soriana-grocery-master-catalog/default/dwbbbf0062/images/product/0354312625018_A.jpg?sw=473&sh=473&sm=fit,https://www.soriana.com/farmacia/,/rocainol-ung-con-4/310389.html,$60.50,vacio,vacio,vacio,Puntos 'dobles' al pagar con 'FALABELLA',vacio,2026-07-02
Farmacia,Analgésicos,Nodrim Parace/A.Acetil/Caf Tab con 24,https://www.soriana.com/dw/image/v2/BGBD_PRD/on/demandware.static/-/Sites-soriana-grocery-master-catalog/default/dwa899ccc3/images/product/7500093754611_A.jpg?sw=473&sh=473&sm=fit,https://www.soriana.com/farmacia/,/nodrim-parace-a.acetil-caf-tab-con-24/11185736.html,$62.00,vacio,vacio,Aplica cupón,Puntos 'dobles' al pagar con 'FALABELLA',vacio,2026-07-02
Farmacia,Analgésicos,Pomada para Masaje de Arnica Yerbo Vital 120 Gr,https://www.soriana.com/dw/image/v2/BGBD_PRD/on/demandware.static/-/Sites-soriana-grocery-master-catalog/default/dwce530339/images/product/7503012656508_A.jpg?sw=473&sh=473&sm=fit,https://www.soriana.com/farmacia/,/pomada-para-masaje-de-arnica-yerbo-vital-120-gr/1302587.html,$55.00,vacio,vacio,vacio,Puntos 'dobles' al pagar con 'FALABELLA',vacio,2026-07-02
Farmacia,Analgésicos,Jaloma Arnica Gel 120ml,https://www.soriana.com/dw/image/v2/BGBD_PRD/on/demandware.static/-/Sites-soriana-grocery-master-catalog/default/dw489f2427/images/product/0759684900112_A.jpg?sw=473&sh=473&sm=fit,https://www.soriana.com/farmacia/,/jaloma-arnica-gel-120ml/11576219.html,$51.50,vacio,vacio,vacio,Puntos 'dobles' al pagar con 'FALABELLA',vacio,2026-07-02
Farmacia,Analgésicos,Nodrim Gel De Arnica 70 Ml,https://www.soriana.com/dw/image/v2/BGBD_PRD/on/demandware.static/-/Sites-soriana-grocery-master-catalog/default/dw1ac81cb2/images/product/7500525398918_A.jpg?sw=473&sh=473&sm=fit,https://www.soriana.com/farmacia/,/nodrim-gel-de-arnica-70-ml/11610220.html,$47.90,vacio,vacio,vacio,Puntos 'dobles' al pagar con 'FALABELLA',vacio,2026-07-02
Farmacia,Analgésicos,Nodrim Paracetamol 650 mg Tab con 24,https://www.soriana.com/dw/image/v2/BGBD_PRD/on/demandware.static/-/Sites-soriana-grocery-master-catalog/default/dw8e549ee2/images/product/7500093754581_A.jpg?sw=473&sh=473&sm=fit,https://www.soriana.com/farmacia/,/nodrim-paracetamol-650-mg-tab-con-24/11185730.html,$40.00,vacio,vacio,Aplica cupón,Puntos 'dobles' al pagar con 'FALABELLA',vacio,2026-07-02
Farmacia,Analgésicos,Gpp Acido Acetilsali 500mg Tab con 20 Pzas,https://www.soriana.com/dw/image/v2/BGBD_PRD/on/demandware.static/-/Sites-soriana-grocery-master-catalog/default/dw0bb8de1e/images/product/7503004908684_A.jpg?sw=473&sh=473&sm=fit,https://www.soriana.com/farmacia/,/gpp-acido-acetilsali-500mg-tab-con-20-pzas/8008225.html,$18.90,vacio,vacio,vacio,Puntos 'dobles' al pagar con 'FALABELLA',vacio,2026-07-02
Farmacia,Analgésicos,Pomada Protectora Hipoalergénica Avanta 45 G,https://www.soriana.com/dw/image/v2/BGBD_PRD/on/demandware.static/-/Sites-soriana-grocery-master-catalog/default/dw4b604bc3/images/product/7506400900054_A.jpg?sw=473&sh=473&sm=fit,https://www.soriana.com/farmacia/,/pomada-protectora-hipoalergenica-avanta-45-g/9069195.html,$98.90,vacio,vacio,vacio,Puntos 'dobles' al pagar con 'FALABELLA',vacio,2026-07-02
Farmacia,Analgésicos,Mariguanol Balsamo 90 Gr,https://www.soriana.com/dw/image/v2/BGBD_PRD/on/demandware.static/-/Sites-soriana-grocery-master-catalog/default/dwc5f11a9e/images/product/7503024957808_A.jpg?sw=473&sh=473&sm=fit,https://www.soriana.com/farmacia/,/mariguanol-balsamo-90-gr/11534498.html,$199.00,vacio,vacio,vacio,Puntos 'dobles' al pagar con 'FALABELLA',vacio,2026-07-02
Farmacia,Analgésicos,Bremol 300/275mg Tab con 15,https://www.soriana.com/dw/image/v2/BGBD_PRD/on/demandware.static/-/Sites-soriana-grocery-master-catalog/default/dwd4580e3b/images/product/7501384514570_A.jpg?sw=473&sh=473&sm=fit,https://www.soriana.com/farmacia/,/bremol-300-275mg-tab-con-15/1197250.html,$103.00,vacio,vacio,vacio,Puntos 'dobles' al pagar con 'FALABELLA',vacio,2026-07-02
Farmacia,Analgésicos,Parches Voltaren 24H 5 Piezas,https://www.soriana.com/dw/image/v2/BGBD_PRD/on/demandware.static/-/Sites-soriana-grocery-master-catalog/default/dwf4bfa5a9/images/product/7501094915353_A.JPG?sw=473&sh=473&sm=fit,https://www.soriana.com/farmacia/,/parches-voltaren-24h-5-piezas/1380993.html,$157.00,vacio,vacio,vacio,Puntos 'dobles' al pagar con 'FALABELLA',vacio,2026-07-02
Farmacia,Analgésicos,Advil Fast Gel 200mg Cap con 10,https://www.soriana.com/dw/image/v2/BGBD_PRD/on/demandware.static/-/Sites-soriana-grocery-master-catalog/default/dw2e3d8d8c/images/product/7501108763475_A.JPG?sw=473&sh=473&sm=fit,https://www.soriana.com/farmacia/,/advil-fast-gel-200mg-cap-con-10/1497181.html,$87.50,vacio,vacio,vacio,Puntos 'dobles' al pagar con 'FALABELLA',vacio,2026-07-02
Farmacia,Analgésicos,Syncol 500/25/15mg Cmpr con 24,https://www.soriana.com/dw/image/v2/BGBD_PRD/on/demandware.static/-/Sites-soriana-grocery-master-catalog/default/dwfa92983d/images/product/7501070600556_A.jpg?sw=473&sh=473&sm=fit,https://www.soriana.com/farmacia/,/syncol-500-25-15mg-cmpr-con-24/383098.html,$171.00,vacio,vacio,vacio,Puntos 'dobles' al pagar con 'FALABELLA',vacio,2026-07-02
Farmacia,Analgésicos,Medicor Arnica Pom con 28gr,https://www.soriana.com/dw/image/v2/BGBD_PRD/on/demandware.static/-/Sites-soriana-grocery-master-catalog/default/dwd0ec901d/images/product/7501581100255_A.jpg?sw=473&sh=473&sm=fit,https://www.soriana.com/farmacia/,/medicor-arnica-pom-con-28gr/462543.html,$63.75,vacio,vacio,vacio,Puntos 'dobles' al pagar con 'FALABELLA',vacio,2026-07-02
Farmacia,Analgésicos,Excedrin Dolores Fuertes 24 Tabs,https://www.soriana.com/dw/image/v2/BGBD_PRD/on/demandware.static/-/Sites-soriana-grocery-master-catalog/default/dwfbaccf86/images/product/7501065064707_A.jpg?sw=473&sh=473&sm=fit,https://www.soriana.com/farmacia/,/excedrin-dolores-fuertes-24-tabs/11744665.html,$107.00,vacio,vacio,vacio,Puntos 'dobles' al pagar con 'FALABELLA',vacio,2026-07-02
Farmacia,Analgésicos,Syncol Dual 300 mg C/12 Tabletas,https://www.soriana.com/dw/image/v2/BGBD_PRD/on/demandware.static/-/Sites-soriana-grocery-master-catalog/default/dwfa0e2681/images/product/7501070600563_A.jpg?sw=473&sh=473&sm=fit,https://www.soriana.com/farmacia/,/syncol-dual-300-mg-c-12-tabletas/586543.html,$192.00,vacio,vacio,vacio,Puntos 'dobles' al pagar con 'FALABELLA',vacio,2026-07-02
Farmacia,Analgésicos,Flanax Desinflama y Alivia El Dolor Del Día a Día 550 mg 6 tabletas,https://www.soriana.com/dw/image/v2/BGBD_PRD/on/demandware.static/-/Sites-soriana-grocery-master-catalog/default/dw07ccbc03/images/product/7501008498866_A.jpg?sw=473&sh=473&sm=fit,https://www.soriana.com/farmacia/,/flanax-desinflama-y-alivia-el-dolor-del-dia-a-dia-550-mg-6-tabletas/8002845.html,$137.00,vacio,vacio,vacio,Puntos 'dobles' al pagar con 'FALABELLA',vacio,2026-07-02
Farmacia,Analgésicos,Analgen NF gel 30grs,https://www.soriana.com/dw/image/v2/BGBD_PRD/on/demandware.static/-/Sites-soriana-grocery-master-catalog/default/dwfd105268/images/product/7501299309469_A.jpg?sw=473&sh=473&sm=fit,https://www.soriana.com/farmacia/,/analgen-nf-gel-30grs/8008248.html,$110.00,vacio,vacio,vacio,Puntos 'dobles' al pagar con 'FALABELLA',vacio,2026-07-02
Farmacia,Analgésicos,Bálsamo CBD Life Calmante 90 Gr,https://www.soriana.com/dw/image/v2/BGBD_PRD/on/demandware.static/-/Sites-soriana-grocery-master-catalog/default/dwdd38f9f6/images/product/7503024957648_A.jpg?sw=473&sh=473&sm=fit,https://www.soriana.com/farmacia/,/balsamo-cbd-life-calmante-90-gr/11534497.html,$349.00,vacio,vacio,vacio,Puntos 'dobles' al pagar con 'FALABELLA',vacio,2026-07-02
Farmacia,Analgésicos,Flanax Nocto Alivia El Dolor y Ayuda a Conciliar El Sueño 20 Comprimidos,https://www.soriana.com/dw/image/v2/BGBD_PRD/on/demandware.static/-/Sites-soriana-grocery-master-catalog/default/dw5c6e9164/images/product/7501008499092_A.jpg?sw=473&sh=473&sm=fit,https://www.soriana.com/farmacia/,/flanax-nocto-alivia-el-dolor-y-ayuda-a-conciliar-el-sueno-20-comprimidos/11585433.html,$163.00,vacio,vacio,vacio,Puntos 'dobles' al pagar con 'FALABELLA',vacio,2026-07-02
Farmacia,Analgésicos,Voltaren 12hrs Crema con 100 Gr,https://www.soriana.com/dw/image/v2/BGBD_PRD/on/demandware.static/-/Sites-soriana-grocery-master-catalog/default/dw471fd6b8/images/product/7501124818500_A.JPG?sw=473&sh=473&sm=fit,https://www.soriana.com/farmacia/,/voltaren-12hrs-crema-con-100-gr/2719096.html,$315.00,vacio,vacio,vacio,Puntos 'dobles' al pagar con 'FALABELLA',vacio,2026-07-02
Farmacia,Analgésicos,Orangelart 200mg 30 Cápsulas,https://www.soriana.com/dw/image/v2/BGBD_PRD/on/demandware.static/-/Sites-soriana-grocery-master-catalog/default/dwf352df0d/images/product/3504108092051_A.jpg?sw=473&sh=473&sm=fit,https://www.soriana.com/farmacia/,/orangelart-200mg-30-capsulas/3130233.html,"$1,250.06",vacio,vacio,vacio,Puntos 'dobles' al pagar con 'FALABELLA',vacio,2026-07-02
Farmacia,Analgésicos,Aspirina Tableta Efervec. con 60 Acido Ace,https://www.soriana.com/dw/image/v2/BGBD_PRD/on/demandware.static/-/Sites-soriana-grocery-master-catalog/default/dw36ed354d/images/product/7501008496725_A.jpg?sw=473&sh=473&sm=fit,https://www.soriana.com/farmacia/,/aspirina-tableta-efervec.-con-60-acido-ace/698821.html,$245.00,vacio,vacio,vacio,Puntos 'dobles' al pagar con 'FALABELLA',vacio,2026-07-02
Farmacia,Analgésicos,"Analgen Cólico Menstrual 220mg, 10 Tabletas",https://www.soriana.com/dw/image/v2/BGBD_PRD/on/demandware.static/-/Sites-soriana-grocery-master-catalog/default/dwa497a884/images/product/7501299309445_A.jpg?sw=473&sh=473&sm=fit,https://www.soriana.com/farmacia/,/analgen-colico-menstrual-220mg-10-tabletas/712366.html,$93.50,vacio,vacio,vacio,Puntos 'dobles' al pagar con 'FALABELLA',vacio,2026-07-02
Farmacia,Analgésicos,ALLIVIAX 550 MG 6 TABS,https://www.soriana.com/dw/image/v2/BGBD_PRD/on/demandware.static/-/Sites-soriana-grocery-master-catalog/default/dwf7a788d0/images/product/650240070822_A.jpg?sw=473&sh=473&sm=fit,https://www.soriana.com/farmacia/,/alliviax-550-mg-6-tabs/11916844.html,$89.00,vacio,vacio,vacio,Puntos 'dobles' al pagar con 'FALABELLA',vacio,2026-07-02
Farmacia,Analgésicos,Venastat Fresco Gel con 115g,https://www.soriana.com/dw/image/v2/BGBD_PRD/on/demandware.static/-/Sites-soriana-grocery-master-catalog/default/dwbe30645c/images/product/7501089810410_A.jpg?sw=473&sh=473&sm=fit,https://www.soriana.com/farmacia/,/venastat-fresco-gel-con-115g/1141999.html,$290.00,vacio,vacio,vacio,Puntos 'dobles' al pagar con 'FALABELLA',vacio,2026-07-02
Farmacia,Analgésicos,Venastat 265 mg Oral 30 Cápsulas Liberación Prolongada,https://www.soriana.com/dw/image/v2/BGBD_PRD/on/demandware.static/-/Sites-soriana-grocery-master-catalog/default/dw1f6d75b2/images/product/7501089810397_A.jpg?sw=473&sh=473&sm=fit,https://www.soriana.com/farmacia/,/venastat-265-mg-oral-30-capsulas-liberacion-prolongada/631596.html,$389.00,vacio,vacio,vacio,Puntos 'dobles' al pagar con 'FALABELLA',vacio,2026-07-02
Farmacia,Analgésicos,Voltaren Parches 24h 30mg con 5,https://www.soriana.com/dw/image/v2/BGBD_PRD/on/demandware.static/-/Sites-soriana-grocery-master-catalog/default/dw29d9c9c4/images/product/7501124816865_A.JPG?sw=473&sh=473&sm=fit,https://www.soriana.com/farmacia/,/voltaren-parches-24h-30mg-con-5/2364440.html,$209.00,vacio,vacio,vacio,Puntos 'dobles' al pagar con 'FALABELLA',vacio,2026-07-02
Farmacia,Analgésicos,Tempra 500 mg 20 tabletas,https://www.soriana.com/dw/image/v2/BGBD_PRD/on/demandware.static/-/Sites-soriana-grocery-master-catalog/default/dwaaeeeedd/images/product/7501095452147_A.jpg?sw=473&sh=473&sm=fit,https://www.soriana.com/farmacia/,/tempra-500-mg--20-tabletas/570966.html,$130.00,vacio,vacio,vacio,Puntos 'dobles' al pagar con 'FALABELLA',vacio,2026-07-02
Farmacia,Analgésicos,Amaryl 2mg Tab 15,https://www.soriana.com/dw/image/v2/BGBD_PRD/on/demandware.static/-/Sites-soriana-grocery-master-catalog/default/dw5590a994/images/product/7501165001695_A.jpg?sw=473&sh=473&sm=fit,https://www.soriana.com/farmacia/,/amaryl-2mg-tab-15/586548.html,$605.00,vacio,3 x 2,vacio,Puntos 'dobles' al pagar con 'FALABELLA',vacio,2026-07-02
Farmacia,Analgésicos,Sedalmerck 500/50/5mg Tab con 40,https://www.soriana.com/dw/image/v2/BGBD_PRD/on/demandware.static/-/Sites-soriana-grocery-master-catalog/default/dwbcd021f0/images/product/7501298281308_A.jpg?sw=473&sh=473&sm=fit,https://www.soriana.com/farmacia/,/sedalmerck-500-50-5mg-tab-con-40/443892.html,$134.00,vacio,vacio,vacio,Puntos 'dobles' al pagar con 'FALABELLA',vacio,2026-07-02
Farmacia,Analgésicos,Cúo Protect Ácido Acetilsalicílico 100mg,https://www.soriana.com/dw/image/v2/BGBD_PRD/on/demandware.static/-/Sites-soriana-grocery-master-catalog/default/dw59feca18/images/product/7502274772827_A.jpg?sw=473&sh=473&sm=fit,https://www.soriana.com/farmacia/,/cuo-protect-acido-acetilsalicilico-100mg/11588308.html,$75.50,vacio,vacio,vacio,Puntos 'dobles' al pagar con 'FALABELLA',vacio,2026-07-02
Farmacia,Analgésicos,Analgésico Ultra Bengue Diario Sin Olor 35 g,https://www.soriana.com/dw/image/v2/BGBD_PRD/on/demandware.static/-/Sites-soriana-grocery-master-catalog/default/dwcd090e52/images/product/0650240036262_A.jpg?sw=473&sh=473&sm=fit,https://www.soriana.com/farmacia/,/analgesico-ultra-bengue-diario-sin-olor-35-g/11525472.html,$129.00,vacio,vacio,vacio,Puntos 'dobles' al pagar con 'FALABELLA',vacio,2026-07-02
Farmacia,Analgésicos,Azteca Clavo-Esencia Sol con 5ml,https://www.soriana.com/dw/image/v2/BGBD_PRD/on/demandware.static/-/Sites-soriana-grocery-master-catalog/default/dw92a24991/images/product/7501006851014_A.jpg?sw=473&sh=473&sm=fit,https://www.soriana.com/farmacia/,/azteca-clavo-esencia-sol-con-5ml/1900628.html,$34.68,vacio,vacio,vacio,Puntos 'dobles' al pagar con 'FALABELLA',vacio,2026-07-02
Farmacia,Analgésicos,Advil Max 400 mg 20 Cápsulas,https://www.soriana.com/dw/image/v2/BGBD_PRD/on/demandware.static/-/Sites-soriana-grocery-master-catalog/default/dwb599910d/images/product/7501108767947_A.jpeg?sw=473&sh=473&sm=fit,https://www.soriana.com/farmacia/,/advil-max-400-mg-20-capsulas/3065453.html,$205.00,vacio,vacio,vacio,Puntos 'dobles' al pagar con 'FALABELLA',vacio,2026-07-02
Farmacia,Analgésicos,Proctoglyvenol400/30mg Supositorios/30mg,https://www.soriana.com/dw/image/v2/BGBD_PRD/on/demandware.static/-/Sites-soriana-grocery-master-catalog/default/dw922d6095/images/product/7501094910464_A.JPG?sw=473&sh=473&sm=fit,https://www.soriana.com/farmacia/,/proctoglyvenol400-30mg-supositorios-30mg/389758.html,$229.00,vacio,vacio,vacio,Puntos 'dobles' al pagar con 'FALABELLA',vacio,2026-07-02
Farmacia,Analgésicos,Mejoral 500mg 12 Tabletas,https://www.soriana.com/dw/image/v2/BGBD_PRD/on/demandware.static/-/Sites-soriana-grocery-master-catalog/default/dwc35ff494/images/product/7501065030405_A.JPG?sw=473&sh=473&sm=fit,https://www.soriana.com/farmacia/,/mejoral-500mg-12-tabletas/735970.html,$51.00,vacio,vacio,vacio,Puntos 'dobles' al pagar con 'FALABELLA',vacio,2026-07-02
Farmacia,Analgésicos,Excedrin Migraña 48 Tabs,https://www.soriana.com/dw/image/v2/BGBD_PRD/on/demandware.static/-/Sites-soriana-grocery-master-catalog/default/dw31a245bd/images/product/7501065027481_A.jpg?sw=473&sh=473&sm=fit,https://www.soriana.com/farmacia/,/excedrin-migrana-48-tabs/11744666.html,$198.00,vacio,vacio,vacio,Puntos 'dobles' al pagar con 'FALABELLA',vacio,2026-07-02
Farmacia,Analgésicos,Advil Analgésico Grageas 200 mg 12 tabs,https://www.soriana.com/dw/image/v2/BGBD_PRD/on/demandware.static/-/Sites-soriana-grocery-master-catalog/default/dwa9fabe7e/images/product/7501065013767_A.jpg?sw=473&sh=473&sm=fit,https://www.soriana.com/farmacia/,/advil-analgesico-grageas-200-mg-12-tabs/8012492.html,$56.00,vacio,vacio,vacio,Puntos 'dobles' al pagar con 'FALABELLA',vacio,2026-07-02
Farmacia,Analgésicos,Aspirina 500 MG 3 PACK,https://www.soriana.com/dw/image/v2/BGBD_PRD/on/demandware.static/-/Sites-soriana-grocery-master-catalog/default/dw86f2ca2f/images/product/7501008499429_A.jpg?sw=473&sh=473&sm=fit,https://www.soriana.com/farmacia/,/aspirina-500-mg-3-pack/11705640.html,$134.00,vacio,vacio,vacio,Puntos 'dobles' al pagar con 'FALABELLA',vacio,2026-07-02
Farmacia,Analgésicos,Tesalon Perlas 20s + Advil 2s,https://www.soriana.com/dw/image/v2/BGBD_PRD/on/demandware.static/-/Sites-soriana-grocery-master-catalog/default/v1783033346056/images/product/7501065005366_A.png?sw=473&sh=473&sm=fit,https://www.soriana.com/farmacia/,/tesalon-perlas-20s-advil-2s/11744671.html,$184.00,vacio,vacio,vacio,Puntos 'dobles' al pagar con 'FALABELLA',vacio,2026-07-02
Farmacia,Analgésicos,D'olox Crystal Gel Refrescante y Confortante 250 ml,https://www.soriana.com/dw/image/v2/BGBD_PRD/on/demandware.static/-/Sites-soriana-grocery-master-catalog/default/dw1d5ae776/images/product/7501044212020_A.jpg?sw=473&sh=473&sm=fit,https://www.soriana.com/farmacia/,/dolox-crystal-gel-refrescante-y-confortante-250-ml/11901168.html,$113.00,vacio,vacio,vacio,Puntos 'dobles' al pagar con 'FALABELLA',vacio,2026-07-02
Farmacia,Analgésicos,Voltaren Parches Grandes 5S,https://www.soriana.com/dw/image/v2/BGBD_PRD/on/demandware.static/-/Sites-soriana-grocery-master-catalog/default/dw2efe9a51/images/product/7501065024701_A.jpg?sw=473&sh=473&sm=fit,https://www.soriana.com/farmacia/,/voltaren-parches-grandes-5s/11860197.html,$219.00,vacio,vacio,vacio,Puntos 'dobles' al pagar con 'FALABELLA',vacio,2026-07-02
Farmacia,Analgésicos,BALSAMO BENGUE 180 GR,https://www.soriana.com/dw/image/v2/BGBD_PRD/on/demandware.static/-/Sites-soriana-grocery-master-catalog/default/dwf64070b5/images/product/650240076916_A.jpg?sw=473&sh=473&sm=fit,https://www.soriana.com/farmacia/,/balsamo-bengue-180-gr/11899200.html,$209.00,vacio,vacio,vacio,Puntos 'dobles' al pagar con 'FALABELLA',vacio,2026-07-02
Farmacia,Analgésicos,Buscapina Duo Antiespasmódico y Analgésico 20 Tabletas.,https://www.soriana.com/dw/image/v2/BGBD_PRD/on/demandware.static/-/Sites-soriana-grocery-master-catalog/default/dwbe35b552/images/product/7501165011618_A.jpg?sw=473&sh=473&sm=fit,https://www.soriana.com/farmacia/,/buscapina-duo-antiespasmodico-y-analgesico-20-tabletas./8002814.html,$247.00,vacio,vacio,vacio,Puntos 'dobles' al pagar con 'FALABELLA',vacio,2026-07-02
Farmacia,Analgésicos,Frasco De Árnica Arn Nartex 150 Glóbulos,https://www.soriana.com/dw/image/v2/BGBD_PRD/on/demandware.static/-/Sites-soriana-grocery-master-catalog/default/dw0a3d0a2e/images/product/7501358100044_A.jpg?sw=473&sh=473&sm=fit,https://www.soriana.com/farmacia/,/frasco-de-arnica-arn-nartex-150-globulos/11259406.html,$63.50,vacio,vacio,vacio,Puntos 'dobles' al pagar con 'FALABELLA',vacio,2026-07-02
Farmacia,Analgésicos,Tylenol Ped Cereza Gts Sol con 15 ml,https://www.soriana.com/dw/image/v2/BGBD_PRD/on/demandware.static/-/Sites-soriana-grocery-master-catalog/default/dw31d3f393/images/product/7501100088217_A.jpg?sw=473&sh=473&sm=fit,https://www.soriana.com/farmacia/,/tylenol-ped-cereza-gts-sol-con-15-ml/624604.html,$122.00,vacio,vacio,vacio,Puntos 'dobles' al pagar con 'FALABELLA',vacio,2026-07-02
Farmacia,Analgésicos,Facicam 0.005 Gel con 90g,https://www.soriana.com/dw/image/v2/BGBD_PRD/on/demandware.static/-/Sites-soriana-grocery-master-catalog/default/dw7440a0ef/images/product/7501314703180_A.jpg?sw=473&sh=473&sm=fit,https://www.soriana.com/farmacia/,/facicam-0.005-gel-con-90g/3071749.html,$235.00,vacio,vacio,vacio,Puntos 'dobles' al pagar con 'FALABELLA',vacio,2026-07-02
Farmacia,Analgésicos,Tylenol 500 mg C/10 Tabletas,https://www.soriana.com/dw/image/v2/BGBD_PRD/on/demandware.static/-/Sites-soriana-grocery-master-catalog/default/dw036e6035/images/product/7501007535432_A.jpg?sw=473&sh=473&sm=fit,https://www.soriana.com/farmacia/,/tylenol-500-mg-c-10-tabletas/11931657.html,$84.00,vacio,vacio,vacio,Puntos 'dobles' al pagar con 'FALABELLA',vacio,2026-07-02
Farmacia,Analgésicos,GPP Paracetamol 500 mg con 10 tabletas,https://www.soriana.com/dw/image/v2/BGBD_PRD/on/demandware.static/-/Sites-soriana-grocery-master-catalog/default/dw06b5ce26/images/product/7501075727425_A.jpg?sw=473&sh=473&sm=fit,https://www.soriana.com/farmacia/,/gpp-paracetamol-500-mg-con-10-tabletas/11923861.html,$13.90,vacio,vacio,vacio,Puntos 'dobles' al pagar con 'FALABELLA',vacio,2026-07-02
Farmacia,Analgésicos,Reumophan Alka 20 piezas,https://www.soriana.com/dw/image/v2/BGBD_PRD/on/demandware.static/-/Sites-soriana-grocery-master-catalog/default/dw70e430dd/images/product/7501022111024_A.jpg?sw=473&sh=473&sm=fit,https://www.soriana.com/farmacia/,/reumophan-alka-20-piezas/2484104.html,$269.00,vacio,vacio,vacio,Puntos 'dobles' al pagar con 'FALABELLA',vacio,2026-07-02
Farmacia,Analgésicos,Sedalmerck Max Blist 500/50/5mg Tab con 24,https://www.soriana.com/dw/image/v2/BGBD_PRD/on/demandware.static/-/Sites-soriana-grocery-master-catalog/default/dw27c0e421/images/product/7501298215099_A.jpg?sw=473&sh=473&sm=fit,https://www.soriana.com/farmacia/,/sedalmerck-max-blist-500-50-5mg-tab-con-24/1835870.html,$173.00,vacio,vacio,vacio,Puntos 'dobles' al pagar con 'FALABELLA',vacio,2026-07-02
Farmacia,Analgésicos,Sedalmerck Max Blist 500/50/5mg Tab con 48,https://www.soriana.com/dw/image/v2/BGBD_PRD/on/demandware.static/-/Sites-soriana-grocery-master-catalog/default/dw6695b4ae/images/product/7501298215037_A.jpg?sw=473&sh=473&sm=fit,https://www.soriana.com/farmacia/,/sedalmerck-max-blist-500-50-5mg-tab-con-48/1835905.html,$335.00,vacio,vacio,vacio,Puntos 'dobles' al pagar con 'FALABELLA',vacio,2026-07-02
Farmacia,Analgésicos,Thermapad Fem Parche con 1,https://www.soriana.com/dw/image/v2/BGBD_PRD/on/demandware.static/-/Sites-soriana-grocery-master-catalog/default/dwc807d677/images/product/0602723470537_A.jpg?sw=473&sh=473&sm=fit,https://www.soriana.com/farmacia/,/thermapad-fem-parche-con-1/2103771.html,$45.20,vacio,vacio,vacio,Puntos 'dobles' al pagar con 'FALABELLA',vacio,2026-07-02
Farmacia,Analgésicos,Flanax Desinflama y Alivia El Dolor 275 mg 20 tabletas,https://www.soriana.com/dw/image/v2/BGBD_PRD/on/demandware.static/-/Sites-soriana-grocery-master-catalog/default/dwd7947960/images/product/7501008497357_A.jpg?sw=473&sh=473&sm=fit,https://www.soriana.com/farmacia/,/flanax-desinflama-y-alivia-el-dolor-275-mg-20-tabletas/2156031.html,$215.00,vacio,vacio,vacio,Puntos 'dobles' al pagar con 'FALABELLA',vacio,2026-07-02
Farmacia,Analgésicos,Advil 200 mg 24 Tabletas,https://www.soriana.com/dw/image/v2/BGBD_PRD/on/demandware.static/-/Sites-soriana-grocery-master-catalog/default/dw5d57ed4a/images/product/7501287610478_A.jpg?sw=473&sh=473&sm=fit,https://www.soriana.com/farmacia/,/advil-200-mg-24-tabletas/2650585.html,$81.50,vacio,vacio,vacio,Puntos 'dobles' al pagar con 'FALABELLA',vacio,2026-07-02
Farmacia,Analgésicos,Dolo Neurobion Articulaciones 20s,https://www.soriana.com/dw/image/v2/BGBD_PRD/on/demandware.static/-/Sites-soriana-grocery-master-catalog/default/dwc29b4176/images/product/7500435251082_A.jpg?sw=473&sh=473&sm=fit,https://www.soriana.com/farmacia/,/dolo-neurobion-articulaciones-20s/11929145.html,$400.50,vacio,vacio,vacio,Puntos 'dobles' al pagar con 'FALABELLA',vacio,2026-07-02
Farmacia,Analgésicos,Voltaren Emulgel 12 Horas 2.32% 100g,https://www.soriana.com/dw/image/v2/BGBD_PRD/on/demandware.static/-/Sites-soriana-grocery-master-catalog/default/dwfbdead9d/images/product/7501065084620_A.jpg?sw=473&sh=473&sm=fit,https://www.soriana.com/farmacia/,/voltaren-emulgel-12-horas-2.32--100g/11744662.html,$379.00,vacio,vacio,vacio,Puntos 'dobles' al pagar con 'FALABELLA',vacio,2026-07-02
Farmacia,Analgésicos,Mejoral 5.0 Forte 12s,https://www.soriana.com/dw/image/v2/BGBD_PRD/on/demandware.static/-/Sites-soriana-grocery-master-catalog/default/dwaf9342c9/images/product/7501065087287_A.jpg?sw=473&sh=473&sm=fit,https://www.soriana.com/farmacia/,/mejoral-5.0-forte-12s/11897512.html,$65.00,vacio,vacio,vacio,Puntos 'dobles' al pagar con 'FALABELLA',vacio,2026-07-02
Farmacia,Analgésicos,Voltaren Emulgel 1.16% 50g,https://www.soriana.com/dw/image/v2/BGBD_PRD/on/demandware.static/-/Sites-soriana-grocery-master-catalog/default/dw6f43b8c4/images/product/7501065085528_A.jpg?sw=473&sh=473&sm=fit,https://www.soriana.com/farmacia/,/voltaren-emulgel-1.16--50g/11744659.html,$149.00,vacio,vacio,vacio,Puntos 'dobles' al pagar con 'FALABELLA',vacio,2026-07-02
Farmacia,Analgésicos,Excedrin Migraña 24 Tabs,https://www.soriana.com/dw/image/v2/BGBD_PRD/on/demandware.static/-/Sites-soriana-grocery-master-catalog/default/dw0c105b62/images/product/7501065064714_A.jpg?sw=473&sh=473&sm=fit,https://www.soriana.com/farmacia/,/excedrin-migrana-24-tabs/8012455.html,$110.00,vacio,vacio,vacio,Puntos 'dobles' al pagar con 'FALABELLA',vacio,2026-07-02
Farmacia,Analgésicos,Rocainol Acción Térmica 150G,https://www.soriana.com/dw/image/v2/BGBD_PRD/on/demandware.static/-/Sites-soriana-grocery-master-catalog/default/dwb9130300/images/product/7506376000369_A.jpg?sw=473&sh=473&sm=fit,https://www.soriana.com/farmacia/,/rocainol-accion-termica-150g/11843995.html,$99.00,vacio,vacio,vacio,Puntos 'dobles' al pagar con 'FALABELLA',vacio,2026-07-02
Farmacia,Analgésicos,Dolo-Neurobion Tab con 10 Pzas,https://www.soriana.com/dw/image/v2/BGBD_PRD/on/demandware.static/-/Sites-soriana-grocery-master-catalog/default/dwc2e002fc/images/product/7501298223711_A.jpg?sw=473&sh=473&sm=fit,https://www.soriana.com/farmacia/,/dolo-neurobion-tab-con-10-pzas/8002611.html,$205.00,vacio,vacio,vacio,Puntos 'dobles' al pagar con 'FALABELLA',vacio,2026-07-02
Farmacia,Analgésicos,Analgen 550mg Tab con 12 Pzas,https://www.soriana.com/dw/image/v2/BGBD_PRD/on/demandware.static/-/Sites-soriana-grocery-master-catalog/default/dw4c02398b/images/product/7501299309452_A.jpg?sw=473&sh=473&sm=fit,https://www.soriana.com/farmacia/,/analgen-550mg-tab-con-12-pzas/8003444.html,$138.00,vacio,vacio,vacio,Puntos 'dobles' al pagar con 'FALABELLA',vacio,2026-07-02
Farmacia,Analgésicos,Syncol-Max 650/60/15mg Cpr con 12,https://www.soriana.com/dw/image/v2/BGBD_PRD/on/demandware.static/-/Sites-soriana-grocery-master-catalog/default/dwe8796607/images/product/7501070600730_A.jpg?sw=473&sh=473&sm=fit,https://www.soriana.com/farmacia/,/syncol-max-650-60-15mg-cpr-con-12/1091775.html,$161.00,vacio,vacio,vacio,Puntos 'dobles' al pagar con 'FALABELLA',vacio,2026-07-02
Farmacia,Analgésicos,Gel Térmico Ultra Bengue Desinflama y Anestesia 65 g,https://www.soriana.com/dw/image/v2/BGBD_PRD/on/demandware.static/-/Sites-soriana-grocery-master-catalog/default/dwe01dd44b/images/product/0650240006678_A.jpg?sw=473&sh=473&sm=fit,https://www.soriana.com/farmacia/,/gel-termico-ultra-bengue-desinflama-y-anestesia-65-g/11261612.html,$219.00,vacio,vacio,vacio,Puntos 'dobles' al pagar con 'FALABELLA',vacio,2026-07-02
Farmacia,Analgésicos,Bálsamo CBD Life Caliente 90 Gr,https://www.soriana.com/dw/image/v2/BGBD_PRD/on/demandware.static/-/Sites-soriana-grocery-master-catalog/default/dw1030f1b3/images/product/7503024957624_A.jpg?sw=473&sh=473&sm=fit,https://www.soriana.com/farmacia/,/balsamo-cbd-life-caliente-90-gr/11534415.html,$306.00,vacio,vacio,vacio,Puntos 'dobles' al pagar con 'FALABELLA',vacio,2026-07-02
Farmacia,Analgésicos,Excedrin Migraña 250/250/65mg Tab con 24,https://www.soriana.com/dw/image/v2/BGBD_PRD/on/demandware.static/-/Sites-soriana-grocery-master-catalog/default/dwd3b192c2/images/product/7501124815219_A.JPG?sw=473&sh=473&sm=fit,https://www.soriana.com/farmacia/,/excedrin-migrana-250-250-65mg-tab-con-24/1810076.html,$83.00,vacio,vacio,vacio,Puntos 'dobles' al pagar con 'FALABELLA',vacio,2026-07-02
Farmacia,Analgésicos,Voltaren 25mg Cap con 10,https://www.soriana.com/dw/image/v2/BGBD_PRD/on/demandware.static/-/Sites-soriana-grocery-master-catalog/default/dw4b942700/images/product/7501124816933_A.JPG?sw=473&sh=473&sm=fit,https://www.soriana.com/farmacia/,/voltaren-25mg-cap-con-10/2109742.html,$125.00,vacio,vacio,vacio,Puntos 'dobles' al pagar con 'FALABELLA',vacio,2026-07-02
Farmacia,Analgésicos,"Analgen 220mg, 20 Tabletas",https://www.soriana.com/dw/image/v2/BGBD_PRD/on/demandware.static/-/Sites-soriana-grocery-master-catalog/default/dw0a663b2f/images/product/7501299309438_A.jpg?sw=473&sh=473&sm=fit,https://www.soriana.com/farmacia/,/analgen-220mg-20-tabletas/562009.html,$141.00,vacio,vacio,vacio,Puntos 'dobles' al pagar con 'FALABELLA',vacio,2026-07-02
Farmacia,Analgésicos,Nyquilz 10 Cap,https://www.soriana.com/dw/image/v2/BGBD_PRD/on/demandware.static/-/Sites-soriana-grocery-master-catalog/default/dw74ef2438/images/product/7500435230445_A.jpg?sw=473&sh=473&sm=fit,https://www.soriana.com/farmacia/,/nyquilz-10-cap/11782103.html,$189.00,vacio,vacio,vacio,Puntos 'dobles' al pagar con 'FALABELLA',vacio,2026-07-02
Farmacia,Analgésicos,Reumophan Clásico 10 tabletas,https://www.soriana.com/dw/image/v2/BGBD_PRD/on/demandware.static/-/Sites-soriana-grocery-master-catalog/default/dwdc93038d/images/product/7501022101360_A.jpg?sw=473&sh=473&sm=fit,https://www.soriana.com/farmacia/,/reumophan-clasico-10-tabletas/368226.html,$174.00,vacio,vacio,vacio,Puntos 'dobles' al pagar con 'FALABELLA',vacio,2026-07-02
Farmacia,Analgésicos,Tempra Masticables 160 mg 30 tabletas,https://www.soriana.com/dw/image/v2/BGBD_PRD/on/demandware.static/-/Sites-soriana-grocery-master-catalog/default/dw8aaf1125/images/product/7501095452208_A.jpg?sw=473&sh=473&sm=fit,https://www.soriana.com/farmacia/,/tempra-masticables-160-mg-30-tabletas/556189.html,$202.00,vacio,vacio,vacio,Puntos 'dobles' al pagar con 'FALABELLA',vacio,2026-07-02
Farmacia,Analgésicos,Buscapina Fem Alivio del Cólico Menstrual 10 tabletas.,https://www.soriana.com/dw/image/v2/BGBD_PRD/on/demandware.static/-/Sites-soriana-grocery-master-catalog/default/dw991fc35c/images/product/7501165011656_A.jpg?sw=473&sh=473&sm=fit,https://www.soriana.com/farmacia/,/buscapina-fem-alivio-del-colico-menstrual-10-tabletas./8002822.html,$193.00,vacio,vacio,vacio,Puntos 'dobles' al pagar con 'FALABELLA',vacio,2026-07-02
Farmacia,Analgésicos,Buscapina Alivio del Dolor de Panza 24 tabletas.,https://www.soriana.com/dw/image/v2/BGBD_PRD/on/demandware.static/-/Sites-soriana-grocery-master-catalog/default/dwc55d3c43/images/product/7501165011649_A.jpg?sw=473&sh=473&sm=fit,https://www.soriana.com/farmacia/,/buscapina-alivio-del-dolor-de-panza-24-tabletas./9139744.html,$255.00,vacio,vacio,vacio,Puntos 'dobles' al pagar con 'FALABELLA',vacio,2026-07-02
Farmacia,Analgésicos,Buscapina Duo Antiespasmódico y Analgésico 10 Tabletas.,https://www.soriana.com/dw/image/v2/BGBD_PRD/on/demandware.static/-/Sites-soriana-grocery-master-catalog/default/dw430bd5fa/images/product/7501165011861_A.jpg?sw=473&sh=473&sm=fit,https://www.soriana.com/farmacia/,/buscapina-duo-antiespasmodico-y-analgesico-10-tabletas./9141174.html,$113.00,vacio,vacio,vacio,Puntos 'dobles' al pagar con 'FALABELLA',vacio,2026-07-02
Farmacia,Analgésicos,Motrin Ped Fsa-Frambgtscon 15ml,https://www.soriana.com/dw/image/v2/BGBD_PRD/on/demandware.static/-/Sites-soriana-grocery-master-catalog/default/dwb25806fa/images/product/7501109902637_A.jpg?sw=473&sh=473&sm=fit,https://www.soriana.com/farmacia/,/motrin-ped-fsa-frambgtscon-15ml/737219.html,$154.00,vacio,vacio,vacio,Puntos 'dobles' al pagar con 'FALABELLA',vacio,2026-07-02
Farmacia,Analgésicos,Kisika 30 mg 10 Tabletas,https://www.soriana.com/dw/image/v2/BGBD_PRD/on/demandware.static/-/Sites-soriana-grocery-master-catalog/default/dw56ccaeb3/images/product/7502004402031_A.jpg?sw=473&sh=473&sm=fit,https://www.soriana.com/farmacia/,/kisika-30-mg-10-tabletas/8011141.html,$620.00,vacio,vacio,vacio,Puntos 'dobles' al pagar con 'FALABELLA',vacio,2026-07-02
Farmacia,Analgésicos,"Tylenol Caplets 500mg, 10 Tabletas",https://www.soriana.com/dw/image/v2/BGBD_PRD/on/demandware.static/-/Sites-soriana-grocery-master-catalog/default/dwa467108f/images/product/7501109913268_A.jpg?sw=473&sh=473&sm=fit,https://www.soriana.com/farmacia/,/tylenol-caplets-500mg-10-tabletas/2170734.html,$86.50,vacio,vacio,vacio,Puntos 'dobles' al pagar con 'FALABELLA',vacio,2026-07-02
Farmacia,Analgésicos,Icy Hot Crema 85 Gr,https://www.soriana.com/dw/image/v2/BGBD_PRD/on/demandware.static/-/Sites-soriana-grocery-master-catalog/default/dw021587db/images/product/7501165008717_A.jpg?sw=473&sh=473&sm=fit,https://www.soriana.com/farmacia/,/icy-hot-crema-85-gr/2466718.html,$219.00,vacio,vacio,vacio,Puntos 'dobles' al pagar con 'FALABELLA',vacio,2026-07-02
Farmacia,Analgésicos,Icy Hot Bálsamo Analgésico Muscular 100 g,https://www.soriana.com/dw/image/v2/BGBD_PRD/on/demandware.static/-/Sites-soriana-grocery-master-catalog/default/dw82e1ac76/images/product/7501165008892_A.jpg?sw=473&sh=473&sm=fit,https://www.soriana.com/farmacia/,/icy-hot-balsamo-analgesico-muscular-100-g/2599691.html,$223.00,vacio,vacio,vacio,Puntos 'dobles' al pagar con 'FALABELLA',vacio,2026-07-02
Farmacia,Analgésicos,Gel Antiinflamatorio Ultra Bengue Lidocaina 65 g,https://www.soriana.com/dw/image/v2/BGBD_PRD/on/demandware.static/-/Sites-soriana-grocery-master-catalog/default/dw4bb227dd/images/product/0650240010460_A.jpg?sw=473&sh=473&sm=fit,https://www.soriana.com/farmacia/,/gel-antiinflamatorio-ultra-bengue-lidocaina-65-g/1675316.html,$229.00,vacio,vacio,vacio,Puntos 'dobles' al pagar con 'FALABELLA',vacio,2026-07-02
Farmacia,Analgésicos,Graneodín F Naranja 16 Tabletas,https://www.soriana.com/dw/image/v2/BGBD_PRD/on/demandware.static/-/Sites-soriana-grocery-master-catalog/default/dwdc017fec/images/product/7501058715487_A.jpg?sw=473&sh=473&sm=fit,https://www.soriana.com/farmacia/,/graneodin-f-naranja-16-tabletas/11395298.html,$191.00,vacio,vacio,vacio,Puntos 'dobles' al pagar con 'FALABELLA',vacio,2026-07-02
Farmacia,Analgésicos,Nyquil Z 25 mg con 30 Cápsulas,https://www.soriana.com/dw/image/v2/BGBD_PRD/on/demandware.static/-/Sites-soriana-grocery-master-catalog/default/dwa2b5f72d/images/product/7500435145497_A.jpg?sw=473&sh=473&sm=fit,https://www.soriana.com/farmacia/,/nyquil-z-25-mg-con-30-capsulas/11549399.html,$485.00,vacio,vacio,vacio,Puntos 'dobles' al pagar con 'FALABELLA',vacio,2026-07-02
Farmacia,Analgésicos,Zuum Alidol Dolor Alcanf Gel con 125ml,https://www.soriana.com/dw/image/v2/BGBD_PRD/on/demandware.static/-/Sites-soriana-grocery-master-catalog/default/dwc72c4b9a/images/product/7501020670349_A.jpg?sw=473&sh=473&sm=fit,https://www.soriana.com/farmacia/,/zuum-alidol-dolor-alcanf-gel-con-125ml/1484309.html,$72.90,vacio,vacio,vacio,Puntos 'dobles' al pagar con 'FALABELLA',vacio,2026-07-02
Farmacia,Analgésicos,Aspirina Advanced Para Dolor de Cabeza Dolor Corporal y Fiebre 20 tabletas,https://www.soriana.com/dw/image/v2/BGBD_PRD/on/demandware.static/-/Sites-soriana-grocery-master-catalog/default/dwa4b2a319/images/product/7501008498309_A.jpg?sw=473&sh=473&sm=fit,https://www.soriana.com/farmacia/,/aspirina-advanced-para-dolor-de-cabeza-dolor-corporal-y-fiebre-20-tabletas/2863265.html,$73.90,vacio,vacio,vacio,Puntos 'dobles' al pagar con 'FALABELLA',vacio,2026-07-02
Farmacia,Analgésicos,Neurobion Dc 100/100/25 mg Jga 2ml,https://www.soriana.com/dw/image/v2/BGBD_PRD/on/demandware.static/-/Sites-soriana-grocery-master-catalog/default/dw438aec19/images/product/7501298223810_A.jpg?sw=473&sh=473&sm=fit,https://www.soriana.com/farmacia/,/neurobion-dc-100-100-25-mg-jga-2ml/8003575.html,$325.00,vacio,3 x 2,vacio,Puntos 'dobles' al pagar con 'FALABELLA',vacio,2026-07-02
Farmacia,Analgésicos,Lonol 5% Crema con 60 G,https://www.soriana.com/dw/image/v2/BGBD_PRD/on/demandware.static/-/Sites-soriana-grocery-master-catalog/default/dwe7978975/images/product/7501165011410_A.jpg?sw=473&sh=473&sm=fit,https://www.soriana.com/farmacia/,/lonol-5--crema-con-60-g/11444610.html,$275.00,vacio,vacio,vacio,Puntos 'dobles' al pagar con 'FALABELLA',vacio,2026-07-02
Farmacia,Analgésicos,Bálsamo CBD Life Frío 90 Gr,https://www.soriana.com/dw/image/v2/BGBD_PRD/on/demandware.static/-/Sites-soriana-grocery-master-catalog/default/dw4d7859a1/images/product/7503024957631_A.jpg?sw=473&sh=473&sm=fit,https://www.soriana.com/farmacia/,/balsamo-cbd-life-frio-90-gr/11534416.html,$299.00,vacio,vacio,vacio,Puntos 'dobles' al pagar con 'FALABELLA',vacio,2026-07-02
Farmacia,Analgésicos,Algitrin 325/200mg Tab con 12,https://www.soriana.com/dw/image/v2/BGBD_PRD/on/demandware.static/-/Sites-soriana-grocery-master-catalog/default/dw33fc436b/images/product/7501050612555_A.jpg?sw=473&sh=473&sm=fit,https://www.soriana.com/farmacia/,/algitrin-325-200mg-tab-con-12/711957.html,$219.00,vacio,vacio,vacio,Puntos 'dobles' al pagar con 'FALABELLA',vacio,2026-07-02
Farmacia,Analgésicos,Flanax 550 mg Naproxeno 6 Tabletas,https://www.soriana.com/dw/image/v2/BGBD_PRD/on/demandware.static/-/Sites-soriana-grocery-master-catalog/default/dwb4aa43f6/images/product/7501008499375_A.jpg?sw=473&sh=473&sm=fit,https://www.soriana.com/farmacia/,/flanax-550-mg-naproxeno-6-tabletas/11697168.html,$144.00,vacio,vacio,vacio,Puntos 'dobles' al pagar con 'FALABELLA',vacio,2026-07-02
Farmacia,Analgésicos,Amaryl 4mg Tab 15,https://www.soriana.com/dw/image/v2/BGBD_PRD/on/demandware.static/-/Sites-soriana-grocery-master-catalog/default/dw6d0a72f0/images/product/7501165001770_A.jpg?sw=473&sh=473&sm=fit,https://www.soriana.com/farmacia/,/amaryl-4mg-tab-15/623957.html,"$1,093.00",vacio,3 x 2,vacio,Puntos 'dobles' al pagar con 'FALABELLA',vacio,2026-07-02
Farmacia,Analgésicos,Voltaren Emulgel 1.16% 50 Gr,https://www.soriana.com/dw/image/v2/BGBD_PRD/on/demandware.static/-/Sites-soriana-grocery-master-catalog/default/dwf5df3e57/images/product/7501094911485_A.JPG?sw=473&sh=473&sm=fit,https://www.soriana.com/farmacia/,/voltaren-emulgel-1.16--50-gr/570965.html,$144.00,vacio,vacio,vacio,Puntos 'dobles' al pagar con 'FALABELLA',vacio,2026-07-02
Farmacia,Analgésicos,Motrin Inf Fsa-Frambsol120ml 084,https://www.soriana.com/dw/image/v2/BGBD_PRD/on/demandware.static/-/Sites-soriana-grocery-master-catalog/default/dw400f0445/images/product/7501109902866_A.jpg?sw=473&sh=473&sm=fit,https://www.soriana.com/farmacia/,/motrin-inf-fsa-frambsol120ml-084/715996.html,$245.00,vacio,vacio,vacio,Puntos 'dobles' al pagar con 'FALABELLA',vacio,2026-07-02
Farmacia,Analgésicos,Kisika 6 mg 20 Tabletas,https://www.soriana.com/dw/image/v2/BGBD_PRD/on/demandware.static/-/Sites-soriana-grocery-master-catalog/default/dwe8df353a/images/product/7502004402024_A.jpg?sw=473&sh=473&sm=fit,https://www.soriana.com/farmacia/,/kisika-6-mg-20-tabletas/8011158.html,$320.00,vacio,vacio,vacio,Puntos 'dobles' al pagar con 'FALABELLA',vacio,2026-07-02
Farmacia,Analgésicos,"Gel Anti Inflamatorio con Diclofenaco X-Ray Dolor, Golpes y Torceduras 30 g",https://www.soriana.com/dw/image/v2/BGBD_PRD/on/demandware.static/-/Sites-soriana-grocery-master-catalog/default/dw5060f594/images/product/0650240016813_A.jpg?sw=473&sh=473&sm=fit,https://www.soriana.com/farmacia/,/gel-anti-inflamatorio-con-diclofenaco-x-ray-dolor-golpes-y-torceduras-30-g/2153065.html,$146.00,vacio,vacio,vacio,Puntos 'dobles' al pagar con 'FALABELLA',vacio,2026-07-02
Farmacia,Analgésicos,Lonol Sport 5/10/3mg Gel con 30g,https://www.soriana.com/dw/image/v2/BGBD_PRD/on/demandware.static/-/Sites-soriana-grocery-master-catalog/default/dwc2dbb54e/images/product/7501165011403_A.jpg?sw=473&sh=473&sm=fit,https://www.soriana.com/farmacia/,/lonol-sport-5-10-3mg-gel-con-30g/8002847.html,$125.00,vacio,vacio,vacio,Puntos 'dobles' al pagar con 'FALABELLA',vacio,2026-07-02
Farmacia,Analgésicos,Tylenol Caplets 500mg Con 40 Tabletas,https://www.soriana.com/dw/image/v2/BGBD_PRD/on/demandware.static/-/Sites-soriana-grocery-master-catalog/default/dwe7d1d2f7/images/product/7501007533872_A.jpg?sw=473&sh=473&sm=fit,https://www.soriana.com/farmacia/,/tylenol-caplets-500mg-con-40-tabletas/8008419.html,$265.00,vacio,vacio,vacio,Puntos 'dobles' al pagar con 'FALABELLA',vacio,2026-07-02
Farmacia,Analgésicos,Analgen Fem 300/220/25mg Tab con 12 Pza,https://www.soriana.com/dw/image/v2/BGBD_PRD/on/demandware.static/-/Sites-soriana-grocery-master-catalog/default/dwe21001f5/images/product/7501299308851_A.jpg?sw=473&sh=473&sm=fit,https://www.soriana.com/farmacia/,/analgen-fem-300-220-25mg-tab-con-12-pza/9103775.html,$120.00,vacio,vacio,vacio,Puntos 'dobles' al pagar con 'FALABELLA',vacio,2026-07-02
Farmacia,Analgésicos,Syncol Nocturno 650/25mg Tab con 12,https://www.soriana.com/dw/image/v2/BGBD_PRD/on/demandware.static/-/Sites-soriana-grocery-master-catalog/default/dw7ef62e2e/images/product/7501070600587_A.jpg?sw=473&sh=473&sm=fit,https://www.soriana.com/farmacia/,/syncol-nocturno-650-25mg-tab-con-12/1678659.html,$161.00,vacio,vacio,vacio,Puntos 'dobles' al pagar con 'FALABELLA',vacio,2026-07-02
Farmacia,Analgésicos,Voltaren Dolo 25mg Cap 20,https://www.soriana.com/dw/image/v2/BGBD_PRD/on/demandware.static/-/Sites-soriana-grocery-master-catalog/default/dwc4d11f8c/images/product/7501124816940_A.JPG?sw=473&sh=473&sm=fit,https://www.soriana.com/farmacia/,/voltaren-dolo-25mg-cap-20/2109743.html,$239.00,vacio,vacio,vacio,Puntos 'dobles' al pagar con 'FALABELLA',vacio,2026-07-02
Farmacia,Analgésicos,Syncol 500/25/15 mg Cmpr con 12,https://www.soriana.com/dw/image/v2/BGBD_PRD/on/demandware.static/-/Sites-soriana-grocery-master-catalog/default/dw47acfc5f/images/product/7501070600709_A.jpg?sw=473&sh=473&sm=fit,https://www.soriana.com/farmacia/,/syncol-500-25-15-mg-cmpr-con-12/2421573.html,$126.00,vacio,vacio,vacio,Puntos 'dobles' al pagar con 'FALABELLA',vacio,2026-07-02
Farmacia,Analgésicos,Facicam 0.005 Gel con 40gr,https://www.soriana.com/dw/image/v2/BGBD_PRD/on/demandware.static/-/Sites-soriana-grocery-master-catalog/default/dw741091ee/images/product/7501314703173_A.jpg?sw=473&sh=473&sm=fit,https://www.soriana.com/farmacia/,/facicam-0.005-gel-con-40gr/446275.html,$179.00,vacio,vacio,vacio,Puntos 'dobles' al pagar con 'FALABELLA',vacio,2026-07-02
Farmacia,Analgésicos,Mejoral MG con 48 Tabletas,https://www.soriana.com/dw/image/v2/BGBD_PRD/on/demandware.static/-/Sites-soriana-grocery-master-catalog/default/dw03e9742d/images/product/7501065033277_A.jpg?sw=473&sh=473&sm=fit,https://www.soriana.com/farmacia/,/mejoral-mg-con-48-tabletas/11914784.html,$219.00,vacio,vacio,vacio,Puntos 'dobles' al pagar con 'FALABELLA',vacio,2026-07-02
Farmacia,Analgésicos,Mejoralito Paracetamol pediátrico 30 Tabletas,https://www.soriana.com/dw/image/v2/BGBD_PRD/on/demandware.static/-/Sites-soriana-grocery-master-catalog/default/dw661aa522/images/product/7451079003523_A.jpg?sw=473&sh=473&sm=fit,https://www.soriana.com/farmacia/,/mejoralito-paracetamol-pediatrico-30-tabletas/8012411.html,$81.00,vacio,vacio,vacio,Puntos 'dobles' al pagar con 'FALABELLA',vacio,2026-07-02
Farmacia,Analgésicos,Analgen Forte 220mg/300mg 12 Tabletas,https://www.soriana.com/dw/image/v2/BGBD_PRD/on/demandware.static/-/Sites-soriana-grocery-master-catalog/default/dwbdd360b2/images/product/7501299309612_A.jpg?sw=473&sh=473&sm=fit,https://www.soriana.com/farmacia/,/analgen-forte-220mg-300mg-12-tabletas/8003510.html,$94.50,vacio,vacio,vacio,Puntos 'dobles' al pagar con 'FALABELLA',vacio,2026-07-02
Farmacia,Analgésicos,Ky6 500 mg 10 Tabletas,https://www.soriana.com/dw/image/v2/BGBD_PRD/on/demandware.static/-/Sites-soriana-grocery-master-catalog/default/dw6b56470e/images/product/7501537102999_A.jpg?sw=473&sh=473&sm=fit,https://www.soriana.com/farmacia/,/ky6-500-mg-10-tabletas/8008381.html,$26.00,vacio,vacio,vacio,Puntos 'dobles' al pagar con 'FALABELLA',vacio,2026-07-02
Farmacia,Analgésicos,Volfenac Grag.L.P. 100 mg X 20,https://www.soriana.com/dw/image/v2/BGBD_PRD/on/demandware.static/-/Sites-soriana-grocery-master-catalog/default/dw495ecf25/images/product/0780083148898_A.jpg?sw=473&sh=473&sm=fit,https://www.soriana.com/farmacia/,/volfenac-grag.l.p.-100-mg-x-20/8011074.html,$17.00,vacio,3 x 2,vacio,Puntos 'dobles' al pagar con 'FALABELLA',vacio,2026-07-02
Farmacia,Analgésicos,Graneodín F Miel Limón 16 Tabletas,https://www.soriana.com/dw/image/v2/BGBD_PRD/on/demandware.static/-/Sites-soriana-grocery-master-catalog/default/dwb7967436/images/product/7501058715494_A.jpg?sw=473&sh=473&sm=fit,https://www.soriana.com/farmacia/,/graneodin-f-miel-limon-16-tabletas/11395590.html,$191.00,vacio,vacio,vacio,Puntos 'dobles' al pagar con 'FALABELLA',vacio,2026-07-02
Farmacia,Analgésicos,Gum Port Conntra Aftas Gel con 1 ml,https://www.soriana.com/dw/image/v2/BGBD_PRD/on/demandware.static/-/Sites-soriana-grocery-master-catalog/default/dwa64a476b/images/product/0070942123648_A.jpg?sw=473&sh=473&sm=fit,https://www.soriana.com/farmacia/,/gum-port-conntra-aftas-gel-con-1-ml/1797945.html,$125.00,vacio,vacio,vacio,Puntos 'dobles' al pagar con 'FALABELLA',vacio,2026-07-02
Farmacia,Analgésicos,Analgésico Aspirina para dolor de cabeza y fiebre 100 tabletas,https://www.soriana.com/dw/image/v2/BGBD_PRD/on/demandware.static/-/Sites-soriana-grocery-master-catalog/default/dwb6923b9b/images/product/7501008496152_A.jpg?sw=473&sh=473&sm=fit,https://www.soriana.com/farmacia/,/analgesico-aspirina-para-dolor-de-cabeza-y-fiebre-100-tabletas/361114.html,$126.00,vacio,vacio,vacio,Puntos 'dobles' al pagar con 'FALABELLA',vacio,2026-07-02
Farmacia,Analgésicos,Advil 200 mg 100 Tabletas,https://www.soriana.com/dw/image/v2/BGBD_PRD/on/demandware.static/-/Sites-soriana-grocery-master-catalog/default/dwd49a0085/images/product/7501181802047_A.jpg?sw=473&sh=473&sm=fit,https://www.soriana.com/farmacia/,/advil-200-mg-100-tabletas/419596.html,$277.20,vacio,vacio,vacio,Puntos 'dobles' al pagar con 'FALABELLA',vacio,2026-07-02
Farmacia,Analgésicos,Loxonin 60 mg con 10 tabletas,https://www.soriana.com/dw/image/v2/BGBD_PRD/on/demandware.static/-/Sites-soriana-grocery-master-catalog/default/dw68ab9fc3/images/product/7501300422897_A.jpg?sw=473&sh=473&sm=fit,https://www.soriana.com/farmacia/,/loxonin-60-mg-con-10-tabletas/11931148.html,$226.00,vacio,vacio,vacio,Puntos 'dobles' al pagar con 'FALABELLA',vacio,2026-07-02
Farmacia,Analgésicos,Advil Fast Gel 200mg Cap con 20,https://www.soriana.com/dw/image/v2/BGBD_PRD/on/demandware.static/-/Sites-soriana-grocery-master-catalog/default/dw63786ef3/images/product/7501108763468_A.JPG?sw=473&sh=473&sm=fit,https://www.soriana.com/farmacia/,/advil-fast-gel-200mg-cap-con-20/1497182.html,$138.00,vacio,vacio,vacio,Puntos 'dobles' al pagar con 'FALABELLA',vacio,2026-07-02
Farmacia,Analgésicos,Venastat 265 mg Oral 60 Cápsulas Liberación Prolongada,https://www.soriana.com/dw/image/v2/BGBD_PRD/on/demandware.static/-/Sites-soriana-grocery-master-catalog/default/dw64bc8a3c/images/product/7501089810403_A.jpg?sw=473&sh=473&sm=fit,https://www.soriana.com/farmacia/,/venastat-265-mg-oral-60-capsulas-liberacion-prolongada/631597.html,$635.00,vacio,vacio,vacio,Puntos 'dobles' al pagar con 'FALABELLA',vacio,2026-07-02
Farmacia,Analgésicos,Tempra 500 mg 10 tabletas,https://www.soriana.com/dw/image/v2/BGBD_PRD/on/demandware.static/-/Sites-soriana-grocery-master-catalog/default/dw8e5a3ece/images/product/7501095452116_A.jpg?sw=473&sh=473&sm=fit,https://www.soriana.com/farmacia/,/tempra-500-mg-10-tabletas/1254241.html,$69.90,vacio,vacio,vacio,Puntos 'dobles' al pagar con 'FALABELLA',vacio,2026-07-02
Farmacia,Analgésicos,Tempra Fen Infantil 100 Ml,https://www.soriana.com/dw/image/v2/BGBD_PRD/on/demandware.static/-/Sites-soriana-grocery-master-catalog/default/dw7f65c22d/images/product/7501058715555_A.jpg?sw=473&sh=473&sm=fit,https://www.soriana.com/farmacia/,/tempra-fen-infantil-100-ml/11395546.html,$249.00,vacio,vacio,vacio,Puntos 'dobles' al pagar con 'FALABELLA',vacio,2026-07-02
Farmacia,Analgésicos,Tylenol Inf Cereza Susp con 120ml,https://www.soriana.com/dw/image/v2/BGBD_PRD/on/demandware.static/-/Sites-soriana-grocery-master-catalog/default/dw5d452d69/images/product/7501100088170_A.jpg?sw=473&sh=473&sm=fit,https://www.soriana.com/farmacia/,/tylenol-inf-cereza-susp-con-120ml/624603.html,$235.00,vacio,vacio,vacio,Puntos 'dobles' al pagar con 'FALABELLA',vacio,2026-07-02
Farmacia,Analgésicos,Icy Hot Crema Con 35.4 Gr,https://www.soriana.com/dw/image/v2/BGBD_PRD/on/demandware.static/-/Sites-soriana-grocery-master-catalog/default/dw8b2495f7/images/product/7501165008700_A.jpg?sw=473&sh=473&sm=fit,https://www.soriana.com/farmacia/,/icy-hot-crema-con-35.4-gr/2466717.html,$92.50,vacio,vacio,vacio,Puntos 'dobles' al pagar con 'FALABELLA',vacio,2026-07-02
Farmacia,Analgésicos,Procto glyvenol 400/30Mg Supositorio,https://www.soriana.com/dw/image/v2/BGBD_PRD/on/demandware.static/-/Sites-soriana-grocery-master-catalog/default/dw522b8b16/images/product/7501065020970_A.jpg?sw=473&sh=473&sm=fit,https://www.soriana.com/farmacia/,/procto-glyvenol-400-30mg-supositorio/11855655.html,$259.00,vacio,vacio,vacio,Puntos 'dobles' al pagar con 'FALABELLA',vacio,2026-07-02
Farmacia,Analgésicos,Voltaren Emulgel 1.16% 100 Gr,https://www.soriana.com/dw/image/v2/BGBD_PRD/on/demandware.static/-/Sites-soriana-grocery-master-catalog/default/dw1218e10f/images/product/7501124813055_A.JPG?sw=473&sh=473&sm=fit,https://www.soriana.com/farmacia/,/voltaren-emulgel-1.16--100-gr/1531591.html,$225.00,vacio,vacio,vacio,Puntos 'dobles' al pagar con 'FALABELLA',vacio,2026-07-02
Farmacia,Analgésicos,Reumophan Clásico 20 tabletas,https://www.soriana.com/dw/image/v2/BGBD_PRD/on/demandware.static/-/Sites-soriana-grocery-master-catalog/default/dwce402ad5/images/product/7501022101155_A.jpg?sw=473&sh=473&sm=fit,https://www.soriana.com/farmacia/,/reumophan-clasico-20-tabletas/368217.html,$269.00,vacio,vacio,vacio,Puntos 'dobles' al pagar con 'FALABELLA',vacio,2026-07-02
Farmacia,Analgésicos,Voltaren Emulgel 1.16% 30 Gr,https://www.soriana.com/dw/image/v2/BGBD_PRD/on/demandware.static/-/Sites-soriana-grocery-master-catalog/default/dw7795d2d8/images/product/7501124815486_A.JPG?sw=473&sh=473&sm=fit,https://www.soriana.com/farmacia/,/voltaren-emulgel-1.16--30-gr/2364442.html,$84.50,vacio,vacio,vacio,Puntos 'dobles' al pagar con 'FALABELLA',vacio,2026-07-02
Farmacia,Analgésicos,Crema Voltaren 12hrs 50 Mg,https://www.soriana.com/dw/image/v2/BGBD_PRD/on/demandware.static/-/Sites-soriana-grocery-master-catalog/default/dw37c4968c/images/product/7501124818524_A.jpg?sw=473&sh=473&sm=fit,https://www.soriana.com/farmacia/,/crema-voltaren-12hrs-50-mg/2765396.html,$174.00,vacio,vacio,vacio,Puntos 'dobles' al pagar con 'FALABELLA',vacio,2026-07-02
Farmacia,Analgésicos,Tempra Boost 12 tabletas,https://www.soriana.com/dw/image/v2/BGBD_PRD/on/demandware.static/-/Sites-soriana-grocery-master-catalog/default/dwc31d556b/images/product/7501058715326_A.jpg?sw=473&sh=473&sm=fit,https://www.soriana.com/farmacia/,/tempra-boost-12-tabletas/9070359.html,$104.00,vacio,vacio,vacio,Puntos 'dobles' al pagar con 'FALABELLA',vacio,2026-07-02
Farmacia,Analgésicos,Voltaren Emulgel 1.16% 100g,https://www.soriana.com/dw/image/v2/BGBD_PRD/on/demandware.static/-/Sites-soriana-grocery-master-catalog/default/dw1f07a669/images/product/7501065085832_A.jpg?sw=473&sh=473&sm=fit,https://www.soriana.com/farmacia/,/voltaren-emulgel-1.16--100g/11744660.html,$262.00,vacio,vacio,vacio,Puntos 'dobles' al pagar con 'FALABELLA',vacio,2026-07-02
Farmacia,Analgésicos,Proctoglyvenol Tratamiento para las hemorroides Crema 30g,https://www.soriana.com/dw/image/v2/BGBD_PRD/on/demandware.static/-/Sites-soriana-grocery-master-catalog/default/dw5beee750/images/product/7501065008336_A.jpg?sw=473&sh=473&sm=fit,https://www.soriana.com/farmacia/,/proctoglyvenol-tratamiento-para-las-hemorroides-crema-30g/11720382.html,$259.00,vacio,vacio,vacio,Puntos 'dobles' al pagar con 'FALABELLA',vacio,2026-07-02
Farmacia,Analgésicos,Nodrim Paracetamol Sol 100 MG / 1 ML Con 30 ML,https://www.soriana.com/dw/image/v2/BGBD_PRD/on/demandware.static/-/Sites-soriana-grocery-master-catalog/default/dweaed344b/images/product/7500525916228_A.jpg?sw=473&sh=473&sm=fit,https://www.soriana.com/farmacia/,/nodrim-paracetamol-sol-100-mg-1-ml-con-30-ml/11920780.html,$44.00,vacio,vacio,vacio,Puntos 'dobles' al pagar con 'FALABELLA',vacio,2026-07-02
Farmacia,Analgésicos,Alliviax Garganta 6 Tab/10,https://www.soriana.com/dw/image/v2/BGBD_PRD/on/demandware.static/-/Sites-soriana-grocery-master-catalog/default/dw0dfdc4f4/images/product/650240070839_A.jpg?sw=473&sh=473&sm=fit,https://www.soriana.com/farmacia/,/alliviax-garganta-6-tab-10/11831408.html,$94.50,vacio,vacio,vacio,Puntos 'dobles' al pagar con 'FALABELLA',vacio,2026-07-02
Farmacia,Analgésicos,Amaryl Xm 4/850mg Tab con 16,https://www.soriana.com/dw/image/v2/BGBD_PRD/on/demandware.static/-/Sites-soriana-grocery-master-catalog/default/dwbecb966b/images/product/7501165008953_A.jpg?sw=473&sh=473&sm=fit,https://www.soriana.com/farmacia/,/amaryl-xm-4-850mg-tab-con-16/2561047.html,"$1,175.00",vacio,3 x 2,vacio,Puntos 'dobles' al pagar con 'FALABELLA',vacio,2026-07-02
Farmacia,Analgésicos,Amaryl Xm 2/850mg Tab con 16,https://www.soriana.com/dw/image/v2/BGBD_PRD/on/demandware.static/-/Sites-soriana-grocery-master-catalog/default/dwe4fb063e/images/product/7501165008960_A.jpg?sw=473&sh=473&sm=fit,https://www.soriana.com/farmacia/,/amaryl-xm-2-850mg-tab-con-16/2561048.html,$861.00,vacio,3 x 2,vacio,Puntos 'dobles' al pagar con 'FALABELLA',vacio,2026-07-02
Farmacia,Analgésicos,Aspirina 500 mg tab c/80,https://www.soriana.com/dw/image/v2/BGBD_PRD/on/demandware.static/-/Sites-soriana-grocery-master-catalog/default/dw6afb790a/images/product/7501008499818_A.jpg?sw=473&sh=473&sm=fit,https://www.soriana.com/farmacia/,/aspirina-500-mg-tab-c-80/11905367.html,$109.00,vacio,vacio,vacio,Puntos 'dobles' al pagar con 'FALABELLA',vacio,2026-07-02
Farmacia,Analgésicos,Mejoral 5.0 Forte con 48 tabletas,https://www.soriana.com/dw/image/v2/BGBD_PRD/on/demandware.static/-/Sites-soriana-grocery-master-catalog/default/dwa3df80c9/images/product/7501065087775_A.jpg?sw=473&sh=473&sm=fit,https://www.soriana.com/farmacia/,/mejoral-5.0-forte-con-48-tabletas/11897356.html,$199.00,vacio,vacio,vacio,Puntos 'dobles' al pagar con 'FALABELLA',vacio,2026-07-02
Farmacia,Analgésicos,Dolo Neurobion Articulaciones 10s,https://www.soriana.com/dw/image/v2/BGBD_PRD/on/demandware.static/-/Sites-soriana-grocery-master-catalog/default/dw2d39a835/images/product/7500435251099_A.jpg?sw=473&sh=473&sm=fit,https://www.soriana.com/farmacia/,/dolo-neurobion-articulaciones-10s/11929144.html,$248.50,vacio,vacio,vacio,Puntos 'dobles' al pagar con 'FALABELLA',vacio,2026-07-02
Farmacia,Analgésicos,"Nodrim Naproxeno 500 mg, 20 Tabletas",https://www.soriana.com/dw/image/v2/BGBD_PRD/on/demandware.static/-/Sites-soriana-grocery-master-catalog/default/dwe04f87cf/images/product/7500093754499_A.jpg?sw=473&sh=473&sm=fit,https://www.soriana.com/farmacia/,/nodrim-naproxeno-500-mg-20-tabletas/11186113.html,$65.00,vacio,vacio,Aplica cupón,Puntos 'dobles' al pagar con 'FALABELLA',vacio,2026-07-02
Farmacia,Analgésicos,Nodrim Paracetamol 10g/100ml Solución con 30ml,https://www.soriana.com/dw/image/v2/BGBD_PRD/on/demandware.static/-/Sites-soriana-grocery-master-catalog/default/dwd803e27c/images/product/7500093754598_A.jpg?sw=473&sh=473&sm=fit,https://www.soriana.com/farmacia/,/nodrim-paracetamol-10g-100ml-solucion-con-30ml/11187094.html,$35.00,vacio,vacio,Aplica cupón,Puntos 'dobles' al pagar con 'FALABELLA',vacio,2026-07-02
Farmacia,Analgésicos,Nodrim Naproxeno 250 mg Tab 20,https://www.soriana.com/dw/image/v2/BGBD_PRD/on/demandware.static/-/Sites-soriana-grocery-master-catalog/default/dwbff875b5/images/product/7500093953793_A.jpg?sw=473&sh=473&sm=fit,https://www.soriana.com/farmacia/,/nodrim-naproxeno-250-mg-tab-20/11379283.html,$56.00,vacio,vacio,Aplica cupón,Puntos 'dobles' al pagar con 'FALABELLA',vacio,2026-07-02
Farmacia,Analgésicos,Nodrim Ibuprofeno 200mg Cap 10,https://www.soriana.com/dw/image/v2/BGBD_PRD/on/demandware.static/-/Sites-soriana-grocery-master-catalog/default/dw1f9aaa7b/images/product/7500525196996_A.jpg?sw=473&sh=473&sm=fit,https://www.soriana.com/farmacia/,/nodrim-ibuprofeno-200mg-cap-10/11492058.html,$39.00,vacio,vacio,Aplica cupón,Puntos 'dobles' al pagar con 'FALABELLA',vacio,2026-07-02
Farmacia,Analgésicos,Ibuprofeno/Cafeína Nodrim 400/100Mg 10 Cápsulas,https://www.soriana.com/dw/image/v2/BGBD_PRD/on/demandware.static/-/Sites-soriana-grocery-master-catalog/default/dwf46166bb/images/product/7500525470904_A.jpg?sw=473&sh=473&sm=fit,https://www.soriana.com/farmacia/,/ibuprofeno-cafeina-nodrim-400-100mg-10-capsulas/11715140.html,$84.90,vacio,3 x 2,Aplica cupón,Puntos 'dobles' al pagar con 'FALABELLA',vacio,2026-07-02
Farmacia,Gastrointenstinales,Pepto Bismol con 24 Tabletas,https://www.soriana.com/dw/image/v2/BGBD_PRD/on/demandware.static/-/Sites-soriana-grocery-master-catalog/default/dw1567a135/images/product/7590002043936_A.jpg?sw=473&sh=473&sm=fit,https://www.soriana.com/farmacia/,/pepto-bismol-con-24-tabletas/3011637.html,$213.00,vacio,vacio,vacio,Puntos 'dobles' al pagar con 'FALABELLA',vacio,2026-07-02
Farmacia,Gastrointenstinales,Pepto Bismol Sabor Cereza 24 Tabletas,https://www.soriana.com/dw/image/v2/BGBD_PRD/on/demandware.static/-/Sites-soriana-grocery-master-catalog/default/dw1f010a28/images/product/7501001353377_A.jpg?sw=473&sh=473&sm=fit,https://www.soriana.com/farmacia/,/pepto-bismol-sabor-cereza-24-tabletas/1333224.html,$144.00,vacio,vacio,vacio,Puntos 'dobles' al pagar con 'FALABELLA',vacio,2026-07-02
Farmacia,Gastrointenstinales,Sal de Uvas Picot 10 sobres,https://www.soriana.com/dw/image/v2/BGBD_PRD/on/demandware.static/-/Sites-soriana-grocery-master-catalog/default/dw549217cf/images/product/7501095451096_A.jpg?sw=473&sh=473&sm=fit,https://www.soriana.com/farmacia/,/sal-de-uvas-picot-10-sobres/718649.html,$52.90,$45.00,vacio,vacio,Puntos 'dobles' al pagar con 'FALABELLA',vacio,2026-07-02
Farmacia,Gastrointenstinales,Pepto Bismol con 12 Tabletas,https://www.soriana.com/dw/image/v2/BGBD_PRD/on/demandware.static/-/Sites-soriana-grocery-master-catalog/default/dw968c5752/images/product/7500435131834_A.jpg?sw=473&sh=473&sm=fit,https://www.soriana.com/farmacia/,/pepto-bismol-con-12-tabletas/11550109.html,$80.90,vacio,vacio,vacio,Puntos 'dobles' al pagar con 'FALABELLA',vacio,2026-07-02
Farmacia,Gastrointenstinales,Sal de Uvas Picot Plus 9 Sobres,https://www.soriana.com/dw/image/v2/BGBD_PRD/on/demandware.static/-/Sites-soriana-grocery-master-catalog/default/dwc94acff4/images/product/7501058715913_A.jpg?sw=473&sh=473&sm=fit,https://www.soriana.com/farmacia/,/sal-de-uvas-picot-plus-9-sobres/11417051.html,$61.90,vacio,vacio,vacio,Puntos 'dobles' al pagar con 'FALABELLA',vacio,2026-07-02
Farmacia,Gastrointenstinales,Pepto Bismol Suspensión 118ml,https://www.soriana.com/dw/image/v2/BGBD_PRD/on/demandware.static/-/Sites-soriana-grocery-master-catalog/default/dw2d804dcc/images/product/0020800755719_A.jpg?sw=473&sh=473&sm=fit,https://www.soriana.com/farmacia/,/pepto-bismol-suspension-118ml/1206699.html,$168.00,vacio,vacio,vacio,Puntos 'dobles' al pagar con 'FALABELLA',vacio,2026-07-02
Farmacia,Gastrointenstinales,Sal de Uvas Picot Frutas Tropicales 10 sobres,https://www.soriana.com/dw/image/v2/BGBD_PRD/on/demandware.static/-/Sites-soriana-grocery-master-catalog/default/dw975a7153/images/product/7501058715937_A.jpg?sw=473&sh=473&sm=fit,https://www.soriana.com/farmacia/,/sal-de-uvas-picot-frutas-tropicales-10-sobres/11489418.html,$45.90,vacio,vacio,vacio,Puntos 'dobles' al pagar con 'FALABELLA',vacio,2026-07-02
Farmacia,Gastrointenstinales,Pepto Bismol Suspensión 236 ml,https://www.soriana.com/dw/image/v2/BGBD_PRD/on/demandware.static/-/Sites-soriana-grocery-master-catalog/default/dwfffc747e/images/product/0020800753050_A.jpg?sw=473&sh=473&sm=fit,https://www.soriana.com/farmacia/,/pepto-bismol-suspension-236-ml/1030652.html,$235.00,vacio,vacio,vacio,Puntos 'dobles' al pagar con 'FALABELLA',vacio,2026-07-02
Farmacia,Gastrointenstinales,Pepto-Bismol Liquido Sabor Cereza 236 ml,https://www.soriana.com/dw/image/v2/BGBD_PRD/on/demandware.static/-/Sites-soriana-grocery-master-catalog/default/dwf907b70e/images/product/0020800756457_A.jpg?sw=473&sh=473&sm=fit,https://www.soriana.com/farmacia/,/pepto-bismol-liquido-sabor-cereza-236-ml/1333354.html,$235.00,vacio,vacio,vacio,Puntos 'dobles' al pagar con 'FALABELLA',vacio,2026-07-02
Farmacia,Gastrointenstinales,Pepto Bismol Diarrea Solución 236 ml,https://www.soriana.com/dw/image/v2/BGBD_PRD/on/demandware.static/-/Sites-soriana-grocery-master-catalog/default/dw8839c574/images/product/7500435154185_A.jpg?sw=473&sh=473&sm=fit,https://www.soriana.com/farmacia/,/pepto-bismol-diarrea-solucion-236-ml/11550108.html,$269.00,vacio,vacio,vacio,Puntos 'dobles' al pagar con 'FALABELLA',vacio,2026-07-02
Farmacia,Gastrointenstinales,Pepto Bismol Plus Suspensión 236 ml,https://www.soriana.com/dw/image/v2/BGBD_PRD/on/demandware.static/-/Sites-soriana-grocery-master-catalog/default/dwa6bcd713/images/product/0020800755726_A.jpg?sw=473&sh=473&sm=fit,https://www.soriana.com/farmacia/,/pepto-bismol-plus-suspension-236-ml/1206703.html,$256.90,vacio,vacio,vacio,Puntos 'dobles' al pagar con 'FALABELLA',vacio,2026-07-02
Farmacia,Gastrointenstinales,Pepto Bismol con 24 Tabletas,https://www.soriana.com/dw/image/v2/BGBD_PRD/on/demandware.static/-/Sites-soriana-grocery-master-catalog/default/dwdde817c7/images/product/7501001258030_A.jpg?sw=473&sh=473&sm=fit,https://www.soriana.com/farmacia/,/pepto-bismol-con-24-tabletas/359271.html,$144.00,vacio,vacio,vacio,Puntos 'dobles' al pagar con 'FALABELLA',vacio,2026-07-02
Farmacia,Gastrointenstinales,Pepto Bismol Sabor Cereza Solución 118 ml,https://www.soriana.com/dw/image/v2/BGBD_PRD/on/demandware.static/-/Sites-soriana-grocery-master-catalog/default/dw92b83f41/images/product/0020800756440_A.jpg?sw=473&sh=473&sm=fit,https://www.soriana.com/farmacia/,/pepto-bismol-sabor-cereza-solucion-118-ml/1333352.html,$143.00,vacio,vacio,vacio,Puntos 'dobles' al pagar con 'FALABELLA',vacio,2026-07-02
Farmacia,Gastrointenstinales,Pepto-Bismol Suspensión 118 ml,https://www.soriana.com/dw/image/v2/BGBD_PRD/on/demandware.static/-/Sites-soriana-grocery-master-catalog/default/dw878d12a2/images/product/0020800753067_A.jpg?sw=473&sh=473&sm=fit,https://www.soriana.com/farmacia/,/pepto-bismol-suspension-118-ml/1030651.html,$143.00,vacio,vacio,vacio,Puntos 'dobles' al pagar con 'FALABELLA',vacio,2026-07-02
Farmacia,Gastrointenstinales,Eskazole M-N Comp 200/150mg Tab con 2 Pzas,https://www.soriana.com/dw/image/v2/BGBD_PRD/on/demandware.static/-/Sites-soriana-grocery-master-catalog/default/dwcc7911bf/images/product/7501089801494_A.jpg?sw=473&sh=473&sm=fit,https://www.soriana.com/farmacia/,/eskazole-m-n-comp-200-150mg-tab-con-2-pzas/8002848.html,$133.00,vacio,vacio,vacio,Puntos 'dobles' al pagar con 'FALABELLA',vacio,2026-07-02
Farmacia,Gastrointenstinales,Eskazole 400 mg Tab con 1,https://www.soriana.com/dw/image/v2/BGBD_PRD/on/demandware.static/-/Sites-soriana-grocery-master-catalog/default/dwb7b71423/images/product/7501089801425_A.jpg?sw=473&sh=473&sm=fit,https://www.soriana.com/farmacia/,/eskazole-400-mg-tab-con-1/8002535.html,$98.50,vacio,vacio,vacio,Puntos 'dobles' al pagar con 'FALABELLA',vacio,2026-07-02
Farmacia,Gastrointenstinales,Enterogermina 2 Billones de UFC 20 Ampolletas de 5 ml.,https://www.soriana.com/dw/image/v2/BGBD_PRD/on/demandware.static/-/Sites-soriana-grocery-master-catalog/default/dw3867effd/images/product/7501328980119_A.jpg?sw=473&sh=473&sm=fit,https://www.soriana.com/farmacia/,/enterogermina-2-billones-de-ufc-20-ampolletas-de-5-ml./1138378.html,$519.00,vacio,vacio,vacio,Puntos 'dobles' al pagar con 'FALABELLA',vacio,2026-07-02
Farmacia,Gastrointenstinales,Vontrol Difenidol 25mg Tab con 25,https://www.soriana.com/dw/image/v2/BGBD_PRD/on/demandware.static/-/Sites-soriana-grocery-master-catalog/default/dwf6d1f1c1/images/product/7501070635664_A.jpg?sw=473&sh=473&sm=fit,https://www.soriana.com/farmacia/,/vontrol-difenidol-25mg-tab-con-25/726528.html,$415.00,vacio,3 x 2,vacio,Puntos 'dobles' al pagar con 'FALABELLA',vacio,2026-07-02
Farmacia,Gastrointenstinales,Vontrol Difenidol Lp 100 mg Tab 10,https://www.soriana.com/dw/image/v2/BGBD_PRD/on/demandware.static/-/Sites-soriana-grocery-master-catalog/default/dwa5593e03/images/product/7501070635671_A.jpg?sw=473&sh=473&sm=fit,https://www.soriana.com/farmacia/,/vontrol-difenidol-lp-100-mg-tab-10/8002597.html,$361.00,vacio,3 x 2,vacio,Puntos 'dobles' al pagar con 'FALABELLA',vacio,2026-07-02
Farmacia,Gastrointenstinales,Danzen 10mg Tab 20,https://www.soriana.com/dw/image/v2/BGBD_PRD/on/demandware.static/-/Sites-soriana-grocery-master-catalog/default/dwcaaf0870/images/product/7501385491085_A.jpg?sw=473&sh=473&sm=fit,https://www.soriana.com/farmacia/,/danzen-10mg-tab-20/1091798.html,$499.00,vacio,3 x 2,vacio,Puntos 'dobles' al pagar con 'FALABELLA',vacio,2026-07-02
Farmacia,Gastrointenstinales,QG5 C/30 TAB,https://www.soriana.com/dw/image/v2/BGBD_PRD/on/demandware.static/-/Sites-soriana-grocery-master-catalog/default/dw43eecf50/images/product/650240069277_A.jpg?sw=473&sh=473&sm=fit,https://www.soriana.com/farmacia/,/qg5-c-30-tab/11732957.html,$305.00,vacio,vacio,vacio,Puntos 'dobles' al pagar con 'FALABELLA',vacio,2026-07-02
Farmacia,Gastrointenstinales,Riopan 8/1mg Gel con 20 Sob,https://www.soriana.com/dw/image/v2/BGBD_PRD/on/demandware.static/-/Sites-soriana-grocery-master-catalog/default/dw40c97192/images/product/7501092793045_A.jpg?sw=473&sh=473&sm=fit,https://www.soriana.com/farmacia/,/riopan-8-1mg-gel-con-20-sob/556085.html,$289.00,vacio,vacio,vacio,Puntos 'dobles' al pagar con 'FALABELLA',vacio,2026-07-02
Farmacia,Gastrointenstinales,Laxante Ciruelax Natural 50 Comprimidos,https://www.soriana.com/dw/image/v2/BGBD_PRD/on/demandware.static/-/Sites-soriana-grocery-master-catalog/default/dw3e5ebf3a/images/product/7803510001689_A.jpg?sw=473&sh=473&sm=fit,https://www.soriana.com/farmacia/,/laxante-ciruelax-natural-50-comprimidos/2650541.html,$209.00,vacio,vacio,vacio,Puntos 'dobles' al pagar con 'FALABELLA',vacio,2026-07-02
Farmacia,Gastrointenstinales,Kaomycin Suspensión Oral 180 ml,https://www.soriana.com/dw/image/v2/BGBD_PRD/on/demandware.static/-/Sites-soriana-grocery-master-catalog/default/dwf56b858f/images/product/7501089809452_A.jpg?sw=473&sh=473&sm=fit,https://www.soriana.com/farmacia/,/kaomycin-suspension-oral-180-ml/3027106.html,$219.00,vacio,vacio,vacio,Puntos 'dobles' al pagar con 'FALABELLA',vacio,2026-07-02
Farmacia,Gastrointenstinales,"Bicarbonato de Sodio Uso Personal Arm & Hammer, 227gr.",https://www.soriana.com/dw/image/v2/BGBD_PRD/on/demandware.static/-/Sites-soriana-grocery-master-catalog/default/dw57eb3692/images/product/0033200011309_A.jpg?sw=473&sh=473&sm=fit,https://www.soriana.com/farmacia/,/bicarbonato-de-sodio-uso-personal-arm-hammer-227gr./262676.html,$30.50,$30.00,vacio,vacio,Puntos 'dobles' al pagar con 'FALABELLA',vacio,2026-07-02
Farmacia,Gastrointenstinales,Laxante Ciruelax Natural 24 Comprimidos,https://www.soriana.com/dw/image/v2/BGBD_PRD/on/demandware.static/-/Sites-soriana-grocery-master-catalog/default/dwb53ea931/images/product/7803510001818_A.jpg?sw=473&sh=473&sm=fit,https://www.soriana.com/farmacia/,/laxante-ciruelax-natural-24-comprimidos/1799888.html,$174.00,vacio,vacio,vacio,Puntos 'dobles' al pagar con 'FALABELLA',vacio,2026-07-02
Farmacia,Gastrointenstinales,Estomaquil Sbs Pvo con 20,https://www.soriana.com/dw/image/v2/BGBD_PRD/on/demandware.static/-/Sites-soriana-grocery-master-catalog/default/dw6c3a3d7a/images/product/7501369200016_A.jpg?sw=473&sh=473&sm=fit,https://www.soriana.com/farmacia/,/estomaquil-sbs-pvo-con-20/582972.html,$170.00,vacio,vacio,vacio,Puntos 'dobles' al pagar con 'FALABELLA',vacio,2026-07-02
Farmacia,Gastrointenstinales,Kaomycin 280 /129/30mg Tab con 20,https://www.soriana.com/dw/image/v2/BGBD_PRD/on/demandware.static/-/Sites-soriana-grocery-master-catalog/default/dwa06d9059/images/product/7501089809469_A.jpg?sw=473&sh=473&sm=fit,https://www.soriana.com/farmacia/,/kaomycin-280--129-30mg-tab-con-20/3026581.html,$173.00,vacio,vacio,vacio,Puntos 'dobles' al pagar con 'FALABELLA',vacio,2026-07-02
Farmacia,Gastrointenstinales,Treda C/10 Tabeltas,https://www.soriana.com/dw/image/v2/BGBD_PRD/on/demandware.static/-/Sites-soriana-grocery-master-catalog/default/dw80ea7ce4/images/product/7501070612474_A.jpg?sw=473&sh=473&sm=fit,https://www.soriana.com/farmacia/,/treda-c-10-tabeltas/11852249.html,$144.00,vacio,vacio,vacio,Puntos 'dobles' al pagar con 'FALABELLA',vacio,2026-07-02
Farmacia,Gastrointenstinales,Lomotil 2mg Tab con 2,https://www.soriana.com/dw/image/v2/BGBD_PRD/on/demandware.static/-/Sites-soriana-grocery-master-catalog/default/dw2bc8eb6b/images/product/7501057002663_A.jpg?sw=473&sh=473&sm=fit,https://www.soriana.com/farmacia/,/lomotil-2mg-tab-con-2/3043356.html,$174.00,vacio,vacio,vacio,Puntos 'dobles' al pagar con 'FALABELLA',vacio,2026-07-02
Farmacia,Gastrointenstinales,Nodrim Hidrox De Magn 8.5% Susp con 360ml,https://www.soriana.com/dw/image/v2/BGBD_PRD/on/demandware.static/-/Sites-soriana-grocery-master-catalog/default/dw0b374c5c/images/product/7500093754420_A.jpg?sw=473&sh=473&sm=fit,https://www.soriana.com/farmacia/,/nodrim-hidrox-de-magn-8.5--susp-con-360ml/11185971.html,$65.00,vacio,vacio,Aplica cupón,Puntos 'dobles' al pagar con 'FALABELLA',vacio,2026-07-02
Farmacia,Gastrointenstinales,Sal de Uvas Picot Manzana 10 sobres,https://www.soriana.com/dw/image/v2/BGBD_PRD/on/demandware.static/-/Sites-soriana-grocery-master-catalog/default/dw625b649c/images/product/7501058715920_A.jpg?sw=473&sh=473&sm=fit,https://www.soriana.com/farmacia/,/sal-de-uvas-picot-manzana-10-sobres/11489336.html,$50.90,vacio,vacio,vacio,Puntos 'dobles' al pagar con 'FALABELLA',vacio,2026-07-02
Farmacia,Gastrointenstinales,Antiácido Alka-Seltzer sabor Lima-Limón 12 tabletas efervescentes,https://www.soriana.com/dw/image/v2/BGBD_PRD/on/demandware.static/-/Sites-soriana-grocery-master-catalog/default/dw93ec3dd3/images/product/7501008443194_A.jpg?sw=473&sh=473&sm=fit,https://www.soriana.com/farmacia/,/antiacido-alka-seltzer-sabor-lima-limon-12-tabletas-efervescentes/650517.html,$56.90,vacio,vacio,vacio,Puntos 'dobles' al pagar con 'FALABELLA',vacio,2026-07-02
Farmacia,Gastrointenstinales,Bicarbonato de Sodio en Polvo Racel 400 g,https://www.soriana.com/dw/image/v2/BGBD_PRD/on/demandware.static/-/Sites-soriana-grocery-master-catalog/default/dwab9beb95/images/product/7501044209754_A.jpg?sw=473&sh=473&sm=fit,https://www.soriana.com/farmacia/,/bicarbonato-de-sodio-en-polvo-racel-400-g/643433.html,$48.00,vacio,vacio,vacio,Puntos 'dobles' al pagar con 'FALABELLA',vacio,2026-07-02
Farmacia,Gastrointenstinales,Antiácido Alka-Seltzer 12 tabletas efervescentes,https://www.soriana.com/dw/image/v2/BGBD_PRD/on/demandware.static/-/Sites-soriana-grocery-master-catalog/default/dwc5d2812a/images/product/7501008443033_A.jpg?sw=473&sh=473&sm=fit,https://www.soriana.com/farmacia/,/antiacido-alka-seltzer-12-tabletas-efervescentes/361105.html,$53.90,vacio,vacio,vacio,Puntos 'dobles' al pagar con 'FALABELLA',vacio,2026-07-02
Farmacia,Gastrointenstinales,Nodrim Omeprazol 20mg Cap 14,https://www.soriana.com/dw/image/v2/BGBD_PRD/on/demandware.static/-/Sites-soriana-grocery-master-catalog/default/dw9d7657d1/images/product/7500525141538_A.jpg?sw=473&sh=473&sm=fit,https://www.soriana.com/farmacia/,/nodrim-omeprazol-20mg-cap-14/11492063.html,$33.00,vacio,vacio,Aplica cupón,Puntos 'dobles' al pagar con 'FALABELLA',vacio,2026-07-02
Farmacia,Gastrointenstinales,Vitascom Bicarbonato De Sodio 250 Gr,https://www.soriana.com/dw/image/v2/BGBD_PRD/on/demandware.static/-/Sites-soriana-grocery-master-catalog/default/dw9df26679/images/product/7500093910611_A.jpg?sw=473&sh=473&sm=fit,https://www.soriana.com/farmacia/,/vitascom-bicarbonato-de-sodio-250-gr/11385386.html,$26.90,vacio,vacio,vacio,Puntos 'dobles' al pagar con 'FALABELLA',vacio,2026-07-02
Farmacia,Gastrointenstinales,Riopan 10ml Sbs Gel con 10,https://www.soriana.com/dw/image/v2/BGBD_PRD/on/demandware.static/-/Sites-soriana-grocery-master-catalog/default/dw803c2535/images/product/7501092793052_A.jpg?sw=473&sh=473&sm=fit,https://www.soriana.com/farmacia/,/riopan-10ml-sbs-gel-con-10/556086.html,$158.00,vacio,vacio,vacio,Puntos 'dobles' al pagar con 'FALABELLA',vacio,2026-07-02
Farmacia,Gastrointenstinales,Festomar Lib Prol 10/10 mg Cap 30,https://www.soriana.com/dw/image/v2/BGBD_PRD/on/demandware.static/-/Sites-soriana-grocery-master-catalog/default/dw4ac94400/images/product/7501314704231_A.jpg?sw=473&sh=473&sm=fit,https://www.soriana.com/farmacia/,/festomar-lib-prol-10-10-mg-cap-30/8002225.html,$415.00,vacio,3 x 2,vacio,Puntos 'dobles' al pagar con 'FALABELLA',vacio,2026-07-02
Farmacia,Gastrointenstinales,Pridona 250mg Tab 50,https://www.soriana.com/dw/image/v2/BGBD_PRD/on/demandware.static/-/Sites-soriana-grocery-master-catalog/default/dw2240ae5b/images/product/7501384503307_A.jpg?sw=473&sh=473&sm=fit,https://www.soriana.com/farmacia/,/pridona-250mg-tab-50/1900666.html,$429.00,vacio,3 x 2,vacio,Puntos 'dobles' al pagar con 'FALABELLA',vacio,2026-07-02
Farmacia,Gastrointenstinales,Laxante Ciruelax Forte De Origen Natural 24 Comprimidos,https://www.soriana.com/dw/image/v2/BGBD_PRD/on/demandware.static/-/Sites-soriana-grocery-master-catalog/default/dwd7e46167/images/product/7803510003409_A.jpg?sw=473&sh=473&sm=fit,https://www.soriana.com/farmacia/,/laxante-ciruelax-forte-de-origen-natural-24-comprimidos/9109592.html,$195.00,vacio,vacio,vacio,Puntos 'dobles' al pagar con 'FALABELLA',vacio,2026-07-02
Farmacia,Gastrointenstinales,Sinuberase Probióticos 2 Billones de UFC 10 Ampolletas.,https://www.soriana.com/dw/image/v2/BGBD_PRD/on/demandware.static/-/Sites-soriana-grocery-master-catalog/default/dw989e3838/images/product/7501159580182_A.jpg?sw=473&sh=473&sm=fit,https://www.soriana.com/farmacia/,/sinuberase-probioticos-2-billones-de-ufc-10-ampolletas./1133001.html,$325.00,vacio,vacio,vacio,Puntos 'dobles' al pagar con 'FALABELLA',vacio,2026-07-02
Farmacia,Gastrointenstinales,Genoprazol Alivia Gastritis y Agruras 7 Cápsulas,https://www.soriana.com/dw/image/v2/BGBD_PRD/on/demandware.static/-/Sites-soriana-grocery-master-catalog/default/dw9132ed58/images/product/0650240036354_A.jpg?sw=473&sh=473&sm=fit,https://www.soriana.com/farmacia/,/genoprazol-alivia-gastritis-y-agruras-7-capsulas/11383401.html,$57.50,vacio,vacio,vacio,Puntos 'dobles' al pagar con 'FALABELLA',vacio,2026-07-02
Farmacia,Gastrointenstinales,Dualiver con 16 Cap,https://www.soriana.com/dw/image/v2/BGBD_PRD/on/demandware.static/-/Sites-soriana-grocery-master-catalog/default/dw5b478247/images/product/7502274772568_A.jpg?sw=473&sh=473&sm=fit,https://www.soriana.com/farmacia/,/dualiver--con-16-cap/11476692.html,$184.00,vacio,vacio,vacio,Puntos 'dobles' al pagar con 'FALABELLA',vacio,2026-07-02
Farmacia,Gastrointenstinales,Almax 500mg Sob C/12 Pzas,https://www.soriana.com/dw/image/v2/BGBD_PRD/on/demandware.static/-/Sites-soriana-grocery-master-catalog/default/dw4b9ec997/images/product/7502209291232_A.jpg?sw=473&sh=473&sm=fit,https://www.soriana.com/farmacia/,/almax-500mg-sob-c-12-pzas/8008440.html,$315.00,vacio,vacio,vacio,Puntos 'dobles' al pagar con 'FALABELLA',vacio,2026-07-02
Farmacia,Gastrointenstinales,Supacid 40 mg Grag 7 11,https://www.soriana.com/dw/image/v2/BGBD_PRD/on/demandware.static/-/Sites-soriana-grocery-master-catalog/default/dwe70937fa/images/product/7501125163685_A.jpg?sw=473&sh=473&sm=fit,https://www.soriana.com/farmacia/,/supacid-40-mg-grag-7-11/9066276.html,$256.00,vacio,vacio,vacio,Puntos 'dobles' al pagar con 'FALABELLA',vacio,2026-07-02
Farmacia,Gastrointenstinales,Gpp Ivermectina 6 mg 2 Tabletas,https://www.soriana.com/dw/image/v2/BGBD_PRD/on/demandware.static/-/Sites-soriana-grocery-master-catalog/default/dwe0c8e222/images/product/7502009747359_A.jpg?sw=473&sh=473&sm=fit,https://www.soriana.com/farmacia/,/gpp-ivermectina-6-mg-2-tabletas/8008448.html,$80.00,vacio,vacio,vacio,Puntos 'dobles' al pagar con 'FALABELLA',vacio,2026-07-02
Farmacia,Gastrointenstinales,Loxcell 400/300 mg Tab 1 334,https://www.soriana.com/dw/image/v2/BGBD_PRD/on/demandware.static/-/Sites-soriana-grocery-master-catalog/default/dwf723aee7/images/product/7502224227339_A.jpg?sw=473&sh=473&sm=fit,https://www.soriana.com/farmacia/,/loxcell-400-300-mg-tab-1---334/3106319.html,$120.00,vacio,vacio,vacio,Puntos 'dobles' al pagar con 'FALABELLA',vacio,2026-07-02
Farmacia,Gastrointenstinales,Vermox 500mg Tab con 1,https://www.soriana.com/dw/image/v2/BGBD_PRD/on/demandware.static/-/Sites-soriana-grocery-master-catalog/default/dwc5d19ab3/images/product/7501109900596_A.jpg?sw=473&sh=473&sm=fit,https://www.soriana.com/farmacia/,/vermox-500mg-tab-con-1/711722.html,$128.00,vacio,vacio,vacio,Puntos 'dobles' al pagar con 'FALABELLA',vacio,2026-07-02
Farmacia,Gastrointenstinales,Oxal 100/400 mg Susp Inf 10 ml,https://www.soriana.com/dw/image/v2/BGBD_PRD/on/demandware.static/-/Sites-soriana-grocery-master-catalog/default/dw410a32da/images/product/7501086300136_A.jpg?sw=473&sh=473&sm=fit,https://www.soriana.com/farmacia/,/oxal-100-400-mg-susp-inf-10-ml/1375810.html,$184.00,vacio,vacio,vacio,Puntos 'dobles' al pagar con 'FALABELLA',vacio,2026-07-02
Farmacia,Gastrointenstinales,Supacid 20mg Con 14 Tabletas,https://www.soriana.com/dw/image/v2/BGBD_PRD/on/demandware.static/-/Sites-soriana-grocery-master-catalog/default/dw582b8435/images/product/7501125152566_A.jpg?sw=473&sh=473&sm=fit,https://www.soriana.com/farmacia/,/supacid-20mg-con-14-tabletas/2228366.html,$56.50,vacio,vacio,vacio,Puntos 'dobles' al pagar con 'FALABELLA',vacio,2026-07-02
Farmacia,Gastrointenstinales,Sal-De-Uvas Picot Sbs Pvo con 50,https://www.soriana.com/dw/image/v2/BGBD_PRD/on/demandware.static/-/Sites-soriana-grocery-master-catalog/default/dw5e82f3a3/images/product/7501095467264_A.jpg?sw=473&sh=473&sm=fit,https://www.soriana.com/farmacia/,/sal-de-uvas-picot-sbs-pvo-con-50/3004964.html,$249.00,vacio,vacio,vacio,Puntos 'dobles' al pagar con 'FALABELLA',vacio,2026-07-02
Farmacia,Gastrointenstinales,Vermox 100mg Tab 6,https://www.soriana.com/dw/image/v2/BGBD_PRD/on/demandware.static/-/Sites-soriana-grocery-master-catalog/default/dwd8af4caf/images/product/7501109900619_A.jpg?sw=473&sh=473&sm=fit,https://www.soriana.com/farmacia/,/vermox-100mg-tab-6/393987.html,$138.00,vacio,vacio,vacio,Puntos 'dobles' al pagar con 'FALABELLA',vacio,2026-07-02
Farmacia,Gastrointenstinales,L-Ombrix-Duet Inf 60/10mg Susp10 ml,https://www.soriana.com/dw/image/v2/BGBD_PRD/on/demandware.static/-/Sites-soriana-grocery-master-catalog/default/dw126c7cdc/images/product/7501299305874_A.jpg?sw=473&sh=473&sm=fit,https://www.soriana.com/farmacia/,/l-ombrix-duet-inf-60-10mg-susp10-ml/9103534.html,$159.00,vacio,vacio,vacio,Puntos 'dobles' al pagar con 'FALABELLA',vacio,2026-07-02
Farmacia,Gastrointenstinales,Melox Noche Suspension 180 ml,https://www.soriana.com/dw/image/v2/BGBD_PRD/on/demandware.static/-/Sites-soriana-grocery-master-catalog/default/dw39dbe0a7/images/product/7891317048808_A.jpg?sw=473&sh=473&sm=fit,https://www.soriana.com/farmacia/,/melox-noche-suspension-180-ml/11931166.html,$214.76,vacio,vacio,vacio,Puntos 'dobles' al pagar con 'FALABELLA',vacio,2026-07-02
Farmacia,Gastrointenstinales,Floratil 250mg Cap 12 Pzas,https://www.soriana.com/dw/image/v2/BGBD_PRD/on/demandware.static/-/Sites-soriana-grocery-master-catalog/default/dw99d311a8/images/product/7501298219981_A.jpg?sw=473&sh=473&sm=fit,https://www.soriana.com/farmacia/,/floratil-250mg-cap-12-pzas/8002674.html,$467.10,vacio,3 x 2,vacio,Puntos 'dobles' al pagar con 'FALABELLA',vacio,2026-07-02
Farmacia,Gastrointenstinales,Senokot 8.6 mg 60 Tabletas,https://www.soriana.com/dw/image/v2/BGBD_PRD/on/demandware.static/-/Sites-soriana-grocery-master-catalog/default/dwdfc7b427/images/product/7501124810900_A.JPG?sw=473&sh=473&sm=fit,https://www.soriana.com/farmacia/,/senokot-8.6-mg-60-tabletas/1065659.html,$185.00,vacio,vacio,vacio,Puntos 'dobles' al pagar con 'FALABELLA',vacio,2026-07-02
Farmacia,Gastrointenstinales,Gpp Dimenhidrinato 50mg Cap 24,https://www.soriana.com/dw/image/v2/BGBD_PRD/on/demandware.static/-/Sites-soriana-grocery-master-catalog/default/dwb049b304/images/product/7502227425008_A.jpg?sw=473&sh=473&sm=fit,https://www.soriana.com/farmacia/,/gpp-dimenhidrinato-50mg-cap-24/2685141.html,$54.90,vacio,vacio,vacio,Puntos 'dobles' al pagar con 'FALABELLA',vacio,2026-07-02
Farmacia,Gastrointenstinales,Dramamine Inf 250mg Jbe 100 ml,https://www.soriana.com/dw/image/v2/BGBD_PRD/on/demandware.static/-/Sites-soriana-grocery-master-catalog/default/dw2c6ba304/images/product/7501007532349_A.jpg?sw=473&sh=473&sm=fit,https://www.soriana.com/farmacia/,/dramamine-inf-250mg-jbe-100-ml/8002496.html,$235.00,vacio,vacio,vacio,Puntos 'dobles' al pagar con 'FALABELLA',vacio,2026-07-02
Farmacia,Gastrointenstinales,Genoprazol Gastritis y Agruras 14 Cápsulas 20 mg,https://www.soriana.com/dw/image/v2/BGBD_PRD/on/demandware.static/-/Sites-soriana-grocery-master-catalog/default/dw0e13eb61/images/product/0650240031427_A.jpg?sw=473&sh=473&sm=fit,https://www.soriana.com/farmacia/,/genoprazol-gastritis-y-agruras-14-capsulas-20-mg/11383560.html,$83.50,vacio,vacio,vacio,Puntos 'dobles' al pagar con 'FALABELLA',vacio,2026-07-02
Farmacia,Gastrointenstinales,Normex Leche de Magnesio con 60 ml,https://www.soriana.com/dw/image/v2/BGBD_PRD/on/demandware.static/-/Sites-soriana-grocery-master-catalog/default/dwad08e6b0/images/product/7501109790739_A.jpg?sw=473&sh=473&sm=fit,https://www.soriana.com/farmacia/,/normex-leche-de-magnesio-con-60-ml/393955.html,$53.00,vacio,vacio,vacio,Puntos 'dobles' al pagar con 'FALABELLA',vacio,2026-07-02
Farmacia,Gastrointenstinales,Metamucil Soluble Sabor Naranja 174 g,https://www.soriana.com/dw/image/v2/BGBD_PRD/on/demandware.static/-/Sites-soriana-grocery-master-catalog/default/dw65244c13/images/product/0020800790253_A.jpg?sw=473&sh=473&sm=fit,https://www.soriana.com/farmacia/,/metamucil-soluble-sabor-naranja-174-g/642988.html,$419.00,vacio,vacio,vacio,Puntos 'dobles' al pagar con 'FALABELLA',vacio,2026-07-02
Farmacia,Gastrointenstinales,Almax 500mg Sob C/24 Pzas,https://www.soriana.com/dw/image/v2/BGBD_PRD/on/demandware.static/-/Sites-soriana-grocery-master-catalog/default/dwbad59802/images/product/7502209291249_A.jpg?sw=473&sh=473&sm=fit,https://www.soriana.com/farmacia/,/almax-500mg-sob-c-24-pzas/8008441.html,$406.13,vacio,vacio,vacio,Puntos 'dobles' al pagar con 'FALABELLA',vacio,2026-07-02
Farmacia,Gastrointenstinales,Almax 500mg Tab C/24 Pzas,https://www.soriana.com/dw/image/v2/BGBD_PRD/on/demandware.static/-/Sites-soriana-grocery-master-catalog/default/dw2921131d/images/product/7502209291225_A.jpg?sw=473&sh=473&sm=fit,https://www.soriana.com/farmacia/,/almax-500mg-tab-c-24-pzas/8008439.html,$299.00,vacio,vacio,vacio,Puntos 'dobles' al pagar con 'FALABELLA',vacio,2026-07-02
Farmacia,Gastrointenstinales,Enterogermina 4 Billones de UFC 10 Ampolletas de 5 ml,https://www.soriana.com/dw/image/v2/BGBD_PRD/on/demandware.static/-/Sites-soriana-grocery-master-catalog/default/dwa21c08b0/images/product/7501165010826_A.jpg?sw=473&sh=473&sm=fit,https://www.soriana.com/farmacia/,/enterogermina--4-billones-de-ufc-10-ampolletas-de-5-ml/11292524.html,$445.00,vacio,vacio,vacio,Puntos 'dobles' al pagar con 'FALABELLA',vacio,2026-07-02
Farmacia,Gastrointenstinales,Bonadoxina 50/25mg Tab 25,https://www.soriana.com/dw/image/v2/BGBD_PRD/on/demandware.static/-/Sites-soriana-grocery-master-catalog/default/dw3ea51496/images/product/7501287678034_A.jpg?sw=473&sh=473&sm=fit,https://www.soriana.com/farmacia/,/bonadoxina-50-25mg-tab-25/442480.html,$309.00,vacio,3 x 2,vacio,Puntos 'dobles' al pagar con 'FALABELLA',vacio,2026-07-02
Farmacia,Gastrointenstinales,Solostin Susp Polvo 17g C7 Sobres,https://www.soriana.com/dw/image/v2/BGBD_PRD/on/demandware.static/-/Sites-soriana-grocery-master-catalog/default/dw0552c499/images/product/7502246640970_A.jpg?sw=473&sh=473&sm=fit,https://www.soriana.com/farmacia/,/solostin-susp-polvo-17g-c7-sobres/9066274.html,$292.00,vacio,3 x 2,vacio,Puntos 'dobles' al pagar con 'FALABELLA',vacio,2026-07-02
Farmacia,Gastrointenstinales,Senokot Regular Auxiliar para el Estreñimiento 28 tabletas,https://www.soriana.com/dw/image/v2/BGBD_PRD/on/demandware.static/-/Sites-soriana-grocery-master-catalog/default/dw89ab0da3/images/product/7501065013798_A.jpg?sw=473&sh=473&sm=fit,https://www.soriana.com/farmacia/,/senokot-regular-auxiliar-para-el-estrenimiento-28-tabletas/11720381.html,$108.00,vacio,vacio,vacio,Puntos 'dobles' al pagar con 'FALABELLA',vacio,2026-07-02
Farmacia,Gastrointenstinales,Suplemento alimenticio BioGaia Protectis 5 ml,https://www.soriana.com/dw/image/v2/BGBD_PRD/on/demandware.static/-/Sites-soriana-grocery-master-catalog/default/dw41bf9732/images/product/7350012552138_A.jpg?sw=473&sh=473&sm=fit,https://www.soriana.com/farmacia/,/suplemento-alimenticio-biogaia-protectis-5-ml/8001667.html,$495.00,vacio,3 x 2,vacio,Puntos 'dobles' al pagar con 'FALABELLA',vacio,2026-07-02
Farmacia,Gastrointenstinales,Suplemento alimenticio Bloom Mango 145 g,https://www.soriana.com/dw/image/v2/BGBD_PRD/on/demandware.static/-/Sites-soriana-grocery-master-catalog/default/dw582c28cd/images/product/7502293530699_A.jpg?sw=473&sh=473&sm=fit,https://www.soriana.com/farmacia/,/suplemento-alimenticio-bloom-mango-145-g/11743905.html,$599.00,vacio,vacio,vacio,Puntos 'dobles' al pagar con 'FALABELLA',vacio,2026-07-02
Farmacia,Gastrointenstinales,Tums Extra Surt 750 Mg 48 Tabletas,https://www.soriana.com/dw/image/v2/BGBD_PRD/on/demandware.static/-/Sites-soriana-grocery-master-catalog/default/dw6dc3e895/images/product/7501065054029_A.JPG?sw=473&sh=473&sm=fit,https://www.soriana.com/farmacia/,/tums-extra-surt-750-mg-48-tabletas/1118607.html,$140.00,vacio,vacio,vacio,Puntos 'dobles' al pagar con 'FALABELLA',vacio,2026-07-02
Farmacia,Gastrointenstinales,Senosiain Ad 2.632g Sup con 20,https://www.soriana.com/dw/image/v2/BGBD_PRD/on/demandware.static/-/Sites-soriana-grocery-master-catalog/default/dw04e641d1/images/product/7501314704149_A.jpg?sw=473&sh=473&sm=fit,https://www.soriana.com/farmacia/,/senosiain-ad-2.632g-sup-con-20/562247.html,$103.00,vacio,vacio,vacio,Puntos 'dobles' al pagar con 'FALABELLA',vacio,2026-07-02
Farmacia,Gastrointenstinales,Bicarbonato de Sodio con Limón Racel 300 Gr,https://www.soriana.com/dw/image/v2/BGBD_PRD/on/demandware.static/-/Sites-soriana-grocery-master-catalog/default/dw4c7bedc3/images/product/7501044209273_A.jpg?sw=473&sh=473&sm=fit,https://www.soriana.com/farmacia/,/bicarbonato-de-sodio-con-limon-racel-300-gr/11426046.html,$50.00,vacio,vacio,vacio,Puntos 'dobles' al pagar con 'FALABELLA',vacio,2026-07-02
Farmacia,Gastrointenstinales,Oxal 200/150mg Tab con 2,https://www.soriana.com/dw/image/v2/BGBD_PRD/on/demandware.static/-/Sites-soriana-grocery-master-catalog/default/dw6001ede8/images/product/7501086301041_A.jpg?sw=473&sh=473&sm=fit,https://www.soriana.com/farmacia/,/oxal-200-150mg-tab-con-2/1183862.html,$184.00,vacio,vacio,vacio,Puntos 'dobles' al pagar con 'FALABELLA',vacio,2026-07-02
Farmacia,Gastrointenstinales,Riopan 8/1mg Susp con 250ml,https://www.soriana.com/dw/image/v2/BGBD_PRD/on/demandware.static/-/Sites-soriana-grocery-master-catalog/default/dwa1adc2f5/images/product/7501092793038_A.jpg?sw=473&sh=473&sm=fit,https://www.soriana.com/farmacia/,/riopan-8-1mg-susp-con-250ml/389607.html,$325.00,vacio,vacio,vacio,Puntos 'dobles' al pagar con 'FALABELLA',vacio,2026-07-02
Farmacia,Gastrointenstinales,Bekunis Hoja Té 80 g,https://www.soriana.com/dw/image/v2/BGBD_PRD/on/demandware.static/-/Sites-soriana-grocery-master-catalog/default/dwad4dacfa/images/product/7501168860107_A.jpg?sw=473&sh=473&sm=fit,https://www.soriana.com/farmacia/,/bekunis-hoja-te-80-g/415648.html,$138.00,vacio,vacio,vacio,Puntos 'dobles' al pagar con 'FALABELLA',vacio,2026-07-02
Farmacia,Gastrointenstinales,Alflorex 247mg Intestino Irritable 30 Cápsulas,https://www.soriana.com/dw/image/v2/BGBD_PRD/on/demandware.static/-/Sites-soriana-grocery-master-catalog/default/dw6165ddcc/images/product/7506317100646_A.jpg?sw=473&sh=473&sm=fit,https://www.soriana.com/farmacia/,/alflorex-247mg-intestino-irritable-30-capsulas/9137422.html,"$1,282.00",vacio,vacio,vacio,Puntos 'dobles' al pagar con 'FALABELLA',vacio,2026-07-02
Farmacia,Gastrointenstinales,Treda 129/280/30 mg con 20 Tab,https://www.soriana.com/dw/image/v2/BGBD_PRD/on/demandware.static/-/Sites-soriana-grocery-master-catalog/default/dw5ff024af/images/product/7501070612368_A.jpg?sw=473&sh=473&sm=fit,https://www.soriana.com/farmacia/,/treda-129-280-30-mg-con-20-tab/383103.html,$229.00,vacio,vacio,vacio,Puntos 'dobles' al pagar con 'FALABELLA',vacio,2026-07-02
Farmacia,Gastrointenstinales,Kaomycin 71/20/1g Susp con 180ml,https://www.soriana.com/dw/image/v2/BGBD_PRD/on/demandware.static/-/Sites-soriana-grocery-master-catalog/default/dw892f7cf7/images/product/7501089809179_A.jpg?sw=473&sh=473&sm=fit,https://www.soriana.com/farmacia/,/kaomycin-71-20-1g-susp-con-180ml/741665.html,$170.00,vacio,vacio,vacio,Puntos 'dobles' al pagar con 'FALABELLA',vacio,2026-07-02
Farmacia,Gastrointenstinales,Gpp Subsal De Bism Susp 262.5Mg/15Ml 120,https://www.soriana.com/dw/image/v2/BGBD_PRD/on/demandware.static/-/Sites-soriana-grocery-master-catalog/default/dw22c3fef4/images/product/7502253601339_A.jpg?sw=473&sh=473&sm=fit,https://www.soriana.com/farmacia/,/gpp-subsal-de-bism-susp-262.5mg-15ml-120/11750512.html,$52.00,vacio,vacio,vacio,Puntos 'dobles' al pagar con 'FALABELLA',vacio,2026-07-02
Farmacia,Gastrointenstinales,Melox Plus Tabs S. Menta Caja C/50,https://www.soriana.com/dw/image/v2/BGBD_PRD/on/demandware.static/-/Sites-soriana-grocery-master-catalog/default/dw307d9010/images/product/7891317048853_A.jpg?sw=473&sh=473&sm=fit,https://www.soriana.com/farmacia/,/melox-plus-tabs-s.-menta-caja-c-50/11931040.html,$197.00,vacio,vacio,vacio,Puntos 'dobles' al pagar con 'FALABELLA',vacio,2026-07-02
Farmacia,Gastrointenstinales,L-Ombrix 100mg Suspensión Con 30 ml,https://www.soriana.com/dw/image/v2/BGBD_PRD/on/demandware.static/-/Sites-soriana-grocery-master-catalog/default/dw4a158ab1/images/product/7501299302934_A.jpg?sw=473&sh=473&sm=fit,https://www.soriana.com/farmacia/,/l-ombrix-100mg-suspension-con-30-ml/3026508.html,$90.50,vacio,vacio,vacio,Puntos 'dobles' al pagar con 'FALABELLA',vacio,2026-07-02
Farmacia,Gastrointenstinales,Antiácido Alka-Seltzer Boost 10 Tabletas Efervescentes,https://www.soriana.com/dw/image/v2/BGBD_PRD/on/demandware.static/-/Sites-soriana-grocery-master-catalog/default/dw40802e96/images/product/7501008497593_A.jpg?sw=473&sh=473&sm=fit,https://www.soriana.com/farmacia/,/antiacido-alka-seltzer-boost-10-tabletas-efervescentes/2307741.html,$67.50,vacio,vacio,vacio,Puntos 'dobles' al pagar con 'FALABELLA',vacio,2026-07-02
Farmacia,Gastrointenstinales,Sinuberase Probióticos 2 billones de UFC 12 Cápsulas.,https://www.soriana.com/dw/image/v2/BGBD_PRD/on/demandware.static/-/Sites-soriana-grocery-master-catalog/default/dw2582ea4b/images/product/7501361606205_A.jpg?sw=473&sh=473&sm=fit,https://www.soriana.com/farmacia/,/sinuberase-probioticos-2-billones-de-ufc-12-capsulas./8001400.html,$315.00,vacio,vacio,vacio,Puntos 'dobles' al pagar con 'FALABELLA',vacio,2026-07-02
Farmacia,Gastrointenstinales,Senosiain Ped 1.380g Sup con 10,https://www.soriana.com/dw/image/v2/BGBD_PRD/on/demandware.static/-/Sites-soriana-grocery-master-catalog/default/dwc39ac123/images/product/7501314704187_A.jpg?sw=473&sh=473&sm=fit,https://www.soriana.com/farmacia/,/senosiain-ped-1.380g-sup-con-10/446281.html,$69.90,vacio,vacio,vacio,Puntos 'dobles' al pagar con 'FALABELLA',vacio,2026-07-02
Farmacia,Gastrointenstinales,L-Ombrix Duet 300 mg/150 mg 2 Cápsulas,https://www.soriana.com/dw/image/v2/BGBD_PRD/on/demandware.static/-/Sites-soriana-grocery-master-catalog/default/dw31ab77d3/images/product/7501299304860_A.jpg?sw=473&sh=473&sm=fit,https://www.soriana.com/farmacia/,/l-ombrix-duet-300-mg-150-mg-2-capsulas/8000835.html,$107.00,vacio,vacio,vacio,Puntos 'dobles' al pagar con 'FALABELLA',vacio,2026-07-02
Farmacia,Gastrointenstinales,Dramamine 50mg Tab con 24,https://www.soriana.com/dw/image/v2/BGBD_PRD/on/demandware.static/-/Sites-soriana-grocery-master-catalog/default/dw4101f342/images/product/7501007532363_A.jpg?sw=473&sh=473&sm=fit,https://www.soriana.com/farmacia/,/dramamine-50mg-tab-con-24/8002495.html,$219.00,vacio,vacio,vacio,Puntos 'dobles' al pagar con 'FALABELLA',vacio,2026-07-02
Farmacia,Gastrointenstinales,Supacid 40 mg 14 Tabletas 11,https://www.soriana.com/dw/image/v2/BGBD_PRD/on/demandware.static/-/Sites-soriana-grocery-master-catalog/default/dwca49dc89/images/product/7501125163661_A.jpg?sw=473&sh=473&sm=fit,https://www.soriana.com/farmacia/,/supacid-40-mg-14-tabletas-11/9065047.html,$509.00,vacio,vacio,vacio,Puntos 'dobles' al pagar con 'FALABELLA',vacio,2026-07-02
Farmacia,Gastrointenstinales,L-Ombrix-Duet Ped 60/10mg Susp10 ml,https://www.soriana.com/dw/image/v2/BGBD_PRD/on/demandware.static/-/Sites-soriana-grocery-master-catalog/default/dw92dae124/images/product/7501299305867_A.jpg?sw=473&sh=473&sm=fit,https://www.soriana.com/farmacia/,/l-ombrix-duet-ped-60-10mg-susp10-ml/9103773.html,$159.00,vacio,vacio,vacio,Puntos 'dobles' al pagar con 'FALABELLA',vacio,2026-07-02
Farmacia,Gastrointenstinales,Vitascom Bicarbonato De Sodio 400 Gr,https://www.soriana.com/dw/image/v2/BGBD_PRD/on/demandware.static/-/Sites-soriana-grocery-master-catalog/default/dwdc1c4189/images/product/7500525186218_A.jpg?sw=473&sh=473&sm=fit,https://www.soriana.com/farmacia/,/vitascom-bicarbonato-de-sodio-400-gr/11492136.html,$36.90,vacio,vacio,vacio,Puntos 'dobles' al pagar con 'FALABELLA',vacio,2026-07-02
Farmacia,Gastrointenstinales,Zuum Bicarbonato Antiseptico Pvo con 400 G,https://www.soriana.com/dw/image/v2/BGBD_PRD/on/demandware.static/-/Sites-soriana-grocery-master-catalog/default/dwcacb6530/images/product/7501020680546_A.jpg?sw=473&sh=473&sm=fit,https://www.soriana.com/farmacia/,/zuum-bicarbonato-antiseptico-pvo-con-400-g/1322922.html,$47.50,vacio,vacio,vacio,Puntos 'dobles' al pagar con 'FALABELLA',vacio,2026-07-02
Farmacia,Gastrointenstinales,Oxal 200mg/400mg Susp con 20ml,https://www.soriana.com/dw/image/v2/BGBD_PRD/on/demandware.static/-/Sites-soriana-grocery-master-catalog/default/dw11b0365b/images/product/7501086300143_A.jpg?sw=473&sh=473&sm=fit,https://www.soriana.com/farmacia/,/oxal-200mg-400mg-susp-con-20ml/1328188.html,$184.00,vacio,vacio,vacio,Puntos 'dobles' al pagar con 'FALABELLA',vacio,2026-07-02
Farmacia,Gastrointenstinales,Suplemento alimenticio Pearls Probióticos 30 pza,https://www.soriana.com/dw/image/v2/BGBD_PRD/on/demandware.static/-/Sites-soriana-grocery-master-catalog/default/dwc2cacf8a/images/product/0763948315574_A.jpg?sw=473&sh=473&sm=fit,https://www.soriana.com/farmacia/,/suplemento-alimenticio-pearls-probioticos-30-pza/2325910.html,$485.00,vacio,vacio,vacio,Puntos 'dobles' al pagar con 'FALABELLA',vacio,2026-07-02
Farmacia,Gastrointenstinales,Facidex Total 800/165/10mg Tab Mast con 5,https://www.soriana.com/dw/image/v2/BGBD_PRD/on/demandware.static/-/Sites-soriana-grocery-master-catalog/default/dw465f7643/images/product/7501299302996_A.jpg?sw=473&sh=473&sm=fit,https://www.soriana.com/farmacia/,/facidex-total-800-165-10mg-tab-mast-con-5/3023858.html,$38.00,vacio,vacio,vacio,Puntos 'dobles' al pagar con 'FALABELLA',vacio,2026-07-02
Farmacia,Gastrointenstinales,Laxante Naturetti 20 Cápsulas,https://www.soriana.com/dw/image/v2/BGBD_PRD/on/demandware.static/-/Sites-soriana-grocery-master-catalog/default/dwce978666/images/product/7501061009603_A.jpg?sw=473&sh=473&sm=fit,https://www.soriana.com/farmacia/,/laxante-naturetti-20-capsulas/380534.html,$126.00,vacio,vacio,vacio,Puntos 'dobles' al pagar con 'FALABELLA',vacio,2026-07-02
Farmacia,Gastrointenstinales,Treda 733/10/700 G Susp con 75ml,https://www.soriana.com/dw/image/v2/BGBD_PRD/on/demandware.static/-/Sites-soriana-grocery-master-catalog/default/dw3cd6060d/images/product/7501070612320_A.jpg?sw=473&sh=473&sm=fit,https://www.soriana.com/farmacia/,/treda-733-10-700-g-susp-con-75ml/383102.html,$135.00,vacio,vacio,vacio,Puntos 'dobles' al pagar con 'FALABELLA',vacio,2026-07-02
Farmacia,Gastrointenstinales,Microlax 90/9mg Susp con 4 Pzas,https://www.soriana.com/dw/image/v2/BGBD_PRD/on/demandware.static/-/Sites-soriana-grocery-master-catalog/default/dwe6ee51a0/images/product/7501007532387_A.jpg?sw=473&sh=473&sm=fit,https://www.soriana.com/farmacia/,/microlax-90-9mg-susp-con-4-pzas/8002740.html,$239.00,vacio,vacio,vacio,Puntos 'dobles' al pagar con 'FALABELLA',vacio,2026-07-02
Farmacia,Gastrointenstinales,Dulcolax 30 tabletas,https://www.soriana.com/dw/image/v2/BGBD_PRD/on/demandware.static/-/Sites-soriana-grocery-master-catalog/default/dwf9259890/images/product/7501165011663_A.jpg?sw=473&sh=473&sm=fit,https://www.soriana.com/farmacia/,/dulcolax-30-tabletas/8002861.html,$243.00,vacio,vacio,vacio,Puntos 'dobles' al pagar con 'FALABELLA',vacio,2026-07-02
Farmacia,Gastrointenstinales,Plantaben 3.5g 30 Sobres,https://www.soriana.com/dw/image/v2/BGBD_PRD/on/demandware.static/-/Sites-soriana-grocery-master-catalog/default/dwbbb81f96/images/product/7501092772385_A.jpg?sw=473&sh=473&sm=fit,https://www.soriana.com/farmacia/,/plantaben-3.5g-30-sobres/727170.html,$385.00,vacio,vacio,vacio,Puntos 'dobles' al pagar con 'FALABELLA',vacio,2026-07-02
Farmacia,Gastrointenstinales,QG5 C/10 TAB,https://www.soriana.com/dw/image/v2/BGBD_PRD/on/demandware.static/-/Sites-soriana-grocery-master-catalog/default/dw50925c05/images/product/650240069284_A.jpg?sw=473&sh=473&sm=fit,https://www.soriana.com/farmacia/,/qg5-c-10-tab/11732866.html,$158.00,vacio,vacio,vacio,Puntos 'dobles' al pagar con 'FALABELLA',vacio,2026-07-02
Farmacia,Gastrointenstinales,Melox Noche Suspension 360 ml,https://www.soriana.com/dw/image/v2/BGBD_PRD/on/demandware.static/-/Sites-soriana-grocery-master-catalog/default/dw1b8dcbe9/images/product/7891317048877_A.jpg?sw=473&sh=473&sm=fit,https://www.soriana.com/farmacia/,/melox-noche-suspension-360-ml/11931167.html,$344.47,vacio,vacio,vacio,Puntos 'dobles' al pagar con 'FALABELLA',vacio,2026-07-02
Farmacia,Gastrointenstinales,Melox Plus Tabs S. Cereza Caja C/50,https://www.soriana.com/dw/image/v2/BGBD_PRD/on/demandware.static/-/Sites-soriana-grocery-master-catalog/default/dw00003edb/images/product/7891317048839_A.jpg?sw=473&sh=473&sm=fit,https://www.soriana.com/farmacia/,/melox-plus-tabs-s.-cereza-caja-c-50/11931196.html,$197.00,vacio,vacio,vacio,Puntos 'dobles' al pagar con 'FALABELLA',vacio,2026-07-02
Farmacia,Gastrointenstinales,Senokot 374mg Tab con 30,https://www.soriana.com/dw/image/v2/BGBD_PRD/on/demandware.static/-/Sites-soriana-grocery-master-catalog/default/dw6434f1ee/images/product/7501124810917_A.JPG?sw=473&sh=473&sm=fit,https://www.soriana.com/farmacia/,/senokot-374mg-tab-con-30/1065657.html,$211.00,vacio,vacio,vacio,Puntos 'dobles' al pagar con 'FALABELLA',vacio,2026-07-02
Farmacia,Gastrointenstinales,Laxoya 50/8.6mg Cmpr con 60,https://www.soriana.com/dw/image/v2/BGBD_PRD/on/demandware.static/-/Sites-soriana-grocery-master-catalog/default/dwf757eaee/images/product/7501070618674_A.jpg?sw=473&sh=473&sm=fit,https://www.soriana.com/farmacia/,/laxoya-50-8.6mg-cmpr-con-60/2070048.html,$633.00,vacio,vacio,vacio,Puntos 'dobles' al pagar con 'FALABELLA',vacio,2026-07-02
Farmacia,Gastrointenstinales,Vontrol Difenidol 40mg Sol Iny con 2pzas,https://www.soriana.com/dw/image/v2/BGBD_PRD/on/demandware.static/-/Sites-soriana-grocery-master-catalog/default/dwe06ca1e4/images/product/7501070635718_A.jpg?sw=473&sh=473&sm=fit,https://www.soriana.com/farmacia/,/vontrol-difenidol-40mg-sol-iny-con-2pzas/728349.html,$235.00,vacio,3 x 2,vacio,Puntos 'dobles' al pagar con 'FALABELLA',vacio,2026-07-02
Farmacia,Gastrointenstinales,Danzen 5mg Tab 30,https://www.soriana.com/dw/image/v2/BGBD_PRD/on/demandware.static/-/Sites-soriana-grocery-master-catalog/default/dweb7a30ad/images/product/7501385420061_A.jpg?sw=473&sh=473&sm=fit,https://www.soriana.com/farmacia/,/danzen-5mg-tab-30/452941.html,$365.00,vacio,3 x 2,vacio,Puntos 'dobles' al pagar con 'FALABELLA',vacio,2026-07-02
Farmacia,Gastrointenstinales,Metamucil Soluble Sabor Naranja 425 g,https://www.soriana.com/dw/image/v2/BGBD_PRD/on/demandware.static/-/Sites-soriana-grocery-master-catalog/default/dw36c03983/images/product/7501001100001_A.jpg?sw=473&sh=473&sm=fit,https://www.soriana.com/farmacia/,/metamucil-soluble-sabor-naranja-425-g/3058331.html,$879.00,vacio,vacio,vacio,Puntos 'dobles' al pagar con 'FALABELLA',vacio,2026-07-02
Farmacia,Gastrointenstinales,Sinuberase Probióticos 4 Billones UFC 20 Ampolletas de 5 ml.,https://www.soriana.com/dw/image/v2/BGBD_PRD/on/demandware.static/-/Sites-soriana-grocery-master-catalog/default/dw226083b8/images/product/3664798025705_A.jpg?sw=473&sh=473&sm=fit,https://www.soriana.com/farmacia/,/sinuberase-probioticos-4-billones-ufc-20-ampolletas-de-5-ml./11454922.html,$509.00,vacio,vacio,vacio,Puntos 'dobles' al pagar con 'FALABELLA',vacio,2026-07-02
Farmacia,Gastrointenstinales,Almax 1g Susp con 225ml,https://www.soriana.com/dw/image/v2/BGBD_PRD/on/demandware.static/-/Sites-soriana-grocery-master-catalog/default/dw52efe306/images/product/8430308320517_A.jpg?sw=473&sh=473&sm=fit,https://www.soriana.com/farmacia/,/almax-1g-susp-con-225ml/1108987.html,$439.00,vacio,vacio,vacio,Puntos 'dobles' al pagar con 'FALABELLA',vacio,2026-07-02
Farmacia,Gastrointenstinales,Senosiain Ped 1.38 Sup con 20,https://www.soriana.com/dw/image/v2/BGBD_PRD/on/demandware.static/-/Sites-soriana-grocery-master-catalog/default/dw560f8fad/images/product/7501314704170_A.jpg?sw=473&sh=473&sm=fit,https://www.soriana.com/farmacia/,/senosiain-ped-1.38-sup-con-20/579922.html,$103.00,vacio,vacio,vacio,Puntos 'dobles' al pagar con 'FALABELLA',vacio,2026-07-02
Farmacia,Gastrointenstinales,Eskapar 400 mg 16 Cápsulas,https://www.soriana.com/dw/image/v2/BGBD_PRD/on/demandware.static/-/Sites-soriana-grocery-master-catalog/default/dw18f4a2ab/images/product/7501089809506_A.jpg?sw=473&sh=473&sm=fit,https://www.soriana.com/farmacia/,/eskapar-400-mg-16-capsulas/1249848.html,$299.00,vacio,vacio,vacio,Puntos 'dobles' al pagar con 'FALABELLA',vacio,2026-07-02
Farmacia,Gastrointenstinales,Panclasa 80mg Cap con 20,https://www.soriana.com/dw/image/v2/BGBD_PRD/on/demandware.static/-/Sites-soriana-grocery-master-catalog/default/dw7d0c5c5a/images/product/7501188801227_A.jpg?sw=473&sh=473&sm=fit,https://www.soriana.com/farmacia/,/panclasa-80mg-cap-con-20/1277601.html,$249.00,vacio,vacio,vacio,Puntos 'dobles' al pagar con 'FALABELLA',vacio,2026-07-02
Farmacia,Gastrointenstinales,L-Ombrix Susp 30 ml 2+Tab2 Gtis,https://www.soriana.com/dw/image/v2/BGBD_PRD/on/demandware.static/-/Sites-soriana-grocery-master-catalog/default/dwb81305c0/images/product/7501299303603_A.jpg?sw=473&sh=473&sm=fit,https://www.soriana.com/farmacia/,/l-ombrix-susp-30-ml-2tab2-gtis/1505198.html,$191.00,vacio,vacio,vacio,Puntos 'dobles' al pagar con 'FALABELLA',vacio,2026-07-02
Farmacia,Gastrointenstinales,Supacid 20 mg 7 Tabletas,https://www.soriana.com/dw/image/v2/BGBD_PRD/on/demandware.static/-/Sites-soriana-grocery-master-catalog/default/dwba2d7777/images/product/7501125125973_A.jpg?sw=473&sh=473&sm=fit,https://www.soriana.com/farmacia/,/supacid-20-mg-7-tabletas/1914211.html,$24.23,vacio,vacio,vacio,Puntos 'dobles' al pagar con 'FALABELLA',vacio,2026-07-02
Farmacia,Gastrointenstinales,Anara 5mg Tab con 20,https://www.soriana.com/dw/image/v2/BGBD_PRD/on/demandware.static/-/Sites-soriana-grocery-master-catalog/default/dwf6331149/images/product/7501088508929_A.jpg?sw=473&sh=473&sm=fit,https://www.soriana.com/farmacia/,/anara-5mg-tab-con-20/387652.html,$176.00,vacio,vacio,vacio,Puntos 'dobles' al pagar con 'FALABELLA',vacio,2026-07-02
Farmacia,Gastrointenstinales,Senosiain Inf 1.380g Sup con 10,https://www.soriana.com/dw/image/v2/BGBD_PRD/on/demandware.static/-/Sites-soriana-grocery-master-catalog/default/dw0b873a84/images/product/7501314704163_A.jpg?sw=473&sh=473&sm=fit,https://www.soriana.com/farmacia/,/senosiain-inf-1.380g-sup-con-10/446280.html,$69.90,vacio,vacio,vacio,Puntos 'dobles' al pagar con 'FALABELLA',vacio,2026-07-02
Farmacia,Gastrointenstinales,Dolo-Tandax 300/275mg Grag 12,https://www.soriana.com/dw/image/v2/BGBD_PRD/on/demandware.static/-/Sites-soriana-grocery-master-catalog/default/dwe5adc8b0/images/product/7502216931893_A.jpg?sw=473&sh=473&sm=fit,https://www.soriana.com/farmacia/,/dolo-tandax-300-275mg-grag-12/2203094.html,$166.00,vacio,3 x 2,vacio,Puntos 'dobles' al pagar con 'FALABELLA',vacio,2026-07-02
Farmacia,Gastrointenstinales,IPRIKENE 3 G PVO FRESA C/10 SOB,https://www.soriana.com/dw/image/v2/BGBD_PRD/on/demandware.static/-/Sites-soriana-grocery-master-catalog/default/dwf74d3aac/images/product/3582186006900_A.jpg?sw=473&sh=473&sm=fit,https://www.soriana.com/farmacia/,/iprikene-3-g-pvo-fresa-c-10-sob/8012563.html,$389.00,vacio,3 x 2,vacio,Puntos 'dobles' al pagar con 'FALABELLA',vacio,2026-07-02
Farmacia,Gastrointenstinales,Facidex Total 20mg 30 Tab Frutas Tropica,https://www.soriana.com/dw/image/v2/BGBD_PRD/on/demandware.static/-/Sites-soriana-grocery-master-catalog/default/dwfae508e5/images/product/7501299307434_A.jpg?sw=473&sh=473&sm=fit,https://www.soriana.com/farmacia/,/facidex-total-20mg-30-tab-frutas-tropica/11291732.html,$125.00,vacio,vacio,vacio,Puntos 'dobles' al pagar con 'FALABELLA',vacio,2026-07-02
Farmacia,Gastrointenstinales,Normex Leche-Magn Susp con 180ml,https://www.soriana.com/dw/image/v2/BGBD_PRD/on/demandware.static/-/Sites-soriana-grocery-master-catalog/default/dwffb4eaba/images/product/7501109790029_A.jpg?sw=473&sh=473&sm=fit,https://www.soriana.com/farmacia/,/normex-leche-magn-susp-con-180ml/741489.html,$35.50,vacio,vacio,vacio,Puntos 'dobles' al pagar con 'FALABELLA',vacio,2026-07-02
Farmacia,Gastrointenstinales,Vermox 60mg Susp con 10ml,https://www.soriana.com/dw/image/v2/BGBD_PRD/on/demandware.static/-/Sites-soriana-grocery-master-catalog/default/dw72f2b85c/images/product/7501109904853_A.jpg?sw=473&sh=473&sm=fit,https://www.soriana.com/farmacia/,/vermox-60mg-susp-con-10ml/1242177.html,$150.00,vacio,vacio,vacio,Puntos 'dobles' al pagar con 'FALABELLA',vacio,2026-07-02
Farmacia,Gastrointenstinales,"Vermox-Plus 300/150mg, 2 Tabletas",https://www.soriana.com/dw/image/v2/BGBD_PRD/on/demandware.static/-/Sites-soriana-grocery-master-catalog/default/dw94c2f171/images/product/7501109904792_A.jpg?sw=473&sh=473&sm=fit,https://www.soriana.com/farmacia/,/vermox-plus-300-150mg-2-tabletas/1303094.html,$166.00,vacio,vacio,vacio,Puntos 'dobles' al pagar con 'FALABELLA',vacio,2026-07-02
Farmacia,Gastrointenstinales,Diocap 100mg Cap con 30,https://www.soriana.com/dw/image/v2/BGBD_PRD/on/demandware.static/-/Sites-soriana-grocery-master-catalog/default/dwca33338e/images/product/7501314707522_A.jpg?sw=473&sh=473&sm=fit,https://www.soriana.com/farmacia/,/diocap-100mg-cap-con-30/1730872.html,$195.00,vacio,vacio,vacio,Puntos 'dobles' al pagar con 'FALABELLA',vacio,2026-07-02
Farmacia,Gastrointenstinales,L-Ombrix 500mg Tab con 1,https://www.soriana.com/dw/image/v2/BGBD_PRD/on/demandware.static/-/Sites-soriana-grocery-master-catalog/default/dw2bd8b012/images/product/7501299303511_A.jpg?sw=473&sh=473&sm=fit,https://www.soriana.com/farmacia/,/l-ombrix-500mg-tab-con-1/3026507.html,$101.00,vacio,vacio,vacio,Puntos 'dobles' al pagar con 'FALABELLA',vacio,2026-07-02
Farmacia,Gastrointenstinales,Nesajar 100/300mg Cap con 16 Pzas,https://www.soriana.com/dw/image/v2/BGBD_PRD/on/demandware.static/-/Sites-soriana-grocery-master-catalog/default/dw0560e1fb/images/product/7502227426449_A.jpg?sw=473&sh=473&sm=fit,https://www.soriana.com/farmacia/,/nesajar-100-300mg-cap-con-16-pzas/3126802.html,$249.00,vacio,vacio,vacio,Puntos 'dobles' al pagar con 'FALABELLA',vacio,2026-07-02
Farmacia,Gastrointenstinales,Facidex Total 20/165/800 mg Tab 10,https://www.soriana.com/dw/image/v2/BGBD_PRD/on/demandware.static/-/Sites-soriana-grocery-master-catalog/default/dw5284c6da/images/product/7501299307373_A.jpg?sw=473&sh=473&sm=fit,https://www.soriana.com/farmacia/,/facidex-total-20-165-800-mg-tab-10/8001685.html,$52.50,vacio,vacio,vacio,Puntos 'dobles' al pagar con 'FALABELLA',vacio,2026-07-02
Farmacia,Gastrointenstinales,Suplemento alimenticio Probiolog IBS i3.1 56 g 28 Piezas,https://www.soriana.com/dw/image/v2/BGBD_PRD/on/demandware.static/-/Sites-soriana-grocery-master-catalog/default/dwfadb68c3/images/product/3760001041026_A.jpg?sw=473&sh=473&sm=fit,https://www.soriana.com/farmacia/,/suplemento-alimenticio-probiolog-ibs-i3.1-56-g-28-piezas/8008253.html,$705.00,vacio,vacio,vacio,Puntos 'dobles' al pagar con 'FALABELLA',vacio,2026-07-02
Farmacia,Gastrointenstinales,Dorixina 100g Gel 50 G,https://www.soriana.com/dw/image/v2/BGBD_PRD/on/demandware.static/-/Sites-soriana-grocery-master-catalog/default/dw00795bcc/images/product/7501300409706_A.jpg?sw=473&sh=473&sm=fit,https://www.soriana.com/farmacia/,/dorixina-100g-gel-50-g/2386484.html,$267.00,vacio,3 x 2,vacio,Puntos 'dobles' al pagar con 'FALABELLA',vacio,2026-07-02
Farmacia,Gastrointenstinales,Zolufen Omeprazol 20 Mg Con 120 Cápsulas,https://www.soriana.com/dw/image/v2/BGBD_PRD/on/demandware.static/-/Sites-soriana-grocery-master-catalog/default/dwb05d70ce/images/product/7502223553033_A.jpg?sw=473&sh=473&sm=fit,https://www.soriana.com/farmacia/,/zolufen-omeprazol--20-mg-con-120-capsulas/11431704.html,$115.00,vacio,vacio,vacio,Puntos 'dobles' al pagar con 'FALABELLA',vacio,2026-07-02
Farmacia,Gastrointenstinales,Sinuberase Probióticos Bacillus Coagulans 1 millón UFC 48 comprimidos,https://www.soriana.com/dw/image/v2/BGBD_PRD/on/demandware.static/-/Sites-soriana-grocery-master-catalog/default/dw2ee5b0d3/images/product/7501159580014_A.jpg?sw=473&sh=473&sm=fit,https://www.soriana.com/farmacia/,/sinuberase-probioticos-bacillus-coagulans-1-millon-ufc-48-comprimidos/747370.html,$265.00,vacio,vacio,vacio,Puntos 'dobles' al pagar con 'FALABELLA',vacio,2026-07-02
Farmacia,Gastrointenstinales,Bonadoxina 0.608/0.297mg Jbe con 120ml,https://www.soriana.com/dw/image/v2/BGBD_PRD/on/demandware.static/-/Sites-soriana-grocery-master-catalog/default/dw5c4c5a4a/images/product/7501287678171_A.jpg?sw=473&sh=473&sm=fit,https://www.soriana.com/farmacia/,/bonadoxina-0.608-0.297mg-jbe-con-120ml/442482.html,$320.30,vacio,3 x 2,vacio,Puntos 'dobles' al pagar con 'FALABELLA',vacio,2026-07-02
Farmacia,Gastrointenstinales,Lipovitasi Or 300/25/25mg Cmpr 60,https://www.soriana.com/dw/image/v2/BGBD_PRD/on/demandware.static/-/Sites-soriana-grocery-master-catalog/default/dw697761d6/images/product/7501188800473_A.jpg?sw=473&sh=473&sm=fit,https://www.soriana.com/farmacia/,/lipovitasi-or-300-25-25mg-cmpr-60/559561.html,$543.00,vacio,vacio,vacio,Puntos 'dobles' al pagar con 'FALABELLA',vacio,2026-07-02
Farmacia,Gastrointenstinales,Metamucil Sabor Naranja 10 Sobres 58 g,https://www.soriana.com/dw/image/v2/BGBD_PRD/on/demandware.static/-/Sites-soriana-grocery-master-catalog/default/dw7799fa44/images/product/7501001245214_A.jpg?sw=473&sh=473&sm=fit,https://www.soriana.com/farmacia/,/metamucil-sabor-naranja-10-sobres-58-g/9105512.html,$229.00,vacio,vacio,vacio,Puntos 'dobles' al pagar con 'FALABELLA',vacio,2026-07-02
Farmacia,Gastrointenstinales,Buscapina Alivio del Dolor de Panza 24 tabletas.,https://www.soriana.com/dw/image/v2/BGBD_PRD/on/demandware.static/-/Sites-soriana-grocery-master-catalog/default/dwc55d3c43/images/product/7501165011649_A.jpg?sw=473&sh=473&sm=fit,https://www.soriana.com/farmacia/,/buscapina-alivio-del-dolor-de-panza-24-tabletas./9139744.html,$255.00,vacio,vacio,vacio,Puntos 'dobles' al pagar con 'FALABELLA',vacio,2026-07-02
Farmacia,Gastrointenstinales,Rapix 30mg Tab Subling con 4,https://www.soriana.com/dw/image/v2/BGBD_PRD/on/demandware.static/-/Sites-soriana-grocery-master-catalog/default/dwd684e435/images/product/7501314703852_A.jpg?sw=473&sh=473&sm=fit,https://www.soriana.com/farmacia/,/rapix-30mg-tab-subling-con-4/2371032.html,$177.00,vacio,3 x 2,vacio,Puntos 'dobles' al pagar con 'FALABELLA',vacio,2026-07-02
Farmacia,Gastrointenstinales,Anara 100mg Jbe con 125ml,https://www.soriana.com/dw/image/v2/BGBD_PRD/on/demandware.static/-/Sites-soriana-grocery-master-catalog/default/dwa313861a/images/product/7501088536410_A.jpg?sw=473&sh=473&sm=fit,https://www.soriana.com/farmacia/,/anara-100mg-jbe-con-125ml/387667.html,$215.00,vacio,vacio,vacio,Puntos 'dobles' al pagar con 'FALABELLA',vacio,2026-07-02
Farmacia,Gastrointenstinales,Eskapar 4.4g Susp C/90ml,https://www.soriana.com/dw/image/v2/BGBD_PRD/on/demandware.static/-/Sites-soriana-grocery-master-catalog/default/dw0ed6c94c/images/product/7501089809513_A.jpg?sw=473&sh=473&sm=fit,https://www.soriana.com/farmacia/,/eskapar-4.4g-susp-c-90ml/1262390.html,$249.00,vacio,vacio,vacio,Puntos 'dobles' al pagar con 'FALABELLA',vacio,2026-07-02
Farmacia,Gastrointenstinales,Loxcell 2.0/1.0g Jun102 Susp con 20ml,https://www.soriana.com/dw/image/v2/BGBD_PRD/on/demandware.static/-/Sites-soriana-grocery-master-catalog/default/dwc441373b/images/product/7502224227346_A.jpg?sw=473&sh=473&sm=fit,https://www.soriana.com/farmacia/,/loxcell-2.0-1.0g-jun102-susp-con-20ml/2200242.html,$97.50,vacio,vacio,vacio,Puntos 'dobles' al pagar con 'FALABELLA',vacio,2026-07-02
Farmacia,Gastrointenstinales,Suplemento alimenticio Bloom Frutos Rojos 145 g,https://www.soriana.com/dw/image/v2/BGBD_PRD/on/demandware.static/-/Sites-soriana-grocery-master-catalog/default/dw3c69397e/images/product/7502293530705_A.jpg?sw=473&sh=473&sm=fit,https://www.soriana.com/farmacia/,/suplemento-alimenticio-bloom-frutos-rojos-145-g/11743904.html,$599.00,vacio,vacio,vacio,Puntos 'dobles' al pagar con 'FALABELLA',vacio,2026-07-02
Farmacia,Gastrointenstinales,Amably 24 hrs 20mg de 14 cápsulas,https://www.soriana.com/dw/image/v2/BGBD_PRD/on/demandware.static/-/Sites-soriana-grocery-master-catalog/default/dwc28ad4b7/images/product/7501300421487_A.jpg?sw=473&sh=473&sm=fit,https://www.soriana.com/farmacia/,/amably-24-hrs-20mg-de-14-capsulas/8011603.html,$320.00,vacio,3 x 2,vacio,Puntos 'dobles' al pagar con 'FALABELLA',vacio,2026-07-02
Farmacia,Gastrointenstinales,Laxante Ciruelax Jalea 300 g,https://www.soriana.com/dw/image/v2/BGBD_PRD/on/demandware.static/-/Sites-soriana-grocery-master-catalog/default/dw661fb32d/images/product/7803510441010_A.jpg?sw=473&sh=473&sm=fit,https://www.soriana.com/farmacia/,/laxante-ciruelax-jalea-300-g/1197223.html,$194.00,vacio,vacio,vacio,Puntos 'dobles' al pagar con 'FALABELLA',vacio,2026-07-02
Farmacia,Gastrointenstinales,Gentilax Laxante Tab con 1 Pza,https://www.soriana.com/dw/image/v2/BGBD_PRD/on/demandware.static/-/Sites-soriana-grocery-master-catalog/default/dwe2aef896/images/product/7501737500038_A.jpg?sw=473&sh=473&sm=fit,https://www.soriana.com/farmacia/,/gentilax-laxante-tab-con-1-pza/1247783.html,$205.00,vacio,vacio,vacio,Puntos 'dobles' al pagar con 'FALABELLA',vacio,2026-07-02
Farmacia,Gastrointenstinales,Antiácido Tums Menta 500 mg 75 Tabletas,https://www.soriana.com/dw/image/v2/BGBD_PRD/on/demandware.static/-/Sites-soriana-grocery-master-catalog/default/dwd34d5322/images/product/7501065054128_A.JPG?sw=473&sh=473&sm=fit,https://www.soriana.com/farmacia/,/antiacido-tums-menta-500-mg-75-tabletas/381389.html,$125.00,vacio,vacio,vacio,Puntos 'dobles' al pagar con 'FALABELLA',vacio,2026-07-02
Farmacia,Gastrointenstinales,Leche De Magnesia Normex Suspensión 360 ml,https://www.soriana.com/dw/image/v2/BGBD_PRD/on/demandware.static/-/Sites-soriana-grocery-master-catalog/default/dwe00f0ce5/images/product/7501109760541_A.jpg?sw=473&sh=473&sm=fit,https://www.soriana.com/farmacia/,/leche-de-magnesia-normex-suspension-360-ml/393940.html,$149.00,vacio,vacio,vacio,Puntos 'dobles' al pagar con 'FALABELLA',vacio,2026-07-02
Farmacia,Gastrointenstinales,Vermox Suspensión 30 ml,https://www.soriana.com/dw/image/v2/BGBD_PRD/on/demandware.static/-/Sites-soriana-grocery-master-catalog/default/dwab87ca27/images/product/7501109900626_A.jpg?sw=473&sh=473&sm=fit,https://www.soriana.com/farmacia/,/vermox-suspension-30-ml/393988.html,$128.00,vacio,vacio,vacio,Puntos 'dobles' al pagar con 'FALABELLA',vacio,2026-07-02
Farmacia,Gastrointenstinales,Senosiain Ad 2.632g Sup con 10,https://www.soriana.com/dw/image/v2/BGBD_PRD/on/demandware.static/-/Sites-soriana-grocery-master-catalog/default/dw3a9b166b/images/product/7501314704156_A.jpg?sw=473&sh=473&sm=fit,https://www.soriana.com/farmacia/,/senosiain-ad-2.632g-sup-con-10/446279.html,$69.90,vacio,vacio,vacio,Puntos 'dobles' al pagar con 'FALABELLA',vacio,2026-07-02
Farmacia,Gastrointenstinales,Loxcell Ped 20mg/10mg Susp con 10ml,https://www.soriana.com/dw/image/v2/BGBD_PRD/on/demandware.static/-/Sites-soriana-grocery-master-catalog/default/dw16e63088/images/product/7502224227360_A.jpg?sw=473&sh=473&sm=fit,https://www.soriana.com/farmacia/,/loxcell-ped-20mg-10mg-susp-con-10ml/2200243.html,$97.50,vacio,vacio,vacio,Puntos 'dobles' al pagar con 'FALABELLA',vacio,2026-07-02
Farmacia,Gastrointenstinales,Kaopectate Antidiarreico 10 Tabletas,https://www.soriana.com/dw/image/v2/BGBD_PRD/on/demandware.static/-/Sites-soriana-grocery-master-catalog/default/dwb93d8083/images/product/650240036187_A.jpg?sw=473&sh=473&sm=fit,https://www.soriana.com/farmacia/,/kaopectate-antidiarreico-10-tabletas/11716221.html,$109.00,vacio,vacio,vacio,Puntos 'dobles' al pagar con 'FALABELLA',vacio,2026-07-02
Farmacia,Gastrointenstinales,Melox Plus Susp Menta 360 ml,https://www.soriana.com/dw/image/v2/BGBD_PRD/on/demandware.static/-/Sites-soriana-grocery-master-catalog/default/dwc2f96c4f/images/product/7891317048822_A.jpg?sw=473&sh=473&sm=fit,https://www.soriana.com/farmacia/,/melox-plus-susp-menta-360-ml/11930937.html,$202.26,vacio,vacio,vacio,Puntos 'dobles' al pagar con 'FALABELLA',vacio,2026-07-02
Farmacia,Gastrointenstinales,Genoprazol 2Pack 14Caps,https://www.soriana.com/dw/image/v2/BGBD_PRD/on/demandware.static/-/Sites-soriana-grocery-master-catalog/default/dw67d8edc4/images/product/650240070389_A.jpg?sw=473&sh=473&sm=fit,https://www.soriana.com/farmacia/,/genoprazol-2pack-14caps/11802524.html,$91.50,vacio,vacio,vacio,Puntos 'dobles' al pagar con 'FALABELLA',vacio,2026-07-02
Farmacia,Gastrointenstinales,Melox Plus Susp Cereza 360 ml,https://www.soriana.com/dw/image/v2/BGBD_PRD/on/demandware.static/-/Sites-soriana-grocery-master-catalog/default/dw13cec349/images/product/7891317048815_A.jpg?sw=473&sh=473&sm=fit,https://www.soriana.com/farmacia/,/melox-plus-susp-cereza-360-ml/11931172.html,$202.26,vacio,vacio,vacio,Puntos 'dobles' al pagar con 'FALABELLA',vacio,2026-07-02
Farmacia,Gastrointenstinales,Losec A Alivia Síntomas Gastritis 14 Cápsulas,https://www.soriana.com/dw/image/v2/BGBD_PRD/on/demandware.static/-/Sites-soriana-grocery-master-catalog/default/dw71d331e4/images/product/7501098603867_A.jpg?sw=473&sh=473&sm=fit,https://www.soriana.com/farmacia/,/losec-a-alivia-sintomas-gastritis-14-capsulas/1132554.html,$116.00,vacio,vacio,vacio,Puntos 'dobles' al pagar con 'FALABELLA',vacio,2026-07-02
Farmacia,Gastrointenstinales,Seltz Magnesio Zinc Jengibre C/20 Tab,https://www.soriana.com/dw/image/v2/BGBD_PRD/on/demandware.static/-/Sites-soriana-grocery-master-catalog/default/dwbbe6e668/images/product/4022679143501_A.jpg?sw=473&sh=473&sm=fit,https://www.soriana.com/farmacia/,/seltz-magnesio-zinc-jengibre-c-20-tab/11606661.html,$146.00,vacio,vacio,vacio,Puntos 'dobles' al pagar con 'FALABELLA',vacio,2026-07-02
Farmacia,Gastrointenstinales,Metamucil Natural Polvo 504 g,https://www.soriana.com/dw/image/v2/BGBD_PRD/on/demandware.static/-/Sites-soriana-grocery-master-catalog/default/dwed4c6a5a/images/product/0020800790246_A.jpg?sw=473&sh=473&sm=fit,https://www.soriana.com/farmacia/,/metamucil-natural-polvo-504-g/642987.html,$879.00,vacio,vacio,vacio,Puntos 'dobles' al pagar con 'FALABELLA',vacio,2026-07-02
Farmacia,Gastrointenstinales,Noraxidexina 80mg/10mg/1ml Sob C/20 Pzas,https://www.soriana.com/dw/image/v2/BGBD_PRD/on/demandware.static/-/Sites-soriana-grocery-master-catalog/default/dw19d2b444/images/product/7501300450197_A.jpg?sw=473&sh=473&sm=fit,https://www.soriana.com/farmacia/,/noraxidexina-80mg-10mg-1ml-sob-c-20-pzas/8008400.html,$283.00,vacio,vacio,vacio,Puntos 'dobles' al pagar con 'FALABELLA',vacio,2026-07-02
Farmacia,Gastrointenstinales,Qg5 2Pack 30 Blister,https://www.soriana.com/dw/image/v2/BGBD_PRD/on/demandware.static/-/Sites-soriana-grocery-master-catalog/default/dweb919020/images/product/650240070372_A.jpg?sw=473&sh=473&sm=fit,https://www.soriana.com/farmacia/,/qg5-2pack-30-blister/11802523.html,$399.00,vacio,vacio,vacio,Puntos 'dobles' al pagar con 'FALABELLA',vacio,2026-07-02
Farmacia,Gastrointenstinales,Melox Plus Tabs S. Menta Caja C/30,https://www.soriana.com/dw/image/v2/BGBD_PRD/on/demandware.static/-/Sites-soriana-grocery-master-catalog/default/dw057a3fe8/images/product/7891317048846_A.jpg?sw=473&sh=473&sm=fit,https://www.soriana.com/farmacia/,/melox-plus-tabs-s.-menta-caja-c-30/11931143.html,$145.03,vacio,vacio,vacio,Puntos 'dobles' al pagar con 'FALABELLA',vacio,2026-07-02
Farmacia,Gastrointenstinales,Iprikene 3G Susp Cacao Caramelo C/8 Sobr,https://www.soriana.com/dw/image/v2/BGBD_PRD/on/demandware.static/-/Sites-soriana-grocery-master-catalog/default/dw1e3264a3/images/product/3665585004682_A.jpg?sw=473&sh=473&sm=fit,https://www.soriana.com/farmacia/,/iprikene-3g-susp-cacao-caramelo-c-8-sobr/11819965.html,$437.96,vacio,3 x 2,vacio,Puntos 'dobles' al pagar con 'FALABELLA',vacio,2026-07-02
Farmacia,Gastrointenstinales,Laxoya 50/8.6mg Cmpr con 20,https://www.soriana.com/dw/image/v2/BGBD_PRD/on/demandware.static/-/Sites-soriana-grocery-master-catalog/default/dwea3c8827/images/product/7501070618650_A.jpg?sw=473&sh=473&sm=fit,https://www.soriana.com/farmacia/,/laxoya-50-8.6mg-cmpr-con-20/2070047.html,$219.00,vacio,vacio,vacio,Puntos 'dobles' al pagar con 'FALABELLA',vacio,2026-07-02
Farmacia,Gastrointenstinales,Enterogermina Tratamiento de la Diarrea 12 cápsulas.,https://www.soriana.com/dw/image/v2/BGBD_PRD/on/demandware.static/-/Sites-soriana-grocery-master-catalog/default/dwf0b33889/images/product/3664798044591_A.jpg?sw=473&sh=473&sm=fit,https://www.soriana.com/farmacia/,/enterogermina-tratamiento-de-la-diarrea-12-capsulas./11560778.html,$380.00,vacio,vacio,vacio,Puntos 'dobles' al pagar con 'FALABELLA',vacio,2026-07-02
Farmacia,Gastrointenstinales,Amably 24 hrs 20mg de 30 cápsulas,https://www.soriana.com/dw/image/v2/BGBD_PRD/on/demandware.static/-/Sites-soriana-grocery-master-catalog/default/dw8b3f0684/images/product/7501300421470_A.jpg?sw=473&sh=473&sm=fit,https://www.soriana.com/farmacia/,/amably-24-hrs-20mg-de-30-capsulas/8011604.html,$465.00,vacio,3 x 2,vacio,Puntos 'dobles' al pagar con 'FALABELLA',vacio,2026-07-02
Farmacia,Gastrointenstinales,Amably 24 hrs 20mg de 7 cápsulas,https://www.soriana.com/dw/image/v2/BGBD_PRD/on/demandware.static/-/Sites-soriana-grocery-master-catalog/default/dwd1decd76/images/product/7501300421494_A.jpg?sw=473&sh=473&sm=fit,https://www.soriana.com/farmacia/,/amably-24-hrs-20mg-de-7-capsulas/8011602.html,$164.00,vacio,3 x 2,vacio,Puntos 'dobles' al pagar con 'FALABELLA',vacio,2026-07-02
Farmacia,Gastrointenstinales,Lomotil ODT 2 MG 6 Tabletas,https://www.soriana.com/dw/image/v2/BGBD_PRD/on/demandware.static/-/Sites-soriana-grocery-master-catalog/default/dw01c91a54/images/product/7501007534152_A.jpg?sw=473&sh=473&sm=fit,https://www.soriana.com/farmacia/,/lomotil-odt-2-mg-6-tabletas/11905241.html,$219.00,vacio,vacio,vacio,Puntos 'dobles' al pagar con 'FALABELLA',vacio,2026-07-02
Farmacia,Gastrointenstinales,Eskapar 200 mg 16 caps,https://www.soriana.com/dw/image/v2/BGBD_PRD/on/demandware.static/-/Sites-soriana-grocery-master-catalog/default/dwc6bd87f4/images/product/7501089809490_A.jpg?sw=473&sh=473&sm=fit,https://www.soriana.com/farmacia/,/eskapar-200-mg-16-caps/1249847.html,$229.00,vacio,vacio,vacio,Puntos 'dobles' al pagar con 'FALABELLA',vacio,2026-07-02
Farmacia,Gastrointenstinales,Vermox-Plus Ped 60/10mg Susp con 10ml,https://www.soriana.com/dw/image/v2/BGBD_PRD/on/demandware.static/-/Sites-soriana-grocery-master-catalog/default/dwf513eb6a/images/product/7501109904815_A.jpg?sw=473&sh=473&sm=fit,https://www.soriana.com/farmacia/,/vermox-plus-ped-60-10mg-susp-con-10ml/1303091.html,$219.00,vacio,vacio,vacio,Puntos 'dobles' al pagar con 'FALABELLA',vacio,2026-07-02
Farmacia,Gastrointenstinales,Anara 7.5mg Gts con 20ml,https://www.soriana.com/dw/image/v2/BGBD_PRD/on/demandware.static/-/Sites-soriana-grocery-master-catalog/default/dw85a4a47a/images/product/7501088508912_A.jpg?sw=473&sh=473&sm=fit,https://www.soriana.com/farmacia/,/anara-7.5mg-gts-con-20ml/387651.html,$215.00,vacio,vacio,vacio,Puntos 'dobles' al pagar con 'FALABELLA',vacio,2026-07-02
Farmacia,Gastrointenstinales,Bicarbonato de Sodio Puro Racel 200 Gr,https://www.soriana.com/dw/image/v2/BGBD_PRD/on/demandware.static/-/Sites-soriana-grocery-master-catalog/default/dwe204fce9/images/product/7501044209303_A.jpg?sw=473&sh=473&sm=fit,https://www.soriana.com/farmacia/,/bicarbonato-de-sodio-puro-racel-200-gr/498826.html,$33.20,vacio,vacio,vacio,Puntos 'dobles' al pagar con 'FALABELLA',vacio,2026-07-02
Farmacia,Gastrointenstinales,Suplemento alimenticio Pisa Pisalak 10 ml 7 Piezas,https://www.soriana.com/dw/image/v2/BGBD_PRD/on/demandware.static/-/Sites-soriana-grocery-master-catalog/default/dw10fab2b2/images/product/7501125185496_A.jpg?sw=473&sh=473&sm=fit,https://www.soriana.com/farmacia/,/suplemento-alimenticio-pisa-pisalak-10-ml-7-piezas/8011105.html,$305.00,vacio,vacio,vacio,Puntos 'dobles' al pagar con 'FALABELLA',vacio,2026-07-02
Farmacia,Gastrointenstinales,Gpp Albendazol/Quinfamida 200/150 2 Tab,https://www.soriana.com/dw/image/v2/BGBD_PRD/on/demandware.static/-/Sites-soriana-grocery-master-catalog/default/dw29527070/images/product/7506313800205_A.jpg?sw=473&sh=473&sm=fit,https://www.soriana.com/farmacia/,/gpp-albendazol-quinfamida-200-150-2-tab/11923800.html,$69.00,vacio,vacio,vacio,Puntos 'dobles' al pagar con 'FALABELLA',vacio,2026-07-02
Farmacia,Gastrointenstinales,Dolo-Tandax 300/275mg Grag 24,https://www.soriana.com/dw/image/v2/BGBD_PRD/on/demandware.static/-/Sites-soriana-grocery-master-catalog/default/dwf7bde618/images/product/7502216931909_A.jpg?sw=473&sh=473&sm=fit,https://www.soriana.com/farmacia/,/dolo-tandax-300-275mg-grag-24/2203174.html,$237.00,vacio,3 x 2,vacio,Puntos 'dobles' al pagar con 'FALABELLA',vacio,2026-07-02
Farmacia,Gastrointenstinales,Eskazole 400 mg Susp con 10 ml,https://www.soriana.com/dw/image/v2/BGBD_PRD/on/demandware.static/-/Sites-soriana-grocery-master-catalog/default/dw44b9936c/images/product/7501089801432_A.jpg?sw=473&sh=473&sm=fit,https://www.soriana.com/farmacia/,/eskazole-400-mg-susp-con-10-ml/8002536.html,$119.00,vacio,vacio,vacio,Puntos 'dobles' al pagar con 'FALABELLA',vacio,2026-07-02
Farmacia,Gastrointenstinales,Tums Extra Surt 750mg 3rollos Tab con 8,https://www.soriana.com/dw/image/v2/BGBD_PRD/on/demandware.static/-/Sites-soriana-grocery-master-catalog/default/dwc00446f0/images/product/7501065054043_A.jpg?sw=473&sh=473&sm=fit,https://www.soriana.com/farmacia/,/tums-extra-surt-750mg-3rollos-tab-con-8/1118608.html,$55.90,vacio,vacio,vacio,Puntos 'dobles' al pagar con 'FALABELLA',vacio,2026-07-02
Farmacia,Gastrointenstinales,Facidex Total 20/165/800 mg Tab 20,https://www.soriana.com/dw/image/v2/BGBD_PRD/on/demandware.static/-/Sites-soriana-grocery-master-catalog/default/dwd32932f2/images/product/7501299307403_A.jpg?sw=473&sh=473&sm=fit,https://www.soriana.com/farmacia/,/facidex-total-20-165-800-mg-tab-20/8001684.html,$96.50,vacio,vacio,vacio,Puntos 'dobles' al pagar con 'FALABELLA',vacio,2026-07-02
Farmacia,Gastrointenstinales,Melox Plus Tabs S. Cereza Caja C/30,https://www.soriana.com/dw/image/v2/BGBD_PRD/on/demandware.static/-/Sites-soriana-grocery-master-catalog/default/dwcf4e92fe/images/product/7891317048860_A.jpg?sw=473&sh=473&sm=fit,https://www.soriana.com/farmacia/,/melox-plus-tabs-s.-cereza-caja-c-30/11931190.html,$145.03,vacio,vacio,vacio,Puntos 'dobles' al pagar con 'FALABELLA',vacio,2026-07-02
Farmacia,Gastrointenstinales,Omeprazol Nodrim 20Mg 120 Cápsulas,https://www.soriana.com/dw/image/v2/BGBD_PRD/on/demandware.static/-/Sites-soriana-grocery-master-catalog/default/dw4a2e794f/images/product/7500525881953_A.jpg?sw=473&sh=473&sm=fit,https://www.soriana.com/farmacia/,/omeprazol-nodrim-20mg-120-capsulas/11884774.html,$120.00,vacio,vacio,vacio,Puntos 'dobles' al pagar con 'FALABELLA',vacio,2026-07-02
Farmacia,Gastrointenstinales,Nodrim Magal/Dimeti 8/1 G Gel con 250 ml,https://www.soriana.com/dw/image/v2/BGBD_PRD/on/demandware.static/-/Sites-soriana-grocery-master-catalog/default/dwc7fe6b2e/images/product/7500093754413_A.jpg?sw=473&sh=473&sm=fit,https://www.soriana.com/farmacia/,/nodrim-magal-dimeti-8-1-g-gel-con-250-ml/11187024.html,$109.00,vacio,vacio,Aplica cupón,Puntos 'dobles' al pagar con 'FALABELLA',vacio,2026-07-02
Farmacia,Gastrointenstinales,Nodrim Neomici/Caolin/Pectina Susp 75 ml,https://www.soriana.com/dw/image/v2/BGBD_PRD/on/demandware.static/-/Sites-soriana-grocery-master-catalog/default/dw2fce16a1/images/product/7500093753676_A.jpg?sw=473&sh=473&sm=fit,https://www.soriana.com/farmacia/,/nodrim-neomici-caolin-pectina-susp-75-ml/11187099.html,$35.00,vacio,vacio,Aplica cupón,Puntos 'dobles' al pagar con 'FALABELLA',vacio,2026-07-02
Farmacia,Gastrointenstinales,Nodrim Quinfa/Albenda 150/200 mg Tab 2,https://www.soriana.com/dw/image/v2/BGBD_PRD/on/demandware.static/-/Sites-soriana-grocery-master-catalog/default/dwd622e06c/images/product/7500093876177_A.jpg?sw=473&sh=473&sm=fit,https://www.soriana.com/farmacia/,/nodrim-quinfa-albenda-150-200-mg-tab-2/11322868.html,$72.90,vacio,vacio,Aplica cupón,Puntos 'dobles' al pagar con 'FALABELLA',vacio,2026-07-02
Farmacia,Gastrointenstinales,Nodrim Plantago Psillyum 400 Gr,https://www.soriana.com/dw/image/v2/BGBD_PRD/on/demandware.static/-/Sites-soriana-grocery-master-catalog/default/dwae51894c/images/product/7500093753690_A.jpg?sw=473&sh=473&sm=fit,https://www.soriana.com/farmacia/,/nodrim-plantago-psillyum-400-gr/11186941.html,$170.00,vacio,vacio,Aplica cupón,Puntos 'dobles' al pagar con 'FALABELLA',vacio,2026-07-02
Farmacia,Gastrointenstinales,Nodrim Neomi/Caolin/Pectina Tab con 20,https://www.soriana.com/dw/image/v2/BGBD_PRD/on/demandware.static/-/Sites-soriana-grocery-master-catalog/default/dw707a4630/images/product/7500093753669_A.jpg?sw=473&sh=473&sm=fit,https://www.soriana.com/farmacia/,/nodrim-neomi-caolin-pectina-tab-con-20/11187098.html,$65.90,vacio,vacio,Aplica cupón,Puntos 'dobles' al pagar con 'FALABELLA',vacio,2026-07-02
Farmacia,Gastrointenstinales,Nodrim Butilhioscina 10 mg Tab con 10,https://www.soriana.com/dw/image/v2/BGBD_PRD/on/demandware.static/-/Sites-soriana-grocery-master-catalog/default/dwf1b96b60/images/product/7500093753973_A.jpg?sw=473&sh=473&sm=fit,https://www.soriana.com/farmacia/,/nodrim-butilhioscina-10-mg-tab-con-10/11187506.html,$40.00,vacio,vacio,Aplica cupón,Puntos 'dobles' al pagar con 'FALABELLA',vacio,2026-07-02
Farmacia,Gastrointenstinales,"Nodrim Carbonato de Calcio Antiacido 500mg, 3 Paquetes 36 Tabletas",https://www.soriana.com/dw/image/v2/BGBD_PRD/on/demandware.static/-/Sites-soriana-grocery-master-catalog/default/dw5d441bf7/images/product/7500093753959_A.jpg?sw=473&sh=473&sm=fit,https://www.soriana.com/farmacia/,/nodrim-carbonato-de-calcio-antiacido-500mg-3-paquetes-36-tabletas/11187863.html,$24.00,vacio,vacio,Aplica cupón,Puntos 'dobles' al pagar con 'FALABELLA',vacio,2026-07-02
Farmacia,Gastrointenstinales,"Nodrim Carbonato de Calcio 500mg, 100 Tabletas",https://www.soriana.com/dw/image/v2/BGBD_PRD/on/demandware.static/-/Sites-soriana-grocery-master-catalog/default/dw9818faa7/images/product/7500093753966_A.jpg?sw=473&sh=473&sm=fit,https://www.soriana.com/farmacia/,/nodrim-carbonato-de-calcio-500mg-100-tabletas/11187864.html,$60.00,vacio,vacio,Aplica cupón,Puntos 'dobles' al pagar con 'FALABELLA',vacio,2026-07-02
Farmacia,Gastrointenstinales,Nodrim Senosidos A-B 8.6 Mg 20 Tabletas,https://www.soriana.com/dw/image/v2/BGBD_PRD/on/demandware.static/-/Sites-soriana-grocery-master-catalog/default/dw2fb252df/images/product/7500525051998_A.jpg?sw=473&sh=473&sm=fit,https://www.soriana.com/farmacia/,/nodrim-senosidos-a-b-8.6-mg-20-tabletas/11455970.html,$45.00,vacio,vacio,Aplica cupón,Puntos 'dobles' al pagar con 'FALABELLA',vacio,2026-07-02
Farmacia,Gastrointenstinales,Nodrim Omeprazol 20mg Cap 7,https://www.soriana.com/dw/image/v2/BGBD_PRD/on/demandware.static/-/Sites-soriana-grocery-master-catalog/default/dwd70d9d5e/images/product/7500525141521_A.jpg?sw=473&sh=473&sm=fit,https://www.soriana.com/farmacia/,/nodrim-omeprazol-20mg-cap-7/11492062.html,$39.00,vacio,vacio,Aplica cupón,Puntos 'dobles' al pagar con 'FALABELLA',vacio,2026-07-02
Farmacia,Gastrointenstinales,Nodrim Omeprazol 20mg Cap 30,https://www.soriana.com/dw/image/v2/BGBD_PRD/on/demandware.static/-/Sites-soriana-grocery-master-catalog/default/dw383cb503/images/product/7500525141545_A.jpg?sw=473&sh=473&sm=fit,https://www.soriana.com/farmacia/,/nodrim-omeprazol-20mg-cap-30/11492064.html,$55.00,vacio,vacio,Aplica cupón,Puntos 'dobles' al pagar con 'FALABELLA',vacio,2026-07-02
Farmacia,Incontinencia,Pañales desechables KleenBebé Movilastic Bluey Etapa 6 40 piezas,https://www.soriana.com/dw/image/v2/BGBD_PRD/on/demandware.static/-/Sites-soriana-grocery-master-catalog/default/dw9c1b3b80/images/product/7506425661893_A.jpg?sw=473&sh=473&sm=fit,https://www.soriana.com/farmacia/,/panales-desechables-kleenbebe-movilastic-bluey-etapa-6-40-piezas/11855815.html,$285.00,vacio,vacio,vacio,Puntos 'dobles' al pagar con 'FALABELLA',vacio,2026-07-02
Farmacia,Incontinencia,Pañales desechables KleenBebé Movilastic Bluey Etapa 5 40 piezas,https://www.soriana.com/dw/image/v2/BGBD_PRD/on/demandware.static/-/Sites-soriana-grocery-master-catalog/default/dw5d03f3a9/images/product/7506425661879_A.jpg?sw=473&sh=473&sm=fit,https://www.soriana.com/farmacia/,/panales-desechables-kleenbebe-movilastic-bluey-etapa-5-40-piezas/11855813.html,$265.00,vacio,vacio,vacio,Puntos 'dobles' al pagar con 'FALABELLA',vacio,2026-07-02
Farmacia,Incontinencia,Diapro Ropa Interior Desechable Grande 10 Piezas,https://www.soriana.com/dw/image/v2/BGBD_PRD/on/demandware.static/-/Sites-soriana-grocery-master-catalog/default/dwd8d5f8db/images/product/7501943466562_A.jpg?sw=473&sh=473&sm=fit,https://www.soriana.com/farmacia/,/diapro-ropa-interior-desechable-grande-10-piezas/2383741.html,$126.00,vacio,3 x 2,vacio,Puntos 'dobles' al pagar con 'FALABELLA',vacio,2026-07-02
Farmacia,Incontinencia,Diapro Predoblados Unitalla 10 Piezas,https://www.soriana.com/dw/image/v2/BGBD_PRD/on/demandware.static/-/Sites-soriana-grocery-master-catalog/default/dw431a4354/images/product/7501943474895_A.jpg?sw=473&sh=473&sm=fit,https://www.soriana.com/farmacia/,/diapro-predoblados-unitalla-10-piezas/2070926.html,$106.00,$82.70,3 x 2,vacio,Puntos 'dobles' al pagar con 'FALABELLA',vacio,2026-07-02
Farmacia,Incontinencia,Diapro Ropa Interior Desechable Mediano 10 Piezas,https://www.soriana.com/dw/image/v2/BGBD_PRD/on/demandware.static/-/Sites-soriana-grocery-master-catalog/default/dw43ae7b70/images/product/7501943466548_A.jpg?sw=473&sh=473&sm=fit,https://www.soriana.com/farmacia/,/diapro-ropa-interior-desechable-mediano-10-piezas/2383740.html,$126.00,vacio,3 x 2,vacio,Puntos 'dobles' al pagar con 'FALABELLA',vacio,2026-07-02
Farmacia,Incontinencia,Ropa interior desechable TENA Pants Nocturno Talla Grande 10 piezas,https://www.soriana.com/dw/image/v2/BGBD_PRD/on/demandware.static/-/Sites-soriana-grocery-master-catalog/default/dwc9d1c9d0/images/product/7501019064524_A.jpg?sw=473&sh=473&sm=fit,https://www.soriana.com/farmacia/,/ropa-interior-desechable-tena-pants-nocturno-talla-grande-10-piezas/11872429.html,$229.00,$168.80,vacio,vacio,Puntos 'dobles' al pagar con 'FALABELLA',vacio,2026-07-02
Farmacia,Incontinencia,Pañales desechables KleenBebé Movilastic Bluey Etapa 4 40 piezas,https://www.soriana.com/dw/image/v2/BGBD_PRD/on/demandware.static/-/Sites-soriana-grocery-master-catalog/default/dw8f3d3307/images/product/7506425661855_A.jpg?sw=473&sh=473&sm=fit,https://www.soriana.com/farmacia/,/panales-desechables-kleenbebe-movilastic-bluey-etapa-4-40-piezas/11855811.html,$275.00,vacio,vacio,vacio,Puntos 'dobles' al pagar con 'FALABELLA',vacio,2026-07-02
Farmacia,Incontinencia,Depend Predoblados Unitalla 18 Piezas,https://www.soriana.com/dw/image/v2/BGBD_PRD/on/demandware.static/-/Sites-soriana-grocery-master-catalog/default/dw9edcc802/images/product/7501943453845_A.jpg?sw=473&sh=473&sm=fit,https://www.soriana.com/farmacia/,/depend-predoblados-unitalla-18-piezas/11204632.html,$223.90,vacio,3 x 2,vacio,Puntos 'dobles' al pagar con 'FALABELLA',vacio,2026-07-02
Farmacia,Incontinencia,Depend Pañal Derma Protect Grande 10 Piezas,https://www.soriana.com/dw/image/v2/BGBD_PRD/on/demandware.static/-/Sites-soriana-grocery-master-catalog/default/dw67515b5b/images/product/7506425627400_A.jpg?sw=473&sh=473&sm=fit,https://www.soriana.com/farmacia/,/depend-panal-derma-protect-grande-10-piezas/11554034.html,$225.00,vacio,3 x 2,vacio,Puntos 'dobles' al pagar con 'FALABELLA',vacio,2026-07-02
Farmacia,Incontinencia,Pañal para adulto Affective Advanced Talla Grande 10 pzas,https://www.soriana.com/dw/image/v2/BGBD_PRD/on/demandware.static/-/Sites-soriana-grocery-master-catalog/default/dw132c48de/images/product/0013117016222_A.jpg?sw=473&sh=473&sm=fit,https://www.soriana.com/farmacia/,/panal-para-adulto-affective-advanced-talla-grande-10-pzas/1140364.html,$189.00,vacio,vacio,vacio,Puntos 'dobles' al pagar con 'FALABELLA',vacio,2026-07-02
Farmacia,Incontinencia,Ropa Interior Nocturno Ultra Depend L-XL 8 Piezas,https://www.soriana.com/dw/image/v2/BGBD_PRD/on/demandware.static/-/Sites-soriana-grocery-master-catalog/default/dw97175f42/images/product/7506425614301_A.jpg?sw=473&sh=473&sm=fit,https://www.soriana.com/farmacia/,/ropa-interior-nocturno-ultra-depend-l-xl-8-piezas/11532112.html,$169.00,vacio,3 x 2,vacio,Puntos 'dobles' al pagar con 'FALABELLA',vacio,2026-07-02
Farmacia,Incontinencia,Ropa Interior para Adulto Mujer Depend Talla Mediana 15 piezas,https://www.soriana.com/dw/image/v2/BGBD_PRD/on/demandware.static/-/Sites-soriana-grocery-master-catalog/default/dw1f508ed9/images/product/7506425624508_A.jpg?sw=473&sh=473&sm=fit,https://www.soriana.com/farmacia/,/ropa-interior-para-adulto-mujer-depend-talla-mediana-15-piezas/11532127.html,$225.00,vacio,3 x 2,vacio,Puntos 'dobles' al pagar con 'FALABELLA',vacio,2026-07-02
Farmacia,Incontinencia,Toallas para incontinencia TENA Lady Discret Extra Nocturna 8 Piezas,https://www.soriana.com/dw/image/v2/BGBD_PRD/on/demandware.static/-/Sites-soriana-grocery-master-catalog/default/dw39d7e7c2/images/product/7501019051104_A.jpg?sw=473&sh=473&sm=fit,https://www.soriana.com/farmacia/,/toallas-para-incontinencia-tena-lady-discret-extra-nocturna-8-piezas/1796452.html,$95.90,$56.30,vacio,vacio,Puntos 'dobles' al pagar con 'FALABELLA',vacio,2026-07-02
Farmacia,Incontinencia,Toallas para Incontinencia Ultra Safe 20 Piezas,https://www.soriana.com/dw/image/v2/BGBD_PRD/on/demandware.static/-/Sites-soriana-grocery-master-catalog/default/dwc71aa0b1/images/product/7500525312174_A.jpg?sw=473&sh=473&sm=fit,https://www.soriana.com/farmacia/,/toallas-para-incontinencia-ultra-safe--20-piezas/11581991.html,$105.00,vacio,vacio,vacio,Puntos 'dobles' al pagar con 'FALABELLA',vacio,2026-07-02
Farmacia,Incontinencia,Ropa Interior para Incontinencia Depend Mujer Grande 15 pz,https://www.soriana.com/dw/image/v2/BGBD_PRD/on/demandware.static/-/Sites-soriana-grocery-master-catalog/default/dw1b5f9085/images/product/7506425624522_A.jpg?sw=473&sh=473&sm=fit,https://www.soriana.com/farmacia/,/ropa-interior-para-incontinencia-depend-mujer-grande-15-pz/11532028.html,$279.00,vacio,3 x 2,vacio,Puntos 'dobles' al pagar con 'FALABELLA',vacio,2026-07-02
Farmacia,Incontinencia,Depend Ropa Interior Unisex GDE - XG 18 Piezas,https://www.soriana.com/dw/image/v2/BGBD_PRD/on/demandware.static/-/Sites-soriana-grocery-master-catalog/default/dw0835b025/images/product/7506425666751_A.jpg?sw=473&sh=473&sm=fit,https://www.soriana.com/farmacia/,/depend-ropa-interior-unisex-gde---xg-18-piezas/11922435.html,$215.00,vacio,3 x 2,vacio,Puntos 'dobles' al pagar con 'FALABELLA',vacio,2026-07-02
Farmacia,Incontinencia,Diapro Pañales Para Adulto Anatómicos Grande 10 Piezas,https://www.soriana.com/dw/image/v2/BGBD_PRD/on/demandware.static/-/Sites-soriana-grocery-master-catalog/default/dw4e95da99/images/product/7501943475014_A.jpg?sw=473&sh=473&sm=fit,https://www.soriana.com/farmacia/,/diapro-panales-para-adulto-anatomicos-grande-10-piezas/2070928.html,$154.00,vacio,3 x 2,vacio,Puntos 'dobles' al pagar con 'FALABELLA',vacio,2026-07-02
Farmacia,Incontinencia,Pañales para Adulto TENA Slip Maxi Protect Talla Grande 10 Piezas,https://www.soriana.com/dw/image/v2/BGBD_PRD/on/demandware.static/-/Sites-soriana-grocery-master-catalog/default/dw8511a46a/images/product/7501019051043_A.jpg?sw=473&sh=473&sm=fit,https://www.soriana.com/farmacia/,/panales-para-adulto-tena-slip-maxi-protect-talla-grande-10-piezas/1781010.html,$209.00,vacio,vacio,vacio,Puntos 'dobles' al pagar con 'FALABELLA',vacio,2026-07-02
Farmacia,Incontinencia,Depend Toallitas Húmedas Extra Grandes para Adulto 42 Piezas,https://www.soriana.com/dw/image/v2/BGBD_PRD/on/demandware.static/-/Sites-soriana-grocery-master-catalog/default/dw11350061/images/product/7501943471603_A.jpg?sw=473&sh=473&sm=fit,https://www.soriana.com/farmacia/,/depend-toallitas-humedas-extra-grandes-para-adulto-42-piezas/1641286.html,$76.90,vacio,3 x 2,vacio,Puntos 'dobles' al pagar con 'FALABELLA',vacio,2026-07-02
Farmacia,Incontinencia,Depend Pañal Para Adulto Nocturno Mediano 10 Piezas,https://www.soriana.com/dw/image/v2/BGBD_PRD/on/demandware.static/-/Sites-soriana-grocery-master-catalog/default/dwf4e92ff1/images/product/7501943453746_A.jpg?sw=473&sh=473&sm=fit,https://www.soriana.com/farmacia/,/depend-panal-para-adulto-nocturno-mediano-10-piezas/1582126.html,$209.00,vacio,3 x 2,vacio,Puntos 'dobles' al pagar con 'FALABELLA',vacio,2026-07-02
Farmacia,Incontinencia,Ropa interior desechable TENA Pants Mujer Talla Grande 14 piezas,https://www.soriana.com/dw/image/v2/BGBD_PRD/on/demandware.static/-/Sites-soriana-grocery-master-catalog/default/dwb939b2fa/images/product/7501019064760_A.jpg?sw=473&sh=473&sm=fit,https://www.soriana.com/farmacia/,/ropa-interior-desechable-tena-pants-mujer-talla-grande-14-piezas/11872427.html,$235.00,vacio,vacio,vacio,Puntos 'dobles' al pagar con 'FALABELLA',vacio,2026-07-02
Farmacia,Incontinencia,Depend Femenine Toallas Súper Protectoras 8 Piezas,https://www.soriana.com/dw/image/v2/BGBD_PRD/on/demandware.static/-/Sites-soriana-grocery-master-catalog/default/dw44afcdc9/images/product/7501943474734_A.jpg?sw=473&sh=473&sm=fit,https://www.soriana.com/farmacia/,/depend-femenine-toallas-super-protectoras-8-piezas/1690896.html,$91.90,vacio,3 x 2,vacio,Puntos 'dobles' al pagar con 'FALABELLA',vacio,2026-07-02
Farmacia,Incontinencia,Tena Pants Maxi Protect Talla XG 10 piezas,https://www.soriana.com/dw/image/v2/BGBD_PRD/on/demandware.static/-/Sites-soriana-grocery-master-catalog/default/dwc6e8ac8d/images/product/7501019055201_A.jpg?sw=473&sh=473&sm=fit,https://www.soriana.com/farmacia/,/tena-pants-maxi-protect-talla-xg-10-piezas/11647498.html,$265.00,vacio,vacio,vacio,Puntos 'dobles' al pagar con 'FALABELLA',vacio,2026-07-02
Farmacia,Incontinencia,Ultra Safe Toallas Para Incontinencia 10 Piezas,https://www.soriana.com/dw/image/v2/BGBD_PRD/on/demandware.static/-/Sites-soriana-grocery-master-catalog/default/dwc2137373/images/product/7500093753836_A.jpg?sw=473&sh=473&sm=fit,https://www.soriana.com/farmacia/,/ultra-safe-toallas-para-incontinencia-10-piezas/11187362.html,$58.00,vacio,vacio,vacio,Puntos 'dobles' al pagar con 'FALABELLA',vacio,2026-07-02
Farmacia,Incontinencia,Pañal para adulto Affective Protect Talla Grande 10 pzas,https://www.soriana.com/dw/image/v2/BGBD_PRD/on/demandware.static/-/Sites-soriana-grocery-master-catalog/default/dwb7931af0/images/product/0013117016314_A.jpg?sw=473&sh=473&sm=fit,https://www.soriana.com/farmacia/,/panal-para-adulto-affective-protect-talla-grande-10-pzas/1140359.html,$151.00,vacio,vacio,vacio,Puntos 'dobles' al pagar con 'FALABELLA',vacio,2026-07-02
Farmacia,Incontinencia,Depend Pañal Para Adulto Nocturno Grande 10 Piezas,https://www.soriana.com/dw/image/v2/BGBD_PRD/on/demandware.static/-/Sites-soriana-grocery-master-catalog/default/dw18faf158/images/product/7501943453760_A.jpg?sw=473&sh=473&sm=fit,https://www.soriana.com/farmacia/,/depend-panal-para-adulto-nocturno-grande-10-piezas/1582127.html,$225.00,vacio,3 x 2,vacio,Puntos 'dobles' al pagar con 'FALABELLA',vacio,2026-07-02
Farmacia,Incontinencia,Depend Ropa Interior Unisex ch - m 18 Piezas,https://www.soriana.com/dw/image/v2/BGBD_PRD/on/demandware.static/-/Sites-soriana-grocery-master-catalog/default/dw48d3675e/images/product/7506425666737_A.jpg?sw=473&sh=473&sm=fit,https://www.soriana.com/farmacia/,/depend-ropa-interior-unisex-ch---m-18-piezas/11922454.html,$215.00,vacio,3 x 2,vacio,Puntos 'dobles' al pagar con 'FALABELLA',vacio,2026-07-02
Farmacia,Incontinencia,Ropa interior desechable TENA Pants Nocturno Talla Mediana 10 piezas,https://www.soriana.com/dw/image/v2/BGBD_PRD/on/demandware.static/-/Sites-soriana-grocery-master-catalog/default/dw99cac50a/images/product/7501019064517_A.jpg?sw=473&sh=473&sm=fit,https://www.soriana.com/farmacia/,/ropa-interior-desechable-tena-pants-nocturno-talla-mediana-10-piezas/11872428.html,$229.00,vacio,vacio,vacio,Puntos 'dobles' al pagar con 'FALABELLA',vacio,2026-07-02
Farmacia,Incontinencia,Ropa Interior Nocturno Ultra Depend M-L 8 Piezas,https://www.soriana.com/dw/image/v2/BGBD_PRD/on/demandware.static/-/Sites-soriana-grocery-master-catalog/default/dw67dac2ca/images/product/7506425614295_A.jpg?sw=473&sh=473&sm=fit,https://www.soriana.com/farmacia/,/ropa-interior-nocturno-ultra-depend-m-l-8-piezas/11532096.html,$169.00,vacio,3 x 2,vacio,Puntos 'dobles' al pagar con 'FALABELLA',vacio,2026-07-02
Farmacia,Incontinencia,Pañal para adulto Affective Predoblado Unitalla 10 pzas,https://www.soriana.com/dw/image/v2/BGBD_PRD/on/demandware.static/-/Sites-soriana-grocery-master-catalog/default/dwd6b6fa84/images/product/0013117050103_A.jpg?sw=473&sh=473&sm=fit,https://www.soriana.com/farmacia/,/panal-para-adulto-affective-predoblado-unitalla-10-pzas/250027.html,$138.00,vacio,vacio,vacio,Puntos 'dobles' al pagar con 'FALABELLA',vacio,2026-07-02
Farmacia,Incontinencia,Ropa interior desechable TENA Pants Comfort Talla Grande 13 piezas,https://www.soriana.com/dw/image/v2/BGBD_PRD/on/demandware.static/-/Sites-soriana-grocery-master-catalog/default/dw3ef36c88/images/product/7501019064807_A.jpg?sw=473&sh=473&sm=fit,https://www.soriana.com/farmacia/,/ropa-interior-desechable-tena-pants-comfort-talla-grande-13-piezas/11872435.html,$170.00,vacio,vacio,vacio,Puntos 'dobles' al pagar con 'FALABELLA',vacio,2026-07-02
Farmacia,Incontinencia,Diapro Pañales Para Adulto Anatómicos Mediano 10 Piezas,https://www.soriana.com/dw/image/v2/BGBD_PRD/on/demandware.static/-/Sites-soriana-grocery-master-catalog/default/dwa756b646/images/product/7501943474994_A.jpg?sw=473&sh=473&sm=fit,https://www.soriana.com/farmacia/,/diapro-panales-para-adulto-anatomicos-mediano-10-piezas/2070927.html,$128.00,vacio,3 x 2,vacio,Puntos 'dobles' al pagar con 'FALABELLA',vacio,2026-07-02
Farmacia,Incontinencia,Affective Liberty Toallas Protectoras Maxi 10 Piezas,https://www.soriana.com/dw/image/v2/BGBD_PRD/on/demandware.static/-/Sites-soriana-grocery-master-catalog/default/dw5156ff70/images/product/0013117016451_A.jpg?sw=473&sh=473&sm=fit,https://www.soriana.com/farmacia/,/affective-liberty-toallas-protectoras-maxi-10-piezas/1186247.html,$81.50,vacio,vacio,vacio,Puntos 'dobles' al pagar con 'FALABELLA',vacio,2026-07-02
Farmacia,Incontinencia,Tena Lady Discret Extra Larga 10 piezas,https://www.soriana.com/dw/image/v2/BGBD_PRD/on/demandware.static/-/Sites-soriana-grocery-master-catalog/default/dwf8935fcd/images/product/7501019053870_A.jpg?sw=473&sh=473&sm=fit,https://www.soriana.com/farmacia/,/tena-lady-discret-extra-larga-10-piezas/11571375.html,$80.90,$58.10,vacio,vacio,Puntos 'dobles' al pagar con 'FALABELLA',vacio,2026-07-02
Farmacia,Incontinencia,Ultra Safe Pañal Para Adulto Anatómico Mediano 10 Piezas,https://www.soriana.com/dw/image/v2/BGBD_PRD/on/demandware.static/-/Sites-soriana-grocery-master-catalog/default/dw730c5a3f/images/product/7500093753829_A.jpg?sw=473&sh=473&sm=fit,https://www.soriana.com/farmacia/,/ultra-safe-panal-para-adulto-anatomico-mediano-10-piezas/11187277.html,$99.00,vacio,vacio,vacio,Puntos 'dobles' al pagar con 'FALABELLA',vacio,2026-07-02
Farmacia,Incontinencia,Ropa interior desechable TENA Pants Maxi Protect Talla Grande 13 piezas,https://www.soriana.com/dw/image/v2/BGBD_PRD/on/demandware.static/-/Sites-soriana-grocery-master-catalog/default/dwd18e6cdc/images/product/7501019064449_A.jpg?sw=473&sh=473&sm=fit,https://www.soriana.com/farmacia/,/ropa-interior-desechable-tena-pants-maxi-protect-talla-grande-13-piezas/11872365.html,$229.00,vacio,vacio,vacio,Puntos 'dobles' al pagar con 'FALABELLA',vacio,2026-07-02
Farmacia,Incontinencia,Affective Liberty Toallas Protectoras Extra 10 Piezas,https://www.soriana.com/dw/image/v2/BGBD_PRD/on/demandware.static/-/Sites-soriana-grocery-master-catalog/default/dwe52d2585/images/product/0013117016444_A.jpg?sw=473&sh=473&sm=fit,https://www.soriana.com/farmacia/,/affective-liberty-toallas-protectoras-extra-10-piezas/1186245.html,$72.50,vacio,vacio,vacio,Puntos 'dobles' al pagar con 'FALABELLA',vacio,2026-07-02
Farmacia,Incontinencia,Pañal para adulto Affective Advanced Talla Mediano 10 pzas,https://www.soriana.com/dw/image/v2/BGBD_PRD/on/demandware.static/-/Sites-soriana-grocery-master-catalog/default/dw67ac9733/images/product/0013117016338_A.jpg?sw=473&sh=473&sm=fit,https://www.soriana.com/farmacia/,/panal-para-adulto-affective-advanced-talla-mediano-10-pzas/1140361.html,$165.00,vacio,vacio,vacio,Puntos 'dobles' al pagar con 'FALABELLA',vacio,2026-07-02
Farmacia,Incontinencia,Ultra Safe Pañal Para Adulto Predoblado 10 Piezas,https://www.soriana.com/dw/image/v2/BGBD_PRD/on/demandware.static/-/Sites-soriana-grocery-master-catalog/default/dwe4456b11/images/product/7500093753799_A.jpg?sw=473&sh=473&sm=fit,https://www.soriana.com/farmacia/,/ultra-safe-panal-para-adulto-predoblado-10-piezas/11187276.html,$119.00,vacio,vacio,vacio,Puntos 'dobles' al pagar con 'FALABELLA',vacio,2026-07-02
Farmacia,Incontinencia,Toallas Húmedas Extra Grandes TENA 1 paquete de 40 toallitas,https://www.soriana.com/dw/image/v2/BGBD_PRD/on/demandware.static/-/Sites-soriana-grocery-master-catalog/default/dwbae69a9a/images/product/7501019050473_A.jpg?sw=473&sh=473&sm=fit,https://www.soriana.com/farmacia/,/toallas-humedas-extra-grandes-tena-1-paquete-de-40-toallitas/1781011.html,$74.90,vacio,vacio,vacio,Puntos 'dobles' al pagar con 'FALABELLA',vacio,2026-07-02
Farmacia,Incontinencia,Ropa interior desechable TENA Pants Comfort Talla Mediana 13 piezas,https://www.soriana.com/dw/image/v2/BGBD_PRD/on/demandware.static/-/Sites-soriana-grocery-master-catalog/default/dweb7a2680/images/product/7501019064791_A.jpg?sw=473&sh=473&sm=fit,https://www.soriana.com/farmacia/,/ropa-interior-desechable-tena-pants-comfort-talla-mediana-13-piezas/11872434.html,$170.00,vacio,vacio,vacio,Puntos 'dobles' al pagar con 'FALABELLA',vacio,2026-07-02
Farmacia,Incontinencia,Pañales para Adulto TENA Slip Maxi Protect Talla Mediana 10 Piezas,https://www.soriana.com/dw/image/v2/BGBD_PRD/on/demandware.static/-/Sites-soriana-grocery-master-catalog/default/dw8f89fcb2/images/product/7501019030048_A.jpg?sw=473&sh=473&sm=fit,https://www.soriana.com/farmacia/,/panales-para-adulto-tena-slip-maxi-protect-talla-mediana-10-piezas/1132862.html,$205.00,vacio,vacio,vacio,Puntos 'dobles' al pagar con 'FALABELLA',vacio,2026-07-02
Farmacia,Incontinencia,Pañal para Adulto Tena Slip Nocturno Grande 8 piezas,https://www.soriana.com/dw/image/v2/BGBD_PRD/on/demandware.static/-/Sites-soriana-grocery-master-catalog/default/dwb098836c/images/product/7501019053283_A.jpg?sw=473&sh=473&sm=fit,https://www.soriana.com/farmacia/,/panal-para-adulto-tena-slip-nocturno-grande-8-piezas/11381414.html,$215.00,vacio,vacio,vacio,Puntos 'dobles' al pagar con 'FALABELLA',vacio,2026-07-02
Farmacia,Incontinencia,Panti Protectores TENA Lady Discret 20 Piezas,https://www.soriana.com/dw/image/v2/BGBD_PRD/on/demandware.static/-/Sites-soriana-grocery-master-catalog/default/dwfeb5552d/images/product/7501019051098_A.jpg?sw=473&sh=473&sm=fit,https://www.soriana.com/farmacia/,/panti-protectores-tena-lady-discret--20-piezas/1839608.html,$63.50,vacio,vacio,vacio,Puntos 'dobles' al pagar con 'FALABELLA',vacio,2026-07-02
Farmacia,Incontinencia,Pañales para Adulto TENA Slip Comfort Talla Mediana 10 piezas,https://www.soriana.com/dw/image/v2/BGBD_PRD/on/demandware.static/-/Sites-soriana-grocery-master-catalog/default/dw253f9c7e/images/product/7501019051630_A.jpg?sw=473&sh=473&sm=fit,https://www.soriana.com/farmacia/,/panales-para-adulto-tena-slip-comfort-talla-mediana-10-piezas/2191416.html,$161.00,vacio,vacio,vacio,Puntos 'dobles' al pagar con 'FALABELLA',vacio,2026-07-02
Farmacia,Incontinencia,Affective Liberty Toallas Regulares 16 Piezas,https://www.soriana.com/dw/image/v2/BGBD_PRD/on/demandware.static/-/Sites-soriana-grocery-master-catalog/default/dw468c92ec/images/product/0013117013641_A.jpg?sw=473&sh=473&sm=fit,https://www.soriana.com/farmacia/,/affective-liberty-toallas-regulares-16-piezas/11266237.html,$82.90,vacio,vacio,vacio,Puntos 'dobles' al pagar con 'FALABELLA',vacio,2026-07-02
Farmacia,Incontinencia,Pañales para Adulto TENA Slip Nocturno Talla Mediana 8 piezas,https://www.soriana.com/dw/image/v2/BGBD_PRD/on/demandware.static/-/Sites-soriana-grocery-master-catalog/default/dw8706029e/images/product/7501019053276_A.jpg?sw=473&sh=473&sm=fit,https://www.soriana.com/farmacia/,/panales-para-adulto-tena-slip-nocturno-talla-mediana-8-piezas/11380744.html,$205.00,vacio,vacio,vacio,Puntos 'dobles' al pagar con 'FALABELLA',vacio,2026-07-02
Farmacia,Incontinencia,Protector de Superficies TENA Predoblado 10 Piezas,https://www.soriana.com/dw/image/v2/BGBD_PRD/on/demandware.static/-/Sites-soriana-grocery-master-catalog/default/dw2b0feaba/images/product/7501019051401_A.jpg?sw=473&sh=473&sm=fit,https://www.soriana.com/farmacia/,/protector-de-superficies-tena-predoblado-10-piezas/2099901.html,$152.00,vacio,vacio,vacio,Puntos 'dobles' al pagar con 'FALABELLA',vacio,2026-07-02
Farmacia,Incontinencia,Ropa Interior Desechable Affective Active para Incontinencia Talla Grande 10 pzas,https://www.soriana.com/dw/image/v2/BGBD_PRD/on/demandware.static/-/Sites-soriana-grocery-master-catalog/default/dw3d89e72c/images/product/0013117000894_A.jpg?sw=473&sh=473&sm=fit,https://www.soriana.com/farmacia/,/ropa-interior-desechable-affective-active-para-incontinencia-talla-grande-10-pzas/1924300.html,$194.00,vacio,vacio,vacio,Puntos 'dobles' al pagar con 'FALABELLA',vacio,2026-07-02
Farmacia,Incontinencia,Ropa interior desechable TENA Pants Discret Beige Talla Grande 13 piezas,https://www.soriana.com/dw/image/v2/BGBD_PRD/on/demandware.static/-/Sites-soriana-grocery-master-catalog/default/dwbda40ca0/images/product/7501019064364_A.jpg?sw=473&sh=473&sm=fit,https://www.soriana.com/farmacia/,/ropa-interior-desechable-tena-pants-discret-beige-talla-grande-13-piezas/11872431.html,$225.00,vacio,vacio,vacio,Puntos 'dobles' al pagar con 'FALABELLA',vacio,2026-07-02
Farmacia,Incontinencia,Depend Derma Protect Pantiprotector 40Pz,https://www.soriana.com/dw/image/v2/BGBD_PRD/on/demandware.static/-/Sites-soriana-grocery-master-catalog/default/dw9ccca2e3/images/product/7506425656110_A.jpg?sw=473&sh=473&sm=fit,https://www.soriana.com/farmacia/,/depend-derma-protect-pantiprotector-40pz/11793246.html,$45.50,vacio,3 x 2,vacio,Puntos 'dobles' al pagar con 'FALABELLA',vacio,2026-07-02
Farmacia,Incontinencia,Depend Pañal Derma Protect Mediano 12 Piezas,https://www.soriana.com/dw/image/v2/BGBD_PRD/on/demandware.static/-/Sites-soriana-grocery-master-catalog/default/dw433a27b6/images/product/7506425627387_A.jpg?sw=473&sh=473&sm=fit,https://www.soriana.com/farmacia/,/depend-panal-derma-protect-mediano-12-piezas/11554198.html,$225.00,vacio,3 x 2,vacio,Puntos 'dobles' al pagar con 'FALABELLA',vacio,2026-07-02
Farmacia,Incontinencia,Ultra Safe Pañal Para Adulto Anatómico Grande 10 Piezas,https://www.soriana.com/dw/image/v2/BGBD_PRD/on/demandware.static/-/Sites-soriana-grocery-master-catalog/default/dw130bad9a/images/product/7500093753812_A.jpg?sw=473&sh=473&sm=fit,https://www.soriana.com/farmacia/,/ultra-safe-panal-para-adulto-anatomico-grande-10-piezas/11187275.html,$139.00,vacio,vacio,vacio,Puntos 'dobles' al pagar con 'FALABELLA',vacio,2026-07-02
Farmacia,Incontinencia,Toallas para Incontinencia TENA Lady Sensitive Normal con Alas 10 Piezas,https://www.soriana.com/dw/image/v2/BGBD_PRD/on/demandware.static/-/Sites-soriana-grocery-master-catalog/default/dw54309db2/images/product/7501019055768_A.jpg?sw=473&sh=473&sm=fit,https://www.soriana.com/farmacia/,/toallas-para-incontinencia-tena-lady-sensitive-normal-con-alas-10-piezas/11676627.html,$77.90,vacio,vacio,vacio,Puntos 'dobles' al pagar con 'FALABELLA',vacio,2026-07-02
Farmacia,Incontinencia,Ropa interior desechable TENA Pants Maxi Protect Talla Mediana 13 piezas,https://www.soriana.com/dw/image/v2/BGBD_PRD/on/demandware.static/-/Sites-soriana-grocery-master-catalog/default/dw0314c8e8/images/product/7501019064432_A.jpg?sw=473&sh=473&sm=fit,https://www.soriana.com/farmacia/,/ropa-interior-desechable-tena-pants-maxi-protect-talla-mediana-13-piezas/11872364.html,$229.00,vacio,vacio,vacio,Puntos 'dobles' al pagar con 'FALABELLA',vacio,2026-07-02
Farmacia,Incontinencia,Pañal para adulto Affective Protect Talla Mediano 10 pzas,https://www.soriana.com/dw/image/v2/BGBD_PRD/on/demandware.static/-/Sites-soriana-grocery-master-catalog/default/dw5f75bbb9/images/product/0013117016260_A.jpg?sw=473&sh=473&sm=fit,https://www.soriana.com/farmacia/,/panal-para-adulto-affective-protect-talla-mediano-10-pzas/1140357.html,$126.00,vacio,vacio,vacio,Puntos 'dobles' al pagar con 'FALABELLA',vacio,2026-07-02
Farmacia,Incontinencia,Ropa interior desechable TENA Pants Discret Negro Talla Mediana 13 piezas,https://www.soriana.com/dw/image/v2/BGBD_PRD/on/demandware.static/-/Sites-soriana-grocery-master-catalog/default/dw3b099b7b/images/product/7501019064395_A.jpg?sw=473&sh=473&sm=fit,https://www.soriana.com/farmacia/,/ropa-interior-desechable-tena-pants-discret-negro-talla--mediana-13-piezas/11872432.html,$225.00,vacio,vacio,vacio,Puntos 'dobles' al pagar con 'FALABELLA',vacio,2026-07-02
Farmacia,Incontinencia,Tena Lady Discret Panti Protector 44 piezas,https://www.soriana.com/dw/image/v2/BGBD_PRD/on/demandware.static/-/Sites-soriana-grocery-master-catalog/default/dw1a7af728/images/product/7501019053863_A.jpg?sw=473&sh=473&sm=fit,https://www.soriana.com/farmacia/,/tena-lady-discret-panti-protector-44-piezas/11676534.html,$118.00,vacio,vacio,vacio,Puntos 'dobles' al pagar con 'FALABELLA',vacio,2026-07-02
Farmacia,Incontinencia,Protector masculino para incontinencia TENA Men 12 Piezas,https://www.soriana.com/dw/image/v2/BGBD_PRD/on/demandware.static/-/Sites-soriana-grocery-master-catalog/default/dw7f116a6b/images/product/7501019050480_A.jpg?sw=473&sh=473&sm=fit,https://www.soriana.com/farmacia/,/protector-masculino-para-incontinencia-tena-men-12-piezas/1444708.html,$120.00,vacio,vacio,vacio,Puntos 'dobles' al pagar con 'FALABELLA',vacio,2026-07-02
Farmacia,Incontinencia,Toallas para incontinencia TENA Lady Discret Mini 10 Piezas,https://www.soriana.com/dw/image/v2/BGBD_PRD/on/demandware.static/-/Sites-soriana-grocery-master-catalog/default/dw201dcefa/images/product/7501019003103_A.jpg?sw=473&sh=473&sm=fit,https://www.soriana.com/farmacia/,/toallas-para-incontinencia-tena-lady-discret-mini-10-piezas/1035772.html,$63.50,vacio,vacio,vacio,Puntos 'dobles' al pagar con 'FALABELLA',vacio,2026-07-02
Farmacia,Incontinencia,Toalla Femenine Depend Regular 10 Piezas,https://www.soriana.com/dw/image/v2/BGBD_PRD/on/demandware.static/-/Sites-soriana-grocery-master-catalog/default/dw3dcc2044/images/product/7506425664658_A.jpg?sw=473&sh=473&sm=fit,https://www.soriana.com/farmacia/,/toalla-femenine-depend-regular-10-piezas/11902110.html,$56.50,vacio,3 x 2,vacio,Puntos 'dobles' al pagar con 'FALABELLA',vacio,2026-07-02
Farmacia,Incontinencia,Ropa interior desechable TENA Pants Mujer Talla Mediana 14 piezas,https://www.soriana.com/dw/image/v2/BGBD_PRD/on/demandware.static/-/Sites-soriana-grocery-master-catalog/default/dw790923e2/images/product/7501019064753_A.jpg?sw=473&sh=473&sm=fit,https://www.soriana.com/farmacia/,/ropa-interior-desechable-tena-pants-mujer-talla-mediana-14-piezas/11872366.html,$235.00,vacio,vacio,vacio,Puntos 'dobles' al pagar con 'FALABELLA',vacio,2026-07-02
Farmacia,Incontinencia,Pañal para Adulto Tena Slip Comfort Grande 10 piezas,https://www.soriana.com/dw/image/v2/BGBD_PRD/on/demandware.static/-/Sites-soriana-grocery-master-catalog/default/dwc6a6bc6f/images/product/7501019051647_A.jpg?sw=473&sh=473&sm=fit,https://www.soriana.com/farmacia/,/panal-para-adulto-tena-slip-comfort-grande-10-piezas/2191417.html,$184.00,vacio,vacio,vacio,Puntos 'dobles' al pagar con 'FALABELLA',vacio,2026-07-02
Farmacia,Incontinencia,Tena Lady Discret Normal 10 Piezas,https://www.soriana.com/dw/image/v2/BGBD_PRD/on/demandware.static/-/Sites-soriana-grocery-master-catalog/default/dwb2f3958f/images/product/7501019066467_A.jpg?sw=473&sh=473&sm=fit,https://www.soriana.com/farmacia/,/tena-lady-discret-normal-10-piezas/11920439.html,$75.50,vacio,vacio,vacio,Puntos 'dobles' al pagar con 'FALABELLA',vacio,2026-07-02
Farmacia,Incontinencia,Depend Guards 12's Protectores Para Hombres,https://www.soriana.com/dw/image/v2/BGBD_PRD/on/demandware.static/-/Sites-soriana-grocery-master-catalog/default/dw9707edbf/images/product/7506425663491_A.jpg?sw=473&sh=473&sm=fit,https://www.soriana.com/farmacia/,/depend-guards-12s-protectores-para-hombres/11927802.html,$99.00,vacio,3 x 2,vacio,Puntos 'dobles' al pagar con 'FALABELLA',vacio,2026-07-02
Farmacia,Incontinencia,Tena Lady Sensitive Panti Protectores 20 piezas,https://www.soriana.com/dw/image/v2/BGBD_PRD/on/demandware.static/-/Sites-soriana-grocery-master-catalog/default/dwfd546270/images/product/7501019055348_A.jpg?sw=473&sh=473&sm=fit,https://www.soriana.com/farmacia/,/tena-lady-sensitive-panti-protectores-20-piezas/11676628.html,$53.90,vacio,vacio,vacio,Puntos 'dobles' al pagar con 'FALABELLA',vacio,2026-07-02
Farmacia,Incontinencia,Ropa interior desechable TENA Pants Discret Negro Talla Grande 13 piezas,https://www.soriana.com/dw/image/v2/BGBD_PRD/on/demandware.static/-/Sites-soriana-grocery-master-catalog/default/dwe7745bf3/images/product/7501019064401_A.jpg?sw=473&sh=473&sm=fit,https://www.soriana.com/farmacia/,/ropa-interior-desechable-tena-pants-discret-negro-talla--grande-13-piezas/11872433.html,$225.00,vacio,vacio,vacio,Puntos 'dobles' al pagar con 'FALABELLA',vacio,2026-07-02
Farmacia,Incontinencia,Toallas para Incontinencia TENA Lady Sensitive Normal sin Alas 10 Piezas,https://www.soriana.com/dw/image/v2/BGBD_PRD/on/demandware.static/-/Sites-soriana-grocery-master-catalog/default/dwa2f29588/images/product/7501019055355_A.jpg?sw=473&sh=473&sm=fit,https://www.soriana.com/farmacia/,/toallas-para-incontinencia-tena-lady-sensitive-normal-sin-alas-10-piezas/11676440.html,$69.00,vacio,vacio,vacio,Puntos 'dobles' al pagar con 'FALABELLA',vacio,2026-07-02
Farmacia,Incontinencia,Ropa Interior Desechable Affective Active para Incontinencia Talla Mediano 10 pzas,https://www.soriana.com/dw/image/v2/BGBD_PRD/on/demandware.static/-/Sites-soriana-grocery-master-catalog/default/dwb395b945/images/product/0013117015997_A.jpg?sw=473&sh=473&sm=fit,https://www.soriana.com/farmacia/,/ropa-interior-desechable-affective-active-para-incontinencia-talla-mediano-10-pzas/1140366.html,$176.00,vacio,vacio,vacio,Puntos 'dobles' al pagar con 'FALABELLA',vacio,2026-07-02
Farmacia,Incontinencia,Toalla Adulto Pacifica Travel 15s,https://www.soriana.com/dw/image/v2/BGBD_PRD/on/demandware.static/-/Sites-soriana-grocery-master-catalog/default/dw1e6075ae/images/product/7503040097007_A.jpg?sw=473&sh=473&sm=fit,https://www.soriana.com/farmacia/,/toalla-adulto-pacifica-travel-15s/11901311.html,$23.50,vacio,vacio,vacio,Puntos 'dobles' al pagar con 'FALABELLA',vacio,2026-07-02
Farmacia,Incontinencia,Ropa Interior para Incontinencia Depend Unisex Mediana 15 pz,https://www.soriana.com/dw/image/v2/BGBD_PRD/on/demandware.static/-/Sites-soriana-grocery-master-catalog/default/dw1a517aee/images/product/7506425624546_A.jpg?sw=473&sh=473&sm=fit,https://www.soriana.com/farmacia/,/ropa-interior-para-incontinencia-depend-unisex-mediana-15-pz/11532140.html,$239.00,vacio,3 x 2,vacio,Puntos 'dobles' al pagar con 'FALABELLA',vacio,2026-07-02
Farmacia,Incontinencia,Pañales desechables Dody's Premium Etapa 6 38 piezas,https://www.soriana.com/dw/image/v2/BGBD_PRD/on/demandware.static/-/Sites-soriana-grocery-master-catalog/default/dwed30ec00/images/product/7502221013478_A.jpg?sw=473&sh=473&sm=fit,https://www.soriana.com/farmacia/,/panales-desechables-dodys-premium-etapa-6-38-piezas/11763658.html,$259.00,vacio,vacio,vacio,Puntos 'dobles' al pagar con 'FALABELLA',vacio,2026-07-02
Farmacia,Incontinencia,Depend Derma Protect Toalla Larga 10 Pz,https://www.soriana.com/dw/image/v2/BGBD_PRD/on/demandware.static/-/Sites-soriana-grocery-master-catalog/default/dw6e25bb0c/images/product/7506425649938_A.jpg?sw=473&sh=473&sm=fit,https://www.soriana.com/farmacia/,/depend-derma-protect-toalla-larga-10-pz/11699371.html,$70.50,vacio,3 x 2,vacio,Puntos 'dobles' al pagar con 'FALABELLA',vacio,2026-07-02
Farmacia,Incontinencia,Benzal Incontinencia Toallitas 12 Pzas,https://www.soriana.com/dw/image/v2/BGBD_PRD/on/demandware.static/-/Sites-soriana-grocery-master-catalog/default/dwe8cba819/images/product/7501080160491_A.jpg?sw=473&sh=473&sm=fit,https://www.soriana.com/farmacia/,/benzal-incontinencia-toallitas-12-pzas/11705601.html,$86.50,$64.88,25%,vacio,Puntos 'dobles' al pagar con 'FALABELLA',vacio,2026-07-02
Farmacia,Incontinencia,Ultra Safe Ropa Interior Desechable Mediano 10 Piezas,https://www.soriana.com/dw/image/v2/BGBD_PRD/on/demandware.static/-/Sites-soriana-grocery-master-catalog/default/dw5f08f081/images/product/7500093753805_A.jpg?sw=473&sh=473&sm=fit,https://www.soriana.com/farmacia/,/ultra-safe-ropa-interior-desechable-mediano-10-piezas/11187667.html,$159.00,vacio,vacio,vacio,Puntos 'dobles' al pagar con 'FALABELLA',vacio,2026-07-02
Farmacia,Incontinencia,Toallitas Humedas Pacifica 50 Piezas,https://www.soriana.com/dw/image/v2/BGBD_PRD/on/demandware.static/-/Sites-soriana-grocery-master-catalog/default/dwe56fe11a/images/product/7503025406121_A.jpg?sw=473&sh=473&sm=fit,https://www.soriana.com/farmacia/,/toallitas-humedas-pacifica-50-piezas/11576770.html,$70.50,vacio,vacio,vacio,Puntos 'dobles' al pagar con 'FALABELLA',vacio,2026-07-02
Farmacia,Incontinencia,Depend Femenine Toallas Anatómicas 10 Piezas,https://www.soriana.com/dw/image/v2/BGBD_PRD/on/demandware.static/-/Sites-soriana-grocery-master-catalog/default/dw01d9e516/images/product/7501943495708_A.jpg?sw=473&sh=473&sm=fit,https://www.soriana.com/farmacia/,/depend-femenine-toallas-anatomicas-10-piezas/11169643.html,$52.90,vacio,3 x 2,vacio,Puntos 'dobles' al pagar con 'FALABELLA',vacio,2026-07-02
Farmacia,Incontinencia,Toallas Protectoras Tena Lady Discret 10 piezas,https://www.soriana.com/dw/image/v2/BGBD_PRD/on/demandware.static/-/Sites-soriana-grocery-master-catalog/default/dwe2b80da1/images/product/7501019050022_A.jpg?sw=473&sh=473&sm=fit,https://www.soriana.com/farmacia/,/toallas-protectoras-tena-lady-discret-10-piezas/1138316.html,$67.90,vacio,vacio,vacio,Puntos 'dobles' al pagar con 'FALABELLA',vacio,2026-07-02
Farmacia,Incontinencia,Pañales desechables KleenBebé Suavelastic RN 160 piezas,https://www.soriana.com/dw/image/v2/BGBD_PRD/on/demandware.static/-/Sites-soriana-grocery-master-catalog/default/dw55f99fb8/images/product/7501943498822_A.jpg?sw=473&sh=473&sm=fit,https://www.soriana.com/farmacia/,/panales-desechables-kleenbebe-suavelastic-rn-160-piezas/11717710.html,$625.00,vacio,vacio,vacio,Puntos 'dobles' al pagar con 'FALABELLA',vacio,2026-07-02
Farmacia,Incontinencia,Depend Femenine Pantiprotector 20 Piezas,https://www.soriana.com/dw/image/v2/BGBD_PRD/on/demandware.static/-/Sites-soriana-grocery-master-catalog/default/dw2cfea86a/images/product/7501943497115_A.jpg?sw=473&sh=473&sm=fit,https://www.soriana.com/farmacia/,/depend-femenine-pantiprotector-20-piezas/11169331.html,$52.90,vacio,3 x 2,vacio,Puntos 'dobles' al pagar con 'FALABELLA',vacio,2026-07-02
Farmacia,Incontinencia,Depend Ropa Interior Desechable Unisex Mediano 10 Piezas,https://www.soriana.com/dw/image/v2/BGBD_PRD/on/demandware.static/-/Sites-soriana-grocery-master-catalog/default/dwb536a592/images/product/7501943419469_A.jpg?sw=473&sh=473&sm=fit,https://www.soriana.com/farmacia/,/depend-ropa-interior-desechable-unisex-mediano-10-piezas/2723345.html,$219.05,vacio,3 x 2,vacio,Puntos 'dobles' al pagar con 'FALABELLA',vacio,2026-07-02
Farmacia,Incontinencia,Depend Ropa Interior Desechable Unisex Grande 10 Piezas,https://www.soriana.com/dw/image/v2/BGBD_PRD/on/demandware.static/-/Sites-soriana-grocery-master-catalog/default/dw73398f9c/images/product/7501943419483_A.jpg?sw=473&sh=473&sm=fit,https://www.soriana.com/farmacia/,/depend-ropa-interior-desechable-unisex-grande-10-piezas/2723348.html,$272.00,vacio,3 x 2,vacio,Puntos 'dobles' al pagar con 'FALABELLA',vacio,2026-07-02
Farmacia,Incontinencia,Pañales desechables Huggies Ultraconfort Etapa 7 30 piezas,https://www.soriana.com/dw/image/v2/BGBD_PRD/on/demandware.static/-/Sites-soriana-grocery-master-catalog/default/dw8c61761b/images/product/7506425655946_A.jpg?sw=473&sh=473&sm=fit,https://www.soriana.com/farmacia/,/panales-desechables-huggies-ultraconfort-etapa-7-30-piezas/11791431.html,$289.00,vacio,vacio,vacio,Puntos 'dobles' al pagar con 'FALABELLA',vacio,2026-07-02
Farmacia,Incontinencia,Pañales desechables KleenBebé Suavelastic Etapa 5 160 piezas,https://www.soriana.com/dw/image/v2/BGBD_PRD/on/demandware.static/-/Sites-soriana-grocery-master-catalog/default/dw7198ea89/images/product/7501943445390_A.jpg?sw=473&sh=473&sm=fit,https://www.soriana.com/farmacia/,/panales-desechables-kleenbebe-suavelastic-etapa-5-160-piezas/11717714.html,"$1,259.00",vacio,vacio,vacio,Puntos 'dobles' al pagar con 'FALABELLA',vacio,2026-07-02
Farmacia,Incontinencia,Ropa interior desechable TENA Pants Discret BeigeTalla Mediana 13 piezas,https://www.soriana.com/dw/image/v2/BGBD_PRD/on/demandware.static/-/Sites-soriana-grocery-master-catalog/default/dw75ed30d3/images/product/7501019064357_A.jpg?sw=473&sh=473&sm=fit,https://www.soriana.com/farmacia/,/ropa-interior-desechable-tena-pants-discret-beigetalla-mediana-13-piezas/11872430.html,$225.00,vacio,vacio,vacio,Puntos 'dobles' al pagar con 'FALABELLA',vacio,2026-07-02
Farmacia,Incontinencia,Pañales Huggies UltraConfort Etapa 4 Niño 70 Piezas,https://www.soriana.com/dw/image/v2/BGBD_PRD/on/demandware.static/-/Sites-soriana-grocery-master-catalog/default/dw6299637a/images/product/7506425625758_A.jpg?sw=473&sh=473&sm=fit,https://www.soriana.com/farmacia/,/panales-huggies-ultraconfort-etapa-4-nino-70-piezas/11586973.html,$349.00,vacio,vacio,vacio,Puntos 'dobles' al pagar con 'FALABELLA',vacio,2026-07-02
Farmacia,Incontinencia,Depend Ropa Interior Nocturna Duo Pack M 16 Pz,https://www.soriana.com/dw/image/v2/BGBD_PRD/on/demandware.static/-/Sites-soriana-grocery-master-catalog/default/dwdcbe35c8/images/product/7506425633098_A.jpg?sw=473&sh=473&sm=fit,https://www.soriana.com/farmacia/,/depend-ropa-interior-nocturna-duo-pack-m-16-pz/11579304.html,$207.00,vacio,3 x 2,vacio,Puntos 'dobles' al pagar con 'FALABELLA',vacio,2026-07-02
Farmacia,Incontinencia,Ropa Interior Desechable Tena Comfort Mediano 10 piezas,https://www.soriana.com/dw/image/v2/BGBD_PRD/on/demandware.static/-/Sites-soriana-grocery-master-catalog/default/dw7a0224f1/images/product/7501019052699_A.jpg?sw=473&sh=473&sm=fit,https://www.soriana.com/farmacia/,/ropa-interior-desechable-tena-comfort-mediano-10-piezas/11212205.html,$181.00,vacio,vacio,vacio,Puntos 'dobles' al pagar con 'FALABELLA',vacio,2026-07-02
Farmacia,Incontinencia,Tena Pañal Slip Maxi Protect Talla XG 10 piezas,https://www.soriana.com/dw/image/v2/BGBD_PRD/on/demandware.static/-/Sites-soriana-grocery-master-catalog/default/dw5eee4802/images/product/7501019055218_A.jpg?sw=473&sh=473&sm=fit,https://www.soriana.com/farmacia/,/tena-panal-slip-maxi-protect-talla-xg-10-piezas/11646490.html,$230.00,vacio,vacio,vacio,Puntos 'dobles' al pagar con 'FALABELLA',vacio,2026-07-02
Farmacia,Incontinencia,Depend Ropa Interior Desechable Mediano 10 Piezas,https://www.soriana.com/dw/image/v2/BGBD_PRD/on/demandware.static/-/Sites-soriana-grocery-master-catalog/default/dw0f19f976/images/product/7501943474871_A.jpg?sw=473&sh=473&sm=fit,https://www.soriana.com/farmacia/,/depend-ropa-interior-desechable-mediano-10-piezas/1853517.html,$175.00,vacio,3 x 2,vacio,Puntos 'dobles' al pagar con 'FALABELLA',vacio,2026-07-02
Farmacia,Incontinencia,Pañales desechables KleenBebé Suavelastic Etapa 4 176 piezas,https://www.soriana.com/dw/image/v2/BGBD_PRD/on/demandware.static/-/Sites-soriana-grocery-master-catalog/default/dw0124fc0d/images/product/7501943444959_A.jpg?sw=473&sh=473&sm=fit,https://www.soriana.com/farmacia/,/panales-desechables-kleenbebe-suavelastic-etapa-4-176-piezas/11717713.html,"$1,195.00",vacio,vacio,vacio,Puntos 'dobles' al pagar con 'FALABELLA',vacio,2026-07-02
Farmacia,Incontinencia,Depend Ropa Interior Desechable Colors Grande 10 Piezas,https://www.soriana.com/dw/image/v2/BGBD_PRD/on/demandware.static/-/Sites-soriana-grocery-master-catalog/default/dw382e25bd/images/product/7506425607297_A.jpg?sw=473&sh=473&sm=fit,https://www.soriana.com/farmacia/,/depend-ropa-interior-desechable-colors-grande-10-piezas/11467691.html,$208.00,vacio,vacio,vacio,Puntos 'dobles' al pagar con 'FALABELLA',vacio,2026-07-02
Farmacia,Incontinencia,Ropa Interior para Incontinencia Depend Unisex Grande 15 pz,https://www.soriana.com/dw/image/v2/BGBD_PRD/on/demandware.static/-/Sites-soriana-grocery-master-catalog/default/dw897d4a57/images/product/7506425624560_A.jpg?sw=473&sh=473&sm=fit,https://www.soriana.com/farmacia/,/ropa-interior-para-incontinencia-depend-unisex-grande-15-pz/11532029.html,$186.00,vacio,3 x 2,vacio,Puntos 'dobles' al pagar con 'FALABELLA',vacio,2026-07-02
Farmacia,Incontinencia,Tena Pants Comfort Negro M Bonus 10+5 Pz,https://www.soriana.com/dw/image/v2/BGBD_PRD/on/demandware.static/-/Sites-soriana-grocery-master-catalog/default/dw35237bcf/images/product/7501019060144_A.jpg?sw=473&sh=473&sm=fit,https://www.soriana.com/farmacia/,/tena-pants-comfort-negro-m-bonus-105-pz/11753471.html,$179.50,vacio,vacio,vacio,Puntos 'dobles' al pagar con 'FALABELLA',vacio,2026-07-02
Farmacia,Incontinencia,Pañales desechables Huggies Supreme RN 240 piezas,https://www.soriana.com/dw/image/v2/BGBD_PRD/on/demandware.static/-/Sites-soriana-grocery-master-catalog/default/dw90925456/images/product/7501943416185_A.jpg?sw=473&sh=473&sm=fit,https://www.soriana.com/farmacia/,/panales-desechables-huggies-supreme-rn-240-piezas/11717716.html,"$1,449.00",vacio,vacio,vacio,Puntos 'dobles' al pagar con 'FALABELLA',vacio,2026-07-02
Farmacia,Incontinencia,Depend Ropa Interior Desechable Corte Bajo Mediano 10 Piezas,https://www.soriana.com/dw/image/v2/BGBD_PRD/on/demandware.static/-/Sites-soriana-grocery-master-catalog/default/dwc42d1b21/images/product/7501943419544_A.jpg?sw=473&sh=473&sm=fit,https://www.soriana.com/farmacia/,/depend-ropa-interior-desechable-corte-bajo-mediano-10-piezas/11308001.html,$178.00,vacio,3 x 2,vacio,Puntos 'dobles' al pagar con 'FALABELLA',vacio,2026-07-02
Farmacia,Incontinencia,Depend Pañal Para Adulto Plenitud Grande 10 Piezas,https://www.soriana.com/dw/image/v2/BGBD_PRD/on/demandware.static/-/Sites-soriana-grocery-master-catalog/default/dw96459c1b/images/product/7501943418813_A.jpg?sw=473&sh=473&sm=fit,https://www.soriana.com/farmacia/,/depend-panal-para-adulto-plenitud-grande-10-piezas/2520956.html,$185.00,vacio,3 x 2,vacio,Puntos 'dobles' al pagar con 'FALABELLA',vacio,2026-07-02
Farmacia,Incontinencia,Pañales desechables Huggies Supreme Etapa 1 240 piezas,https://www.soriana.com/dw/image/v2/BGBD_PRD/on/demandware.static/-/Sites-soriana-grocery-master-catalog/default/dw8f788f63/images/product/7501943416871_A.jpg?sw=473&sh=473&sm=fit,https://www.soriana.com/farmacia/,/panales-desechables-huggies-supreme-etapa-1-240-piezas/11717717.html,"$1,599.00",vacio,vacio,vacio,Puntos 'dobles' al pagar con 'FALABELLA',vacio,2026-07-02
Farmacia,Incontinencia,Depend Femenine Toallas Con Extracto De Manzanilla 10 Piezas,https://www.soriana.com/dw/image/v2/BGBD_PRD/on/demandware.static/-/Sites-soriana-grocery-master-catalog/default/dwb0232941/images/product/7501943495746_A.jpg?sw=473&sh=473&sm=fit,https://www.soriana.com/farmacia/,/depend-femenine-toallas-con-extracto-de-manzanilla-10-piezas/11169725.html,$57.90,vacio,3 x 2,vacio,Puntos 'dobles' al pagar con 'FALABELLA',vacio,2026-07-02
Farmacia,Incontinencia,Depend Ropa Interior Desechable Colors Mediano 10 Piezas,https://www.soriana.com/dw/image/v2/BGBD_PRD/on/demandware.static/-/Sites-soriana-grocery-master-catalog/default/dw3cf07664/images/product/7506425607273_A.jpg?sw=473&sh=473&sm=fit,https://www.soriana.com/farmacia/,/depend-ropa-interior-desechable-colors-mediano-10-piezas/11467690.html,$180.02,vacio,vacio,vacio,Puntos 'dobles' al pagar con 'FALABELLA',vacio,2026-07-02
Farmacia,Incontinencia,Toallas Tena Lady Discret 20pza,https://www.soriana.com/dw/image/v2/BGBD_PRD/on/demandware.static/-/Sites-soriana-grocery-master-catalog/default/dw2a00c84b/images/product/7501019065095_A.jpg?sw=473&sh=473&sm=fit,https://www.soriana.com/farmacia/,/toallas-tena-lady-discret-20pza/11876276.html,$132.00,vacio,vacio,vacio,Puntos 'dobles' al pagar con 'FALABELLA',vacio,2026-07-02
Farmacia,Incontinencia,Tena Pants Comfort Negro G Bonus 10+5 Pz,https://www.soriana.com/dw/image/v2/BGBD_PRD/on/demandware.static/-/Sites-soriana-grocery-master-catalog/default/dwbd58b8ad/images/product/7501019060151_A.jpg?sw=473&sh=473&sm=fit,https://www.soriana.com/farmacia/,/tena-pants-comfort-negro-g-bonus-105-pz/11753472.html,$187.00,vacio,vacio,vacio,Puntos 'dobles' al pagar con 'FALABELLA',vacio,2026-07-02
Farmacia,Incontinencia,Depend Pañal Para Adulto Plenitud Mediano 10 Piezas,https://www.soriana.com/dw/image/v2/BGBD_PRD/on/demandware.static/-/Sites-soriana-grocery-master-catalog/default/dwfe6289f9/images/product/7501943419001_A.jpg?sw=473&sh=473&sm=fit,https://www.soriana.com/farmacia/,/depend-panal-para-adulto-plenitud-mediano-10-piezas/2520955.html,$165.88,vacio,3 x 2,vacio,Puntos 'dobles' al pagar con 'FALABELLA',vacio,2026-07-02
Farmacia,Incontinencia,Tena Lady Discret Toalla 10 Pz + Termo,https://www.soriana.com/dw/image/v2/BGBD_PRD/on/demandware.static/-/Sites-soriana-grocery-master-catalog/default/dw0c38b640/images/product/7501019056802_A.jpg?sw=473&sh=473&sm=fit,https://www.soriana.com/farmacia/,/tena-lady-discret-toalla-10-pz-termo/11669774.html,$70.50,vacio,vacio,vacio,Puntos 'dobles' al pagar con 'FALABELLA',vacio,2026-07-02
Farmacia,Incontinencia,Ropa Interior Desechable Tena Comfort Grande 10 piezas,https://www.soriana.com/dw/image/v2/BGBD_PRD/on/demandware.static/-/Sites-soriana-grocery-master-catalog/default/dw50762b7e/images/product/7501019052705_A.jpg?sw=473&sh=473&sm=fit,https://www.soriana.com/farmacia/,/ropa-interior-desechable-tena-comfort-grande-10-piezas/11212470.html,$189.00,vacio,vacio,vacio,Puntos 'dobles' al pagar con 'FALABELLA',vacio,2026-07-02
Farmacia,Incontinencia,Depend Ropa Interior Corte Bajo M 15 Pz,https://www.soriana.com/dw/image/v2/BGBD_PRD/on/demandware.static/-/Sites-soriana-grocery-master-catalog/default/dwdf7abc81/images/product/7506425624584_A.jpg?sw=473&sh=473&sm=fit,https://www.soriana.com/farmacia/,/depend-ropa-interior-corte-bajo-m-15-pz/11532114.html,$185.00,vacio,3 x 2,vacio,Puntos 'dobles' al pagar con 'FALABELLA',vacio,2026-07-02
Farmacia,Incontinencia,Ultra Safe Ropa Interior Desechable Grande 10 Piezas,https://www.soriana.com/dw/image/v2/BGBD_PRD/on/demandware.static/-/Sites-soriana-grocery-master-catalog/default/dwccce7090/images/product/7500093753850_A.jpg?sw=473&sh=473&sm=fit,https://www.soriana.com/farmacia/,/ultra-safe-ropa-interior-desechable-grande-10-piezas/11187668.html,$179.00,vacio,vacio,vacio,Puntos 'dobles' al pagar con 'FALABELLA',vacio,2026-07-02
Farmacia,Incontinencia,Depend Ropa Interior Desechable Grande 10 Piezas,https://www.soriana.com/dw/image/v2/BGBD_PRD/on/demandware.static/-/Sites-soriana-grocery-master-catalog/default/dw35497e1a/images/product/7501943474833_A.jpg?sw=473&sh=473&sm=fit,https://www.soriana.com/farmacia/,/depend-ropa-interior-desechable-grande-10-piezas/1853514.html,$272.00,vacio,3 x 2,vacio,Puntos 'dobles' al pagar con 'FALABELLA',vacio,2026-07-02
Farmacia,Incontinencia,Tena Lady Discret Maxi 8pz,https://www.soriana.com/dw/image/v2/BGBD_PRD/on/demandware.static/-/Sites-soriana-grocery-master-catalog/default/dwb57fa604/images/product/7501019060656_A.jpg?sw=473&sh=473&sm=fit,https://www.soriana.com/farmacia/,/tena-lady-discret-maxi-8pz/11797232.html,$72.00,vacio,vacio,vacio,Puntos 'dobles' al pagar con 'FALABELLA',vacio,2026-07-02
Farmacia,Incontinencia,Depend Ropa Interior Desechable Corte Bajo Grande 10 Piezas,https://www.soriana.com/dw/image/v2/BGBD_PRD/on/demandware.static/-/Sites-soriana-grocery-master-catalog/default/dw78bdece2/images/product/7501943419674_A.jpg?sw=473&sh=473&sm=fit,https://www.soriana.com/farmacia/,/depend-ropa-interior-desechable-corte-bajo-grande-10-piezas/11308807.html,$184.00,vacio,3 x 2,vacio,Puntos 'dobles' al pagar con 'FALABELLA',vacio,2026-07-02
Farmacia,Incontinencia,Pañales desechables KleenBebé Suavelastic Etapa 6 160 piezas,https://www.soriana.com/dw/image/v2/BGBD_PRD/on/demandware.static/-/Sites-soriana-grocery-master-catalog/default/dw4ab1cac0/images/product/7501943447622_A.jpg?sw=473&sh=473&sm=fit,https://www.soriana.com/farmacia/,/panales-desechables-kleenbebe-suavelastic-etapa-6-160-piezas/11717715.html,"$1,329.00",vacio,vacio,vacio,Puntos 'dobles' al pagar con 'FALABELLA',vacio,2026-07-02
Farmacia,Incontinencia,Toallas Protectoras Tena Lady Discret 8 Piezas,https://www.soriana.com/dw/image/v2/BGBD_PRD/on/demandware.static/-/Sites-soriana-grocery-master-catalog/default/dwdb748c23/images/product/7501019003257_A.jpg?sw=473&sh=473&sm=fit,https://www.soriana.com/farmacia/,/toallas-protectoras-tena-lady-discret-8-piezas/1026706.html,$69.03,vacio,vacio,vacio,Puntos 'dobles' al pagar con 'FALABELLA',vacio,2026-07-02
Farmacia,Incontinencia,Pañales desechables KleenBebé Suavelastic Etapa 3 176 piezas,https://www.soriana.com/dw/image/v2/BGBD_PRD/on/demandware.static/-/Sites-soriana-grocery-master-catalog/default/dwda5bbd73/images/product/7501943444935_A.jpg?sw=473&sh=473&sm=fit,https://www.soriana.com/farmacia/,/panales-desechables-kleenbebe-suavelastic-etapa-3-176-piezas/11717712.html,"$1,020.00",vacio,vacio,vacio,Puntos 'dobles' al pagar con 'FALABELLA',vacio,2026-07-02
Farmacia,Incontinencia,Pañales desechables Huggies Supreme Etapa 5 180 piezas,https://www.soriana.com/dw/image/v2/BGBD_PRD/on/demandware.static/-/Sites-soriana-grocery-master-catalog/default/dw33b645a6/images/product/7501943441811_A.jpg?sw=473&sh=473&sm=fit,https://www.soriana.com/farmacia/,/panales-desechables-huggies-supreme-etapa-5-180-piezas/11717732.html,"$2,309.00",vacio,vacio,vacio,Puntos 'dobles' al pagar con 'FALABELLA',vacio,2026-07-02
Farmacia,Incontinencia,Pañales desechables Huggies Supreme Etapa 3 180 piezas,https://www.soriana.com/dw/image/v2/BGBD_PRD/on/demandware.static/-/Sites-soriana-grocery-master-catalog/default/dwa54bdcb2/images/product/7501943441736_A.jpg?sw=473&sh=473&sm=fit,https://www.soriana.com/farmacia/,/panales-desechables-huggies-supreme-etapa-3-180-piezas/11717720.html,"$1,739.00",vacio,vacio,vacio,Puntos 'dobles' al pagar con 'FALABELLA',vacio,2026-07-02
Farmacia,Incontinencia,Pañales desechables KleenBebé Suavelastic Etapa 2 160 piezas,https://www.soriana.com/dw/image/v2/BGBD_PRD/on/demandware.static/-/Sites-soriana-grocery-master-catalog/default/dw08ba1e69/images/product/7501943434639_A.jpg?sw=473&sh=473&sm=fit,https://www.soriana.com/farmacia/,/panales-desechables-kleenbebe-suavelastic-etapa-2-160-piezas/11717711.html,$795.00,vacio,vacio,vacio,Puntos 'dobles' al pagar con 'FALABELLA',vacio,2026-07-02
Farmacia,Incontinencia,Frida Mom Calzones Desechables Posparto (Para Cesárea),https://www.soriana.com/dw/image/v2/BGBD_PRD/on/demandware.static/-/Sites-soriana-grocery-master-catalog/default/dwa58b27e5/images/product/851877006769_A.jpg?sw=473&sh=473&sm=fit,https://www.soriana.com/farmacia/,/frida-mom-calzones-desechables-posparto-para-cesarea/11916942.html,$990.00,vacio,Hasta 5 MSI,vacio,vacio,vacio,2026-07-02
Farmacia,Incontinencia,Ropa Interior Desechable Tena Femenino Grande 10 piezas,https://www.soriana.com/dw/image/v2/BGBD_PRD/on/demandware.static/-/Sites-soriana-grocery-master-catalog/default/dwae3930ea/images/product/7501019051517_A.jpg?sw=473&sh=473&sm=fit,https://www.soriana.com/farmacia/,/ropa-interior-desechable-tena-femenino-grande-10-piezas/2125863.html,$229.00,vacio,vacio,vacio,Puntos 'dobles' al pagar con 'FALABELLA',vacio,2026-07-02
Farmacia,Incontinencia,Depend Femenine Toallas Anatómicas Largas 10 Piezas,https://www.soriana.com/dw/image/v2/BGBD_PRD/on/demandware.static/-/Sites-soriana-grocery-master-catalog/default/dwa8de7252/images/product/7501943495760_A.jpg?sw=473&sh=473&sm=fit,https://www.soriana.com/farmacia/,/depend-femenine-toallas-anatomicas-largas-10-piezas/11169845.html,$61.50,vacio,3 x 2,vacio,Puntos 'dobles' al pagar con 'FALABELLA',vacio,2026-07-02
Farmacia,Incontinencia,Pañales Huggies UltraConfort Etapa 3 Niño 70 Piezas,https://www.soriana.com/dw/image/v2/BGBD_PRD/on/demandware.static/-/Sites-soriana-grocery-master-catalog/default/dw83796c00/images/product/7506425625710_A.jpg?sw=473&sh=473&sm=fit,https://www.soriana.com/farmacia/,/panales-huggies-ultraconfort-etapa-3-nino-70-piezas/11587213.html,$310.00,vacio,vacio,vacio,Puntos 'dobles' al pagar con 'FALABELLA',vacio,2026-07-02
Farmacia,Incontinencia,Depend Ropa Interior Corte Bajo G 15 Pz,https://www.soriana.com/dw/image/v2/BGBD_PRD/on/demandware.static/-/Sites-soriana-grocery-master-catalog/default/dw0c64c74b/images/product/7506425624607_A.jpg?sw=473&sh=473&sm=fit,https://www.soriana.com/farmacia/,/depend-ropa-interior-corte-bajo-g-15-pz/11532128.html,$205.00,vacio,3 x 2,vacio,Puntos 'dobles' al pagar con 'FALABELLA',vacio,2026-07-02
Farmacia,Incontinencia,Tena Lady Discret Super 8 Piezas,https://www.soriana.com/dw/image/v2/BGBD_PRD/on/demandware.static/-/Sites-soriana-grocery-master-catalog/default/dw32f92c16/images/product/7501019055447_A.jpg?sw=473&sh=473&sm=fit,https://www.soriana.com/farmacia/,/tena-lady-discret-super-8-piezas/11920360.html,$67.90,vacio,vacio,vacio,Puntos 'dobles' al pagar con 'FALABELLA',vacio,2026-07-02
Farmacia,Incontinencia,Depend Toallas Humedas Bonus 42 + 7 Pz,https://www.soriana.com/dw/image/v2/BGBD_PRD/on/demandware.static/-/Sites-soriana-grocery-master-catalog/default/dwe31e8e00/images/product/7506425645824_A.jpg?sw=473&sh=473&sm=fit,https://www.soriana.com/farmacia/,/depend-toallas-humedas-bonus-42-7-pz/11663694.html,$59.00,vacio,vacio,vacio,Puntos 'dobles' al pagar con 'FALABELLA',vacio,2026-07-02
Farmacia,Sueros orales,Gatorlyte Bebida con Electrolitos Naranja 591 ml,https://www.soriana.com/dw/image/v2/BGBD_PRD/on/demandware.static/-/Sites-soriana-grocery-master-catalog/default/dw636afdda/images/product/7501022015063_A.jpg?sw=473&sh=473&sm=fit,https://www.soriana.com/farmacia/,/gatorlyte-bebida-con-electrolitos-naranja-591-ml/11634136.html,$25.50,vacio,vacio,vacio,Puntos 'dobles' al pagar con 'FALABELLA',vacio,2026-07-02
Farmacia,Sueros orales,Gatorlyte Bebida con Electrolitos Fresa-Kiwi 591 ml,https://www.soriana.com/dw/image/v2/BGBD_PRD/on/demandware.static/-/Sites-soriana-grocery-master-catalog/default/dw61de206a/images/product/7501022015049_A.jpg?sw=473&sh=473&sm=fit,https://www.soriana.com/farmacia/,/gatorlyte-bebida-con-electrolitos-fresa-kiwi-591-ml/11634135.html,$25.50,vacio,vacio,vacio,Puntos 'dobles' al pagar con 'FALABELLA',vacio,2026-07-02
Farmacia,Sueros orales,Gatorlyte Bebida con Electrolitos Uva 591 ml,https://www.soriana.com/dw/image/v2/BGBD_PRD/on/demandware.static/-/Sites-soriana-grocery-master-catalog/default/dwcda8d5eb/images/product/7501022015162_A.jpg?sw=473&sh=473&sm=fit,https://www.soriana.com/farmacia/,/gatorlyte-bebida-con-electrolitos-uva-591-ml/11669747.html,$25.50,vacio,vacio,vacio,Puntos 'dobles' al pagar con 'FALABELLA',vacio,2026-07-02
Farmacia,Sueros orales,Gatorlyte Bebida con Electrolitos Coco 591 ml,https://www.soriana.com/dw/image/v2/BGBD_PRD/on/demandware.static/-/Sites-soriana-grocery-master-catalog/default/dwb5e91561/images/product/7501022015407_A.jpg?sw=473&sh=473&sm=fit,https://www.soriana.com/farmacia/,/gatorlyte-bebida-con-electrolitos-coco-591-ml/11778657.html,$25.50,vacio,vacio,vacio,Puntos 'dobles' al pagar con 'FALABELLA',vacio,2026-07-02
Farmacia,Sueros orales,Gatorlyte Bebida con Electrolitos Moras 591 ml,https://www.soriana.com/dw/image/v2/BGBD_PRD/on/demandware.static/-/Sites-soriana-grocery-master-catalog/default/dw621d3e5a/images/product/7501022015636_A (1).jpg?sw=473&sh=473&sm=fit,https://www.soriana.com/farmacia/,/gatorlyte-bebida-con-electrolitos-moras-591-ml/11821997.html,$25.50,vacio,vacio,vacio,Puntos 'dobles' al pagar con 'FALABELLA',vacio,2026-07-02
Farmacia,Sueros orales,Gatorlyte Bebida Hidratante con Electrolitos sabor Frutas tropicales 591 ml,https://www.soriana.com/dw/image/v2/BGBD_PRD/on/demandware.static/-/Sites-soriana-grocery-master-catalog/default/dwdedd8824/images/product/7501022016053_A.jpg?sw=473&sh=473&sm=fit,https://www.soriana.com/farmacia/,/gatorlyte-bebida-hidratante-con-electrolitos-sabor-frutas-tropicales-591-ml/11873568.html,$25.50,vacio,vacio,vacio,Puntos 'dobles' al pagar con 'FALABELLA',vacio,2026-07-02
Farmacia,Sueros orales,Suero Sabor Mora Azul Electrolit 625 ML,https://www.soriana.com/dw/image/v2/BGBD_PRD/on/demandware.static/-/Sites-soriana-grocery-master-catalog/default/dwbbccc99e/images/product/7501125174797_A.jpg?sw=473&sh=473&sm=fit,https://www.soriana.com/farmacia/,/suero-sabor-mora-azul-electrolit-625-ml/3125031.html,$25.00,$24.50,2 x $49.00,vacio,Puntos 'dobles' al pagar con 'FALABELLA',vacio,2026-07-02
Farmacia,Sueros orales,Suero Sabor Fresa-Kiwi Electrolit 625 ML,https://www.soriana.com/dw/image/v2/BGBD_PRD/on/demandware.static/-/Sites-soriana-grocery-master-catalog/default/dwddb81aad/images/product/7501125149221_A.jpg?sw=473&sh=473&sm=fit,https://www.soriana.com/farmacia/,/suero-sabor-fresa-kiwi-electrolit-625-ml/3103620.html,$25.00,$24.50,2 x $49.00,vacio,Puntos 'dobles' al pagar con 'FALABELLA',vacio,2026-07-02
Farmacia,Sueros orales,Suero Sabor Uva Electrolit 625 ML,https://www.soriana.com/dw/image/v2/BGBD_PRD/on/demandware.static/-/Sites-soriana-grocery-master-catalog/default/dw84d35c7c/images/product/7501125144851_A.jpg?sw=473&sh=473&sm=fit,https://www.soriana.com/farmacia/,/suero-sabor-uva-electrolit-625-ml/3103621.html,$25.00,$24.50,2 x $49.00,vacio,Puntos 'dobles' al pagar con 'FALABELLA',vacio,2026-07-02
Farmacia,Sueros orales,Suero Sabor Lima-Limón Electrolit 625 ML,https://www.soriana.com/dw/image/v2/BGBD_PRD/on/demandware.static/-/Sites-soriana-grocery-master-catalog/default/dw16a98f9e/images/product/7501125118562_A.jpg?sw=473&sh=473&sm=fit,https://www.soriana.com/farmacia/,/suero-sabor-lima-limon-electrolit-625-ml/2386894.html,$25.00,$24.50,2 x $49.00,vacio,Puntos 'dobles' al pagar con 'FALABELLA',vacio,2026-07-02
Farmacia,Sueros orales,Suero Sabor Ponche de Frutas Electrolit 625 ML,https://www.soriana.com/dw/image/v2/BGBD_PRD/on/demandware.static/-/Sites-soriana-grocery-master-catalog/default/dw4deb4369/images/product/7503046131224_A.jpg?sw=473&sh=473&sm=fit,https://www.soriana.com/farmacia/,/suero-sabor-ponche-de-frutas-electrolit-625-ml/11790465.html,$25.00,$24.50,2 x $49.00,vacio,Puntos 'dobles' al pagar con 'FALABELLA',vacio,2026-07-02
Farmacia,Sueros orales,Bebida Hidratante Suerox Adulto sabor Fresa 630 ml,https://www.soriana.com/dw/image/v2/BGBD_PRD/on/demandware.static/-/Sites-soriana-grocery-master-catalog/default/dwba0d10db/images/product/0650240066306_A.jpg?sw=473&sh=473&sm=fit,https://www.soriana.com/farmacia/,/bebida-hidratante-suerox-adulto-sabor-fresa-630-ml/11697240.html,$24.90,vacio,3 x 2,vacio,Puntos 'dobles' al pagar con 'FALABELLA',vacio,2026-07-02
Farmacia,Sueros orales,Suerox Bebida Hidratante Coco 630 ml,https://www.soriana.com/dw/image/v2/BGBD_PRD/on/demandware.static/-/Sites-soriana-grocery-master-catalog/default/dwc3699b3c/images/product/0650240035395_A.jpg?sw=473&sh=473&sm=fit,https://www.soriana.com/farmacia/,/suerox-bebida-hidratante-coco-630-ml/11245324.html,$24.90,vacio,3 x 2,vacio,Puntos 'dobles' al pagar con 'FALABELLA',vacio,2026-07-02
Farmacia,Sueros orales,Suerox Bebida Hidratante Naranja Mandarina 630 ml,https://www.soriana.com/dw/image/v2/BGBD_PRD/on/demandware.static/-/Sites-soriana-grocery-master-catalog/default/dwf2900513/images/product/0650240032301_A.jpg?sw=473&sh=473&sm=fit,https://www.soriana.com/farmacia/,/suerox-bebida-hidratante-naranja-mandarina-630-ml/11161443.html,$24.90,vacio,3 x 2,vacio,Puntos 'dobles' al pagar con 'FALABELLA',vacio,2026-07-02
Farmacia,Sueros orales,Suerox Bebida Hidratante Manzana 630 ml,https://www.soriana.com/dw/image/v2/BGBD_PRD/on/demandware.static/-/Sites-soriana-grocery-master-catalog/default/dwcd52060b/images/product/0650240032257_A.jpg?sw=473&sh=473&sm=fit,https://www.soriana.com/farmacia/,/suerox-bebida-hidratante-manzana-630-ml/11161019.html,$24.90,vacio,3 x 2,vacio,Puntos 'dobles' al pagar con 'FALABELLA',vacio,2026-07-02
Farmacia,Sueros orales,Suerox Bebida Hidratante Lima Limon 630 ml,https://www.soriana.com/dw/image/v2/BGBD_PRD/on/demandware.static/-/Sites-soriana-grocery-master-catalog/default/dwaa47d902/images/product/0650240032325_A.jpg?sw=473&sh=473&sm=fit,https://www.soriana.com/farmacia/,/suerox-bebida-hidratante-lima-limon-630-ml/11161630.html,$24.90,$21.00,3 x 2,vacio,Puntos 'dobles' al pagar con 'FALABELLA',vacio,2026-07-02
Farmacia,Sueros orales,Suerox Bebida Hidratante Mora Azul 630 ml,https://www.soriana.com/dw/image/v2/BGBD_PRD/on/demandware.static/-/Sites-soriana-grocery-master-catalog/default/dw558ad214/images/product/0650240032295_A.jpg?sw=473&sh=473&sm=fit,https://www.soriana.com/farmacia/,/suerox-bebida-hidratante-mora-azul-630-ml/11161299.html,$24.90,vacio,3 x 2,vacio,Puntos 'dobles' al pagar con 'FALABELLA',vacio,2026-07-02
Farmacia,Sueros orales,Suerox Bebida Hidratante Fresa Kiwi 630 ml,https://www.soriana.com/dw/image/v2/BGBD_PRD/on/demandware.static/-/Sites-soriana-grocery-master-catalog/default/dw4b08af25/images/product/0650240032264_A.jpg?sw=473&sh=473&sm=fit,https://www.soriana.com/farmacia/,/suerox-bebida-hidratante-fresa-kiwi-630-ml/11161621.html,$24.90,vacio,3 x 2,vacio,Puntos 'dobles' al pagar con 'FALABELLA',vacio,2026-07-02
Farmacia,Sueros orales,Suero Sabor Manzana Electrolit DX-5 625 ML,https://www.soriana.com/dw/image/v2/BGBD_PRD/on/demandware.static/-/Sites-soriana-grocery-master-catalog/default/dw5c2e0091/images/product/7501125104343_A.jpg?sw=473&sh=473&sm=fit,https://www.soriana.com/farmacia/,/suero-sabor-manzana-electrolit-dx-5-625-ml/557187.html,$25.00,$24.50,2 x $49.00,vacio,Puntos 'dobles' al pagar con 'FALABELLA',vacio,2026-07-02
Farmacia,Sueros orales,Suero Sabor Fresa Electrolit DX-5 625 ML,https://www.soriana.com/dw/image/v2/BGBD_PRD/on/demandware.static/-/Sites-soriana-grocery-master-catalog/default/dw52b3425c/images/product/7501125104268_A.jpg?sw=473&sh=473&sm=fit,https://www.soriana.com/farmacia/,/suero-sabor-fresa-electrolit-dx-5-625-ml/557186.html,$25.00,$24.50,2 x $49.00,vacio,Puntos 'dobles' al pagar con 'FALABELLA',vacio,2026-07-02
Farmacia,Sueros orales,Suero Sabor Coco Electrolit DX-5 625 ML,https://www.soriana.com/dw/image/v2/BGBD_PRD/on/demandware.static/-/Sites-soriana-grocery-master-catalog/default/dw2bf2b60d/images/product/7501125104411_A.jpg?sw=473&sh=473&sm=fit,https://www.soriana.com/farmacia/,/suero-sabor-coco-electrolit-dx-5-625-ml/557188.html,$25.00,$24.50,2 x $49.00,vacio,Puntos 'dobles' al pagar con 'FALABELLA',vacio,2026-07-02
Farmacia,Sueros orales,Suero Sabor Naranja-Mandarina Electrolit DX-5 625 ML,https://www.soriana.com/dw/image/v2/BGBD_PRD/on/demandware.static/-/Sites-soriana-grocery-master-catalog/default/dw5ec83a66/images/product/7501125104688_A.jpg?sw=473&sh=473&sm=fit,https://www.soriana.com/farmacia/,/suero-sabor-naranja-mandarina-electrolit-dx-5-625-ml/722939.html,$25.00,$24.50,2 x $49.00,vacio,Puntos 'dobles' al pagar con 'FALABELLA',vacio,2026-07-02
Farmacia,Sueros orales,Suerox Bebida Hidratante Uva 630 ml,https://www.soriana.com/dw/image/v2/BGBD_PRD/on/demandware.static/-/Sites-soriana-grocery-master-catalog/default/dw500fc443/images/product/0650240032271_A.jpg?sw=473&sh=473&sm=fit,https://www.soriana.com/farmacia/,/suerox-bebida-hidratante-uva-630-ml/11161620.html,$24.90,vacio,3 x 2,vacio,Puntos 'dobles' al pagar con 'FALABELLA',vacio,2026-07-02
Farmacia,Sueros orales,Suerox Bebida Hidratante Fresa Frutos Rojos 630 ml Botella,https://www.soriana.com/dw/image/v2/BGBD_PRD/on/demandware.static/-/Sites-soriana-grocery-master-catalog/default/dwe361cf02/images/product/0650240066139_A.jpg?sw=473&sh=473&sm=fit,https://www.soriana.com/farmacia/,/suerox-bebida-hidratante-fresa-frutos-rojos-630-ml-botella/11669745.html,$24.90,vacio,3 x 2,vacio,Puntos 'dobles' al pagar con 'FALABELLA',vacio,2026-07-02
Farmacia,Sueros orales,Nodrim Electrolito Sabor Uva 1l,https://www.soriana.com/dw/image/v2/BGBD_PRD/on/demandware.static/-/Sites-soriana-grocery-master-catalog/default/dw49ea501e/images/product/7500525273918_A.jpg?sw=473&sh=473&sm=fit,https://www.soriana.com/farmacia/,/nodrim-electrolito-sabor-uva-1l/11551976.html,$33.90,vacio,vacio,Aplica cupón,Puntos 'dobles' al pagar con 'FALABELLA',vacio,2026-07-02
Farmacia,Sueros orales,Nodrim Electrolito Sabor Coco 1l,https://www.soriana.com/dw/image/v2/BGBD_PRD/on/demandware.static/-/Sites-soriana-grocery-master-catalog/default/dwd77fcdc2/images/product/7500525254399_A.jpg?sw=473&sh=473&sm=fit,https://www.soriana.com/farmacia/,/nodrim-electrolito-sabor-coco-1l/11551971.html,$33.90,vacio,vacio,Aplica cupón,Puntos 'dobles' al pagar con 'FALABELLA',vacio,2026-07-02
Farmacia,Sueros orales,Suero Oral Pedialyte Sr45 Sabor Manzana 500 ml,https://www.soriana.com/dw/image/v2/BGBD_PRD/on/demandware.static/-/Sites-soriana-grocery-master-catalog/default/dw8d0605a9/images/product/7501033954740_A.jpg?sw=473&sh=473&sm=fit,https://www.soriana.com/farmacia/,/suero-oral-pedialyte-sr45-sabor-manzana-500-ml/3052940.html,$32.50,vacio,vacio,vacio,Puntos 'dobles' al pagar con 'FALABELLA',vacio,2026-07-02
Farmacia,Sueros orales,Nodrim Electrolito Sabor Fresa 1L,https://www.soriana.com/dw/image/v2/BGBD_PRD/on/demandware.static/-/Sites-soriana-grocery-master-catalog/default/dw834713bc/images/product/7500525254412_A.jpg?sw=473&sh=473&sm=fit,https://www.soriana.com/farmacia/,/nodrim-electrolito-sabor-fresa-1l/11551975.html,$33.90,vacio,vacio,Aplica cupón,Puntos 'dobles' al pagar con 'FALABELLA',vacio,2026-07-02
Farmacia,Sueros orales,Suerox Adulto Uva Mora Azul 630 Ml,https://www.soriana.com/dw/image/v2/BGBD_PRD/on/demandware.static/-/Sites-soriana-grocery-master-catalog/default/dw79cf4c85/images/product/650240074455_A.jpg?sw=473&sh=473&sm=fit,https://www.soriana.com/farmacia/,/suerox-adulto-uva-mora-azul-630-ml/11863518.html,$24.90,vacio,3 x 2,vacio,Puntos 'dobles' al pagar con 'FALABELLA',vacio,2026-07-02
Farmacia,Sueros orales,Electrolife Zero Ponche de Frutas 625 ml,https://www.soriana.com/dw/image/v2/BGBD_PRD/on/demandware.static/-/Sites-soriana-grocery-master-catalog/default/dw0c709ada/images/product/7502268541460_A.jpg?sw=473&sh=473&sm=fit,https://www.soriana.com/farmacia/,/electrolife-zero-ponche-de-frutas-625-ml/11618540.html,$28.50,vacio,2 x $44.00,vacio,Puntos 'dobles' al pagar con 'FALABELLA',vacio,2026-07-02
Farmacia,Sueros orales,Flashlyte Fresa 625 ml,https://www.soriana.com/dw/image/v2/BGBD_PRD/on/demandware.static/-/Sites-soriana-grocery-master-catalog/default/dwe8c25193/images/product/7501055381883_A.jpg?sw=473&sh=473&sm=fit,https://www.soriana.com/farmacia/,/flashlyte-fresa-625-ml/11711953.html,$24.00,vacio,vacio,vacio,Puntos 'dobles' al pagar con 'FALABELLA',vacio,2026-07-02
Farmacia,Sueros orales,Flashlyte Uva 625 ml,https://www.soriana.com/dw/image/v2/BGBD_PRD/on/demandware.static/-/Sites-soriana-grocery-master-catalog/default/dweedfb27c/images/product/7501055381906_A.jpg?sw=473&sh=473&sm=fit,https://www.soriana.com/farmacia/,/flashlyte-uva-625-ml/11711955.html,$24.00,vacio,vacio,vacio,Puntos 'dobles' al pagar con 'FALABELLA',vacio,2026-07-02
Farmacia,Sueros orales,Flashlyte Coco 625 ml,https://www.soriana.com/dw/image/v2/BGBD_PRD/on/demandware.static/-/Sites-soriana-grocery-master-catalog/default/dw387bc887/images/product/7501055381876_A.jpg?sw=473&sh=473&sm=fit,https://www.soriana.com/farmacia/,/flashlyte-coco-625-ml/11711956.html,$24.00,vacio,vacio,vacio,Puntos 'dobles' al pagar con 'FALABELLA',vacio,2026-07-02
Farmacia,Sueros orales,Flashlyte Sandía 625 ml,https://www.soriana.com/dw/image/v2/BGBD_PRD/on/demandware.static/-/Sites-soriana-grocery-master-catalog/default/dwc978578b/images/product/7501055381890_A.jpg?sw=473&sh=473&sm=fit,https://www.soriana.com/farmacia/,/flashlyte-sandia-625-ml/11711954.html,$25.50,vacio,vacio,vacio,Puntos 'dobles' al pagar con 'FALABELLA',vacio,2026-07-02
Farmacia,Sueros orales,Electrolife Zero Mora Azul 625 ml,https://www.soriana.com/dw/image/v2/BGBD_PRD/on/demandware.static/-/Sites-soriana-grocery-master-catalog/default/dwf32cc978/images/product/7502268541446_A.jpg?sw=473&sh=473&sm=fit,https://www.soriana.com/farmacia/,/electrolife-zero-mora-azul-625-ml/11618541.html,$28.50,vacio,2 x $44.00,vacio,Puntos 'dobles' al pagar con 'FALABELLA',vacio,2026-07-02
Farmacia,Sueros orales,Nodrim Electrolito Sabor Lima-Limón 500 ml,https://www.soriana.com/dw/image/v2/BGBD_PRD/on/demandware.static/-/Sites-soriana-grocery-master-catalog/default/dw06c53d73/images/product/7500525617668_A.jpg?sw=473&sh=473&sm=fit,https://www.soriana.com/farmacia/,/nodrim-electrolito-sabor-lima-limon-500-ml/11797314.html,$20.50,vacio,vacio,Aplica cupón,Puntos 'dobles' al pagar con 'FALABELLA',vacio,2026-07-02
Farmacia,Sueros orales,Electrolife Zero Uva 625 ml,https://www.soriana.com/dw/image/v2/BGBD_PRD/on/demandware.static/-/Sites-soriana-grocery-master-catalog/default/dw9165fe10/images/product/7502268541491_A.jpg?sw=473&sh=473&sm=fit,https://www.soriana.com/farmacia/,/electrolife-zero-uva-625-ml/11618538.html,$28.50,vacio,2 x $44.00,vacio,Puntos 'dobles' al pagar con 'FALABELLA',vacio,2026-07-02
Farmacia,Sueros orales,Nodrim Electrolito Sabor Uva 500 ml,https://www.soriana.com/dw/image/v2/BGBD_PRD/on/demandware.static/-/Sites-soriana-grocery-master-catalog/default/dw4c681e4a/images/product/7500525617637_A.jpg?sw=473&sh=473&sm=fit,https://www.soriana.com/farmacia/,/nodrim-electrolito-sabor-uva-500-ml/11797311.html,$20.50,vacio,vacio,Aplica cupón,Puntos 'dobles' al pagar con 'FALABELLA',vacio,2026-07-02
Farmacia,Sueros orales,Suero Oral Pedialyte Sabor Coco 500 ml,https://www.soriana.com/dw/image/v2/BGBD_PRD/on/demandware.static/-/Sites-soriana-grocery-master-catalog/default/dw9d798db8/images/product/7501033920127_A.jpg?sw=473&sh=473&sm=fit,https://www.soriana.com/farmacia/,/suero-oral-pedialyte-sabor-coco-500-ml/371329.html,$32.50,vacio,vacio,vacio,Puntos 'dobles' al pagar con 'FALABELLA',vacio,2026-07-02
Farmacia,Sueros orales,Nodrim Electrolito Sabor Fresa 500 ml,https://www.soriana.com/dw/image/v2/BGBD_PRD/on/demandware.static/-/Sites-soriana-grocery-master-catalog/default/dw5b3855a8/images/product/7500525617644_A.jpg?sw=473&sh=473&sm=fit,https://www.soriana.com/farmacia/,/nodrim-electrolito-sabor-fresa-500-ml/11797312.html,$20.50,vacio,vacio,Aplica cupón,Puntos 'dobles' al pagar con 'FALABELLA',vacio,2026-07-02
Farmacia,Sueros orales,Electrolit fresa kiwi oral 1 lt,https://www.soriana.com/dw/image/v2/BGBD_PRD/on/demandware.static/-/Sites-soriana-grocery-master-catalog/default/dw4c65d37d/images/product/7502268542900_A.jpg?sw=473&sh=473&sm=fit,https://www.soriana.com/farmacia/,/electrolit-fresa-kiwi-oral-1-lt/11715513.html,$37.50,vacio,vacio,vacio,Puntos 'dobles' al pagar con 'FALABELLA',vacio,2026-07-02
Farmacia,Sueros orales,Suero Oral Pedialyte Sabor Manzana 500 ml,https://www.soriana.com/dw/image/v2/BGBD_PRD/on/demandware.static/-/Sites-soriana-grocery-master-catalog/default/dw9f7b2304/images/product/7501033920103_A.jpg?sw=473&sh=473&sm=fit,https://www.soriana.com/farmacia/,/suero-oral-pedialyte-sabor-manzana-500-ml/371327.html,$32.50,vacio,vacio,vacio,Puntos 'dobles' al pagar con 'FALABELLA',vacio,2026-07-02
Farmacia,Sueros orales,Hydrolit Manzana Jumex 625ML,https://www.soriana.com/dw/image/v2/BGBD_PRD/on/demandware.static/-/Sites-soriana-grocery-master-catalog/default/dw97bdfd88/images/product/7501013101935_A.jpg?sw=473&sh=473&sm=fit,https://www.soriana.com/farmacia/,/hydrolit-manzana-jumex-625ml/11558068.html,$21.90,vacio,vacio,vacio,Puntos 'dobles' al pagar con 'FALABELLA',vacio,2026-07-02
Farmacia,Sueros orales,Electrolit ponche frutas 355 ml,https://www.soriana.com/dw/image/v2/BGBD_PRD/on/demandware.static/-/Sites-soriana-grocery-master-catalog/default/dw65911456/images/product/7503046131446_A.jpg?sw=473&sh=473&sm=fit,https://www.soriana.com/farmacia/,/electrolit-ponche-frutas-355-ml/11790464.html,$19.10,vacio,3 x $45.00,vacio,Puntos 'dobles' al pagar con 'FALABELLA',vacio,2026-07-02
Farmacia,Sueros orales,Yuyo hidratación uva c/10 pzas,https://www.soriana.com/dw/image/v2/BGBD_PRD/on/demandware.static/-/Sites-soriana-grocery-master-catalog/default/dw21996314/images/product/7503034980216_A.jpg?sw=473&sh=473&sm=fit,https://www.soriana.com/farmacia/,/yuyo-hidratacion-uva-c-10-pzas/11715505.html,$88.00,vacio,vacio,vacio,Puntos 'dobles' al pagar con 'FALABELLA',vacio,2026-07-02
Farmacia,Sueros orales,Nodrim Electrolito Sabor Fresa-Kiwi 500 ml,https://www.soriana.com/dw/image/v2/BGBD_PRD/on/demandware.static/-/Sites-soriana-grocery-master-catalog/default/dw0cef44f9/images/product/7500525617651_A.jpg?sw=473&sh=473&sm=fit,https://www.soriana.com/farmacia/,/nodrim-electrolito-sabor-fresa-kiwi-500-ml/11797313.html,$20.50,vacio,vacio,Aplica cupón,Puntos 'dobles' al pagar con 'FALABELLA',vacio,2026-07-02
Farmacia,Sueros orales,Suero Oral Sabor Fresa Pedialyte SR45 500 ml,https://www.soriana.com/dw/image/v2/BGBD_PRD/on/demandware.static/-/Sites-soriana-grocery-master-catalog/default/dwad2aaff6/images/product/7501033956690_A.jpg?sw=473&sh=473&sm=fit,https://www.soriana.com/farmacia/,/suero-oral-sabor-fresa--pedialyte-sr45-500-ml/2048329.html,$32.50,vacio,vacio,vacio,Puntos 'dobles' al pagar con 'FALABELLA',vacio,2026-07-02
Farmacia,Sueros orales,Electrolit coco 355 ml,https://www.soriana.com/dw/image/v2/BGBD_PRD/on/demandware.static/-/Sites-soriana-grocery-master-catalog/default/dw3aff9910/images/product/7503041640271_A.jpg?sw=473&sh=473&sm=fit,https://www.soriana.com/farmacia/,/electrolit-coco-355-ml/11790458.html,$19.10,vacio,3 x $45.00,vacio,Puntos 'dobles' al pagar con 'FALABELLA',vacio,2026-07-02
Farmacia,Sueros orales,Electrolit Pediátrico Manzana 500ml,https://www.soriana.com/dw/image/v2/BGBD_PRD/on/demandware.static/-/Sites-soriana-grocery-master-catalog/default/dwdec2aada/images/product/7501125143182_A.jpg?sw=473&sh=473&sm=fit,https://www.soriana.com/farmacia/,/electrolit-pediatrico-manzana-500ml/3068077.html,$25.50,vacio,vacio,vacio,Puntos 'dobles' al pagar con 'FALABELLA',vacio,2026-07-02
Farmacia,Sueros orales,Electrolife Zero Naranja-Mandarina 625 ml,https://www.soriana.com/dw/image/v2/BGBD_PRD/on/demandware.static/-/Sites-soriana-grocery-master-catalog/default/dwfe7c4d46/images/product/7502268541477_A.jpg?sw=473&sh=473&sm=fit,https://www.soriana.com/farmacia/,/electrolife-zero-naranja-mandarina-625-ml/11715511.html,$28.50,vacio,2 x $44.00,vacio,Puntos 'dobles' al pagar con 'FALABELLA',vacio,2026-07-02
Farmacia,Sueros orales,Electrolit mora azul 355 ml,https://www.soriana.com/dw/image/v2/BGBD_PRD/on/demandware.static/-/Sites-soriana-grocery-master-catalog/default/dw979678bc/images/product/7503041640301_A.jpg?sw=473&sh=473&sm=fit,https://www.soriana.com/farmacia/,/electrolit-mora-azul-355-ml/11790462.html,$19.10,vacio,3 x $45.00,vacio,Puntos 'dobles' al pagar con 'FALABELLA',vacio,2026-07-02
Farmacia,Sueros orales,Electrolit fresa 355 ml,https://www.soriana.com/dw/image/v2/BGBD_PRD/on/demandware.static/-/Sites-soriana-grocery-master-catalog/default/dw34081e55/images/product/7503041640288_A.jpg?sw=473&sh=473&sm=fit,https://www.soriana.com/farmacia/,/electrolit-fresa-355-ml/11790459.html,$19.10,vacio,3 x $45.00,vacio,Puntos 'dobles' al pagar con 'FALABELLA',vacio,2026-07-02
Farmacia,Sueros orales,Electrolit uva 355 ml,https://www.soriana.com/dw/image/v2/BGBD_PRD/on/demandware.static/-/Sites-soriana-grocery-master-catalog/default/dw62f2d177/images/product/7503041640264_A.jpg?sw=473&sh=473&sm=fit,https://www.soriana.com/farmacia/,/electrolit-uva-355-ml/11790463.html,$19.10,vacio,3 x $45.00,vacio,Puntos 'dobles' al pagar con 'FALABELLA',vacio,2026-07-02
Farmacia,Sueros orales,Recover Mora Azul 630Ml Pza,https://www.soriana.com/dw/image/v2/BGBD_PRD/on/demandware.static/-/Sites-soriana-grocery-master-catalog/default/dwfed5de55/images/product/7501090800059_A.jpg?sw=473&sh=473&sm=fit,https://www.soriana.com/farmacia/,/recover-mora-azul-630ml-pza/11663249.html,$20.00,vacio,vacio,vacio,Puntos 'dobles' al pagar con 'FALABELLA',vacio,2026-07-02
Farmacia,Sueros orales,Hydrolit Coco Jumex 625ML,https://www.soriana.com/dw/image/v2/BGBD_PRD/on/demandware.static/-/Sites-soriana-grocery-master-catalog/default/dw32dd5435/images/product/7501013101942_A.jpg?sw=473&sh=473&sm=fit,https://www.soriana.com/farmacia/,/hydrolit-coco-jumex-625ml/11558117.html,$21.90,vacio,vacio,vacio,Puntos 'dobles' al pagar con 'FALABELLA',vacio,2026-07-02
Farmacia,Sueros orales,Electrolit uva oral 1 lt,https://www.soriana.com/dw/image/v2/BGBD_PRD/on/demandware.static/-/Sites-soriana-grocery-master-catalog/default/dwa968d582/images/product/7502268542894_A.jpg?sw=473&sh=473&sm=fit,https://www.soriana.com/farmacia/,/electrolit-uva-oral-1-lt/11715512.html,$37.50,vacio,vacio,vacio,Puntos 'dobles' al pagar con 'FALABELLA',vacio,2026-07-02
Farmacia,Sueros orales,Electrolit Pediátrico Fresa 500ml,https://www.soriana.com/dw/image/v2/BGBD_PRD/on/demandware.static/-/Sites-soriana-grocery-master-catalog/default/dwfe93ff9f/images/product/7501125143205_A.jpg?sw=473&sh=473&sm=fit,https://www.soriana.com/farmacia/,/electrolit-pediatrico-fresa-500ml/3068076.html,$25.50,vacio,vacio,vacio,Puntos 'dobles' al pagar con 'FALABELLA',vacio,2026-07-02
Farmacia,Sueros orales,Electrolit coco sol c/ 1lt,https://www.soriana.com/dw/image/v2/BGBD_PRD/on/demandware.static/-/Sites-soriana-grocery-master-catalog/default/dw64a5aaca/images/product/7501125104428_A.jpg?sw=473&sh=473&sm=fit,https://www.soriana.com/farmacia/,/electrolit-coco-sol-c--1lt/140394.html,$37.50,vacio,vacio,vacio,Puntos 'dobles' al pagar con 'FALABELLA',vacio,2026-07-02
Farmacia,Sueros orales,Electrolit fresa sol c/1 lt,https://www.soriana.com/dw/image/v2/BGBD_PRD/on/demandware.static/-/Sites-soriana-grocery-master-catalog/default/dw8ce952c0/images/product/7501125104275_A.jpg?sw=473&sh=473&sm=fit,https://www.soriana.com/farmacia/,/electrolit-fresa-sol-c-1-lt/11572868.html,$37.50,vacio,vacio,vacio,Puntos 'dobles' al pagar con 'FALABELLA',vacio,2026-07-02
Farmacia,Sueros orales,Electrolife Zero Frambuesa Azul 625 ml,https://www.soriana.com/dw/image/v2/BGBD_PRD/on/demandware.static/-/Sites-soriana-grocery-master-catalog/default/dw9c923cbd/images/product/7503041640233_A.jpg?sw=473&sh=473&sm=fit,https://www.soriana.com/farmacia/,/electrolife-zero-frambuesa-azul-625-ml/11754824.html,$28.50,vacio,2 x $44.00,vacio,Puntos 'dobles' al pagar con 'FALABELLA',vacio,2026-07-02
Farmacia,Sueros orales,Nodrim Electrolito Sabor Coco 500 ml,https://www.soriana.com/dw/image/v2/BGBD_PRD/on/demandware.static/-/Sites-soriana-grocery-master-catalog/default/dwd656cc85/images/product/7500525617620_A.jpg?sw=473&sh=473&sm=fit,https://www.soriana.com/farmacia/,/nodrim-electrolito-sabor-coco-500-ml/11797310.html,$20.50,vacio,vacio,Aplica cupón,Puntos 'dobles' al pagar con 'FALABELLA',vacio,2026-07-02
Farmacia,Sueros orales,SUEROX COCO PIÑA 630 ML,https://www.soriana.com/dw/image/v2/BGBD_PRD/on/demandware.static/-/Sites-soriana-grocery-master-catalog/default/dwcf15e6a9/images/product/650240074448_A.jpg?sw=473&sh=473&sm=fit,https://www.soriana.com/farmacia/,/suerox-coco-pina-630-ml/11916818.html,$26.50,vacio,3 x 2,vacio,Puntos 'dobles' al pagar con 'FALABELLA',vacio,2026-07-02
Farmacia,Sueros orales,Yuyo hidratación naranjada c/10 pzas,https://www.soriana.com/dw/image/v2/BGBD_PRD/on/demandware.static/-/Sites-soriana-grocery-master-catalog/default/dw286aea17/images/product/7503034980230_A.jpg?sw=473&sh=473&sm=fit,https://www.soriana.com/farmacia/,/yuyo-hidratacion-naranjada-c-10-pzas/11715506.html,$88.00,vacio,vacio,vacio,Puntos 'dobles' al pagar con 'FALABELLA',vacio,2026-07-02
Farmacia,Sueros orales,Electrolitos Yuyo Hidratación Sabor Mora Azul 10 Sobres,https://www.soriana.com/dw/image/v2/BGBD_PRD/on/demandware.static/-/Sites-soriana-grocery-master-catalog/default/dw4cedea30/images/product/7503034980063_A.jpg?sw=473&sh=473&sm=fit,https://www.soriana.com/farmacia/,/electrolitos-yuyo-hidratacion-sabor-mora-azul-10-sobres/11654409.html,$88.00,vacio,vacio,vacio,Puntos 'dobles' al pagar con 'FALABELLA',vacio,2026-07-02
Farmacia,Sueros orales,Electrolife Zero Fresa-Kiwi 625 ml,https://www.soriana.com/dw/image/v2/BGBD_PRD/on/demandware.static/-/Sites-soriana-grocery-master-catalog/default/dw57b0404d/images/product/7502268541484_A.jpg?sw=473&sh=473&sm=fit,https://www.soriana.com/farmacia/,/electrolife-zero-fresa-kiwi-625-ml/11618539.html,$28.50,vacio,2 x $44.00,vacio,Puntos 'dobles' al pagar con 'FALABELLA',vacio,2026-07-02
Farmacia,Sueros orales,Electrolit fresa-kiwi 355 ml,https://www.soriana.com/dw/image/v2/BGBD_PRD/on/demandware.static/-/Sites-soriana-grocery-master-catalog/default/dw022e648c/images/product/7503041640295_A.jpg?sw=473&sh=473&sm=fit,https://www.soriana.com/farmacia/,/electrolit-fresa-kiwi-355-ml/11790460.html,$19.10,vacio,3 x $45.00,vacio,Puntos 'dobles' al pagar con 'FALABELLA',vacio,2026-07-02
Farmacia,Sueros orales,Electrolife Zero Coco 625 ml,https://www.soriana.com/dw/image/v2/BGBD_PRD/on/demandware.static/-/Sites-soriana-grocery-master-catalog/default/dw5e0d9bdd/images/product/7502268541453_A.jpg?sw=473&sh=473&sm=fit,https://www.soriana.com/farmacia/,/electrolife-zero-coco-625-ml/11879424.html,$28.50,vacio,2 x $44.00,vacio,Puntos 'dobles' al pagar con 'FALABELLA',vacio,2026-07-02
Farmacia,Sueros orales,Electrolit Pediátrico Uva 500 Ml,https://www.soriana.com/dw/image/v2/BGBD_PRD/on/demandware.static/-/Sites-soriana-grocery-master-catalog/default/dwa19d0135/images/product/7501125143199_A.jpg?sw=473&sh=473&sm=fit,https://www.soriana.com/farmacia/,/electrolit-pediatrico-uva-500-ml/3068075.html,$25.50,vacio,vacio,vacio,Puntos 'dobles' al pagar con 'FALABELLA',vacio,2026-07-02
Farmacia,Sueros orales,Gpp Solural Fresa-Kiwi Sol 500 ml,https://www.soriana.com/dw/image/v2/BGBD_PRD/on/demandware.static/-/Sites-soriana-grocery-master-catalog/default/dwaa0423d7/images/product/7501349019706_A.jpg?sw=473&sh=473&sm=fit,https://www.soriana.com/farmacia/,/gpp-solural-fresa-kiwi-sol-500-ml/11552310.html,$35.00,vacio,vacio,vacio,Puntos 'dobles' al pagar con 'FALABELLA',vacio,2026-07-02
Farmacia,Sueros orales,Hydrolit Naranja-Mandarina Jumex 625ML,https://www.soriana.com/dw/image/v2/BGBD_PRD/on/demandware.static/-/Sites-soriana-grocery-master-catalog/default/dw7187188e/images/product/7501013101904_A.jpg?sw=473&sh=473&sm=fit,https://www.soriana.com/farmacia/,/hydrolit-naranja-mandarina-jumex-625ml/11557812.html,$21.90,vacio,vacio,vacio,Puntos 'dobles' al pagar con 'FALABELLA',vacio,2026-07-02
Farmacia,Sueros orales,Pedialyte Uva Sr 60 500 ml,https://www.soriana.com/dw/image/v2/BGBD_PRD/on/demandware.static/-/Sites-soriana-grocery-master-catalog/default/dwd4fb499d/images/product/7501033956775_A.jpg?sw=473&sh=473&sm=fit,https://www.soriana.com/farmacia/,/pedialyte-uva-sr-60-500-ml/2650193.html,$32.50,vacio,vacio,vacio,Puntos 'dobles' al pagar con 'FALABELLA',vacio,2026-07-02
Farmacia,Sueros orales,Gpp Solural Fresa Sol 500 ml,https://www.soriana.com/dw/image/v2/BGBD_PRD/on/demandware.static/-/Sites-soriana-grocery-master-catalog/default/dw0967af22/images/product/7501349029064_A.jpg?sw=473&sh=473&sm=fit,https://www.soriana.com/farmacia/,/gpp-solural-fresa-sol-500-ml/11462364.html,$19.40,vacio,vacio,vacio,Puntos 'dobles' al pagar con 'FALABELLA',vacio,2026-07-02
Farmacia,Sueros orales,Suero Sabor Horchata Electrolit 625 ML,https://www.soriana.com/dw/image/v2/BGBD_PRD/on/demandware.static/-/Sites-soriana-grocery-master-catalog/default/dwee5e4573/images/product/7501125187131_A.jpg?sw=473&sh=473&sm=fit,https://www.soriana.com/farmacia/,/suero-sabor-horchata-electrolit-625-ml/11520386.html,$28.50,vacio,2 x $49.00,vacio,Puntos 'dobles' al pagar con 'FALABELLA',vacio,2026-07-02
Farmacia,Sueros orales,GPP Hydrasor Electrolito Oral Sabor Natural 27.9 g,https://www.soriana.com/dw/image/v2/BGBD_PRD/on/demandware.static/-/Sites-soriana-grocery-master-catalog/default/dwc19d3c45/images/product/7501075727203_A.jpg?sw=473&sh=473&sm=fit,https://www.soriana.com/farmacia/,/gpp-hydrasor-electrolito-oral-sabor-natural-27.9-g/11902261.html,$8.67,vacio,vacio,vacio,Puntos 'dobles' al pagar con 'FALABELLA',vacio,2026-07-02
Farmacia,Sueros orales,YUYO Shot Máxima Hidratación Cítricos 8 Pack,https://www.soriana.com/dw/image/v2/BGBD_PRD/on/demandware.static/-/Sites-soriana-grocery-master-catalog/default/dw7b1bceba/images/product/7503034980537_A.jpg?sw=473&sh=473&sm=fit,https://www.soriana.com/farmacia/,/yuyo-shot-maxima-hidratacion-citricos-8-pack/11905176.html,$128.00,vacio,vacio,vacio,Puntos 'dobles' al pagar con 'FALABELLA',vacio,2026-07-02
Farmacia,Sueros orales,Recover Aloe Vera 630 Ml,https://www.soriana.com/dw/image/v2/BGBD_PRD/on/demandware.static/-/Sites-soriana-grocery-master-catalog/default/dw8aaf5110/images/product/7501090800028_A.jpg?sw=473&sh=473&sm=fit,https://www.soriana.com/farmacia/,/recover-aloe-vera-630-ml/11744657.html,$20.90,vacio,vacio,vacio,Puntos 'dobles' al pagar con 'FALABELLA',vacio,2026-07-02
Farmacia,Sueros orales,Electrolife Zero Polvo Naranja-Mandarina caja con 12 sobres,https://www.soriana.com/dw/image/v2/BGBD_PRD/on/demandware.static/-/Sites-soriana-grocery-master-catalog/default/dwe519d0b5/images/product/7502316490863_A.jpg?sw=473&sh=473&sm=fit,https://www.soriana.com/farmacia/,/electrolife-zero-polvo-naranja-mandarina-caja-con-12-sobres/11893051.html,$191.00,vacio,vacio,vacio,Puntos 'dobles' al pagar con 'FALABELLA',vacio,2026-07-02
Farmacia,Sueros orales,Electrolife Zero Polvo Uva caja con 12 sobres,https://www.soriana.com/dw/image/v2/BGBD_PRD/on/demandware.static/-/Sites-soriana-grocery-master-catalog/default/dwfbdf9daf/images/product/7502316490795_A.jpg?sw=473&sh=473&sm=fit,https://www.soriana.com/farmacia/,/electrolife-zero-polvo-uva-caja-con-12-sobres/11895730.html,$191.00,vacio,vacio,vacio,Puntos 'dobles' al pagar con 'FALABELLA',vacio,2026-07-02
Farmacia,Sueros orales,FLASHLYTE ZERO FRESA BOTELLA 625 ML PET NR,https://www.soriana.com/dw/image/v2/BGBD_PRD/on/demandware.static/-/Sites-soriana-grocery-master-catalog/default/dwbd721903/images/product/7501055391806_A.jpg?sw=473&sh=473&sm=fit,https://www.soriana.com/farmacia/,/flashlyte-zero-fresa-botella-625-ml-pet-nr/11931354.html,$23.00,vacio,vacio,vacio,Puntos 'dobles' al pagar con 'FALABELLA',vacio,2026-07-02
Farmacia,Sueros orales,Suero Sabor Guayaba Electrolit 625 ML,https://www.soriana.com/dw/image/v2/BGBD_PRD/on/demandware.static/-/Sites-soriana-grocery-master-catalog/default/dwe03753cd/images/product/7501125187179_A.jpg?sw=473&sh=473&sm=fit,https://www.soriana.com/farmacia/,/suero-sabor-guayaba-electrolit-625-ml/11520387.html,$28.50,vacio,vacio,vacio,Puntos 'dobles' al pagar con 'FALABELLA',vacio,2026-07-02
Farmacia,Sueros orales,Recover Uva 630 Ml,https://www.soriana.com/dw/image/v2/BGBD_PRD/on/demandware.static/-/Sites-soriana-grocery-master-catalog/default/dwdc929a5e/images/product/7501090800578_A.jpg?sw=473&sh=473&sm=fit,https://www.soriana.com/farmacia/,/recover-uva-630-ml/11713710.html,$20.00,vacio,vacio,vacio,Puntos 'dobles' al pagar con 'FALABELLA',vacio,2026-07-02
Farmacia,Sueros orales,Yuyo Ultra Electrolitos Sabor Limon Caja C/10 Sobres,https://www.soriana.com/dw/image/v2/BGBD_PRD/on/demandware.static/-/Sites-soriana-grocery-master-catalog/default/dwe3324e74/images/product/7503034980582_A.jpg?sw=473&sh=473&sm=fit,https://www.soriana.com/farmacia/,/yuyo-ultra-electrolitos-sabor-limon-caja-c-10-sobres/11937707.html,$230.00,vacio,vacio,vacio,Puntos 'dobles' al pagar con 'FALABELLA',vacio,2026-07-02
Farmacia,Sueros orales,Suerox mora azul hierbabuena 1lt,https://www.soriana.com/dw/image/v2/BGBD_PRD/on/demandware.static/-/Sites-soriana-grocery-master-catalog/default/dwf32e684d/images/product/0650240064326_A.jpg?sw=473&sh=473&sm=fit,https://www.soriana.com/farmacia/,/suerox-mora-azul-hierbabuena-1lt/11697242.html,$34.90,vacio,vacio,vacio,Puntos 'dobles' al pagar con 'FALABELLA',vacio,2026-07-02
Farmacia,Sueros orales,Yuyo Mix de Electrolitos Sabor Naranja Caja C/10 Sobres,https://www.soriana.com/dw/image/v2/BGBD_PRD/on/demandware.static/-/Sites-soriana-grocery-master-catalog/default/dwb37d4bb8/images/product/7503034980575_A.jpg?sw=473&sh=473&sm=fit,https://www.soriana.com/farmacia/,/yuyo-mix-de-electrolitos-sabor-naranja-caja-c-10-sobres/11937548.html,$140.00,vacio,vacio,vacio,Puntos 'dobles' al pagar con 'FALABELLA',vacio,2026-07-02
Farmacia,Sueros orales,Electrolitos Solural Coco Sol 500 Ml Botella,https://www.soriana.com/dw/image/v2/BGBD_PRD/on/demandware.static/-/Sites-soriana-grocery-master-catalog/default/dw7d6eafeb/images/product/7501349029071_A.jpg?sw=473&sh=473&sm=fit,https://www.soriana.com/farmacia/,/electrolitos-solural-coco-sol-500-ml-botella/11432675.html,$19.40,vacio,vacio,vacio,Puntos 'dobles' al pagar con 'FALABELLA',vacio,2026-07-02
Farmacia,Sueros orales,Electrolitos Solural Manzana Sol 500 Ml Botella,https://www.soriana.com/dw/image/v2/BGBD_PRD/on/demandware.static/-/Sites-soriana-grocery-master-catalog/default/dw644ba397/images/product/7501349029194_A.jpg?sw=473&sh=473&sm=fit,https://www.soriana.com/farmacia/,/electrolitos-solural-manzana-sol-500-ml-botella/11432676.html,$19.40,vacio,vacio,vacio,Puntos 'dobles' al pagar con 'FALABELLA',vacio,2026-07-02
Farmacia,Sueros orales,Gpp Solural Naranja-Mandarina Sol 500 ml,https://www.soriana.com/dw/image/v2/BGBD_PRD/on/demandware.static/-/Sites-soriana-grocery-master-catalog/default/dw03932ab7/images/product/7501349029200_A.jpg?sw=473&sh=473&sm=fit,https://www.soriana.com/farmacia/,/gpp-solural-naranja-mandarina-sol-500-ml/11462365.html,$19.40,vacio,vacio,vacio,Puntos 'dobles' al pagar con 'FALABELLA',vacio,2026-07-02
Farmacia,Sueros orales,Electrolit Ponche De Frutas 1L,https://www.soriana.com/dw/image/v2/BGBD_PRD/on/demandware.static/-/Sites-soriana-grocery-master-catalog/default/dwce07dc73/images/product/7503046131439_A.jpg?sw=473&sh=473&sm=fit,https://www.soriana.com/farmacia/,/electrolit-ponche-de-frutas-1l/11790466.html,$37.50,vacio,vacio,vacio,Puntos 'dobles' al pagar con 'FALABELLA',vacio,2026-07-02
Farmacia,Sueros orales,Suerox Fresa Kiwi 1lt,https://www.soriana.com/dw/image/v2/BGBD_PRD/on/demandware.static/-/Sites-soriana-grocery-master-catalog/default/dwc5be0a60/images/product/0650240064296_A.jpg?sw=473&sh=473&sm=fit,https://www.soriana.com/farmacia/,/suerox-fresa-kiwi-1lt/11697241.html,$34.90,vacio,vacio,vacio,Puntos 'dobles' al pagar con 'FALABELLA',vacio,2026-07-02
Farmacia,Sueros orales,Suplemento alimenticio Yuyo Multivita Naranjada 60 g,https://www.soriana.com/dw/image/v2/BGBD_PRD/on/demandware.static/-/Sites-soriana-grocery-master-catalog/default/dwb5ad8f64/images/product/7503034980056_A.jpg?sw=473&sh=473&sm=fit,https://www.soriana.com/farmacia/,/suplemento-alimenticio-yuyo-multivita-naranjada-60-g/11654408.html,$70.00,vacio,vacio,vacio,Puntos 'dobles' al pagar con 'FALABELLA',vacio,2026-07-02
Farmacia,Sueros orales,Electrolit manzana sol c/1 lt,https://www.soriana.com/dw/image/v2/BGBD_PRD/on/demandware.static/-/Sites-soriana-grocery-master-catalog/default/dw395ea423/images/product/7501125104350_A.jpg?sw=473&sh=473&sm=fit,https://www.soriana.com/farmacia/,/electrolit-manzana-sol-c-1-lt/398791.html,$37.50,vacio,vacio,vacio,Puntos 'dobles' al pagar con 'FALABELLA',vacio,2026-07-02
Farmacia,Sueros orales,Hydrolit Uva Jumex 625ML,https://www.soriana.com/dw/image/v2/BGBD_PRD/on/demandware.static/-/Sites-soriana-grocery-master-catalog/default/dwc049b484/images/product/7501013101911_A.jpg?sw=473&sh=473&sm=fit,https://www.soriana.com/farmacia/,/hydrolit-uva-jumex-625ml/11558041.html,$21.90,vacio,vacio,vacio,Puntos 'dobles' al pagar con 'FALABELLA',vacio,2026-07-02
Farmacia,Sueros orales,Gpp Durazno Electrolitos Orales 500 ml,https://www.soriana.com/dw/image/v2/BGBD_PRD/on/demandware.static/-/Sites-soriana-grocery-master-catalog/default/dwc46cc859/images/product/7501349011618_A.jpg?sw=473&sh=473&sm=fit,https://www.soriana.com/farmacia/,/gpp-durazno-electrolitos-orales-500-ml/11170149.html,$35.00,vacio,vacio,vacio,Puntos 'dobles' al pagar con 'FALABELLA',vacio,2026-07-02
Farmacia,Sueros orales,FLASHLYTE ZERO COCO-LIMON BOTELLA 625 ML PET NR,https://www.soriana.com/dw/image/v2/BGBD_PRD/on/demandware.static/-/Sites-soriana-grocery-master-catalog/default/dwc7083c7a/images/product/7501055391790_A.jpg?sw=473&sh=473&sm=fit,https://www.soriana.com/farmacia/,/flashlyte-zero-coco-limon-botella-625-ml-pet-nr/11931355.html,$23.00,vacio,vacio,vacio,Puntos 'dobles' al pagar con 'FALABELLA',vacio,2026-07-02
Farmacia,Sueros orales,Electrolife Zero Lima Limón 625 ml,https://www.soriana.com/dw/image/v2/BGBD_PRD/on/demandware.static/-/Sites-soriana-grocery-master-catalog/default/dwb63065d4/images/product/7502316498456_A.jpg?sw=473&sh=473&sm=fit,https://www.soriana.com/farmacia/,/electrolife-zero-lima-limon-625-ml/11936633.html,$26.50,vacio,vacio,vacio,Puntos 'dobles' al pagar con 'FALABELLA',vacio,2026-07-02
Farmacia,Sueros orales,Yuyo Mix de Electrolitos Sabor Uva Caja C/10 Sobres,https://www.soriana.com/dw/image/v2/BGBD_PRD/on/demandware.static/-/Sites-soriana-grocery-master-catalog/default/dwf0bf555f/images/product/7503034980568_A.jpg?sw=473&sh=473&sm=fit,https://www.soriana.com/farmacia/,/yuyo-mix-de-electrolitos-sabor-uva-caja-c-10-sobres/11937693.html,$140.00,vacio,vacio,vacio,Puntos 'dobles' al pagar con 'FALABELLA',vacio,2026-07-02
Farmacia,Sueros orales,Yuyo Ultra Electrolitos Sabor Sandia Caja C/10 Sobres,https://www.soriana.com/dw/image/v2/BGBD_PRD/on/demandware.static/-/Sites-soriana-grocery-master-catalog/default/dwf2ca99cd/images/product/7503034980599_A.jpg?sw=473&sh=473&sm=fit,https://www.soriana.com/farmacia/,/yuyo-ultra-electrolitos-sabor-sandia-caja-c-10-sobres/11937715.html,$230.00,vacio,vacio,vacio,Puntos 'dobles' al pagar con 'FALABELLA',vacio,2026-07-02
Farmacia,Sueros orales,Yuyo Mix de Electrolitos Sabor Jamaica Caja C/10 Sobres,https://www.soriana.com/dw/image/v2/BGBD_PRD/on/demandware.static/-/Sites-soriana-grocery-master-catalog/default/dwd4888637/images/product/7503034980551_A.jpg?sw=473&sh=473&sm=fit,https://www.soriana.com/farmacia/,/yuyo-mix-de-electrolitos-sabor-jamaica-caja-c-10-sobres/11937702.html,$140.00,vacio,vacio,vacio,Puntos 'dobles' al pagar con 'FALABELLA',vacio,2026-07-02
Farmacia,Sueros orales,Suero Oral Pedialyte Sabor Piña Naranja 500 ml,https://www.soriana.com/dw/image/v2/BGBD_PRD/on/demandware.static/-/Sites-soriana-grocery-master-catalog/default/dw08571e00/images/product/7501033964145_A.jpg?sw=473&sh=473&sm=fit,https://www.soriana.com/farmacia/,/suero-oral-pedialyte-sabor-pina-naranja-500-ml/11904786.html,$32.50,vacio,vacio,vacio,Puntos 'dobles' al pagar con 'FALABELLA',vacio,2026-07-02
Farmacia,Sueros orales,Electrolife Zero Polvo Fresa-Kiwi caja con 12 sobres,https://www.soriana.com/dw/image/v2/BGBD_PRD/on/demandware.static/-/Sites-soriana-grocery-master-catalog/default/dwc3dcfed0/images/product/7502316490771_A.jpg?sw=473&sh=473&sm=fit,https://www.soriana.com/farmacia/,/electrolife-zero-polvo-fresa-kiwi-caja-con-12-sobres/11895750.html,$191.00,vacio,vacio,vacio,Puntos 'dobles' al pagar con 'FALABELLA',vacio,2026-07-02
Farmacia,Sueros orales,Electrolítos Yuyo Hidratación Sabor Jamaica 10 Sobres,https://www.soriana.com/dw/image/v2/BGBD_PRD/on/demandware.static/-/Sites-soriana-grocery-master-catalog/default/dwc1c1fab0/images/product/7503034980070_A.jpg?sw=473&sh=473&sm=fit,https://www.soriana.com/farmacia/,/electrolitos-yuyo-hidratacion-sabor-jamaica-10-sobres/11654410.html,$88.00,vacio,vacio,vacio,Puntos 'dobles' al pagar con 'FALABELLA',vacio,2026-07-02
Farmacia,Sueros orales,Suero Oral Pedialyte Sabor Pepino Limón 500 ml,https://www.soriana.com/dw/image/v2/BGBD_PRD/on/demandware.static/-/Sites-soriana-grocery-master-catalog/default/dw3f695bdb/images/product/7501033964138_A.jpg?sw=473&sh=473&sm=fit,https://www.soriana.com/farmacia/,/suero-oral-pedialyte-sabor-pepino-limon-500-ml/11904932.html,$32.50,vacio,vacio,vacio,Puntos 'dobles' al pagar con 'FALABELLA',vacio,2026-07-02
Farmacia,Sueros orales,Yuyo Mix de Electrolitos Sabor Mora Azul Caja C/10 Sobres,https://www.soriana.com/dw/image/v2/BGBD_PRD/on/demandware.static/-/Sites-soriana-grocery-master-catalog/default/dwf82db86e/images/product/7503034980544_A.jpg?sw=473&sh=473&sm=fit,https://www.soriana.com/farmacia/,/yuyo-mix-de-electrolitos-sabor-mora-azul-caja-c-10-sobres/11937744.html,$140.00,vacio,vacio,vacio,Puntos 'dobles' al pagar con 'FALABELLA',vacio,2026-07-02
Farmacia,Sueros orales,Nodrim Electrolito Sabor Manzana 1l,https://www.soriana.com/dw/image/v2/BGBD_PRD/on/demandware.static/-/Sites-soriana-grocery-master-catalog/default/dw88201308/images/product/7500525254405_A.jpg?sw=473&sh=473&sm=fit,https://www.soriana.com/farmacia/,/nodrim-electrolito-sabor-manzana-1l/11551972.html,$27.00,vacio,vacio,Aplica cupón,Puntos 'dobles' al pagar con 'FALABELLA',vacio,2026-07-02
Farmacia,Salud sexual,Condón M Natural Placer Natural 3 Preservativos,https://www.soriana.com/dw/image/v2/BGBD_PRD/on/demandware.static/-/Sites-soriana-grocery-master-catalog/default/dw3f481a7d/images/product/0650240009518_A.jpg?sw=473&sh=473&sm=fit,https://www.soriana.com/farmacia/,/condon-m-natural-placer-natural-3-preservativos/1619911.html,$72.90,vacio,vacio,vacio,Puntos 'dobles' al pagar con 'FALABELLA',vacio,2026-07-02
Farmacia,Salud sexual,Condón M Texturizado Cosquilludo 3 Preservativos,https://www.soriana.com/dw/image/v2/BGBD_PRD/on/demandware.static/-/Sites-soriana-grocery-master-catalog/default/dwdc4b53a3/images/product/0650240009525_A.jpg?sw=473&sh=473&sm=fit,https://www.soriana.com/farmacia/,/condon-m-texturizado-cosquilludo-3-preservativos/1619912.html,$72.90,vacio,vacio,vacio,Puntos 'dobles' al pagar con 'FALABELLA',vacio,2026-07-02
Farmacia,Salud sexual,Condón M Ultra Sensible Cuerpo a Cuerpo 3 Preservativos,https://www.soriana.com/dw/image/v2/BGBD_PRD/on/demandware.static/-/Sites-soriana-grocery-master-catalog/default/dwc19e6cbf/images/product/0650240012525_A.jpg?sw=473&sh=473&sm=fit,https://www.soriana.com/farmacia/,/condon-m-ultra-sensible-cuerpo-a-cuerpo-3-preservativos/1835245.html,$72.90,vacio,vacio,vacio,Puntos 'dobles' al pagar con 'FALABELLA',vacio,2026-07-02
Farmacia,Salud sexual,Condón M Bi-Orgasmo M Force & Multi-O 3 Preservativos,https://www.soriana.com/dw/image/v2/BGBD_PRD/on/demandware.static/-/Sites-soriana-grocery-master-catalog/default/dw40039dce/images/product/0650240006623_A.jpg?sw=473&sh=473&sm=fit,https://www.soriana.com/farmacia/,/condon-m-bi-orgasmo-m-force-multi-o-3-preservativos/1437879.html,$72.90,vacio,vacio,vacio,Puntos 'dobles' al pagar con 'FALABELLA',vacio,2026-07-02
Farmacia,Salud sexual,Lubricante Íntimo Sico Play Cereza 50 Ml,https://www.soriana.com/dw/image/v2/BGBD_PRD/on/demandware.static/-/Sites-soriana-grocery-master-catalog/default/dw1e613330/images/product/7501058793232_A.jpg?sw=473&sh=473&sm=fit,https://www.soriana.com/farmacia/,/lubricante-intimo-sico-play-cereza-50-ml/11421909.html,$163.00,$115.00,vacio,vacio,Puntos 'dobles' al pagar con 'FALABELLA',vacio,2026-07-02
Farmacia,Salud sexual,Condón Prudence Sabor Y Aroma Caribbean 20 Piezas,https://www.soriana.com/dw/image/v2/BGBD_PRD/on/demandware.static/-/Sites-soriana-grocery-master-catalog/default/dw13b5828e/images/product/7502214983597_A.jpg?sw=473&sh=473&sm=fit,https://www.soriana.com/farmacia/,/condon-prudence-sabor-y-aroma-caribbean-20-piezas/9054813.html,$209.00,vacio,vacio,vacio,Puntos 'dobles' al pagar con 'FALABELLA',vacio,2026-07-02
Farmacia,Salud sexual,Evra 6Mg/600Mcg Parches C/3 Pzas,https://www.soriana.com/dw/image/v2/BGBD_PRD/on/demandware.static/-/Sites-soriana-grocery-master-catalog/default/dwcc2de572/images/product/5997001328316_A.jpg?sw=473&sh=473&sm=fit,https://www.soriana.com/farmacia/,/evra-6mg-600mcg-parches-c-3-pzas/8012554.html,$515.00,vacio,vacio,vacio,Puntos 'dobles' al pagar con 'FALABELLA',vacio,2026-07-02
Farmacia,Salud sexual,Condón M Retard Infinito 3 Preservativos,https://www.soriana.com/dw/image/v2/BGBD_PRD/on/demandware.static/-/Sites-soriana-grocery-master-catalog/default/dw1530ee58/images/product/0650240021763_A.jpg?sw=473&sh=473&sm=fit,https://www.soriana.com/farmacia/,/condon-m-retard-infinito-3-preservativos/2384128.html,$72.90,vacio,vacio,vacio,Puntos 'dobles' al pagar con 'FALABELLA',vacio,2026-07-02
Farmacia,Salud sexual,Condones Sico Sensitive 9 piezas,https://www.soriana.com/dw/image/v2/BGBD_PRD/on/demandware.static/-/Sites-soriana-grocery-master-catalog/default/dw2bfe56cd/images/product/7501058368133_A.jpg?sw=473&sh=473&sm=fit,https://www.soriana.com/farmacia/,/condones-sico-sensitive-9-piezas/378336.html,$255.00,$175.00,vacio,vacio,Puntos 'dobles' al pagar con 'FALABELLA',vacio,2026-07-02
Farmacia,Salud sexual,Clearblue Plus Prueba de Embarazo 1 Pieza,https://www.soriana.com/dw/image/v2/BGBD_PRD/on/demandware.static/-/Sites-soriana-grocery-master-catalog/default/dw411ab88d/images/product/7506339397802_A.jpg?sw=473&sh=473&sm=fit,https://www.soriana.com/farmacia/,/clearblue-plus-prueba-de-embarazo-1-pieza/2935623.html,$142.00,vacio,vacio,vacio,Puntos 'dobles' al pagar con 'FALABELLA',vacio,2026-07-02
Farmacia,Salud sexual,Sico Sensitive Preservativos 16 Pz,https://www.soriana.com/dw/image/v2/BGBD_PRD/on/demandware.static/-/Sites-soriana-grocery-master-catalog/default/dwf67d42ef/images/product/7506460101156_A.jpg?sw=473&sh=473&sm=fit,https://www.soriana.com/farmacia/,/sico-sensitive-preservativos-16-pz/11730950.html,$385.00,vacio,vacio,vacio,Puntos 'dobles' al pagar con 'FALABELLA',vacio,2026-07-02
Farmacia,Salud sexual,Condones Sico Play Texturizados 3 piezas,https://www.soriana.com/dw/image/v2/BGBD_PRD/on/demandware.static/-/Sites-soriana-grocery-master-catalog/default/dwef4506f5/images/product/7506460100760_A.jpg?sw=473&sh=473&sm=fit,https://www.soriana.com/farmacia/,/condones-sico-play-texturizados-3-piezas/11668138.html,$71.90,vacio,vacio,vacio,Puntos 'dobles' al pagar con 'FALABELLA',vacio,2026-07-02
Farmacia,Salud sexual,Condones Sico Play Fresa 3 piezas,https://www.soriana.com/dw/image/v2/BGBD_PRD/on/demandware.static/-/Sites-soriana-grocery-master-catalog/default/dwa037ccfd/images/product/7506460100753_A.jpg?sw=473&sh=473&sm=fit,https://www.soriana.com/farmacia/,/condones-sico-play-fresa-3-piezas/11668137.html,$79.90,vacio,vacio,vacio,Puntos 'dobles' al pagar con 'FALABELLA',vacio,2026-07-02
Farmacia,Salud sexual,Lubricante Prudence Natural 75 ml,https://www.soriana.com/dw/image/v2/BGBD_PRD/on/demandware.static/-/Sites-soriana-grocery-master-catalog/default/dw070c41eb/images/product/7502214983726_A.jpg?sw=473&sh=473&sm=fit,https://www.soriana.com/farmacia/,/lubricante-prudence-natural-75-ml/11261036.html,$101.00,vacio,vacio,vacio,Puntos 'dobles' al pagar con 'FALABELLA',vacio,2026-07-02
Farmacia,Salud sexual,Gel Lubricante Sico Softlube Original 56.7gr,https://www.soriana.com/dw/image/v2/BGBD_PRD/on/demandware.static/-/Sites-soriana-grocery-master-catalog/default/dwc85302fd/images/product/7506460101514_A.jpg?sw=473&sh=473&sm=fit,https://www.soriana.com/farmacia/,/gel-lubricante-sico-softlube-original-56.7gr/11875668.html,$129.00,$95.00,vacio,vacio,Puntos 'dobles' al pagar con 'FALABELLA',vacio,2026-07-02
Farmacia,Salud sexual,Lubricante K-Y Íntimo Gel 50 g,https://www.soriana.com/dw/image/v2/BGBD_PRD/on/demandware.static/-/Sites-soriana-grocery-master-catalog/default/dw507180f9/images/product/7891010020927_A.jpg?sw=473&sh=473&sm=fit,https://www.soriana.com/farmacia/,/lubricante-k-y-intimo-gel-50-g/1878647.html,$148.00,vacio,vacio,vacio,Puntos 'dobles' al pagar con 'FALABELLA',vacio,2026-07-02
Farmacia,Salud sexual,Condones Sico Clímax Mutuo 3 piezas,https://www.soriana.com/dw/image/v2/BGBD_PRD/on/demandware.static/-/Sites-soriana-grocery-master-catalog/default/dw1556d4e8/images/product/7501058799685_A.jpg?sw=473&sh=473&sm=fit,https://www.soriana.com/farmacia/,/condones-sico-climax-mutuo-3-piezas/11310999.html,$100.00,vacio,vacio,vacio,Puntos 'dobles' al pagar con 'FALABELLA',vacio,2026-07-02
Farmacia,Salud sexual,Condones Sico Play Mix 5 piezas,https://www.soriana.com/dw/image/v2/BGBD_PRD/on/demandware.static/-/Sites-soriana-grocery-master-catalog/default/dw1a4f1520/images/product/7506460100807_A.jpg?sw=473&sh=473&sm=fit,https://www.soriana.com/farmacia/,/condones-sico-play-mix-5-piezas/11668139.html,$85.99,vacio,vacio,vacio,Puntos 'dobles' al pagar con 'FALABELLA',vacio,2026-07-02
Farmacia,Salud sexual,Sico Anillo Vibrador 1 pieza,https://www.soriana.com/dw/image/v2/BGBD_PRD/on/demandware.static/-/Sites-soriana-grocery-master-catalog/default/dwce068922/images/product/7506460101132.jpg?sw=473&sh=473&sm=fit,https://www.soriana.com/farmacia/,/sico-anillo-vibrador-1-pieza/11690322.html,$295.00,vacio,vacio,vacio,Puntos 'dobles' al pagar con 'FALABELLA',vacio,2026-07-02
Farmacia,Salud sexual,Prudence Extra Time 20+2 Pz,https://www.soriana.com/dw/image/v2/BGBD_PRD/on/demandware.static/-/Sites-soriana-grocery-master-catalog/default/dw2ad5e456/images/product/7502214985751_A.jpg?sw=473&sh=473&sm=fit,https://www.soriana.com/farmacia/,/prudence-extra-time-202-pz/11688339.html,$230.00,vacio,vacio,vacio,Puntos 'dobles' al pagar con 'FALABELLA',vacio,2026-07-02
Farmacia,Salud sexual,Sico Naturals Lubricante 100 ml,https://www.soriana.com/dw/image/v2/BGBD_PRD/on/demandware.static/-/Sites-soriana-grocery-master-catalog/default/dwdd751d27/images/product/7506460100180.jpg?sw=473&sh=473&sm=fit,https://www.soriana.com/farmacia/,/sico-naturals-lubricante-100-ml/11714750.html,$259.00,vacio,vacio,vacio,Puntos 'dobles' al pagar con 'FALABELLA',vacio,2026-07-02
Farmacia,Salud sexual,Condones Sico Play Mix 20 piezas,https://www.soriana.com/dw/image/v2/BGBD_PRD/on/demandware.static/-/Sites-soriana-grocery-master-catalog/default/dwa906e373/images/product/7506460100920_A.jpg?sw=473&sh=473&sm=fit,https://www.soriana.com/farmacia/,/condones-sico-play-mix-20-piezas/11668140.html,$305.00,vacio,vacio,vacio,Puntos 'dobles' al pagar con 'FALABELLA',vacio,2026-07-02
Farmacia,Salud sexual,Condón Prudence Sabor Y Aroma Mix 20 Piezas,https://www.soriana.com/dw/image/v2/BGBD_PRD/on/demandware.static/-/Sites-soriana-grocery-master-catalog/default/dw34b1d20f/images/product/7502214982835_A.jpg?sw=473&sh=473&sm=fit,https://www.soriana.com/farmacia/,/condon-prudence-sabor-y-aroma-mix-20-piezas/1382661.html,$205.00,vacio,vacio,vacio,Puntos 'dobles' al pagar con 'FALABELLA',vacio,2026-07-02
Farmacia,Salud sexual,Lubricante Prudence Sabor Y Aroma Grosella 75 ml,https://www.soriana.com/dw/image/v2/BGBD_PRD/on/demandware.static/-/Sites-soriana-grocery-master-catalog/default/dw2cfeb2cf/images/product/7502214983153_A.jpg?sw=473&sh=473&sm=fit,https://www.soriana.com/farmacia/,/lubricante-prudence-sabor-y-aroma-grosella-75-ml/11471271.html,$103.00,vacio,vacio,vacio,Puntos 'dobles' al pagar con 'FALABELLA',vacio,2026-07-02
Farmacia,Salud sexual,Prudence Clasico Preservativo con 20,https://www.soriana.com/dw/image/v2/BGBD_PRD/on/demandware.static/-/Sites-soriana-grocery-master-catalog/default/dwf2b1381c/images/product/7502214982422_A.jpg?sw=473&sh=473&sm=fit,https://www.soriana.com/farmacia/,/prudence-clasico-preservativo-con-20/2186976.html,$189.00,vacio,vacio,vacio,Puntos 'dobles' al pagar con 'FALABELLA',vacio,2026-07-02
Farmacia,Salud sexual,Condones Sico Safety 9 piezas,https://www.soriana.com/dw/image/v2/BGBD_PRD/on/demandware.static/-/Sites-soriana-grocery-master-catalog/default/dw3b13b8f7/images/product/7501058367136_A.jpg?sw=473&sh=473&sm=fit,https://www.soriana.com/farmacia/,/condones-sico-safety-9-piezas/378333.html,$255.00,vacio,vacio,vacio,Puntos 'dobles' al pagar con 'FALABELLA',vacio,2026-07-02
Farmacia,Salud sexual,Nodrim Clotrimazol 2 % Crema con 20 Gr,https://www.soriana.com/dw/image/v2/BGBD_PRD/on/demandware.static/-/Sites-soriana-grocery-master-catalog/default/dwb7632a12/images/product/7500093754239_A.jpg?sw=473&sh=473&sm=fit,https://www.soriana.com/farmacia/,/nodrim-clotrimazol-2-crema-con-20-gr/11187447.html,$60.00,vacio,vacio,Aplica cupón,Puntos 'dobles' al pagar con 'FALABELLA',vacio,2026-07-02
Farmacia,Salud sexual,Condones Sico Invisible 3 piezas,https://www.soriana.com/dw/image/v2/BGBD_PRD/on/demandware.static/-/Sites-soriana-grocery-master-catalog/default/dwbc884814/images/product/7501685171113_A.jpg?sw=473&sh=473&sm=fit,https://www.soriana.com/farmacia/,/condones-sico-invisible-3-piezas/465749.html,$92.50,vacio,vacio,vacio,Puntos 'dobles' al pagar con 'FALABELLA',vacio,2026-07-02
Farmacia,Salud sexual,Just Ask Prueba Ovulación C/5 Pzas,https://www.soriana.com/dw/image/v2/BGBD_PRD/on/demandware.static/-/Sites-soriana-grocery-master-catalog/default/dw4d20dcb0/images/product/0602723131551_A.jpg?sw=473&sh=473&sm=fit,https://www.soriana.com/farmacia/,/just-ask-prueba-ovulacion-c-5-pzas/1118820.html,$142.00,vacio,vacio,vacio,Puntos 'dobles' al pagar con 'FALABELLA',vacio,2026-07-02
Farmacia,Salud sexual,Condón Prudence Full Sensitive 3 Piezas,https://www.soriana.com/dw/image/v2/BGBD_PRD/on/demandware.static/-/Sites-soriana-grocery-master-catalog/default/dwf9365724/images/product/7502214985348_A.jpg?sw=473&sh=473&sm=fit,https://www.soriana.com/farmacia/,/condon-prudence-full-sensitive-3-piezas/11416283.html,$69.50,vacio,vacio,vacio,Puntos 'dobles' al pagar con 'FALABELLA',vacio,2026-07-02
Farmacia,Salud sexual,Prudence Lubricante Fresa Gel 100ml,https://www.soriana.com/dw/image/v2/BGBD_PRD/on/demandware.static/-/Sites-soriana-grocery-master-catalog/default/dwa7ef8155/images/product/7502214986062_A.jpg?sw=473&sh=473&sm=fit,https://www.soriana.com/farmacia/,/prudence-lubricante-fresa-gel-100ml/11588997.html,$157.00,vacio,vacio,vacio,Puntos 'dobles' al pagar con 'FALABELLA',vacio,2026-07-02
Farmacia,Salud sexual,Sico Play Lubricante Sens Calor 50 Ml,https://www.soriana.com/dw/image/v2/BGBD_PRD/on/demandware.static/-/Sites-soriana-grocery-master-catalog/default/dwd62d97af/images/product/7501058793249_A.jpg?sw=473&sh=473&sm=fit,https://www.soriana.com/farmacia/,/sico-play-lubricante-sens-calor-50-ml/11735592.html,$169.00,vacio,vacio,vacio,Puntos 'dobles' al pagar con 'FALABELLA',vacio,2026-07-02
Farmacia,Salud sexual,Prueba de Embarazo Just Ask Con 1 Pieza,https://www.soriana.com/dw/image/v2/BGBD_PRD/on/demandware.static/-/Sites-soriana-grocery-master-catalog/default/dwe9044e92/images/product/0602723131247_A.jpg?sw=473&sh=473&sm=fit,https://www.soriana.com/farmacia/,/prueba-de-embarazo-just-ask-con-1-pieza/1118818.html,$59.90,vacio,vacio,vacio,Puntos 'dobles' al pagar con 'FALABELLA',vacio,2026-07-02
Farmacia,Salud sexual,Nodrim Levono/Etini 0.15/0.03mg Tab con 21,https://www.soriana.com/dw/image/v2/BGBD_PRD/on/demandware.static/-/Sites-soriana-grocery-master-catalog/default/dw8afa2201/images/product/7500093754376_A.jpg?sw=473&sh=473&sm=fit,https://www.soriana.com/farmacia/,/nodrim-levono-etini-0.15-0.03mg-tab-con-21/11187730.html,$60.90,vacio,vacio,Aplica cupón,Puntos 'dobles' al pagar con 'FALABELLA',vacio,2026-07-02
Farmacia,Salud sexual,Condones Sico Piel con Piel 3 piezas,https://www.soriana.com/dw/image/v2/BGBD_PRD/on/demandware.static/-/Sites-soriana-grocery-master-catalog/default/dw4337b9b3/images/product/7506460100111_A.jpg?sw=473&sh=473&sm=fit,https://www.soriana.com/farmacia/,/condones-sico-piel-con-piel-3-piezas/11479225.html,$126.00,vacio,vacio,vacio,Puntos 'dobles' al pagar con 'FALABELLA',vacio,2026-07-02
Farmacia,Salud sexual,Lubricante Vaginal Benzal en Gel 30 g,https://www.soriana.com/dw/image/v2/BGBD_PRD/on/demandware.static/-/Sites-soriana-grocery-master-catalog/default/dw50c0993e/images/product/7501080160071_A.jpg?sw=473&sh=473&sm=fit,https://www.soriana.com/farmacia/,/lubricante-vaginal-benzal-en-gel-30-g/1239692.html,$122.00,$91.50,25%,vacio,Puntos 'dobles' al pagar con 'FALABELLA',vacio,2026-07-02
Farmacia,Salud sexual,Paquete Condones Tropicana Mix,https://www.soriana.com/dw/image/v2/BGBD_PRD/on/demandware.static/-/Sites-soriana-grocery-master-catalog/default/dw17601b07/images/product/7503014377197_A.jpg?sw=473&sh=473&sm=fit,https://www.soriana.com/farmacia/,/paquete-condones-tropicana-mix/9072534.html,$46.50,vacio,vacio,vacio,Puntos 'dobles' al pagar con 'FALABELLA',vacio,2026-07-02
Farmacia,Salud sexual,Trojan Condones Fire & Ice Caja con 3 piezas,https://www.soriana.com/dw/image/v2/BGBD_PRD/on/demandware.static/-/Sites-soriana-grocery-master-catalog/default/dw30c4e94b/images/product/7501080953017_A.jpg?sw=473&sh=473&sm=fit,https://www.soriana.com/farmacia/,/trojan-condones-fire-ice-caja-con-3-piezas/2212134.html,$80.90,vacio,vacio,vacio,Puntos 'dobles' al pagar con 'FALABELLA',vacio,2026-07-02
Farmacia,Salud sexual,Preservativo Playboy Classic pza,https://www.soriana.com/dw/image/v2/BGBD_PRD/on/demandware.static/-/Sites-soriana-grocery-master-catalog/default/dwa5c6c8ef/images/product/7503014377272_A.jpg?sw=473&sh=473&sm=fit,https://www.soriana.com/farmacia/,/preservativo-playboy-classic-pza/9072491.html,$10.20,vacio,vacio,vacio,Puntos 'dobles' al pagar con 'FALABELLA',vacio,2026-07-02
Farmacia,Salud sexual,One Step Prueba De Embarazo 1 Pza,https://www.soriana.com/dw/image/v2/BGBD_PRD/on/demandware.static/-/Sites-soriana-grocery-master-catalog/default/dwbd06884f/images/product/7502214985003_A.jpg?sw=473&sh=473&sm=fit,https://www.soriana.com/farmacia/,/one-step-prueba-de-embarazo-1-pza/11571351.html,$93.50,vacio,vacio,vacio,Puntos 'dobles' al pagar con 'FALABELLA',vacio,2026-07-02
Farmacia,Salud sexual,Gpp Levonorgestrel 1.50mg Tab 1 Pza,https://www.soriana.com/dw/image/v2/BGBD_PRD/on/demandware.static/-/Sites-soriana-grocery-master-catalog/default/dw1295c989/images/product/7502216806474_A.jpg?sw=473&sh=473&sm=fit,https://www.soriana.com/farmacia/,/gpp-levonorgestrel-1.50mg-tab-1-pza/11503824.html,$50.00,vacio,vacio,vacio,Puntos 'dobles' al pagar con 'FALABELLA',vacio,2026-07-02
Farmacia,Salud sexual,Paquete Passion Mix Maxsens,https://www.soriana.com/dw/image/v2/BGBD_PRD/on/demandware.static/-/Sites-soriana-grocery-master-catalog/default/dw94b15d1f/images/product/7503014377180_A.jpg?sw=473&sh=473&sm=fit,https://www.soriana.com/farmacia/,/paquete-passion-mix-maxsens/9072823.html,$46.50,vacio,vacio,vacio,Puntos 'dobles' al pagar con 'FALABELLA',vacio,2026-07-02
Farmacia,Salud sexual,Nodrim Preservativo Sensible 3 Pzas,https://www.soriana.com/dw/image/v2/BGBD_PRD/on/demandware.static/-/Sites-soriana-grocery-master-catalog/default/dwf55944a8/images/product/7500093749976_A.jpg?sw=473&sh=473&sm=fit,https://www.soriana.com/farmacia/,/nodrim-preservativo-sensible-3-pzas/11221704.html,$35.00,vacio,vacio,Aplica cupón,Puntos 'dobles' al pagar con 'FALABELLA',vacio,2026-07-02
Farmacia,Salud sexual,Nodrim Preservativos Clasico con 3 Pz,https://www.soriana.com/dw/image/v2/BGBD_PRD/on/demandware.static/-/Sites-soriana-grocery-master-catalog/default/dwdc2cdad5/images/product/7500093749983_A.jpg?sw=473&sh=473&sm=fit,https://www.soriana.com/farmacia/,/nodrim-preservativos-clasico-con-3--pz/11185884.html,$35.00,vacio,vacio,Aplica cupón,Puntos 'dobles' al pagar con 'FALABELLA',vacio,2026-07-02
Farmacia,Salud sexual,Playboy Preservativo Paradise 3 Pzas,https://www.soriana.com/dw/image/v2/BGBD_PRD/on/demandware.static/-/Sites-soriana-grocery-master-catalog/default/dw97f71992/images/product/7506357700011_A.jpg?sw=473&sh=473&sm=fit,https://www.soriana.com/farmacia/,/playboy-preservativo-paradise-3-pzas/11191348.html,$66.90,vacio,vacio,vacio,Puntos 'dobles' al pagar con 'FALABELLA',vacio,2026-07-02
Farmacia,Salud sexual,Condones Trojan Piel Desnuda Puntos de Placer Caja con 3 piezas.,https://www.soriana.com/dw/image/v2/BGBD_PRD/on/demandware.static/-/Sites-soriana-grocery-master-catalog/default/dwc3787275/images/product/7501080954779_A.jpg?sw=473&sh=473&sm=fit,https://www.soriana.com/farmacia/,/condones-trojan-piel-desnuda-puntos-de-placer-caja-con-3-piezas./11197422.html,$80.90,vacio,vacio,vacio,Puntos 'dobles' al pagar con 'FALABELLA',vacio,2026-07-02
Farmacia,Salud sexual,Condón Prudence Clásico Lubricado 3 Piezas,https://www.soriana.com/dw/image/v2/BGBD_PRD/on/demandware.static/-/Sites-soriana-grocery-master-catalog/default/dwf3174e93/images/product/7502214980015_A.jpg?sw=473&sh=473&sm=fit,https://www.soriana.com/farmacia/,/condon-prudence-clasico-lubricado-3-piezas/1137392.html,$48.90,vacio,vacio,vacio,Puntos 'dobles' al pagar con 'FALABELLA',vacio,2026-07-02
Farmacia,Salud sexual,Preservativo Prudence Zero 3 Piezas,https://www.soriana.com/dw/image/v2/BGBD_PRD/on/demandware.static/-/Sites-soriana-grocery-master-catalog/default/dw83b64dc9/images/product/7502214986598_A.jpg?sw=473&sh=473&sm=fit,https://www.soriana.com/farmacia/,/preservativo-prudence-zero-3-piezas/11704341.html,$74.50,vacio,vacio,vacio,Puntos 'dobles' al pagar con 'FALABELLA',vacio,2026-07-02
Farmacia,Salud sexual,The Sensual Hierba P/Hombres Tab con 2,https://www.soriana.com/dw/image/v2/BGBD_PRD/on/demandware.static/-/Sites-soriana-grocery-master-catalog/default/dwe3b59c30/images/product/7503002057810_A.jpg?sw=473&sh=473&sm=fit,https://www.soriana.com/farmacia/,/the-sensual-hierba-p-hombres-tab-con-2/2387952.html,$219.00,vacio,vacio,vacio,Puntos 'dobles' al pagar con 'FALABELLA',vacio,2026-07-02
Farmacia,Salud sexual,Preservativo Durex Ultra Sensitive 3 piezas,https://www.soriana.com/dw/image/v2/BGBD_PRD/on/demandware.static/-/Sites-soriana-grocery-master-catalog/default/dw7f80e1e4/images/product/7501159731331_A.jpg?sw=473&sh=473&sm=fit,https://www.soriana.com/farmacia/,/preservativo-durex-ultra-sensitive-3-piezas/568726.html,$77.50,vacio,vacio,vacio,Puntos 'dobles' al pagar con 'FALABELLA',vacio,2026-07-02
Farmacia,Salud sexual,Lubricante Sico SoftLube Original 56.7 g,https://www.soriana.com/dw/image/v2/BGBD_PRD/on/demandware.static/-/Sites-soriana-grocery-master-catalog/default/dw1cf991f3/images/product/7501685170116_A.jpg?sw=473&sh=473&sm=fit,https://www.soriana.com/farmacia/,/lubricante-sico-softlube-original-56.7-g/465748.html,$151.00,vacio,vacio,vacio,Puntos 'dobles' al pagar con 'FALABELLA',vacio,2026-07-02
Farmacia,Salud sexual,PRUDENCE VIBRADOR BESAME MUCHO 1 PZA,https://www.soriana.com/dw/image/v2/BGBD_PRD/on/demandware.static/-/Sites-soriana-grocery-master-catalog/default/dwf613bdbc/images/product/7502214980374_A.jpg?sw=473&sh=473&sm=fit,https://www.soriana.com/farmacia/,/prudence-vibrador-besame-mucho-1-pza/11721504.html,"$1,175.00",vacio,vacio,vacio,Puntos 'dobles' al pagar con 'FALABELLA',vacio,2026-07-02
Farmacia,Salud sexual,Gel intimo Lub Sensy Fresa 60ml,https://www.soriana.com/dw/image/v2/BGBD_PRD/on/demandware.static/-/Sites-soriana-grocery-master-catalog/default/dw2fa42285/images/product/7503014377845_A.jpg?sw=473&sh=473&sm=fit,https://www.soriana.com/farmacia/,/gel-intimo-lub-sensy-fresa-60ml/11668828.html,$69.00,vacio,vacio,vacio,Puntos 'dobles' al pagar con 'FALABELLA',vacio,2026-07-02
Farmacia,Salud sexual,Durex Sico Play Retardante 3 Pack,https://www.soriana.com/dw/image/v2/BGBD_PRD/on/demandware.static/-/Sites-soriana-grocery-master-catalog/default/dwfd51a3ba/images/product/7506460101460_A.jpg?sw=473&sh=473&sm=fit,https://www.soriana.com/farmacia/,/durex-sico-play-retardante-3-pack/11847377.html,$63.50,vacio,vacio,vacio,Puntos 'dobles' al pagar con 'FALABELLA',vacio,2026-07-02
Farmacia,Salud sexual,Play Boy Preservativo Mix&Play 10 Pzas,https://www.soriana.com/dw/image/v2/BGBD_PRD/on/demandware.static/-/Sites-soriana-grocery-master-catalog/default/dw63b192f4/images/product/7503014377104_A.jpg?sw=473&sh=473&sm=fit,https://www.soriana.com/farmacia/,/play-boy-preservativo-mix-play-10-pzas/11223249.html,$133.00,vacio,vacio,vacio,Puntos 'dobles' al pagar con 'FALABELLA',vacio,2026-07-02
Farmacia,Salud sexual,Condones Sico Piel con Piel 9 piezas,https://www.soriana.com/dw/image/v2/BGBD_PRD/on/demandware.static/-/Sites-soriana-grocery-master-catalog/default/dw4831bfcb/images/product/7506460100128_A.jpg?sw=473&sh=473&sm=fit,https://www.soriana.com/farmacia/,/condones-sico-piel-con-piel-9-piezas/11481839.html,$285.00,vacio,vacio,vacio,Puntos 'dobles' al pagar con 'FALABELLA',vacio,2026-07-02
Farmacia,Salud sexual,Condones Trojan Piel Desnuda Sensibilidad Caja 3 piezas.,https://www.soriana.com/dw/image/v2/BGBD_PRD/on/demandware.static/-/Sites-soriana-grocery-master-catalog/default/dw58adb904/images/product/7501080954199_A.jpg?sw=473&sh=473&sm=fit,https://www.soriana.com/farmacia/,/condones-trojan-piel-desnuda-sensibilidad-caja-3-piezas./3108184.html,$80.90,vacio,vacio,vacio,Puntos 'dobles' al pagar con 'FALABELLA',vacio,2026-07-02
Farmacia,Salud sexual,Condones Sico Safety 3 piezas,https://www.soriana.com/dw/image/v2/BGBD_PRD/on/demandware.static/-/Sites-soriana-grocery-master-catalog/default/dw6012d21d/images/product/7501058367129_A.jpg?sw=473&sh=473&sm=fit,https://www.soriana.com/farmacia/,/condones-sico-safety-3-piezas/378332.html,$98.90,$69.00,vacio,vacio,Puntos 'dobles' al pagar con 'FALABELLA',vacio,2026-07-02
Farmacia,Salud sexual,Ginorelle 20 3mg/20mcg Cmpr 28,https://www.soriana.com/dw/image/v2/BGBD_PRD/on/demandware.static/-/Sites-soriana-grocery-master-catalog/default/dw7c2c9e3e/images/product/7502235760153_A.jpg?sw=473&sh=473&sm=fit,https://www.soriana.com/farmacia/,/ginorelle-20-3mg-20mcg-cmpr-28/8002335.html,$446.00,vacio,vacio,vacio,Puntos 'dobles' al pagar con 'FALABELLA',vacio,2026-07-02
Farmacia,Salud sexual,Trust Natural C/3,https://www.soriana.com/dw/image/v2/BGBD_PRD/on/demandware.static/-/Sites-soriana-grocery-master-catalog/default/dw5872ad46/images/product/7502214980053_A.jpg?sw=473&sh=473&sm=fit,https://www.soriana.com/farmacia/,/trust-natural-c-3/11829660.html,$38.50,vacio,vacio,vacio,Puntos 'dobles' al pagar con 'FALABELLA',vacio,2026-07-02
Farmacia,Salud sexual,Playboy Nation Fest Lata Con 10 Piezas,https://www.soriana.com/dw/image/v2/BGBD_PRD/on/demandware.static/-/Sites-soriana-grocery-master-catalog/default/dwc1ea90fc/images/product/7506357700332_A.jpg?sw=473&sh=473&sm=fit,https://www.soriana.com/farmacia/,/playboy-nation-fest-lata-con-10-piezas/11929123.html,$170.00,vacio,vacio,vacio,Puntos 'dobles' al pagar con 'FALABELLA',vacio,2026-07-02
Farmacia,Salud sexual,Trust Retardante C/3,https://www.soriana.com/dw/image/v2/BGBD_PRD/on/demandware.static/-/Sites-soriana-grocery-master-catalog/default/dwc2e0be14/images/product/7502214980084_A.jpg?sw=473&sh=473&sm=fit,https://www.soriana.com/farmacia/,/trust-retardante-c-3/11829662.html,$36.90,vacio,vacio,vacio,Puntos 'dobles' al pagar con 'FALABELLA',vacio,2026-07-02
Farmacia,Salud sexual,Trojan Condones Puntos de Placer 9 piezas,https://www.soriana.com/dw/image/v2/BGBD_PRD/on/demandware.static/-/Sites-soriana-grocery-master-catalog/default/dw76b4a3eb/images/product/7501080955196_A.jpg?sw=473&sh=473&sm=fit,https://www.soriana.com/farmacia/,/trojan-condones-puntos-de-placer-9-piezas/11223409.html,$235.00,vacio,vacio,vacio,Puntos 'dobles' al pagar con 'FALABELLA',vacio,2026-07-02
Farmacia,Salud sexual,Condones Durex Retardante 3 piezas,https://www.soriana.com/dw/image/v2/BGBD_PRD/on/demandware.static/-/Sites-soriana-grocery-master-catalog/default/dw59b58aa0/images/product/7501159033589_A.jpg?sw=473&sh=473&sm=fit,https://www.soriana.com/farmacia/,/condones-durex-retardante-3-piezas/3058239.html,$56.00,vacio,vacio,vacio,Puntos 'dobles' al pagar con 'FALABELLA',vacio,2026-07-02
Farmacia,Salud sexual,Ginorelle 30 3mg/30mcg Cmpr 28,https://www.soriana.com/dw/image/v2/BGBD_PRD/on/demandware.static/-/Sites-soriana-grocery-master-catalog/default/dwa9e23d06/images/product/7502235760160_A.jpg?sw=473&sh=473&sm=fit,https://www.soriana.com/farmacia/,/ginorelle-30-3mg-30mcg-cmpr-28/8002336.html,$445.00,vacio,vacio,vacio,Puntos 'dobles' al pagar con 'FALABELLA',vacio,2026-07-02
Farmacia,Salud sexual,Play Boy Condon Ext Preservativo con 3,https://www.soriana.com/dw/image/v2/BGBD_PRD/on/demandware.static/-/Sites-soriana-grocery-master-catalog/default/dw4ee7d7cb/images/product/0000075034481_A.jpg?sw=473&sh=473&sm=fit,https://www.soriana.com/farmacia/,/play-boy-condon-ext-preservativo-con-3/2125963.html,$73.90,vacio,vacio,vacio,Puntos 'dobles' al pagar con 'FALABELLA',vacio,2026-07-02
Farmacia,Salud sexual,Colpunov 10Mg% Ovulo Vaginal,https://www.soriana.com/dw/image/v2/BGBD_PRD/on/demandware.static/-/Sites-soriana-grocery-master-catalog/default/dwf251a18e/images/product/7501124184315_A.jpg?sw=473&sh=473&sm=fit,https://www.soriana.com/farmacia/,/colpunov-10mg--ovulo-vaginal/8011595.html,$600.00,vacio,vacio,vacio,Puntos 'dobles' al pagar con 'FALABELLA',vacio,2026-07-02
Farmacia,Salud sexual,Thevier 100 Mg Fco 50 Tab,https://www.soriana.com/dw/image/v2/BGBD_PRD/on/demandware.static/-/Sites-soriana-grocery-master-catalog/default/dwed57353f/images/product/7502253072962_A.jpg?sw=473&sh=473&sm=fit,https://www.soriana.com/farmacia/,/thevier-100-mg-fco-50-tab/8012354.html,$435.00,vacio,vacio,vacio,Puntos 'dobles' al pagar con 'FALABELLA',vacio,2026-07-02
Farmacia,Salud sexual,Gel intimo Sensy Lub Menta 60ml,https://www.soriana.com/dw/image/v2/BGBD_PRD/on/demandware.static/-/Sites-soriana-grocery-master-catalog/default/dw394f9965/images/product/7503014377852_A.jpg?sw=473&sh=473&sm=fit,https://www.soriana.com/farmacia/,/gel-intimo-sensy-lub-menta-60ml/11669242.html,$69.00,vacio,vacio,vacio,Puntos 'dobles' al pagar con 'FALABELLA',vacio,2026-07-02
Farmacia,Salud sexual,Condones Sico Invisible 9 piezas,https://www.soriana.com/dw/image/v2/BGBD_PRD/on/demandware.static/-/Sites-soriana-grocery-master-catalog/default/dwe3a3f822/images/product/7501685171120_A.jpg?sw=473&sh=473&sm=fit,https://www.soriana.com/farmacia/,/condones-sico-invisible-9-piezas/465750.html,$335.00,vacio,vacio,vacio,Puntos 'dobles' al pagar con 'FALABELLA',vacio,2026-07-02
Farmacia,Salud sexual,Trojan Piel Desnuda Sensibilidad 9 piezas,https://www.soriana.com/dw/image/v2/BGBD_PRD/on/demandware.static/-/Sites-soriana-grocery-master-catalog/default/dw9251c4e7/images/product/7501080954533_A.jpg?sw=473&sh=473&sm=fit,https://www.soriana.com/farmacia/,/trojan-piel-desnuda-sensibilidad-9-piezas/11165712.html,$209.00,vacio,vacio,vacio,Puntos 'dobles' al pagar con 'FALABELLA',vacio,2026-07-02
Farmacia,Salud sexual,Playboy Playpack Nation Fest C/3pzas,https://www.soriana.com/dw/image/v2/BGBD_PRD/on/demandware.static/-/Sites-soriana-grocery-master-catalog/default/dw902a3fe9/images/product/7503014377074_A.jpg?sw=473&sh=473&sm=fit,https://www.soriana.com/farmacia/,/playboy-playpack-nation-fest-c-3pzas/11263052.html,$59.50,vacio,vacio,vacio,Puntos 'dobles' al pagar con 'FALABELLA',vacio,2026-07-02
Farmacia,Salud sexual,Femelle One 30 mg Cmpr 1,https://www.soriana.com/dw/image/v2/BGBD_PRD/on/demandware.static/-/Sites-soriana-grocery-master-catalog/default/dw5fc7253c/images/product/7502235760146_A.jpg?sw=473&sh=473&sm=fit,https://www.soriana.com/farmacia/,/femelle-one-30-mg-cmpr-1/8002334.html,$287.00,vacio,vacio,vacio,Puntos 'dobles' al pagar con 'FALABELLA',vacio,2026-07-02
Farmacia,Salud sexual,Condón Prudence Sabor Y Aroma Fresa 3 Piezas,https://www.soriana.com/dw/image/v2/BGBD_PRD/on/demandware.static/-/Sites-soriana-grocery-master-catalog/default/dw4ac09fa2/images/product/7502214982477_A.jpg?sw=473&sh=473&sm=fit,https://www.soriana.com/farmacia/,/condon-prudence-sabor-y-aroma-fresa-3-piezas/1137393.html,$66.90,vacio,vacio,vacio,Puntos 'dobles' al pagar con 'FALABELLA',vacio,2026-07-02
Farmacia,Salud sexual,Lubricante Sico piel con piel 50ml,https://www.soriana.com/dw/image/v2/BGBD_PRD/on/demandware.static/-/Sites-soriana-grocery-master-catalog/default/dw78579fed/images/product/7506460101378_A.jpg?sw=473&sh=473&sm=fit,https://www.soriana.com/farmacia/,/lubricante-sico-piel-con-piel-50ml/11886734.html,$168.00,vacio,vacio,vacio,Puntos 'dobles' al pagar con 'FALABELLA',vacio,2026-07-02
Farmacia,Salud sexual,Drossagyn Crema 50G 1 Pza,https://www.soriana.com/dw/image/v2/BGBD_PRD/on/demandware.static/-/Sites-soriana-grocery-master-catalog/default/dwffdfbd40/images/product/729208216104_A.jpg?sw=473&sh=473&sm=fit,https://www.soriana.com/farmacia/,/drossagyn-crema-50g-1-pza/8011670.html,"$1,103.00",vacio,vacio,vacio,Puntos 'dobles' al pagar con 'FALABELLA',vacio,2026-07-02
Farmacia,Salud sexual,Prudence Lubricante Natural Gel 100ml,https://www.soriana.com/dw/image/v2/BGBD_PRD/on/demandware.static/-/Sites-soriana-grocery-master-catalog/default/dw493fb0d0/images/product/7502214986031_A.jpg?sw=473&sh=473&sm=fit,https://www.soriana.com/farmacia/,/prudence-lubricante-natural-gel-100ml/11589007.html,$161.00,vacio,vacio,vacio,Puntos 'dobles' al pagar con 'FALABELLA',vacio,2026-07-02
Farmacia,Salud sexual,Playboy Nation Fest Lata Con 24 Piezas,https://www.soriana.com/dw/image/v2/BGBD_PRD/on/demandware.static/-/Sites-soriana-grocery-master-catalog/default/dw19ed8274/images/product/7506357700325_A.jpg?sw=473&sh=473&sm=fit,https://www.soriana.com/farmacia/,/playboy-nation-fest-lata-con-24-piezas/11929095.html,$260.00,vacio,vacio,vacio,Puntos 'dobles' al pagar con 'FALABELLA',vacio,2026-07-02
Farmacia,Salud sexual,Blenderbottle Classic Coral 28 Onzas,https://www.soriana.com/dw/image/v2/BGBD_PRD/on/demandware.static/-/Sites-soriana-grocery-master-catalog/default/dw17b639b0/images/product/847280029488_A.jpg?sw=473&sh=473&sm=fit,https://www.soriana.com/farmacia/,/blenderbottle-classic--coral-28-onzas/11489023.html,$194.00,vacio,vacio,vacio,Puntos 'dobles' al pagar con 'FALABELLA',vacio,2026-07-02
Farmacia,Salud sexual,Gel Hidratante Intimo Benzal Prohydrate 30 Gr,https://www.soriana.com/dw/image/v2/BGBD_PRD/on/demandware.static/-/Sites-soriana-grocery-master-catalog/default/dw04abc97d/images/product/7501080160231_A.jpg?sw=473&sh=473&sm=fit,https://www.soriana.com/farmacia/,/gel-hidratante-intimo-benzal-prohydrate-30-gr/9107674.html,$129.00,vacio,vacio,vacio,Puntos 'dobles' al pagar con 'FALABELLA',vacio,2026-07-02
Farmacia,Salud sexual,Sico Softlub Pleasure 56.7G,https://www.soriana.com/dw/image/v2/BGBD_PRD/on/demandware.static/-/Sites-soriana-grocery-master-catalog/default/dw46ba4714/images/product/7506460101521_A.jpg?sw=473&sh=473&sm=fit,https://www.soriana.com/farmacia/,/sico-softlub-pleasure-56.7g/11875669.html,$139.00,vacio,vacio,vacio,Puntos 'dobles' al pagar con 'FALABELLA',vacio,2026-07-02
Farmacia,Salud sexual,"Prueba Rápida de Embarazo Gravix, 1 Prueba. Resultados en 1 Minuto",https://www.soriana.com/dw/image/v2/BGBD_PRD/on/demandware.static/-/Sites-soriana-grocery-master-catalog/default/dw2c634a25/images/product/7501080920842_A.jpg?sw=473&sh=473&sm=fit,https://www.soriana.com/farmacia/,/prueba-rapida-de-embarazo-gravix-1-prueba.-resultados-en-1-minuto/386496.html,$69.90,vacio,vacio,vacio,Puntos 'dobles' al pagar con 'FALABELLA',vacio,2026-07-02
Farmacia,Salud sexual,Prudence Vete a la Versh 5 Piezas,https://www.soriana.com/dw/image/v2/BGBD_PRD/on/demandware.static/-/Sites-soriana-grocery-master-catalog/default/dwf9b77d7b/images/product/7502214985805_A.jpg?sw=473&sh=473&sm=fit,https://www.soriana.com/farmacia/,/prudence-vete-a-la-versh-5-piezas/11566919.html,$63.00,vacio,vacio,vacio,Puntos 'dobles' al pagar con 'FALABELLA',vacio,2026-07-02
Farmacia,Salud sexual,Lubricante Sico SoftLube Pleasure Plus 56.7 g,https://www.soriana.com/dw/image/v2/BGBD_PRD/on/demandware.static/-/Sites-soriana-grocery-master-catalog/default/dw4e429d5c/images/product/7501685170178_A.jpg?sw=473&sh=473&sm=fit,https://www.soriana.com/farmacia/,/lubricante-sico-softlube-pleasure-plus-56.7-g/1374391.html,$125.00,vacio,vacio,vacio,Puntos 'dobles' al pagar con 'FALABELLA',vacio,2026-07-02
Farmacia,Salud sexual,Condón Trojan Pro-Tech Seguridad 3 piezas,https://www.soriana.com/dw/image/v2/BGBD_PRD/on/demandware.static/-/Sites-soriana-grocery-master-catalog/default/dw561b2132/images/product/7501080910218_A.jpg?sw=473&sh=473&sm=fit,https://www.soriana.com/farmacia/,/condon-trojan-pro-tech-seguridad-3-piezas/1395811.html,$72.50,vacio,vacio,vacio,Puntos 'dobles' al pagar con 'FALABELLA',vacio,2026-07-02
Farmacia,Salud sexual,Condones Sico Clímax Mutuo 9 piezas,https://www.soriana.com/dw/image/v2/BGBD_PRD/on/demandware.static/-/Sites-soriana-grocery-master-catalog/default/dw847f6d8b/images/product/7501058799678_A.jpg?sw=473&sh=473&sm=fit,https://www.soriana.com/farmacia/,/condones-sico-climax-mutuo-9-piezas/11311156.html,$215.00,vacio,vacio,vacio,Puntos 'dobles' al pagar con 'FALABELLA',vacio,2026-07-02
Farmacia,Salud sexual,Play Boy Condoms Preservativo con 3,https://www.soriana.com/dw/image/v2/BGBD_PRD/on/demandware.static/-/Sites-soriana-grocery-master-catalog/default/dw36b15120/images/product/0000075034450_A.jpg?sw=473&sh=473&sm=fit,https://www.soriana.com/farmacia/,/play-boy-condoms-preservativo-con-3/2125962.html,$49.90,vacio,vacio,vacio,Puntos 'dobles' al pagar con 'FALABELLA',vacio,2026-07-02
Farmacia,Salud sexual,Prudence Lubricante Mango 75 ml,https://www.soriana.com/dw/image/v2/BGBD_PRD/on/demandware.static/-/Sites-soriana-grocery-master-catalog/default/dw8f91daf1/images/product/7502214980367_A.jpg?sw=473&sh=473&sm=fit,https://www.soriana.com/farmacia/,/prudence-lubricante-mango-75-ml/11721500.html,$101.00,vacio,vacio,vacio,Puntos 'dobles' al pagar con 'FALABELLA',vacio,2026-07-02
Farmacia,Salud sexual,Condones Sico Play Chocolate 3pza,https://www.soriana.com/dw/image/v2/BGBD_PRD/on/demandware.static/-/Sites-soriana-grocery-master-catalog/default/dw0b8d0dd5/images/product/7506460100173_A.jpg?sw=473&sh=473&sm=fit,https://www.soriana.com/farmacia/,/condones-sico-play-chocolate-3pza/11744622.html,$53.40,vacio,vacio,vacio,Puntos 'dobles' al pagar con 'FALABELLA',vacio,2026-07-02
Farmacia,Salud sexual,Trojan Piel Desnuda 3pz,https://www.soriana.com/dw/image/v2/BGBD_PRD/on/demandware.static/-/Sites-soriana-grocery-master-catalog/default/dw6fd952d5/images/product/7501080901186.jpg?sw=473&sh=473&sm=fit,https://www.soriana.com/farmacia/,/trojan-piel-desnuda-3pz/11899231.html,$85.00,vacio,vacio,vacio,Puntos 'dobles' al pagar con 'FALABELLA',vacio,2026-07-02
Farmacia,Salud sexual,Play Boy Condon Tex Preservativo con 3,https://www.soriana.com/dw/image/v2/BGBD_PRD/on/demandware.static/-/Sites-soriana-grocery-master-catalog/default/dwf659eae4/images/product/0000075034498_A.jpg?sw=473&sh=473&sm=fit,https://www.soriana.com/farmacia/,/play-boy-condon-tex-preservativo-con-3/2125964.html,$73.90,vacio,vacio,vacio,Puntos 'dobles' al pagar con 'FALABELLA',vacio,2026-07-02
Farmacia,Salud sexual,Condón Prudence Sabor Y Aroma Mix 5 Piezas,https://www.soriana.com/dw/image/v2/BGBD_PRD/on/demandware.static/-/Sites-soriana-grocery-master-catalog/default/dw18c8565b/images/product/7502214982811_A.jpg?sw=473&sh=473&sm=fit,https://www.soriana.com/farmacia/,/condon-prudence-sabor-y-aroma-mix-5-piezas/1302732.html,$63.90,vacio,vacio,vacio,Puntos 'dobles' al pagar con 'FALABELLA',vacio,2026-07-02
Farmacia,Salud sexual,"Humectante Vaginal de Larga Duración Replens, 6 Pzas.",https://www.soriana.com/dw/image/v2/BGBD_PRD/on/demandware.static/-/Sites-soriana-grocery-master-catalog/default/dw606cd885/images/product/7501070600853_A.jpg?sw=473&sh=473&sm=fit,https://www.soriana.com/farmacia/,/humectante-vaginal-de-larga-duracion-replens-6-pzas./1482378.html,$423.92,vacio,vacio,vacio,Puntos 'dobles' al pagar con 'FALABELLA',vacio,2026-07-02
Farmacia,Salud sexual,Condón Prudence Extrapleasure 3 Piezas,https://www.soriana.com/dw/image/v2/BGBD_PRD/on/demandware.static/-/Sites-soriana-grocery-master-catalog/default/dwa67574bb/images/product/7502214985386_A.jpg?sw=473&sh=473&sm=fit,https://www.soriana.com/farmacia/,/condon-prudence-extrapleasure-3-piezas/11473524.html,$69.90,vacio,vacio,vacio,Puntos 'dobles' al pagar con 'FALABELLA',vacio,2026-07-02
Farmacia,Salud sexual,Condones Sico Dame Placer 3 Piezas,https://www.soriana.com/dw/image/v2/BGBD_PRD/on/demandware.static/-/Sites-soriana-grocery-master-catalog/default/dwdb7b9c69/images/product/7501058374110_A.jpg?sw=473&sh=473&sm=fit,https://www.soriana.com/farmacia/,/condones-sico-dame-placer-3-piezas/1840472.html,$42.00,vacio,vacio,vacio,Puntos 'dobles' al pagar con 'FALABELLA',vacio,2026-07-02
Farmacia,Salud sexual,Condones Sico Saboréame 3 Piezas,https://www.soriana.com/dw/image/v2/BGBD_PRD/on/demandware.static/-/Sites-soriana-grocery-master-catalog/default/dw610a8ccb/images/product/7501058799494_A.jpg?sw=473&sh=473&sm=fit,https://www.soriana.com/farmacia/,/condones-sico-saboreame-3-piezas/11184499.html,$57.30,vacio,vacio,vacio,Puntos 'dobles' al pagar con 'FALABELLA',vacio,2026-07-02
Farmacia,Salud sexual,Condón Prudence Sabor Y Aroma Mix 10 Piezas,https://www.soriana.com/dw/image/v2/BGBD_PRD/on/demandware.static/-/Sites-soriana-grocery-master-catalog/default/dwc0057f41/images/product/7502214982828_A.jpg?sw=473&sh=473&sm=fit,https://www.soriana.com/farmacia/,/condon-prudence-sabor-y-aroma-mix-10-piezas/1302730.html,$131.00,vacio,vacio,vacio,Puntos 'dobles' al pagar con 'FALABELLA',vacio,2026-07-02
Farmacia,Salud sexual,Condones Trojan Ecstasy Texturizado Caja con 2 piezas,https://www.soriana.com/dw/image/v2/BGBD_PRD/on/demandware.static/-/Sites-soriana-grocery-master-catalog/default/dw7db9b6e9/images/product/7501080952546_A.jpg?sw=473&sh=473&sm=fit,https://www.soriana.com/farmacia/,/condones-trojan-ecstasy-texturizado-caja-con-2-piezas/2093556.html,$86.50,vacio,vacio,vacio,Puntos 'dobles' al pagar con 'FALABELLA',vacio,2026-07-02
Farmacia,Salud sexual,Anillo Vibrador Prudence Con Condón,https://www.soriana.com/dw/image/v2/BGBD_PRD/on/demandware.static/-/Sites-soriana-grocery-master-catalog/default/dw2073f1ea/images/product/7502214982446_A.jpg?sw=473&sh=473&sm=fit,https://www.soriana.com/farmacia/,/anillo-vibrador-prudence-con-condon/2651748.html,$140.00,vacio,vacio,vacio,Puntos 'dobles' al pagar con 'FALABELLA',vacio,2026-07-02
Farmacia,Salud sexual,The Sensual Tea Jinshenkang Pvo con 10g Sb,https://www.soriana.com/dw/image/v2/BGBD_PRD/on/demandware.static/-/Sites-soriana-grocery-master-catalog/default/dw55eecfdf/images/product/7503002057698_A.jpg?sw=473&sh=473&sm=fit,https://www.soriana.com/farmacia/,/the-sensual-tea-jinshenkang-pvo-con-10g-sb/1176284.html,$143.00,vacio,vacio,vacio,Puntos 'dobles' al pagar con 'FALABELLA',vacio,2026-07-02
Farmacia,Salud sexual,Condones Sico Sensitive 3 piezas,https://www.soriana.com/dw/image/v2/BGBD_PRD/on/demandware.static/-/Sites-soriana-grocery-master-catalog/default/dwc736ea7d/images/product/7501058368126_A.jpg?sw=473&sh=473&sm=fit,https://www.soriana.com/farmacia/,/condones-sico-sensitive-3-piezas/378335.html,$98.90,vacio,vacio,vacio,Puntos 'dobles' al pagar con 'FALABELLA',vacio,2026-07-02
Farmacia,Salud sexual,Condón Prudence Extratime 3 Piezas,https://www.soriana.com/dw/image/v2/BGBD_PRD/on/demandware.static/-/Sites-soriana-grocery-master-catalog/default/dw0c6f21b5/images/product/7502214982439_A.jpg?sw=473&sh=473&sm=fit,https://www.soriana.com/farmacia/,/condon-prudence-extratime-3-piezas/2186988.html,$72.50,vacio,vacio,vacio,Puntos 'dobles' al pagar con 'FALABELLA',vacio,2026-07-02
Farmacia,Salud sexual,"Prueba Rápida de Embarazo First Response, Caja con 1 Prueba.",https://www.soriana.com/dw/image/v2/BGBD_PRD/on/demandware.static/-/Sites-soriana-grocery-master-catalog/default/dw086a30d2/images/product/7501080954458_A.jpg?sw=473&sh=473&sm=fit,https://www.soriana.com/farmacia/,/prueba-rapida-de-embarazo-first-response-caja-con-1-prueba./1398118.html,$241.00,vacio,vacio,vacio,Puntos 'dobles' al pagar con 'FALABELLA',vacio,2026-07-02
Farmacia,Salud sexual,Prueba De Emabarazo Nodrim 1Pza,https://www.soriana.com/dw/image/v2/BGBD_PRD/on/demandware.static/-/Sites-soriana-grocery-master-catalog/default/dwb5a03b4d/images/product/7500525947062_A.jpg?sw=473&sh=473&sm=fit,https://www.soriana.com/farmacia/,/prueba-de-emabarazo-nodrim-1pza/11875938.html,$65.00,vacio,vacio,vacio,Puntos 'dobles' al pagar con 'FALABELLA',vacio,2026-07-02
Farmacia,Salud sexual,Condones Sico Play Cherry 3pza,https://www.soriana.com/dw/image/v2/BGBD_PRD/on/demandware.static/-/Sites-soriana-grocery-master-catalog/default/dw69ad62fc/images/product/7506460101217_A.jpg?sw=473&sh=473&sm=fit,https://www.soriana.com/farmacia/,/condones-sico-play-cherry-3pza/11863476.html,$75.50,vacio,vacio,vacio,Puntos 'dobles' al pagar con 'FALABELLA',vacio,2026-07-02
Farmacia,Salud sexual,Trojan Puntos de Placer 3pz,https://www.soriana.com/dw/image/v2/BGBD_PRD/on/demandware.static/-/Sites-soriana-grocery-master-catalog/default/dw2de2d4bf/images/product/7501080901193_1.jpg?sw=473&sh=473&sm=fit,https://www.soriana.com/farmacia/,/trojan-puntos-de-placer-3pz/11899249.html,$85.00,vacio,vacio,vacio,Puntos 'dobles' al pagar con 'FALABELLA',vacio,2026-07-02
Farmacia,Salud sexual,Condón Prudence Sabor Y Aroma Caribbean 5 Piezas,https://www.soriana.com/dw/image/v2/BGBD_PRD/on/demandware.static/-/Sites-soriana-grocery-master-catalog/default/dw3b87c60c/images/product/7502214983573_A.jpg?sw=473&sh=473&sm=fit,https://www.soriana.com/farmacia/,/condon-prudence-sabor-y-aroma-caribbean-5-piezas/11261035.html,$68.50,vacio,vacio,vacio,Puntos 'dobles' al pagar con 'FALABELLA',vacio,2026-07-02
Farmacia,Salud sexual,Lubricante Vaginal Benzal Sensacion Suave y Calida en Gel 30 g,https://www.soriana.com/dw/image/v2/BGBD_PRD/on/demandware.static/-/Sites-soriana-grocery-master-catalog/default/dwa87282c9/images/product/7501080160170_A.jpg?sw=473&sh=473&sm=fit,https://www.soriana.com/farmacia/,/lubricante-vaginal-benzal-sensacion-suave-y-calida-en-gel-30-g/1482964.html,$122.00,$91.50,25%,vacio,Puntos 'dobles' al pagar con 'FALABELLA',vacio,2026-07-02
Farmacia,Salud sexual,Clearblue Prueba de Embarazo 1 Pieza,https://www.soriana.com/dw/image/v2/BGBD_PRD/on/demandware.static/-/Sites-soriana-grocery-master-catalog/default/dw6dae26f0/images/product/7506295337454_A.jpg?sw=473&sh=473&sm=fit,https://www.soriana.com/farmacia/,/clearblue-prueba-de-embarazo-1-pieza/2427084.html,$299.00,vacio,vacio,vacio,Puntos 'dobles' al pagar con 'FALABELLA',vacio,2026-07-02
Farmacia,Salud sexual,Prudence Lubricante Menta Gel 100ml,https://www.soriana.com/dw/image/v2/BGBD_PRD/on/demandware.static/-/Sites-soriana-grocery-master-catalog/default/dwff24f97c/images/product/7502214986055_A.jpg?sw=473&sh=473&sm=fit,https://www.soriana.com/farmacia/,/prudence-lubricante-menta-gel-100ml/11587802.html,$145.00,vacio,vacio,vacio,Puntos 'dobles' al pagar con 'FALABELLA',vacio,2026-07-02
Farmacia,Salud sexual,Condones PlayBoy Max Sens Uva,https://www.soriana.com/dw/image/v2/BGBD_PRD/on/demandware.static/-/Sites-soriana-grocery-master-catalog/default/dweb904160/images/product/7503014377883_A.jpg?sw=473&sh=473&sm=fit,https://www.soriana.com/farmacia/,/condones-playboy-max-sens-uva/11796168.html,$41.90,vacio,vacio,vacio,Puntos 'dobles' al pagar con 'FALABELLA',vacio,2026-07-02
Farmacia,Salud sexual,Colpunov Tubo 30G% Ungüento Vaginal,https://www.soriana.com/dw/image/v2/BGBD_PRD/on/demandware.static/-/Sites-soriana-grocery-master-catalog/default/dw7a6ad18f/images/product/7501124184322_A.jpg?sw=473&sh=473&sm=fit,https://www.soriana.com/farmacia/,/colpunov-tubo-30g--unguento-vaginal/8011596.html,$829.00,vacio,vacio,vacio,Puntos 'dobles' al pagar con 'FALABELLA',vacio,2026-07-02
Farmacia,Salud sexual,Nodrim Preservativo Texturizado 3 Pzas,https://www.soriana.com/dw/image/v2/BGBD_PRD/on/demandware.static/-/Sites-soriana-grocery-master-catalog/default/dw07bdc47f/images/product/7500093804644_A.jpg?sw=473&sh=473&sm=fit,https://www.soriana.com/farmacia/,/nodrim-preservativo-texturizado-3-pzas/11221703.html,$35.00,vacio,vacio,Aplica cupón,Puntos 'dobles' al pagar con 'FALABELLA',vacio,2026-07-02
Farmacia,Salud sexual,Nodrim Lubricante Vaginal Gel con 113 Gr,https://www.soriana.com/dw/image/v2/BGBD_PRD/on/demandware.static/-/Sites-soriana-grocery-master-catalog/default/dwa60a2378/images/product/7500093754154_A.jpg?sw=473&sh=473&sm=fit,https://www.soriana.com/farmacia/,/nodrim-lubricante-vaginal-gel-con-113-gr/11187510.html,$95.00,vacio,vacio,Aplica cupón,Puntos 'dobles' al pagar con 'FALABELLA',vacio,2026-07-02
Farmacia,Dermatológicos,Shampoo Medicasp 2 Pack 130 ml,https://www.soriana.com/dw/image/v2/BGBD_PRD/on/demandware.static/-/Sites-soriana-grocery-master-catalog/default/dwcb0746dc/images/product/0650240039706_A.jpg?sw=473&sh=473&sm=fit,https://www.soriana.com/farmacia/,/shampoo-medicasp-2-pack-130-ml/11473500.html,$214.50,vacio,vacio,vacio,Puntos 'dobles' al pagar con 'FALABELLA',vacio,2026-07-02
Farmacia,Dermatológicos,Crema corporal Goicoechea Diabet TX 400 ml,https://www.soriana.com/dw/image/v2/BGBD_PRD/on/demandware.static/-/Sites-soriana-grocery-master-catalog/default/dw11340322/images/product/0650240030536_A.jpg?sw=473&sh=473&sm=fit,https://www.soriana.com/farmacia/,/crema-corporal-goicoechea-diabet-tx-400-ml/2561228.html,$157.00,vacio,vacio,vacio,Puntos 'dobles' al pagar con 'FALABELLA',vacio,2026-07-02
Farmacia,Dermatológicos,Shampoo Medicasp 130 Ml Botella,https://www.soriana.com/dw/image/v2/BGBD_PRD/on/demandware.static/-/Sites-soriana-grocery-master-catalog/default/dw408de43e/images/product/0650240007019_A.jpg?sw=473&sh=473&sm=fit,https://www.soriana.com/farmacia/,/shampoo-medicasp-130-ml-botella/1545903.html,$163.00,vacio,vacio,vacio,Puntos 'dobles' al pagar con 'FALABELLA',vacio,2026-07-02
Farmacia,Dermatológicos,Garnier Super UV Protector Solar Facial Toque Seco Con Color Tono Medio 40ml,https://www.soriana.com/dw/image/v2/BGBD_PRD/on/demandware.static/-/Sites-soriana-grocery-master-catalog/default/dwc84fa5db/images/product/7509552949469_A.jpg?sw=473&sh=473&sm=fit,https://www.soriana.com/farmacia/,/garnier-super-uv-protector-solar-facial-toque-seco-con-color-tono-medio--40ml/11836081.html,$245.00,vacio,vacio,vacio,Puntos 'dobles' al pagar con 'FALABELLA',vacio,2026-07-02
Farmacia,Dermatológicos,Cicatricure Gold Lift Crema de Día Antiarrugas 50 g,https://www.soriana.com/dw/image/v2/BGBD_PRD/on/demandware.static/-/Sites-soriana-grocery-master-catalog/default/dw173869a1/images/product/7798140259381_A.jpg?sw=473&sh=473&sm=fit,https://www.soriana.com/farmacia/,/cicatricure-gold-lift-crema-de-dia-antiarrugas-50-g/11503489.html,$375.00,vacio,vacio,vacio,Puntos 'dobles' al pagar con 'FALABELLA',vacio,2026-07-02
Farmacia,Dermatológicos,Garnier Super UV Protector Solar Facial Fluido Anti Oleosidad 40ml,https://www.soriana.com/dw/image/v2/BGBD_PRD/on/demandware.static/-/Sites-soriana-grocery-master-catalog/default/dw795ea5dd/images/product/7509552934526_A.jpg?sw=473&sh=473&sm=fit,https://www.soriana.com/farmacia/,/garnier-super-uv-protector-solar-facial-fluido-anti-oleosidad-40ml/11836078.html,$309.00,vacio,vacio,vacio,Puntos 'dobles' al pagar con 'FALABELLA',vacio,2026-07-02
Farmacia,Dermatológicos,Garnier Super UV Protector Solar Facial Toque Seco con Vitamina C 40ml,https://www.soriana.com/dw/image/v2/BGBD_PRD/on/demandware.static/-/Sites-soriana-grocery-master-catalog/default/dw10e61aab/images/product/7509552949773_A.jpg?sw=473&sh=473&sm=fit,https://www.soriana.com/farmacia/,/garnier-super-uv-protector-solar-facial-toque-seco-con-vitamina-c-40ml/11836079.html,$269.00,vacio,vacio,vacio,Puntos 'dobles' al pagar con 'FALABELLA',vacio,2026-07-02
Farmacia,Dermatológicos,Crema facial Nivea Luminous 30 ml,https://www.soriana.com/dw/image/v2/BGBD_PRD/on/demandware.static/-/Sites-soriana-grocery-master-catalog/default/dwde722099/images/product/4006000017402_A.jpg?sw=473&sh=473&sm=fit,https://www.soriana.com/farmacia/,/crema-facial-nivea-luminous-30-ml/11721779.html,$389.00,vacio,2° al 50% de descuento,vacio,Puntos 'dobles' al pagar con 'FALABELLA',vacio,2026-07-02
Farmacia,Dermatológicos,Cicatricure Crema Rosita Antiarrugas 60 g,https://www.soriana.com/dw/image/v2/BGBD_PRD/on/demandware.static/-/Sites-soriana-grocery-master-catalog/default/dwa8a35c79/images/product/0650240027857_A.jpg?sw=473&sh=473&sm=fit,https://www.soriana.com/farmacia/,/cicatricure-crema-rosita-antiarrugas-60-g/2561160.html,$355.00,vacio,vacio,vacio,Puntos 'dobles' al pagar con 'FALABELLA',vacio,2026-07-02
Farmacia,Dermatológicos,Cicatricure Neuro-Zen Crema Antiarrugas con Melatonina 50 G,https://www.soriana.com/dw/image/v2/BGBD_PRD/on/demandware.static/-/Sites-soriana-grocery-master-catalog/default/dw5ae6754c/images/product/650240072215_A.jpg?sw=473&sh=473&sm=fit,https://www.soriana.com/farmacia/,/cicatricure-neuro-zen-crema-antiarrugas-con-melatonina-50-g/11852334.html,$359.00,vacio,vacio,vacio,Puntos 'dobles' al pagar con 'FALABELLA',vacio,2026-07-02
Farmacia,Dermatológicos,Cicatricure Aceite Biorestaurador Cara y Cuerpo 60 ml,https://www.soriana.com/dw/image/v2/BGBD_PRD/on/demandware.static/-/Sites-soriana-grocery-master-catalog/default/dwdc18fbf0/images/product/0650240022517_A.jpg?sw=473&sh=473&sm=fit,https://www.soriana.com/farmacia/,/cicatricure-aceite-biorestaurador-cara-y-cuerpo-60-ml/2561159.html,$206.00,vacio,vacio,vacio,Puntos 'dobles' al pagar con 'FALABELLA',vacio,2026-07-02
Farmacia,Dermatológicos,Cicatricure Maquillaje Líquido Antiarrugas Biefecto Tono Natural 30 ml,https://www.soriana.com/dw/image/v2/BGBD_PRD/on/demandware.static/-/Sites-soriana-grocery-master-catalog/default/dw2ca86fab/images/product/0650240014451_A.jpg?sw=473&sh=473&sm=fit,https://www.soriana.com/farmacia/,/cicatricure-maquillaje-liquido-antiarrugas-biefecto-tono-natural-30-ml/2100482.html,$315.00,vacio,vacio,vacio,Puntos 'dobles' al pagar con 'FALABELLA',vacio,2026-07-02
Farmacia,Dermatológicos,Cicatricure Porcelana Sérum Peeling Facial Antimanchas 30 ml,https://www.soriana.com/dw/image/v2/BGBD_PRD/on/demandware.static/-/Sites-soriana-grocery-master-catalog/default/dw5517f02d/images/product/650240057434_A.jpg?sw=473&sh=473&sm=fit,https://www.soriana.com/farmacia/,/cicatricure-porcelana-serum-peeling-facial-antimanchas-30-ml/11697176.html,$339.00,vacio,vacio,vacio,Puntos 'dobles' al pagar con 'FALABELLA',vacio,2026-07-02
Farmacia,Dermatológicos,Cicatricure Blur & Filler Contorno de ojos Antiedad 15 g,https://www.soriana.com/dw/image/v2/BGBD_PRD/on/demandware.static/-/Sites-soriana-grocery-master-catalog/default/dwca0052d8/images/product/7798140258230_A.jpg?sw=473&sh=473&sm=fit,https://www.soriana.com/farmacia/,/cicatricure-blur-filler-contorno-de-ojos-antiedad-15-g/11386278.html,$295.00,vacio,vacio,vacio,Puntos 'dobles' al pagar con 'FALABELLA',vacio,2026-07-02
Farmacia,Dermatológicos,Cicatricure Porcelana Crema Gel Facial Antimanchas 50 g,https://www.soriana.com/dw/image/v2/BGBD_PRD/on/demandware.static/-/Sites-soriana-grocery-master-catalog/default/dwe0e21668/images/product/650240057427_A.jpg?sw=473&sh=473&sm=fit,https://www.soriana.com/farmacia/,/cicatricure-porcelana-crema-gel-facial-antimanchas-50-g/11697175.html,$335.00,vacio,vacio,vacio,Puntos 'dobles' al pagar con 'FALABELLA',vacio,2026-07-02
Farmacia,Dermatológicos,Crema corporal Dr. Bell's Pomada de la Campana Suavizante 75 g,https://www.soriana.com/dw/image/v2/BGBD_PRD/on/demandware.static/-/Sites-soriana-grocery-master-catalog/default/dw2258f6c7/images/product/7501065628169_A.jpg?sw=473&sh=473&sm=fit,https://www.soriana.com/farmacia/,/crema-corporal-dr.-bells-pomada-de-la-campana-suavizante-75-g/1377906.html,$54.90,vacio,vacio,vacio,Puntos 'dobles' al pagar con 'FALABELLA',vacio,2026-07-02
Farmacia,Dermatológicos,Cicatricure Gel Cicatrices Y Estrías Tubo con 60 g,https://www.soriana.com/dw/image/v2/BGBD_PRD/on/demandware.static/-/Sites-soriana-grocery-master-catalog/default/dwf1d55797/images/product/0650240001864_A.jpg?sw=473&sh=473&sm=fit,https://www.soriana.com/farmacia/,/cicatricure-gel-cicatrices-y-estrias-tubo-con-60-g/1135785.html,$345.00,vacio,vacio,vacio,Puntos 'dobles' al pagar con 'FALABELLA',vacio,2026-07-02
Farmacia,Dermatológicos,Bloqueador Solar Neutrogena Sun Fresh FPS 50+ 200 ml,https://www.soriana.com/dw/image/v2/BGBD_PRD/on/demandware.static/-/Sites-soriana-grocery-master-catalog/default/dwb9f3e854/images/product/7891010591038_A.jpg?sw=473&sh=473&sm=fit,https://www.soriana.com/farmacia/,/bloqueador-solar-neutrogena-sun-fresh-fps-50-200-ml/11612963.html,$408.50,vacio,vacio,vacio,Puntos 'dobles' al pagar con 'FALABELLA',vacio,2026-07-02
Farmacia,Dermatológicos,Cicatricure Gold Lift Crema de Noche Antiarrugas 50 g,https://www.soriana.com/dw/image/v2/BGBD_PRD/on/demandware.static/-/Sites-soriana-grocery-master-catalog/default/dw0f7720ee/images/product/7798140259398_A.jpg?sw=473&sh=473&sm=fit,https://www.soriana.com/farmacia/,/cicatricure-gold-lift-crema-de-noche-antiarrugas-50-g/11503403.html,$379.00,vacio,vacio,vacio,Puntos 'dobles' al pagar con 'FALABELLA',vacio,2026-07-02
Farmacia,Dermatológicos,Asepxia Jabón Farma Azufre Antisebo 100 g,https://www.soriana.com/dw/image/v2/BGBD_PRD/on/demandware.static/-/Sites-soriana-grocery-master-catalog/default/dw15b4d706/images/product/0650240029479_A.jpg?sw=473&sh=473&sm=fit,https://www.soriana.com/farmacia/,/asepxia-jabon-farma-azufre-antisebo-100-g/2747944.html,$48.90,vacio,vacio,vacio,Puntos 'dobles' al pagar con 'FALABELLA',vacio,2026-07-02
Farmacia,Dermatológicos,Crema corporal Dr. Bell's Pomada de la Campana con Tepezcohuite 75 g,https://www.soriana.com/dw/image/v2/BGBD_PRD/on/demandware.static/-/Sites-soriana-grocery-master-catalog/default/dw8c7cb36c/images/product/0650240019920_A.jpg?sw=473&sh=473&sm=fit,https://www.soriana.com/farmacia/,/crema-corporal-dr.-bells-pomada-de-la-campana-con-tepezcohuite-75-g/2203745.html,$56.50,vacio,vacio,vacio,Puntos 'dobles' al pagar con 'FALABELLA',vacio,2026-07-02
Farmacia,Dermatológicos,Jabón en Barra Facial Asepxia Bicarbonato Limpieza Intensiva 100 Gr Barra,https://www.soriana.com/dw/image/v2/BGBD_PRD/on/demandware.static/-/Sites-soriana-grocery-master-catalog/default/dw1a6a7921/images/product/0650240036965_A.jpg?sw=473&sh=473&sm=fit,https://www.soriana.com/farmacia/,/jabon-en-barra-facial-asepxia-bicarbonato-limpieza-intensiva-100-gr-barra/11410898.html,$50.50,vacio,vacio,vacio,Puntos 'dobles' al pagar con 'FALABELLA',vacio,2026-07-02
Farmacia,Dermatológicos,Nodrim Almohadillas Fac Redo 100 Pz,https://www.soriana.com/dw/image/v2/BGBD_PRD/on/demandware.static/-/Sites-soriana-grocery-master-catalog/default/dw5ccd04c7/images/product/7500093752518_A.jpg?sw=473&sh=473&sm=fit,https://www.soriana.com/farmacia/,/nodrim-almohadillas-fac-redo-100-pz/11186314.html,$27.50,vacio,3 x 2,vacio,Puntos 'dobles' al pagar con 'FALABELLA',vacio,2026-07-02
Farmacia,Dermatológicos,La Roche Posay Pack Anthelios Antimanchas + 2 regalos: Mini Mela B3 Serum y Agua Termal,https://www.soriana.com/dw/image/v2/BGBD_PRD/on/demandware.static/-/Sites-soriana-grocery-master-catalog/default/dwc41426ee/images/product/7509552526301_A.jpg?sw=473&sh=473&sm=fit,https://www.soriana.com/farmacia/,/la-roche-posay-pack-anthelios-antimanchas-2-regalos-mini-mela-b3-serum-y-agua-termal/11926395.html,$524.30,vacio,vacio,vacio,Puntos 'dobles' al pagar con 'FALABELLA',vacio,2026-07-02
Farmacia,Dermatológicos,Gpp Barmicil Compuesto Crema 40g,https://www.soriana.com/dw/image/v2/BGBD_PRD/on/demandware.static/-/Sites-soriana-grocery-master-catalog/default/dw4e0975f1/images/product/7502001166066_A.jpg?sw=473&sh=473&sm=fit,https://www.soriana.com/farmacia/,/gpp-barmicil-compuesto-crema-40g/9076680.html,$37.90,$28.90,vacio,vacio,Puntos 'dobles' al pagar con 'FALABELLA',vacio,2026-07-02
Farmacia,Dermatológicos,Garnier Super UV Protector Solar Facial Toque Seco Con Color Tono Claro 40ml,https://www.soriana.com/dw/image/v2/BGBD_PRD/on/demandware.static/-/Sites-soriana-grocery-master-catalog/default/dw4f9e4b76/images/product/7509552949445_A.jpg?sw=473&sh=473&sm=fit,https://www.soriana.com/farmacia/,/garnier-super-uv-protector-solar-facial-toque-seco-con-color-tono-claro-40ml/11836080.html,$239.00,vacio,vacio,vacio,Puntos 'dobles' al pagar con 'FALABELLA',vacio,2026-07-02
Farmacia,Dermatológicos,Jabón Facial Asepxia Carbón Detox Purificante 100 g,https://www.soriana.com/dw/image/v2/BGBD_PRD/on/demandware.static/-/Sites-soriana-grocery-master-catalog/default/dwb7d53b6e/images/product/0650240035401_A.jpg?sw=473&sh=473&sm=fit,https://www.soriana.com/farmacia/,/jabon-facial-asepxia-carbon-detox-purificante-100-g/11344567.html,$50.50,vacio,vacio,vacio,Puntos 'dobles' al pagar con 'FALABELLA',vacio,2026-07-02
Farmacia,Dermatológicos,Cicatricure Protector Solar Crema Cara Y Cuerpo 125 g,https://www.soriana.com/dw/image/v2/BGBD_PRD/on/demandware.static/-/Sites-soriana-grocery-master-catalog/default/dwb179e7a0/images/product/0650240028748_A.jpg?sw=473&sh=473&sm=fit,https://www.soriana.com/farmacia/,/cicatricure-protector-solar-crema-cara-y-cuerpo-125-g/2751378.html,$365.00,vacio,vacio,vacio,Puntos 'dobles' al pagar con 'FALABELLA',vacio,2026-07-02
Farmacia,Dermatológicos,Cicatricure Gel Cicatrices Y Estrías Tubo con 30 g,https://www.soriana.com/dw/image/v2/BGBD_PRD/on/demandware.static/-/Sites-soriana-grocery-master-catalog/default/dwade2b2f9/images/product/0650240003974_A.jpg?sw=473&sh=473&sm=fit,https://www.soriana.com/farmacia/,/cicatricure-gel-cicatrices-y-estrias-tubo-con-30-g/1239843.html,$299.00,vacio,vacio,vacio,Puntos 'dobles' al pagar con 'FALABELLA',vacio,2026-07-02
Farmacia,Dermatológicos,Nodrim Almohadilla Fac Duo Tex 100Pz,https://www.soriana.com/dw/image/v2/BGBD_PRD/on/demandware.static/-/Sites-soriana-grocery-master-catalog/default/dwe924b39c/images/product/7500093752600_A.jpg?sw=473&sh=473&sm=fit,https://www.soriana.com/farmacia/,/nodrim-almohadilla-fac-duo-tex-100pz/11186318.html,$35.70,vacio,3 x 2,vacio,Puntos 'dobles' al pagar con 'FALABELLA',vacio,2026-07-02
Farmacia,Dermatológicos,Pomada Bepanthen Dexpanthenol 5% 30 g,https://www.soriana.com/dw/image/v2/BGBD_PRD/on/demandware.static/-/Sites-soriana-grocery-master-catalog/default/dw6ef9ba40/images/product/7501008498798_A.jpg?sw=473&sh=473&sm=fit,https://www.soriana.com/farmacia/,/pomada-bepanthen-dexpanthenol-5--30-g/9106749.html,$90.50,vacio,vacio,vacio,Puntos 'dobles' al pagar con 'FALABELLA',vacio,2026-07-02
Farmacia,Dermatológicos,Shampoo Tiniazol Gpp Ketoconazol 120 ml,https://www.soriana.com/dw/image/v2/BGBD_PRD/on/demandware.static/-/Sites-soriana-grocery-master-catalog/default/dw5ceff58c/images/product/7501836000927_A.jpg?sw=473&sh=473&sm=fit,https://www.soriana.com/farmacia/,/shampoo-tiniazol-gpp-ketoconazol-120-ml/11651501.html,$85.00,vacio,vacio,vacio,Puntos 'dobles' al pagar con 'FALABELLA',vacio,2026-07-02
Farmacia,Dermatológicos,CICATRICURE SERUM NEUROZEN 30 ML,https://www.soriana.com/dw/image/v2/BGBD_PRD/on/demandware.static/-/Sites-soriana-grocery-master-catalog/default/dw514ffded/images/product/650240077111_A (1).jpg?sw=473&sh=473&sm=fit,https://www.soriana.com/farmacia/,/cicatricure-serum-neurozen-30-ml/11899055.html,$349.00,vacio,vacio,vacio,Puntos 'dobles' al pagar con 'FALABELLA',vacio,2026-07-02
Farmacia,Dermatológicos,Cicatricure Maquillaje Calcium Therapy 30 ml,https://www.soriana.com/dw/image/v2/BGBD_PRD/on/demandware.static/-/Sites-soriana-grocery-master-catalog/default/dw4592fbb6/images/product/0650240036057_A.jpg?sw=473&sh=473&sm=fit,https://www.soriana.com/farmacia/,/cicatricure-maquillaje-calcium-therapy-30-ml/9108490.html,$315.00,vacio,vacio,vacio,Puntos 'dobles' al pagar con 'FALABELLA',vacio,2026-07-02
Farmacia,Dermatológicos,Jabón Facial Asepxia Exfoliante Extremo 100 g,https://www.soriana.com/dw/image/v2/BGBD_PRD/on/demandware.static/-/Sites-soriana-grocery-master-catalog/default/dw0dfbe161/images/product/0650240020568_A.jpg?sw=473&sh=473&sm=fit,https://www.soriana.com/farmacia/,/jabon-facial-asepxia-exfoliante-extremo-100-g/2300846.html,$48.90,vacio,vacio,vacio,Puntos 'dobles' al pagar con 'FALABELLA',vacio,2026-07-02
Farmacia,Dermatológicos,Pomada Pasta Lassar 110gr,https://www.soriana.com/dw/image/v2/BGBD_PRD/on/demandware.static/-/Sites-soriana-grocery-master-catalog/default/dw4179e9e1/images/product/7501289511469_A.jpg?sw=473&sh=473&sm=fit,https://www.soriana.com/farmacia/,/pomada-pasta-lassar-110gr/1138352.html,$107.00,vacio,vacio,vacio,Puntos 'dobles' al pagar con 'FALABELLA',vacio,2026-07-02
Farmacia,Dermatológicos,La Roche Posay Pack Anthelios UVMune 400 Fluido Oil Control + 2 regalos: Effaclar Duo+ Serum y Agua Micelar,https://www.soriana.com/dw/image/v2/BGBD_PRD/on/demandware.static/-/Sites-soriana-grocery-master-catalog/default/dwa867c5e4/images/product/7509552526295_A.jpg?sw=473&sh=473&sm=fit,https://www.soriana.com/farmacia/,/la-roche-posay-pack-anthelios-uvmune-400-fluido-oil-control-2-regalos-effaclar-duo-serum-y-agua-micelar/11926376.html,$524.30,vacio,vacio,vacio,Puntos 'dobles' al pagar con 'FALABELLA',vacio,2026-07-02
Farmacia,Dermatológicos,Asepxia Jabon Esponja 80G,https://www.soriana.com/dw/image/v2/BGBD_PRD/on/demandware.static/-/Sites-soriana-grocery-master-catalog/default/dwd7dbfab6/images/product/650240070037_A.jpg?sw=473&sh=473&sm=fit,https://www.soriana.com/farmacia/,/asepxia-jabon-esponja-80g/11802525.html,$51.50,vacio,vacio,vacio,Puntos 'dobles' al pagar con 'FALABELLA',vacio,2026-07-02
Farmacia,Dermatológicos,Teatrical Crema Corporal Ultra Humectante 280 ml,https://www.soriana.com/dw/image/v2/BGBD_PRD/on/demandware.static/-/Sites-soriana-grocery-master-catalog/default/dwa7377829/images/product/650240032974_A.jpg?sw=473&sh=473&sm=fit,https://www.soriana.com/farmacia/,/teatrical-crema-corporal-ultra-humectante-280-ml/11258328.html,$40.00,vacio,vacio,vacio,Puntos 'dobles' al pagar con 'FALABELLA',vacio,2026-07-02
Farmacia,Dermatológicos,Limpiador facial CeraVe Foaming Cleanser 236 ml,https://www.soriana.com/dw/image/v2/BGBD_PRD/on/demandware.static/-/Sites-soriana-grocery-master-catalog/default/dw19124b14/images/product/3337875597197_A.jpg?sw=473&sh=473&sm=fit,https://www.soriana.com/farmacia/,/limpiador-facial-cerave-foaming-cleanser-236-ml/8002709.html,$495.00,vacio,Hasta 5 MSI,vacio,Puntos 'dobles' al pagar con 'FALABELLA',vacio,2026-07-02
Farmacia,Dermatológicos,Crema corporal Dr. Bell's Pomada de la Campana Suavizante 35 g,https://www.soriana.com/dw/image/v2/BGBD_PRD/on/demandware.static/-/Sites-soriana-grocery-master-catalog/default/dwe3e98248/images/product/7501065628145_A.jpg?sw=473&sh=473&sm=fit,https://www.soriana.com/farmacia/,/crema-corporal-dr.-bells-pomada-de-la-campana-suavizante-35-g/1377910.html,$32.90,vacio,vacio,vacio,Puntos 'dobles' al pagar con 'FALABELLA',vacio,2026-07-02
Farmacia,Dermatológicos,Eucerin Hf Elasticity Dia 30Ml,https://www.soriana.com/dw/image/v2/BGBD_PRD/on/demandware.static/-/Sites-soriana-grocery-master-catalog/default/dweae88904/images/product/4005800630958_A.jpg?sw=473&sh=473&sm=fit,https://www.soriana.com/farmacia/,/eucerin-hf-elasticity-dia-30ml/11819136.html,$445.00,vacio,vacio,vacio,Puntos 'dobles' al pagar con 'FALABELLA',vacio,2026-07-02
Farmacia,Dermatológicos,CETAPHIL Barra Antibacterial Dermolimpiadora 127g,https://www.soriana.com/dw/image/v2/BGBD_PRD/on/demandware.static/-/Sites-soriana-grocery-master-catalog/default/dw86e0f59c/images/product/7502003560527_A.jpg?sw=473&sh=473&sm=fit,https://www.soriana.com/farmacia/,/cetaphil-barra-antibacterial-dermolimpiadora-127g/3081532.html,$235.00,vacio,vacio,vacio,Puntos 'dobles' al pagar con 'FALABELLA',vacio,2026-07-02
Farmacia,Dermatológicos,Limpiador facial Jaloma Agua de Rosas 250 ml,https://www.soriana.com/dw/image/v2/BGBD_PRD/on/demandware.static/-/Sites-soriana-grocery-master-catalog/default/dw74af2e37/images/product/0759684900204_A.jpg?sw=473&sh=473&sm=fit,https://www.soriana.com/farmacia/,/limpiador-facial-jaloma-agua-de-rosas-250-ml/11428011.html,$45.48,vacio,vacio,vacio,Puntos 'dobles' al pagar con 'FALABELLA',vacio,2026-07-02
Farmacia,Dermatológicos,Sistema Gb Uno Shamp con 230ml,https://www.soriana.com/dw/image/v2/BGBD_PRD/on/demandware.static/-/Sites-soriana-grocery-master-catalog/default/dwe69e3295/images/product/0650240021817_A.jpg?sw=473&sh=473&sm=fit,https://www.soriana.com/farmacia/,/sistema-gb-uno-shamp-con-230ml/2404862.html,$184.00,vacio,vacio,vacio,Puntos 'dobles' al pagar con 'FALABELLA',vacio,2026-07-02
Farmacia,Dermatológicos,Nodrim Torundas De Algodón 75 Gr,https://www.soriana.com/dw/image/v2/BGBD_PRD/on/demandware.static/-/Sites-soriana-grocery-master-catalog/default/dwa220a85d/images/product/7500093752525_A.jpg?sw=473&sh=473&sm=fit,https://www.soriana.com/farmacia/,/nodrim-torundas-de-algodon-75-gr/11186548.html,$32.50,vacio,3 x 2,vacio,Puntos 'dobles' al pagar con 'FALABELLA',vacio,2026-07-02
Farmacia,Dermatológicos,Crema para Pie de Atleta Lotrimin-UNO 20 g,https://www.soriana.com/dw/image/v2/BGBD_PRD/on/demandware.static/-/Sites-soriana-grocery-master-catalog/default/dw81cd062e/images/product/7502276040351_A.jpg?sw=473&sh=473&sm=fit,https://www.soriana.com/farmacia/,/crema-para-pie-de-atleta-lotrimin-uno-20-g/8003414.html,$101.00,vacio,vacio,vacio,Puntos 'dobles' al pagar con 'FALABELLA',vacio,2026-07-02
Farmacia,Dermatológicos,Nodrim Almohadillas Fac Jumbo 50Pz,https://www.soriana.com/dw/image/v2/BGBD_PRD/on/demandware.static/-/Sites-soriana-grocery-master-catalog/default/dw33731b24/images/product/7500093752617_A.jpg?sw=473&sh=473&sm=fit,https://www.soriana.com/farmacia/,/nodrim-almohadillas-fac-jumbo-50pz/11186330.html,$33.90,vacio,3 x 2,vacio,Puntos 'dobles' al pagar con 'FALABELLA',vacio,2026-07-02
Farmacia,Dermatológicos,"Cicatricure Maquillaje Color Inteligente Autoajustable FPS 30, 30 ml",https://www.soriana.com/dw/image/v2/BGBD_PRD/on/demandware.static/-/Sites-soriana-grocery-master-catalog/default/dw3dda52fb/images/product/0650240028830_A.jpg?sw=473&sh=473&sm=fit,https://www.soriana.com/farmacia/,/cicatricure-maquillaje-color-inteligente-autoajustable-fps-30-30-ml/2747945.html,$305.00,vacio,vacio,vacio,Puntos 'dobles' al pagar con 'FALABELLA',vacio,2026-07-02
Farmacia,Dermatológicos,Jabón Grisi Azufre Cosme 100G,https://www.soriana.com/dw/image/v2/BGBD_PRD/on/demandware.static/-/Sites-soriana-grocery-master-catalog/default/dw20740278/images/product/810120501628_A.jpg?sw=473&sh=473&sm=fit,https://www.soriana.com/farmacia/,/jabon-grisi-azufre-cosme-100g/11863324.html,$59.50,vacio,vacio,vacio,Puntos 'dobles' al pagar con 'FALABELLA',vacio,2026-07-02
Farmacia,Dermatológicos,Crema corporal Dr. Bell's Pomada de la Campana con Tepezcohuite 35 g,https://www.soriana.com/dw/image/v2/BGBD_PRD/on/demandware.static/-/Sites-soriana-grocery-master-catalog/default/dw37509f02/images/product/0650240019180_A.jpg?sw=473&sh=473&sm=fit,https://www.soriana.com/farmacia/,/crema-corporal-dr.-bells-pomada-de-la-campana-con-tepezcohuite-35-g/2203743.html,$35.50,vacio,vacio,vacio,Puntos 'dobles' al pagar con 'FALABELLA',vacio,2026-07-02
Farmacia,Dermatológicos,Bálsamo Labial Labello Cereza Protector Labial con Vitamina E 4.8 g,https://www.soriana.com/dw/image/v2/BGBD_PRD/on/demandware.static/-/Sites-soriana-grocery-master-catalog/default/dw6e7e954f/images/product/7501054502777_A.jpg?sw=473&sh=473&sm=fit,https://www.soriana.com/farmacia/,/balsamo-labial-labello-cereza-protector-labial-con-vitamina-e-4.8-g/376819.html,$81.50,vacio,vacio,vacio,Puntos 'dobles' al pagar con 'FALABELLA',vacio,2026-07-02
Farmacia,Dermatológicos,Protector Solar Facial Fotosun UV 100 Adaptive Color,https://www.soriana.com/dw/image/v2/BGBD_PRD/on/demandware.static/-/Sites-soriana-grocery-master-catalog/default/dw25f3acca/images/product/7502253602367_A.jpg?sw=473&sh=473&sm=fit,https://www.soriana.com/farmacia/,/protector-solar-facial-fotosun-uv-100-adaptive-color/11662214.html,$219.00,$153.30,30%,vacio,Puntos 'dobles' al pagar con 'FALABELLA',vacio,2026-07-02
Farmacia,Dermatológicos,Jabón Facial Asepxia Ultra Humectante 100 Gr,https://www.soriana.com/dw/image/v2/BGBD_PRD/on/demandware.static/-/Sites-soriana-grocery-master-catalog/default/dwa69ce5cb/images/product/0650240033766_A.jpg?sw=473&sh=473&sm=fit,https://www.soriana.com/farmacia/,/jabon-facial-asepxia-ultra-humectante-100-gr/11191871.html,$48.90,vacio,vacio,vacio,Puntos 'dobles' al pagar con 'FALABELLA',vacio,2026-07-02
Farmacia,Dermatológicos,Gel para Spots Emergencia Asepxia Transparente Tubo 28 g,https://www.soriana.com/dw/image/v2/BGBD_PRD/on/demandware.static/-/Sites-soriana-grocery-master-catalog/default/dw113a61e0/images/product/0650240004001_A.jpg?sw=473&sh=473&sm=fit,https://www.soriana.com/farmacia/,/gel-para-spots-emergencia-asepxia-transparente-tubo-28-g/1249467.html,$116.50,vacio,vacio,vacio,Puntos 'dobles' al pagar con 'FALABELLA',vacio,2026-07-02
Farmacia,Dermatológicos,Bloqueador Caribbean Beach Advanced FPS50 150 Gr,https://www.soriana.com/dw/image/v2/BGBD_PRD/on/demandware.static/-/Sites-soriana-grocery-master-catalog/default/dw17157e38/images/product/7503009127387_A.jpg?sw=473&sh=473&sm=fit,https://www.soriana.com/farmacia/,/bloqueador-caribbean-beach-advanced--fps50-150-gr/11655749.html,$90.90,vacio,vacio,vacio,Puntos 'dobles' al pagar con 'FALABELLA',vacio,2026-07-02
Farmacia,Dermatológicos,Fly Out Spray Repelente de Insectos 130 ml,https://www.soriana.com/dw/image/v2/BGBD_PRD/on/demandware.static/-/Sites-soriana-grocery-master-catalog/default/dw29b8cde8/images/product/7501044209808_A.jpg?sw=473&sh=473&sm=fit,https://www.soriana.com/farmacia/,/fly-out-spray-repelente-de-insectos-130-ml/1465316.html,$109.00,vacio,vacio,vacio,Puntos 'dobles' al pagar con 'FALABELLA',vacio,2026-07-02
Farmacia,Dermatológicos,Caladryl Clear 180 ml,https://www.soriana.com/dw/image/v2/BGBD_PRD/on/demandware.static/-/Sites-soriana-grocery-master-catalog/default/dwb19289bd/images/product/7501057005848_A.jpg?sw=473&sh=473&sm=fit,https://www.soriana.com/farmacia/,/caladryl-clear-180-ml/554610.html,$279.00,vacio,vacio,vacio,Puntos 'dobles' al pagar con 'FALABELLA',vacio,2026-07-02
Farmacia,Dermatológicos,Aerosol Off Defense 170 Gr,https://www.soriana.com/dw/image/v2/BGBD_PRD/on/demandware.static/-/Sites-soriana-grocery-master-catalog/default/dweb00df01/images/product/7501032931865_A.jpg?sw=473&sh=473&sm=fit,https://www.soriana.com/farmacia/,/aerosol-off-defense-170-gr/11451040.html,$154.00,vacio,vacio,vacio,Puntos 'dobles' al pagar con 'FALABELLA',vacio,2026-07-02
Farmacia,Dermatológicos,Scabisan 5g Tb Crema 60g,https://www.soriana.com/dw/image/v2/BGBD_PRD/on/demandware.static/-/Sites-soriana-grocery-master-catalog/default/dweceb3034/images/product/7501088559211_A.jpg?sw=473&sh=473&sm=fit,https://www.soriana.com/farmacia/,/scabisan-5g-tb-crema-60g/143060.html,$198.00,vacio,vacio,vacio,Puntos 'dobles' al pagar con 'FALABELLA',vacio,2026-07-02
Farmacia,Dermatológicos,Jaloma Agua De Coco Acido Hialuron 250Ml,https://www.soriana.com/dw/image/v2/BGBD_PRD/on/demandware.static/-/Sites-soriana-grocery-master-catalog/default/dw38290a61/images/product/759684900211_A.jpg?sw=473&sh=473&sm=fit,https://www.soriana.com/farmacia/,/jaloma-agua-de-coco-acido-hialuron-250ml/11699320.html,$44.50,vacio,vacio,vacio,Puntos 'dobles' al pagar con 'FALABELLA',vacio,2026-07-02
Farmacia,Dermatológicos,Cicloferon Xtrm Tb con 2gr,https://www.soriana.com/dw/image/v2/BGBD_PRD/on/demandware.static/-/Sites-soriana-grocery-master-catalog/default/dwf9b4e3a5/images/product/7501299355039_A.jpg?sw=473&sh=473&sm=fit,https://www.soriana.com/farmacia/,/cicloferon-xtrm-tb-con-2gr/2109414.html,$83.90,vacio,vacio,vacio,Puntos 'dobles' al pagar con 'FALABELLA',vacio,2026-07-02
Farmacia,Dermatológicos,Sistema Gb Dos Shamp con 230ml,https://www.soriana.com/dw/image/v2/BGBD_PRD/on/demandware.static/-/Sites-soriana-grocery-master-catalog/default/dw023e5ecf/images/product/0650240021800_A.jpg?sw=473&sh=473&sm=fit,https://www.soriana.com/farmacia/,/sistema-gb-dos-shamp-con-230ml/2404863.html,$184.00,vacio,vacio,vacio,Puntos 'dobles' al pagar con 'FALABELLA',vacio,2026-07-02
Farmacia,Dermatológicos,Crema corporal Dr. Bell's Pomada de la Campana Suavizante 19 g,https://www.soriana.com/dw/image/v2/BGBD_PRD/on/demandware.static/-/Sites-soriana-grocery-master-catalog/default/dw98788ece/images/product/7501065628121_A.jpg?sw=473&sh=473&sm=fit,https://www.soriana.com/farmacia/,/crema-corporal-dr.-bells-pomada-de-la-campana-suavizante-19-g/1377908.html,$25.90,vacio,vacio,vacio,Puntos 'dobles' al pagar con 'FALABELLA',vacio,2026-07-02
Farmacia,Dermatológicos,Protector Solar FPS Nodrim 50+ 125gr,https://www.soriana.com/dw/image/v2/BGBD_PRD/on/demandware.static/-/Sites-soriana-grocery-master-catalog/default/dwaecab857/images/product/7500525980960_A.jpg?sw=473&sh=473&sm=fit,https://www.soriana.com/farmacia/,/protector-solar-fps-nodrim-50-125gr/11875937.html,$109.00,vacio,vacio,vacio,Puntos 'dobles' al pagar con 'FALABELLA',vacio,2026-07-02
Farmacia,Dermatológicos,Bálsamo Labial Labello Med Repair Protector Hidratante FPS 15 4.8 g,https://www.soriana.com/dw/image/v2/BGBD_PRD/on/demandware.static/-/Sites-soriana-grocery-master-catalog/default/dw8d24510c/images/product/7501054503637_A.jpg?sw=473&sh=473&sm=fit,https://www.soriana.com/farmacia/,/balsamo-labial-labello-med-repair-protector-hidratante-fps-15-4.8-g/637799.html,$81.50,vacio,vacio,vacio,Puntos 'dobles' al pagar con 'FALABELLA',vacio,2026-07-02
Farmacia,Dermatológicos,Tratamiento corporal Andrómaco Pasta de lassar 30 g,https://www.soriana.com/dw/image/v2/BGBD_PRD/on/demandware.static/-/Sites-soriana-grocery-master-catalog/default/dw752d5f91/images/product/7501289511421_A.jpg?sw=473&sh=473&sm=fit,https://www.soriana.com/farmacia/,/tratamiento-corporal-andromaco-pasta-de-lassar-30-g/561811.html,$37.90,vacio,vacio,vacio,Puntos 'dobles' al pagar con 'FALABELLA',vacio,2026-07-02
Farmacia,Dermatológicos,Nodrim Almohadillas Fac Redo 60 Pz,https://www.soriana.com/dw/image/v2/BGBD_PRD/on/demandware.static/-/Sites-soriana-grocery-master-catalog/default/dw431c19b0/images/product/7500093752587_A.jpg?sw=473&sh=473&sm=fit,https://www.soriana.com/farmacia/,/nodrim-almohadillas-fac-redo-60-pz/11186316.html,$21.90,vacio,3 x 2,vacio,Puntos 'dobles' al pagar con 'FALABELLA',vacio,2026-07-02
Farmacia,Dermatológicos,Asepxia Jabón Regenerador Cuidado cara y cuerpo 4 Pack,https://www.soriana.com/dw/image/v2/BGBD_PRD/on/demandware.static/-/Sites-soriana-grocery-master-catalog/default/dw847541f3/images/product/650240074318_A.jpg?sw=473&sh=473&sm=fit,https://www.soriana.com/farmacia/,/asepxia-jabon-regenerador-cuidado-cara-y-cuerpo-4-pack/11868738.html,$79.50,vacio,vacio,vacio,Puntos 'dobles' al pagar con 'FALABELLA',vacio,2026-07-02
Farmacia,Dermatológicos,Toallitas Antibacteriales Nodrim 12 Piezas,https://www.soriana.com/dw/image/v2/BGBD_PRD/on/demandware.static/-/Sites-soriana-grocery-master-catalog/default/dw43474328/images/product/7500093751726_A.jpg?sw=473&sh=473&sm=fit,https://www.soriana.com/farmacia/,/toallitas-antibacteriales-nodrim-12-piezas/11183166.html,$16.00,vacio,vacio,Aplica cupón,Puntos 'dobles' al pagar con 'FALABELLA',vacio,2026-07-02
Farmacia,Dermatológicos,Crema facial Vitascom Concha Nacar 100 g,https://www.soriana.com/dw/image/v2/BGBD_PRD/on/demandware.static/-/Sites-soriana-grocery-master-catalog/default/dwcd65c231/images/product/7500525282798_A.jpg?sw=473&sh=473&sm=fit,https://www.soriana.com/farmacia/,/crema-facial-vitascom-concha-nacar-100-g/11545452.html,$51.50,vacio,vacio,vacio,Puntos 'dobles' al pagar con 'FALABELLA',vacio,2026-07-02
Farmacia,Dermatológicos,Crema Grisi Farma Azufre con Lanolina Para Barros y Espinillas 20 Gr,https://www.soriana.com/dw/image/v2/BGBD_PRD/on/demandware.static/-/Sites-soriana-grocery-master-catalog/default/dwe0c915da/images/product/7501022112113_A.jpg?sw=473&sh=473&sm=fit,https://www.soriana.com/farmacia/,/crema-grisi-farma-azufre-con-lanolina-para-barros-y-espinillas-20-gr/11447427.html,$101.50,vacio,vacio,vacio,Puntos 'dobles' al pagar con 'FALABELLA',vacio,2026-07-02
Farmacia,Dermatológicos,Vitascom Vaselina 100g,https://www.soriana.com/dw/image/v2/BGBD_PRD/on/demandware.static/-/Sites-soriana-grocery-master-catalog/default/dw0cdcc715/images/product/7500525285003_A.jpg?sw=473&sh=473&sm=fit,https://www.soriana.com/farmacia/,/vitascom-vaselina-100g/11539751.html,$60.90,vacio,vacio,vacio,Puntos 'dobles' al pagar con 'FALABELLA',vacio,2026-07-02
Farmacia,Dermatológicos,Jaloma Agua De Lavanda 250 Ml,https://www.soriana.com/dw/image/v2/BGBD_PRD/on/demandware.static/-/Sites-soriana-grocery-master-catalog/default/dw1411ece5/images/product/759684900266_A.jpg?sw=473&sh=473&sm=fit,https://www.soriana.com/farmacia/,/jaloma-agua-de-lavanda-250-ml/11699321.html,$39.90,vacio,vacio,vacio,Puntos 'dobles' al pagar con 'FALABELLA',vacio,2026-07-02
Farmacia,Dermatológicos,Gel corporal Venastat 115 g,https://www.soriana.com/dw/image/v2/BGBD_PRD/on/demandware.static/-/Sites-soriana-grocery-master-catalog/default/dwcc165b78/images/product/7501089810007_A.jpg?sw=473&sh=473&sm=fit,https://www.soriana.com/farmacia/,/gel-corporal-venastat-115-g/8011279.html,$167.00,vacio,vacio,vacio,Puntos 'dobles' al pagar con 'FALABELLA',vacio,2026-07-02
Farmacia,Dermatológicos,Aceite corporal Jaloma Aceite de argán 120 ml,https://www.soriana.com/dw/image/v2/BGBD_PRD/on/demandware.static/-/Sites-soriana-grocery-master-catalog/default/dwd7f5c865/images/product/0759684031199_A.jpg?sw=473&sh=473&sm=fit,https://www.soriana.com/farmacia/,/aceite-corporal-jaloma-aceite-de-argan-120-ml/11563098.html,$48.50,vacio,vacio,vacio,Puntos 'dobles' al pagar con 'FALABELLA',vacio,2026-07-02
Farmacia,Dermatológicos,Pasta Lassar 25g Pom con 60 G,https://www.soriana.com/dw/image/v2/BGBD_PRD/on/demandware.static/-/Sites-soriana-grocery-master-catalog/default/dw34017221/images/product/7501289511438_A.jpg?sw=473&sh=473&sm=fit,https://www.soriana.com/farmacia/,/pasta-lassar-25g-pom-con-60-g/561812.html,$83.90,vacio,vacio,vacio,Puntos 'dobles' al pagar con 'FALABELLA',vacio,2026-07-02
Farmacia,Dermatológicos,Bye Bites! Repelente De Insectos Active Forte Aerosol 80g,https://www.soriana.com/dw/image/v2/BGBD_PRD/on/demandware.static/-/Sites-soriana-grocery-master-catalog/default/dw54ecdfa9/images/product/7502254360037_A.jpg?sw=473&sh=473&sm=fit,https://www.soriana.com/farmacia/,/bye-bites-repelente-de-insectos-active-forte-aerosol-80g/9072582.html,$96.00,vacio,vacio,vacio,Puntos 'dobles' al pagar con 'FALABELLA',vacio,2026-07-02
Farmacia,Dermatológicos,Losil-C 1% Crema 30 gr,https://www.soriana.com/dw/image/v2/BGBD_PRD/on/demandware.static/-/Sites-soriana-grocery-master-catalog/default/dw4535311c/images/product/7502226293622_A.jpg?sw=473&sh=473&sm=fit,https://www.soriana.com/farmacia/,/losil-c-1--crema-30-gr/8008254.html,$114.00,vacio,vacio,vacio,Puntos 'dobles' al pagar con 'FALABELLA',vacio,2026-07-02
Farmacia,Dermatológicos,Aceite facial Jaloma Ricino 120 ml,https://www.soriana.com/dw/image/v2/BGBD_PRD/on/demandware.static/-/Sites-soriana-grocery-master-catalog/default/dwd841f8bf/images/product/0759684031328_A.jpg?sw=473&sh=473&sm=fit,https://www.soriana.com/farmacia/,/aceite-facial-jaloma-ricino-120-ml/11724421.html,$45.90,vacio,vacio,vacio,Puntos 'dobles' al pagar con 'FALABELLA',vacio,2026-07-02
Farmacia,Dermatológicos,Gpp Terbinafina 1.0 % Tubo con 15 g,https://www.soriana.com/dw/image/v2/BGBD_PRD/on/demandware.static/-/Sites-soriana-grocery-master-catalog/default/dwe2792111/images/product/7501573902966_A.jpg?sw=473&sh=473&sm=fit,https://www.soriana.com/farmacia/,/gpp-terbinafina-1.0-tubo-con-15-g/11675734.html,$58.90,vacio,vacio,vacio,Puntos 'dobles' al pagar con 'FALABELLA',vacio,2026-07-02
Farmacia,Dermatológicos,Aceite facial Jaloma Olivo 120 ml,https://www.soriana.com/dw/image/v2/BGBD_PRD/on/demandware.static/-/Sites-soriana-grocery-master-catalog/default/dw0b65fbb1/images/product/0759684031137_A.jpg?sw=473&sh=473&sm=fit,https://www.soriana.com/farmacia/,/aceite-facial-jaloma-olivo-120-ml/11724422.html,$47.00,vacio,vacio,vacio,Puntos 'dobles' al pagar con 'FALABELLA',vacio,2026-07-02
Farmacia,Dermatológicos,Vitacilina Ung con 28g,https://www.soriana.com/dw/image/v2/BGBD_PRD/on/demandware.static/-/Sites-soriana-grocery-master-catalog/default/dw15909449/images/product/0354312225133_A.jpg?sw=473&sh=473&sm=fit,https://www.soriana.com/farmacia/,/vitacilina-ung-con-28g/544848.html,$46.50,vacio,vacio,vacio,Puntos 'dobles' al pagar con 'FALABELLA',vacio,2026-07-02
Farmacia,Dermatológicos,Aceite corporal Jaloma Aceite de coco 120 ml,https://www.soriana.com/dw/image/v2/BGBD_PRD/on/demandware.static/-/Sites-soriana-grocery-master-catalog/default/dw71341852/images/product/0759684031144_A.jpg?sw=473&sh=473&sm=fit,https://www.soriana.com/farmacia/,/aceite-corporal-jaloma-aceite-de-coco-120-ml/11563099.html,$47.50,vacio,vacio,vacio,Puntos 'dobles' al pagar con 'FALABELLA',vacio,2026-07-02
Farmacia,Dermatológicos,Vitascom Toalla Hum Desinfectante 40pz,https://www.soriana.com/dw/image/v2/BGBD_PRD/on/demandware.static/-/Sites-soriana-grocery-master-catalog/default/dw0da85dc7/images/product/7500525253880_A.jpg?sw=473&sh=473&sm=fit,https://www.soriana.com/farmacia/,/vitascom-toalla-hum-desinfectante-40pz/11529099.html,$47.00,vacio,vacio,vacio,Puntos 'dobles' al pagar con 'FALABELLA',vacio,2026-07-02
Farmacia,Dermatológicos,Jabón en barra Asepxia Suavizante/Rosa 100g,https://www.soriana.com/dw/image/v2/BGBD_PRD/on/demandware.static/-/Sites-soriana-grocery-master-catalog/default/dwf73db948/images/product/650240074295_A.jpg?sw=473&sh=473&sm=fit,https://www.soriana.com/farmacia/,/jabon-en-barra-asepxia-suavizante-rosa-100g/11868546.html,$24.50,vacio,vacio,vacio,Puntos 'dobles' al pagar con 'FALABELLA',vacio,2026-07-02
Farmacia,Dermatológicos,Balsamo Vaseline Stick Rosa 4.8 g,https://www.soriana.com/dw/image/v2/BGBD_PRD/on/demandware.static/-/Sites-soriana-grocery-master-catalog/default/dw1e49c2aa/images/product/0859581006853_A.jpg?sw=473&sh=473&sm=fit,https://www.soriana.com/farmacia/,/balsamo-vaseline-stick-rosa-4.8-g/11706747.html,$79.90,vacio,vacio,vacio,Puntos 'dobles' al pagar con 'FALABELLA',vacio,2026-07-02
Farmacia,Dermatológicos,Shampoo Para Piojos Vitascom 120 ml,https://www.soriana.com/dw/image/v2/BGBD_PRD/on/demandware.static/-/Sites-soriana-grocery-master-catalog/default/dwdd4f7e2b/images/product/7500093752457_A.jpg?sw=473&sh=473&sm=fit,https://www.soriana.com/farmacia/,/shampoo-para-piojos-vitascom-120-ml/11187913.html,$79.00,vacio,vacio,vacio,Puntos 'dobles' al pagar con 'FALABELLA',vacio,2026-07-02
Farmacia,Dermatológicos,Crema Racel Vaselina 150 g,https://www.soriana.com/dw/image/v2/BGBD_PRD/on/demandware.static/-/Sites-soriana-grocery-master-catalog/default/dw248c910a/images/product/7501044208504_A.jpg?sw=473&sh=473&sm=fit,https://www.soriana.com/farmacia/,/crema-racel-vaselina-150-g/374257.html,$69.00,vacio,vacio,vacio,Puntos 'dobles' al pagar con 'FALABELLA',vacio,2026-07-02
Farmacia,Dermatológicos,Baño Coloide Nodrim 90Gr,https://www.soriana.com/dw/image/v2/BGBD_PRD/on/demandware.static/-/Sites-soriana-grocery-master-catalog/default/dwce3bbe72/images/product/7500525534019_A.jpg?sw=473&sh=473&sm=fit,https://www.soriana.com/farmacia/,/bano-coloide-nodrim-90gr/11748474.html,$65.00,vacio,vacio,Aplica cupón,Puntos 'dobles' al pagar con 'FALABELLA',vacio,2026-07-02
Farmacia,Dermatológicos,Vitacilina Ung con 16g,https://www.soriana.com/dw/image/v2/BGBD_PRD/on/demandware.static/-/Sites-soriana-grocery-master-catalog/default/dw9e89a3bf/images/product/0354312225140_A.jpg?sw=473&sh=473&sm=fit,https://www.soriana.com/farmacia/,/vitacilina-ung-con-16g/544849.html,$31.90,vacio,vacio,vacio,Puntos 'dobles' al pagar con 'FALABELLA',vacio,2026-07-02
Farmacia,Dermatológicos,Mini Ones Hisopos De Algodon 150 Pz,https://www.soriana.com/dw/image/v2/BGBD_PRD/on/demandware.static/-/Sites-soriana-grocery-master-catalog/default/dwf0d0c0bf/images/product/7502263762549_A.jpg?sw=473&sh=473&sm=fit,https://www.soriana.com/farmacia/,/mini-ones-hisopos-de-algodon-150-pz/11810013.html,$29.90,vacio,3 x 2,vacio,Puntos 'dobles' al pagar con 'FALABELLA',vacio,2026-07-02
Farmacia,Dermatológicos,Tratamiento corporal Andrómaco Pasta de lassar 60 g,https://www.soriana.com/dw/image/v2/BGBD_PRD/on/demandware.static/-/Sites-soriana-grocery-master-catalog/default/dw76ebb59d/images/product/7501289511414_A.jpg?sw=473&sh=473&sm=fit,https://www.soriana.com/farmacia/,/tratamiento-corporal-andromaco-pasta-de-lassar-60-g/442787.html,$74.90,vacio,vacio,vacio,Puntos 'dobles' al pagar con 'FALABELLA',vacio,2026-07-02
Farmacia,Dermatológicos,Vitascom Glicerina Natural 60 ml,https://www.soriana.com/dw/image/v2/BGBD_PRD/on/demandware.static/-/Sites-soriana-grocery-master-catalog/default/dw385e5320/images/product/7500093800844_A.jpg?sw=473&sh=473&sm=fit,https://www.soriana.com/farmacia/,/vitascom-glicerina-natural-60-ml/11244636.html,$29.00,vacio,vacio,vacio,Puntos 'dobles' al pagar con 'FALABELLA',vacio,2026-07-02
Farmacia,Dermatológicos,Nodrim Oxido De Zinc 25 % Crema con 45 Gr,https://www.soriana.com/dw/image/v2/BGBD_PRD/on/demandware.static/-/Sites-soriana-grocery-master-catalog/default/dw5cd70301/images/product/7500093754536_A.jpg?sw=473&sh=473&sm=fit,https://www.soriana.com/farmacia/,/nodrim-oxido-de-zinc-25-crema-con-45-gr/11185533.html,$51.90,vacio,vacio,Aplica cupón,Puntos 'dobles' al pagar con 'FALABELLA',vacio,2026-07-02
Farmacia,Dermatológicos,Jaloma Arnica Gel 120ml,https://www.soriana.com/dw/image/v2/BGBD_PRD/on/demandware.static/-/Sites-soriana-grocery-master-catalog/default/dw489f2427/images/product/0759684900112_A.jpg?sw=473&sh=473&sm=fit,https://www.soriana.com/farmacia/,/jaloma-arnica-gel-120ml/11576219.html,$51.50,vacio,vacio,vacio,Puntos 'dobles' al pagar con 'FALABELLA',vacio,2026-07-02
Farmacia,Dermatológicos,Gpp Dexpantenol 5.0/100g Pom 30 Gr,https://www.soriana.com/dw/image/v2/BGBD_PRD/on/demandware.static/-/Sites-soriana-grocery-master-catalog/default/dw31e7ee39/images/product/7502001166578_A.jpg?sw=473&sh=473&sm=fit,https://www.soriana.com/farmacia/,/gpp-dexpantenol-5.0-100g-pom-30-gr/11493256.html,$76.90,vacio,vacio,vacio,Puntos 'dobles' al pagar con 'FALABELLA',vacio,2026-07-02
Farmacia,Dermatológicos,Aceite corporal Jaloma Suavizante con almendras 120 ml,https://www.soriana.com/dw/image/v2/BGBD_PRD/on/demandware.static/-/Sites-soriana-grocery-master-catalog/default/dwba3b7e58/images/product/0759684031311_A.jpg?sw=473&sh=473&sm=fit,https://www.soriana.com/farmacia/,/aceite-corporal-jaloma-suavizante-con-almendras-120-ml/8011012.html,$34.50,vacio,vacio,vacio,Puntos 'dobles' al pagar con 'FALABELLA',vacio,2026-07-02
Farmacia,Dermatológicos,Aceite De Olivo Quality Day 60 Ml,https://www.soriana.com/dw/image/v2/BGBD_PRD/on/demandware.static/-/Sites-soriana-grocery-master-catalog/default/dwb61becd2/images/product/7500525029911_A.jpg?sw=473&sh=473&sm=fit,https://www.soriana.com/farmacia/,/aceite-de-olivo-quality-day-60-ml/11440776.html,$23.00,vacio,vacio,Aplica cupón,Puntos 'dobles' al pagar con 'FALABELLA',vacio,2026-07-02
Farmacia,Dermatológicos,Venditas Resistentes al Agua Curitas Transpiel 10 piezas,https://www.soriana.com/dw/image/v2/BGBD_PRD/on/demandware.static/-/Sites-soriana-grocery-master-catalog/default/dw038e826f/images/product/7702003010774_A.jpg?sw=473&sh=473&sm=fit,https://www.soriana.com/farmacia/,/venditas-resistentes-al-agua-curitas-transpiel-10-piezas/11584089.html,$20.90,vacio,vacio,vacio,Puntos 'dobles' al pagar con 'FALABELLA',vacio,2026-07-02
Farmacia,Dermatológicos,Asepxia Jabón Neutro Derma Cuidado cara y cuerpo 4 Pack,https://www.soriana.com/dw/image/v2/BGBD_PRD/on/demandware.static/-/Sites-soriana-grocery-master-catalog/default/dweeac5bee/images/product/650240074301_A.jpg?sw=473&sh=473&sm=fit,https://www.soriana.com/farmacia/,/asepxia-jabon-neutro-derma-cuidado-cara-y-cuerpo-4-pack/11868737.html,$107.00,vacio,vacio,vacio,Puntos 'dobles' al pagar con 'FALABELLA',vacio,2026-07-02
Farmacia,Dermatológicos,Gel corporal Isdin Ureadin Podos 75 ml,https://www.soriana.com/dw/image/v2/BGBD_PRD/on/demandware.static/-/Sites-soriana-grocery-master-catalog/default/dw7aa6cd17/images/product/8470001527349_A.jpg?sw=473&sh=473&sm=fit,https://www.soriana.com/farmacia/,/gel-corporal-isdin-ureadin-podos-75-ml/9026683.html,$445.00,vacio,Hasta 5 MSI,vacio,Puntos 'dobles' al pagar con 'FALABELLA',vacio,2026-07-02
Farmacia,Dermatológicos,Pomada Protectora Hipoalergénica Avanta 45 G,https://www.soriana.com/dw/image/v2/BGBD_PRD/on/demandware.static/-/Sites-soriana-grocery-master-catalog/default/dw4b604bc3/images/product/7506400900054_A.jpg?sw=473&sh=473&sm=fit,https://www.soriana.com/farmacia/,/pomada-protectora-hipoalergenica-avanta-45-g/9069195.html,$98.90,vacio,vacio,vacio,Puntos 'dobles' al pagar con 'FALABELLA',vacio,2026-07-02
Farmacia,Dermatológicos,Vichy Dercos Anticaspa Shampoo Dermatologico 200 ml,https://www.soriana.com/dw/image/v2/BGBD_PRD/on/demandware.static/-/Sites-soriana-grocery-master-catalog/default/dw7116b6e6/images/product/3337871330262_A.jpg?sw=473&sh=473&sm=fit,https://www.soriana.com/farmacia/,/vichy-dercos-anticaspa-shampoo-dermatologico-200-ml/8001383.html,$745.00,vacio,Hasta 5 MSI,vacio,Puntos 'dobles' al pagar con 'FALABELLA',vacio,2026-07-02
Farmacia,Dermatológicos,Vichy Bloqueador Capital Soleil 50 FPS 40 ml,https://www.soriana.com/dw/image/v2/BGBD_PRD/on/demandware.static/-/Sites-soriana-grocery-master-catalog/default/dwa2ef2304/images/product/3337875795265_A.jpg?sw=473&sh=473&sm=fit,https://www.soriana.com/farmacia/,/vichy-bloqueador-capital-soleil-50-fps-40-ml/8011712.html,$735.00,vacio,Hasta 5 MSI,vacio,Puntos 'dobles' al pagar con 'FALABELLA',vacio,2026-07-02
Farmacia,Dermatológicos,Polvo Traslucido Vichy Dermablend 28 Gr,https://www.soriana.com/dw/image/v2/BGBD_PRD/on/demandware.static/-/Sites-soriana-grocery-master-catalog/default/dw5a5f487c/images/product/3337871311582_A.jpg?sw=473&sh=473&sm=fit,https://www.soriana.com/farmacia/,/polvo-traslucido-vichy-dermablend-28-gr/8001321.html,$761.00,vacio,vacio,vacio,Puntos 'dobles' al pagar con 'FALABELLA',vacio,2026-07-02
Farmacia,Dermatológicos,Gel Purificante Para Piel Grasa Vichy 400 ml,https://www.soriana.com/dw/image/v2/BGBD_PRD/on/demandware.static/-/Sites-soriana-grocery-master-catalog/default/dwb74659e1/images/product/3337875663083_A.jpg?sw=473&sh=473&sm=fit,https://www.soriana.com/farmacia/,/gel-purificante-para-piel-grasa-vichy-400-ml/8003470.html,$935.00,vacio,Hasta 5 MSI,vacio,Puntos 'dobles' al pagar con 'FALABELLA',vacio,2026-07-02
Farmacia,Dermatológicos,Vichy Eau Thermale P Sens Aerosol 300 Gr,https://www.soriana.com/dw/image/v2/BGBD_PRD/on/demandware.static/-/Sites-soriana-grocery-master-catalog/default/dwc33988d8/images/product/3337871321963_A.jpg?sw=473&sh=473&sm=fit,https://www.soriana.com/farmacia/,/vichy-eau-thermale-p-sens-aerosol-300-gr/8001224.html,$689.00,vacio,Hasta 5 MSI,vacio,Puntos 'dobles' al pagar con 'FALABELLA',vacio,2026-07-02
Farmacia,Dermatológicos,Shampoo Vichy Dercos Regenerador 250 ml,https://www.soriana.com/dw/image/v2/BGBD_PRD/on/demandware.static/-/Sites-soriana-grocery-master-catalog/default/dw91126121/images/product/3337875574358_A.jpg?sw=473&sh=473&sm=fit,https://www.soriana.com/farmacia/,/shampoo-vichy-dercos-regenerador-250-ml/9137792.html,$885.00,vacio,Hasta 5 MSI,vacio,Puntos 'dobles' al pagar con 'FALABELLA',vacio,2026-07-02
Farmacia,Dermatológicos,Jabón Grisi Control Bicarbonato de Sodio 100 g,https://www.soriana.com/dw/image/v2/BGBD_PRD/on/demandware.static/-/Sites-soriana-grocery-master-catalog/default/dw56e2375f/images/product/7501022112229_A.jpg?sw=473&sh=473&sm=fit,https://www.soriana.com/farmacia/,/jabon-grisi-control-bicarbonato-de-sodio-100-g/11541782.html,$46.50,vacio,vacio,vacio,Puntos 'dobles' al pagar con 'FALABELLA',vacio,2026-07-02
Farmacia,Dermatológicos,Agua micelar Bioderma Sensibio H2O 500 ml,https://www.soriana.com/dw/image/v2/BGBD_PRD/on/demandware.static/-/Sites-soriana-grocery-master-catalog/default/dw53953055/images/product/3401345935571_A.jpg?sw=473&sh=473&sm=fit,https://www.soriana.com/farmacia/,/agua-micelar-bioderma-sensibio-h2o-500-ml/8002752.html,$819.00,vacio,vacio,vacio,Puntos 'dobles' al pagar con 'FALABELLA',vacio,2026-07-02
Farmacia,Dermatológicos,Bálsamo Labial Labello Hydro Care Protector Hidratante FPS 15 4.8 g,https://www.soriana.com/dw/image/v2/BGBD_PRD/on/demandware.static/-/Sites-soriana-grocery-master-catalog/default/dw54c51cf6/images/product/7501054504528_A.jpg?sw=473&sh=473&sm=fit,https://www.soriana.com/farmacia/,/balsamo-labial-labello-hydro-care-protector-hidratante-fps-15-4.8-g/1025567.html,$81.50,vacio,vacio,vacio,Puntos 'dobles' al pagar con 'FALABELLA',vacio,2026-07-02
Farmacia,Dermatológicos,Letiat4 Cra 100ml Intensive Armstrong 1,https://www.soriana.com/dw/image/v2/BGBD_PRD/on/demandware.static/-/Sites-soriana-grocery-master-catalog/default/dwff9f369b/images/product/7501089804433_A.jpg?sw=473&sh=473&sm=fit,https://www.soriana.com/farmacia/,/letiat4-cra-100ml-intensive--armstrong-1/11289610.html,$731.00,vacio,vacio,vacio,Puntos 'dobles' al pagar con 'FALABELLA',vacio,2026-07-02
Farmacia,Dermatológicos,Quality Day Aplicadores Algodón 500 Pzas,https://www.soriana.com/dw/image/v2/BGBD_PRD/on/demandware.static/-/Sites-soriana-grocery-master-catalog/default/dw7e1caf7e/images/product/7500525015983_A.jpg?sw=473&sh=473&sm=fit,https://www.soriana.com/farmacia/,/quality-day-aplicadores-algodon-500-pzas/11432105.html,$55.00,vacio,vacio,vacio,Puntos 'dobles' al pagar con 'FALABELLA',vacio,2026-07-02
Farmacia,Dermatológicos,Quality Day Aplicadores Algodón 200 Pzas,https://www.soriana.com/dw/image/v2/BGBD_PRD/on/demandware.static/-/Sites-soriana-grocery-master-catalog/default/dwc9537b9a/images/product/7500525160645_A.jpg?sw=473&sh=473&sm=fit,https://www.soriana.com/farmacia/,/quality-day-aplicadores-algodon-200-pzas/11492134.html,$22.00,vacio,vacio,vacio,Puntos 'dobles' al pagar con 'FALABELLA',vacio,2026-07-02
Farmacia,Dermatológicos,Protector solar Hawaiian Tropic Sheer Touch FPS 50+ 120 ml,https://www.soriana.com/dw/image/v2/BGBD_PRD/on/demandware.static/-/Sites-soriana-grocery-master-catalog/default/dwf113d493/images/product/75486088620_A.jpg?sw=473&sh=473&sm=fit,https://www.soriana.com/farmacia/,/protector-solar-hawaiian-tropic-sheer-touch-fps-50-120-ml/11057315.html,$213.80,vacio,vacio,vacio,Puntos 'dobles' al pagar con 'FALABELLA',vacio,2026-07-02
Farmacia,Dermatológicos,Eucerin Pack Sun Face Oil Control,https://www.soriana.com/dw/image/v2/BGBD_PRD/on/demandware.static/-/Sites-soriana-grocery-master-catalog/default/dwfe745408/images/product/4006000174747_A.jpg?sw=473&sh=473&sm=fit,https://www.soriana.com/farmacia/,/eucerin-pack-sun-face-oil-control/11870355.html,$548.00,vacio,vacio,vacio,Puntos 'dobles' al pagar con 'FALABELLA',vacio,2026-07-02
Farmacia,Dermatológicos,Hydrabio Bruma 300Ml,https://www.soriana.com/dw/image/v2/BGBD_PRD/on/demandware.static/-/Sites-soriana-grocery-master-catalog/default/dw3c86d3e5/images/product/3401399848254_A.jpg?sw=473&sh=473&sm=fit,https://www.soriana.com/farmacia/,/hydrabio-bruma-300ml/11833792.html,$349.00,vacio,vacio,vacio,Puntos 'dobles' al pagar con 'FALABELLA',vacio,2026-07-02
Farmacia,Dermatológicos,Isdin FP Coverage 2 Beige SPF50 30 ml,https://www.soriana.com/dw/image/v2/BGBD_PRD/on/demandware.static/-/Sites-soriana-grocery-master-catalog/default/dw1740edc1/images/product/8429420313606_A.jpg?sw=473&sh=473&sm=fit,https://www.soriana.com/farmacia/,/isdin-fp-coverage-2-beige-spf50-30-ml/11929000.html,$680.00,vacio,vacio,vacio,Puntos 'dobles' al pagar con 'FALABELLA',vacio,2026-07-02
Farmacia,Dermatológicos,Pack de Bloqueadores Banana Boat 2 Pack,https://www.soriana.com/dw/image/v2/BGBD_PRD/on/demandware.static/-/Sites-soriana-grocery-master-catalog/default/dw3c3ffaed/images/product/7502274883196_A.jpg?sw=473&sh=473&sm=fit,https://www.soriana.com/farmacia/,/pack-de-bloqueadores-banana-boat-2-pack/11697249.html,$375.00,vacio,vacio,vacio,Puntos 'dobles' al pagar con 'FALABELLA',vacio,2026-07-02
Farmacia,Dermatológicos,Cerave Espuma Hidratante Limpiadora 236 ml,https://www.soriana.com/dw/image/v2/BGBD_PRD/on/demandware.static/-/Sites-soriana-grocery-master-catalog/default/dw71c5e1fc/images/product/3337875743563_A.jpg?sw=473&sh=473&sm=fit,https://www.soriana.com/farmacia/,/cerave-espuma-hidratante-limpiadora-236-ml/8011680.html,$609.00,vacio,Hasta 5 MSI,vacio,Puntos 'dobles' al pagar con 'FALABELLA',vacio,2026-07-02
Farmacia,Dermatológicos,Cerave Gel Control Imperfecciones 40 ML,https://www.soriana.com/dw/image/v2/BGBD_PRD/on/demandware.static/-/Sites-soriana-grocery-master-catalog/default/dw3d6e22cb/images/product/3337875782357_A.jpg?sw=473&sh=473&sm=fit,https://www.soriana.com/farmacia/,/cerave-gel-control-imperfecciones-40-ml/11697200.html,$559.00,vacio,Hasta 5 MSI,vacio,Puntos 'dobles' al pagar con 'FALABELLA',vacio,2026-07-02
Farmacia,Dermatológicos,Isdinceutics Melaclear Advanced,https://www.soriana.com/dw/image/v2/BGBD_PRD/on/demandware.static/-/Sites-soriana-grocery-master-catalog/default/dw71aed74b/images/product/8429420271968_A.jpg?sw=473&sh=473&sm=fit,https://www.soriana.com/farmacia/,/isdinceutics-melaclear-advanced/11855639.html,"$1,275.00",vacio,vacio,vacio,Puntos 'dobles' al pagar con 'FALABELLA',vacio,2026-07-02
Farmacia,Dermatológicos,Bloqueador solar Siin & Fun 12 g,https://www.soriana.com/dw/image/v2/BGBD_PRD/on/demandware.static/-/Sites-soriana-grocery-master-catalog/default/dwb4a8f24b/images/product/7500463858727_A.jpg?sw=473&sh=473&sm=fit,https://www.soriana.com/farmacia/,/bloqueador-solar-siin-fun-12-g/11679498.html,$86.00,vacio,vacio,vacio,Puntos 'dobles' al pagar con 'FALABELLA',vacio,2026-07-02
Farmacia,Dermatológicos,Loción Lincin 15 Minutos 100 ml,https://www.soriana.com/dw/image/v2/BGBD_PRD/on/demandware.static/-/Sites-soriana-grocery-master-catalog/default/dw72859a7b/images/product/4019338604954_A.jpg?sw=473&sh=473&sm=fit,https://www.soriana.com/farmacia/,/locion-lincin-15-minutos-100-ml/8002228.html,$251.00,vacio,vacio,vacio,Puntos 'dobles' al pagar con 'FALABELLA',vacio,2026-07-02
Farmacia,Dermatológicos,Serum Vichy Normaderm ProBio-BHA 30 ml,https://www.soriana.com/dw/image/v2/BGBD_PRD/on/demandware.static/-/Sites-soriana-grocery-master-catalog/default/dw47388614/images/product/3337875791984_A.jpg?sw=473&sh=473&sm=fit,https://www.soriana.com/farmacia/,/serum-vichy-normaderm-probio-bha-30-ml/8011713.html,"$1,105.00",vacio,Hasta 5 MSI,vacio,Puntos 'dobles' al pagar con 'FALABELLA',vacio,2026-07-02
Farmacia,Dermatológicos,Crema facial La Roche-Posay Hyalu B5 40 ml,https://www.soriana.com/dw/image/v2/BGBD_PRD/on/demandware.static/-/Sites-soriana-grocery-master-catalog/default/dw10613109/images/product/3337875583589_A.jpg?sw=473&sh=473&sm=fit,https://www.soriana.com/farmacia/,/crema-facial-la-roche-posay-hyalu-b5-40-ml/8002671.html,"$1,349.00",vacio,Hasta 5 MSI,vacio,Puntos 'dobles' al pagar con 'FALABELLA',vacio,2026-07-02
Farmacia,Dermatológicos,Crema facial Vichy Homme Hydra Mag C+ 50 ml,https://www.soriana.com/dw/image/v2/BGBD_PRD/on/demandware.static/-/Sites-soriana-grocery-master-catalog/default/dw05844db4/images/product/3337871322571_A.jpg?sw=473&sh=473&sm=fit,https://www.soriana.com/farmacia/,/crema-facial-vichy-homme-hydra-mag-c-50-ml/8001339.html,"$1,075.00",vacio,Hasta 5 MSI,vacio,Puntos 'dobles' al pagar con 'FALABELLA',vacio,2026-07-02
Farmacia,Dermatológicos,Vichy Dercos Anticaspa Nor Shamp 200 ml,https://www.soriana.com/dw/image/v2/BGBD_PRD/on/demandware.static/-/Sites-soriana-grocery-master-catalog/default/dw196f5c67/images/product/3337871330286_A.jpg?sw=473&sh=473&sm=fit,https://www.soriana.com/farmacia/,/vichy-dercos-anticaspa-nor-shamp-200-ml/8001382.html,$745.00,vacio,Hasta 5 MSI,vacio,Puntos 'dobles' al pagar con 'FALABELLA',vacio,2026-07-02
Farmacia,Dermatológicos,Lomexin 2/100g Crema 30 Gr,https://www.soriana.com/dw/image/v2/BGBD_PRD/on/demandware.static/-/Sites-soriana-grocery-master-catalog/default/dwc10147e9/images/product/7501871730766_A.jpg?sw=473&sh=473&sm=fit,https://www.soriana.com/farmacia/,/lomexin-2-100g-crema-30-gr/9099846.html,$579.00,vacio,vacio,vacio,Puntos 'dobles' al pagar con 'FALABELLA',vacio,2026-07-02
Farmacia,Dermatológicos,Base Correctora Vichy Dermablend Fluido Beige 30 30 ml,https://www.soriana.com/dw/image/v2/BGBD_PRD/on/demandware.static/-/Sites-soriana-grocery-master-catalog/default/dwa9442be5/images/product/3337875572378_A.jpg?sw=473&sh=473&sm=fit,https://www.soriana.com/farmacia/,/base-correctora-vichy-dermablend-fluido-beige-30-30-ml/9137794.html,$837.00,vacio,vacio,vacio,Puntos 'dobles' al pagar con 'FALABELLA',vacio,2026-07-02
Farmacia,Dermatológicos,Base Correctora Vichy Dermablend 3D Beige 30 30 ml,https://www.soriana.com/dw/image/v2/BGBD_PRD/on/demandware.static/-/Sites-soriana-grocery-master-catalog/default/dwa7f7c8e5/images/product/3337875572590_A.jpg?sw=473&sh=473&sm=fit,https://www.soriana.com/farmacia/,/base-correctora-vichy-dermablend-3d-beige-30-30-ml/9137793.html,$735.00,vacio,vacio,vacio,Puntos 'dobles' al pagar con 'FALABELLA',vacio,2026-07-02
Farmacia,Dermatológicos,Crema facial La Roche-Posay Toleriane Sensitive 40 ml,https://www.soriana.com/dw/image/v2/BGBD_PRD/on/demandware.static/-/Sites-soriana-grocery-master-catalog/default/dw55122459/images/product/3337875578486_A.jpg?sw=473&sh=473&sm=fit,https://www.soriana.com/farmacia/,/crema-facial-la-roche-posay-toleriane-sensitive-40-ml/9137789.html,$769.00,vacio,Hasta 5 MSI,vacio,Puntos 'dobles' al pagar con 'FALABELLA',vacio,2026-07-02
Farmacia,Dermatológicos,Limpiador facial La Roche-Posay Agua Termal 300 g,https://www.soriana.com/dw/image/v2/BGBD_PRD/on/demandware.static/-/Sites-soriana-grocery-master-catalog/default/dw7464271f/images/product/3433422404403_A.jpg?sw=473&sh=473&sm=fit,https://www.soriana.com/farmacia/,/limpiador-facial-la-roche-posay-agua-termal-300-g/2723582.html,$769.00,vacio,Hasta 5 MSI,vacio,Puntos 'dobles' al pagar con 'FALABELLA',vacio,2026-07-02
Farmacia,Dermatológicos,Sérum facial Isdin Ureadin Fusion 30 ml,https://www.soriana.com/dw/image/v2/BGBD_PRD/on/demandware.static/-/Sites-soriana-grocery-master-catalog/default/dwab5179c3/images/product/8470001691880_A.jpg?sw=473&sh=473&sm=fit,https://www.soriana.com/farmacia/,/serum-facial-isdin-ureadin-fusion-30-ml/9064472.html,$779.00,vacio,vacio,vacio,Puntos 'dobles' al pagar con 'FALABELLA',vacio,2026-07-02
Farmacia,Dermatológicos,Crema corporal Grisi Diabecare 250 ml,https://www.soriana.com/dw/image/v2/BGBD_PRD/on/demandware.static/-/Sites-soriana-grocery-master-catalog/default/dwa8a0db40/images/product/7501022111369_A.jpg?sw=473&sh=473&sm=fit,https://www.soriana.com/farmacia/,/crema-corporal-grisi-diabecare-250-ml/11239744.html,$112.00,vacio,vacio,vacio,Puntos 'dobles' al pagar con 'FALABELLA',vacio,2026-07-02
Farmacia,Dermatológicos,CETAPHIL Sun FPS 50+ Protector Solar en Loción Liposomal 100ml,https://www.soriana.com/dw/image/v2/BGBD_PRD/on/demandware.static/-/Sites-soriana-grocery-master-catalog/default/dw94558994/images/product/7612076457355_A.jpg?sw=473&sh=473&sm=fit,https://www.soriana.com/farmacia/,/cetaphil-sun-fps-50-protector-solar-en-locion-liposomal-100ml/9051076.html,$699.00,vacio,vacio,vacio,Puntos 'dobles' al pagar con 'FALABELLA',vacio,2026-07-02
Farmacia,Dermatológicos,Corrector Vichy Dermablend Fluido 35 Sand 30 ml,https://www.soriana.com/dw/image/v2/BGBD_PRD/on/demandware.static/-/Sites-soriana-grocery-master-catalog/default/dw280a08fe/images/product/3337871316617_A.jpg?sw=473&sh=473&sm=fit,https://www.soriana.com/farmacia/,/corrector-vichy-dermablend-fluido-35-sand-30-ml/8001324.html,"$1,165.00",vacio,Hasta 5 MSI,vacio,Puntos 'dobles' al pagar con 'FALABELLA',vacio,2026-07-02
Farmacia,Dermatológicos,CETAPHIL Sun Oil Control FPS 50+ 50ml,https://www.soriana.com/dw/image/v2/BGBD_PRD/on/demandware.static/-/Sites-soriana-grocery-master-catalog/default/dw547c9759/images/product/7897930776609_A.jpg?sw=473&sh=473&sm=fit,https://www.soriana.com/farmacia/,/cetaphil-sun-oil-control-fps-50-50ml/8008325.html,$439.64,vacio,vacio,vacio,Puntos 'dobles' al pagar con 'FALABELLA',vacio,2026-07-02
Farmacia,Dermatológicos,CETAPHIL Loción Facial Hidratante Día con Ácido Hialurónico 88ml,https://www.soriana.com/dw/image/v2/BGBD_PRD/on/demandware.static/-/Sites-soriana-grocery-master-catalog/default/dwbbc4bb57/images/product/3499320007986_A.jpg?sw=473&sh=473&sm=fit,https://www.soriana.com/farmacia/,/cetaphil-locion-facial-hidratante-dia-con-acido-hialuronico-88ml/8002686.html,$662.29,vacio,vacio,vacio,Puntos 'dobles' al pagar con 'FALABELLA',vacio,2026-07-02
Farmacia,Dermatológicos,Bálsamo Labial Exfoliante Labello Scrub Rosa y Vitamina E 4.8g,https://www.soriana.com/dw/image/v2/BGBD_PRD/on/demandware.static/-/Sites-soriana-grocery-master-catalog/default/dw38dcdfe4/images/product/4005900686534_A.jpg?sw=473&sh=473&sm=fit,https://www.soriana.com/farmacia/,/balsamo-labial-exfoliante-labello-scrub-rosa-y-vitamina-e-4.8g/11495975.html,$124.00,vacio,vacio,vacio,Puntos 'dobles' al pagar con 'FALABELLA',vacio,2026-07-02
Farmacia,Dermatológicos,Bálsamo Labial Labello Sandía Protector Labial con Vitamina E 4.8g,https://www.soriana.com/dw/image/v2/BGBD_PRD/on/demandware.static/-/Sites-soriana-grocery-master-catalog/default/dw6144d6ef/images/product/7501054549956_A.jpg?sw=473&sh=473&sm=fit,https://www.soriana.com/farmacia/,/balsamo-labial-labello-sandia-protector-labial-con-vitamina-e-4.8g/11538338.html,$63.24,vacio,vacio,vacio,Puntos 'dobles' al pagar con 'FALABELLA',vacio,2026-07-02
Farmacia,Dermatológicos,Kit dermatológico VICHY Ha Filler antiarrugas Xmas 2023,https://www.soriana.com/dw/image/v2/BGBD_PRD/on/demandware.static/-/Sites-soriana-grocery-master-catalog/default/dwedb1fb8b/images/product/7509552886962_A.jpg?sw=473&sh=473&sm=fit,https://www.soriana.com/farmacia/,/kit-dermatologico-vichy-ha-filler-antiarrugas-xmas-2023/11736231.html,$999.00,vacio,vacio,vacio,Puntos 'dobles' al pagar con 'FALABELLA',vacio,2026-07-02
Farmacia,Dermatológicos,Shampoo Vichy Dercos Energizante 200 ml,https://www.soriana.com/dw/image/v2/BGBD_PRD/on/demandware.static/-/Sites-soriana-grocery-master-catalog/default/dwb43721b5/images/product/3337871311292_A.jpg?sw=473&sh=473&sm=fit,https://www.soriana.com/farmacia/,/shampoo-vichy-dercos-energizante-200-ml/8001238.html,$835.00,vacio,Hasta 5 MSI,vacio,Puntos 'dobles' al pagar con 'FALABELLA',vacio,2026-07-02
Farmacia,Dermatológicos,Desodorante Vichy Piel Sensible 50 ml,https://www.soriana.com/dw/image/v2/BGBD_PRD/on/demandware.static/-/Sites-soriana-grocery-master-catalog/default/dw650bacec/images/product/3337871320324_A.jpg?sw=473&sh=473&sm=fit,https://www.soriana.com/farmacia/,/desodorante-vichy-piel-sensible-50-ml/8001244.html,$618.30,vacio,vacio,vacio,Puntos 'dobles' al pagar con 'FALABELLA',vacio,2026-07-02
Farmacia,Dermatológicos,CETAPHIL Oil Control Hidratante Facial Matificante Antimanchas 89ml,https://www.soriana.com/dw/image/v2/BGBD_PRD/on/demandware.static/-/Sites-soriana-grocery-master-catalog/default/dw223149c2/images/product/7897930778634_A.jpg?sw=473&sh=473&sm=fit,https://www.soriana.com/farmacia/,/cetaphil-oil-control-hidratante-facial-matificante-antimanchas-89ml/11855407.html,$469.78,vacio,vacio,vacio,Puntos 'dobles' al pagar con 'FALABELLA',vacio,2026-07-02
Farmacia,Dermatológicos,Corrector Vichy Dermablend Fluido 15 Opal 30 ml,https://www.soriana.com/dw/image/v2/BGBD_PRD/on/demandware.static/-/Sites-soriana-grocery-master-catalog/default/dw8beb7155/images/product/3337871316594_A.jpg?sw=473&sh=473&sm=fit,https://www.soriana.com/farmacia/,/corrector-vichy-dermablend-fluido-15-opal-30-ml/8001322.html,"$1,165.00",vacio,Hasta 5 MSI,vacio,Puntos 'dobles' al pagar con 'FALABELLA',vacio,2026-07-02
Farmacia,Dermatológicos,Vichy LiftActiv Antioxidante + 2 Regalos,https://www.soriana.com/dw/image/v2/BGBD_PRD/on/demandware.static/-/Sites-soriana-grocery-master-catalog/default/dwb146f751/images/product/7509552820362_A.jpg?sw=473&sh=473&sm=fit,https://www.soriana.com/farmacia/,/vichy-liftactiv-antioxidante-2-regalos/8012419.html,$850.00,vacio,vacio,vacio,Puntos 'dobles' al pagar con 'Tarjetas Participantes',vacio,2026-07-02
Farmacia,Dermatológicos,Cerave Limpiador Control Imperfecc 236ML,https://www.soriana.com/dw/image/v2/BGBD_PRD/on/demandware.static/-/Sites-soriana-grocery-master-catalog/default/dw9ed45b6c/images/product/3337875784054_A.jpg?sw=473&sh=473&sm=fit,https://www.soriana.com/farmacia/,/cerave-limpiador-control-imperfecc-236ml/11697199.html,$445.00,vacio,Hasta 5 MSI,vacio,Puntos 'dobles' al pagar con 'FALABELLA',vacio,2026-07-02
Farmacia,Dermatológicos,Protector Vitascom 1 Pza Natural,https://www.soriana.com/dw/image/v2/BGBD_PRD/on/demandware.static/-/Sites-soriana-grocery-master-catalog/default/dwd1bb86b2/images/product/7500093752969_A.jpg?sw=473&sh=473&sm=fit,https://www.soriana.com/farmacia/,/protector-vitascom-1-pza-natural/11261399.html,$34.90,vacio,vacio,vacio,Puntos 'dobles' al pagar con 'FALABELLA',vacio,2026-07-02
Farmacia,Dermatológicos,Quality Day Almohadillas Fac Jumbo 50pz,https://www.soriana.com/dw/image/v2/BGBD_PRD/on/demandware.static/-/Sites-soriana-grocery-master-catalog/default/dw8f1af970/images/product/7500525015587_A.jpg?sw=473&sh=473&sm=fit,https://www.soriana.com/farmacia/,/quality-day-almohadillas-fac-jumbo-50pz/11432473.html,$33.00,vacio,3 x 2,vacio,Puntos 'dobles' al pagar con 'FALABELLA',vacio,2026-07-02
Farmacia,Dermatológicos,Oxy Pads Con 50 Piezas,https://www.soriana.com/dw/image/v2/BGBD_PRD/on/demandware.static/-/Sites-soriana-grocery-master-catalog/default/dw4f22a5d8/images/product/7503007431370_A.jpg?sw=473&sh=473&sm=fit,https://www.soriana.com/farmacia/,/oxy-pads-con-50-piezas/11522541.html,$107.00,vacio,vacio,vacio,Puntos 'dobles' al pagar con 'FALABELLA',vacio,2026-07-02
Farmacia,Dermatológicos,Bioderma Atoderm Crema Ultra 500 Ml,https://www.soriana.com/dw/image/v2/BGBD_PRD/on/demandware.static/-/Sites-soriana-grocery-master-catalog/default/dw94aa865d/images/product/3701129805343_A.jpg?sw=473&sh=473&sm=fit,https://www.soriana.com/farmacia/,/bioderma-atoderm-crema-ultra-500-ml/11754877.html,$475.00,vacio,vacio,vacio,Puntos 'dobles' al pagar con 'FALABELLA',vacio,2026-07-02
Farmacia,Dermatológicos,Eucerin Sun Hydrofluid Light Fps50 Spf 5,https://www.soriana.com/dw/image/v2/BGBD_PRD/on/demandware.static/-/Sites-soriana-grocery-master-catalog/default/dw97fbe9ca/images/product/4006000127026_A.jpg?sw=473&sh=473&sm=fit,https://www.soriana.com/farmacia/,/eucerin-sun-hydrofluid-light-fps50-spf-5/11870418.html,$643.00,vacio,vacio,vacio,Puntos 'dobles' al pagar con 'FALABELLA',vacio,2026-07-02
Farmacia,Dermatológicos,Eucerin 3Pack Triple Effect Serum,https://www.soriana.com/dw/image/v2/BGBD_PRD/on/demandware.static/-/Sites-soriana-grocery-master-catalog/default/dw0f3e1ecd/images/product/4006000177519_A.jpg?sw=473&sh=473&sm=fit,https://www.soriana.com/farmacia/,/eucerin-3pack-triple-effect-serum/11870353.html,$898.00,vacio,vacio,vacio,Puntos 'dobles' al pagar con 'FALABELLA',vacio,2026-07-02
Farmacia,Dermatológicos,Babynaturals Gel Shampoo 400Ml,https://www.soriana.com/dw/image/v2/BGBD_PRD/on/demandware.static/-/Sites-soriana-grocery-master-catalog/default/dwc09035e3/images/product/8429420181014_A.jpg?sw=473&sh=473&sm=fit,https://www.soriana.com/farmacia/,/babynaturals-gel-shampoo-400ml/11855643.html,$227.00,vacio,vacio,vacio,Puntos 'dobles' al pagar con 'FALABELLA',vacio,2026-07-02
Farmacia,Dermatológicos,Bepanthen Derma Balsamo 200 Ml,https://www.soriana.com/dw/image/v2/BGBD_PRD/on/demandware.static/-/Sites-soriana-grocery-master-catalog/default/dw5a559f7b/images/product/7501008499573_A.jpg?sw=473&sh=473&sm=fit,https://www.soriana.com/farmacia/,/bepanthen-derma-balsamo-200-ml/11744562.html,$459.45,vacio,vacio,vacio,Puntos 'dobles' al pagar con 'FALABELLA',vacio,2026-07-02
Farmacia,Dermatológicos,Babaria Acido Hialuronico Ampolletas 5Pz,https://www.soriana.com/dw/image/v2/BGBD_PRD/on/demandware.static/-/Sites-soriana-grocery-master-catalog/default/dw3c5a76e1/images/product/8410412100137_A.jpg?sw=473&sh=473&sm=fit,https://www.soriana.com/farmacia/,/babaria-acido-hialuronico-ampolletas-5pz/11727706.html,$199.00,vacio,vacio,vacio,Puntos 'dobles' al pagar con 'FALABELLA',vacio,2026-07-02
Farmacia,Dermatológicos,Serum Facial My.ingredients Salicylic Acid Solution,https://www.soriana.com/dw/image/v2/BGBD_PRD/on/demandware.static/-/Sites-soriana-grocery-master-catalog/default/dw03a74c07/images/product/0628816001075_A.jpg?sw=473&sh=473&sm=fit,https://www.soriana.com/farmacia/,/serum-facial-my.ingredients-salicylic-acid-solution/11675997.html,$279.90,vacio,vacio,vacio,Puntos 'dobles' al pagar con 'FALABELLA',vacio,2026-07-02
Farmacia,Dermatológicos,Sérum Facial Grisi Jalea Real 30 ml,https://www.soriana.com/dw/image/v2/BGBD_PRD/on/demandware.static/-/Sites-soriana-grocery-master-catalog/default/dw7ba50d59/images/product/0037836040993_A.jpg?sw=473&sh=473&sm=fit,https://www.soriana.com/farmacia/,/serum-facial-grisi-jalea-real-30-ml/11612903.html,$193.00,vacio,vacio,vacio,Puntos 'dobles' al pagar con 'FALABELLA',vacio,2026-07-02
Farmacia,Dermatológicos,Protector Solar Banana Boat Kids Sport 50+ FPS 170 g,https://www.soriana.com/dw/image/v2/BGBD_PRD/on/demandware.static/-/Sites-soriana-grocery-master-catalog/default/dw5c86686d/images/product/0079656529296_A.jpg?sw=473&sh=473&sm=fit,https://www.soriana.com/farmacia/,/protector-solar-banana-boat-kids-sport-50-fps-170-g/9141126.html,$339.00,vacio,vacio,vacio,Puntos 'dobles' al pagar con 'FALABELLA',vacio,2026-07-02
Farmacia,Dermatológicos,CeraVe Loción Hidratante para Rostro y Cuerpo Piel Seca 473 ml,https://www.soriana.com/dw/image/v2/BGBD_PRD/on/demandware.static/-/Sites-soriana-grocery-master-catalog/default/dw3b5fdd29/images/product/3337875597395_A.jpg?sw=473&sh=473&sm=fit,https://www.soriana.com/farmacia/,/cerave-locion-hidratante-para-rostro-y-cuerpo-piel-seca-473-ml/8002706.html,$609.00,vacio,Hasta 5 MSI,vacio,Puntos 'dobles' al pagar con 'FALABELLA',vacio,2026-07-02
Farmacia,Dermatológicos,Bepanthen Locion Corporal 200 Ml,https://www.soriana.com/dw/image/v2/BGBD_PRD/on/demandware.static/-/Sites-soriana-grocery-master-catalog/default/dwd0aefda6/images/product/7501008499535_A.jpg?sw=473&sh=473&sm=fit,https://www.soriana.com/farmacia/,/bepanthen-locion-corporal-200-ml/11744564.html,$262.39,vacio,vacio,vacio,Puntos 'dobles' al pagar con 'FALABELLA',vacio,2026-07-02
Farmacia,Dermatológicos,Isdinceutics Melaclear Advanced 30Ml,https://www.soriana.com/dw/image/v2/BGBD_PRD/on/demandware.static/-/Sites-soriana-grocery-master-catalog/default/dw28e99f13/images/product/8429420252493_A.jpg?sw=473&sh=473&sm=fit,https://www.soriana.com/farmacia/,/isdinceutics-melaclear-advanced-30ml/11791366.html,"$1,350.00",vacio,vacio,vacio,Puntos 'dobles' al pagar con 'FALABELLA',vacio,2026-07-02
Farmacia,Dermatológicos,CeraVe Skin Renewing Serum Vitamina C 30 ml,https://www.soriana.com/dw/image/v2/BGBD_PRD/on/demandware.static/-/Sites-soriana-grocery-master-catalog/default/dwd6823ff9/images/product/3337875903196_A.jpg?sw=473&sh=473&sm=fit,https://www.soriana.com/farmacia/,/cerave-skin-renewing-serum-vitamina-c-30-ml/11926125.html,$649.00,vacio,vacio,vacio,Puntos 'dobles' al pagar con 'FALABELLA',vacio,2026-07-02
Farmacia,Dermatológicos,Silcura Emulsion Spry Solución C/125ml,https://www.soriana.com/dw/image/v2/BGBD_PRD/on/demandware.static/-/Sites-soriana-grocery-master-catalog/default/dw5e23bf8d/images/product/7502246642417_A.jpg?sw=473&sh=473&sm=fit,https://www.soriana.com/farmacia/,/silcura-emulsion-spry-solucion-c-125ml/2386607.html,"$1,031.00",vacio,vacio,vacio,Puntos 'dobles' al pagar con 'FALABELLA',vacio,2026-07-02
Farmacia,Dermatológicos,Gel La Roche-Posay Cicaplast B5 Reparación 40 ml,https://www.soriana.com/dw/image/v2/BGBD_PRD/on/demandware.static/-/Sites-soriana-grocery-master-catalog/default/dwba484d5e/images/product/3337875586269_A.jpg?sw=473&sh=473&sm=fit,https://www.soriana.com/farmacia/,/gel-la-roche-posay-cicaplast-b5-reparacion-40-ml/8002763.html,$739.00,vacio,Hasta 5 MSI,vacio,Puntos 'dobles' al pagar con 'FALABELLA',vacio,2026-07-02
Farmacia,Dermatológicos,La Roche Posay Bloqueador Facial Anthelios UVMune 50+ FPS 50 ml,https://www.soriana.com/dw/image/v2/BGBD_PRD/on/demandware.static/-/Sites-soriana-grocery-master-catalog/default/dw70f947a4/images/product/3337875797689_A.jpg?sw=473&sh=473&sm=fit,https://www.soriana.com/farmacia/,/la-roche-posay-bloqueador-facial-anthelios-uvmune-50-fps-50-ml/8012391.html,$925.00,vacio,Hasta 5 MSI,vacio,Puntos 'dobles' al pagar con 'FALABELLA',vacio,2026-07-02
Farmacia,Dermatológicos,Th Pharma Ministral Crema Booster 15 ml,https://www.soriana.com/dw/image/v2/BGBD_PRD/on/demandware.static/-/Sites-soriana-grocery-master-catalog/default/dw2f554bc4/images/product/8426827012743_A.jpg?sw=473&sh=473&sm=fit,https://www.soriana.com/farmacia/,/th-pharma-ministral-crema-booster-15-ml/11726623.html,$215.00,vacio,vacio,vacio,Puntos 'dobles' al pagar con 'FALABELLA',vacio,2026-07-02
Farmacia,Dermatológicos,La Roche Posay Lipikar Lait Urea10 400Ml,https://www.soriana.com/dw/image/v2/BGBD_PRD/on/demandware.static/-/Sites-soriana-grocery-master-catalog/default/dwa42b0619/images/product/3337875852302_A.jpg?sw=473&sh=473&sm=fit,https://www.soriana.com/farmacia/,/la-roche-posay-lipikar-lait-urea10-400ml/11789572.html,$699.00,vacio,vacio,vacio,Puntos 'dobles' al pagar con 'FALABELLA',vacio,2026-07-02
Farmacia,Dermatológicos,Th Pharma V-Perfect Gold Cont Ojos 30 ml,https://www.soriana.com/dw/image/v2/BGBD_PRD/on/demandware.static/-/Sites-soriana-grocery-master-catalog/default/dwbcf6cca0/images/product/8426827085518_A.jpg?sw=473&sh=473&sm=fit,https://www.soriana.com/farmacia/,/th-pharma-v-perfect-gold-cont-ojos-30-ml/11726624.html,$180.00,vacio,vacio,vacio,Puntos 'dobles' al pagar con 'FALABELLA',vacio,2026-07-02
Farmacia,Dermatológicos,Isdin Acnibe On The Spot 15 ml,https://www.soriana.com/dw/image/v2/BGBD_PRD/on/demandware.static/-/Sites-soriana-grocery-master-catalog/default/dw1be24430/images/product/8470001855107_A.jpg?sw=473&sh=473&sm=fit,https://www.soriana.com/farmacia/,/isdin-acnibe-on-the-spot-15-ml/8012466.html,$421.00,vacio,Hasta 5 MSI,vacio,Puntos 'dobles' al pagar con 'FALABELLA',vacio,2026-07-02
Farmacia,Dermatológicos,Repelente Bye Bites Forte Spray 100 ml,https://www.soriana.com/dw/image/v2/BGBD_PRD/on/demandware.static/-/Sites-soriana-grocery-master-catalog/default/dwa1a8c8e5/images/product/7502254360594_A.jpg?sw=473&sh=473&sm=fit,https://www.soriana.com/farmacia/,/repelente-bye-bites-forte-spray-100-ml/11699370.html,$113.00,vacio,vacio,vacio,Puntos 'dobles' al pagar con 'FALABELLA',vacio,2026-07-02
Farmacia,Dermatológicos,La Roche Posay Anthelios UV Mune 400 Color 50 ml,https://www.soriana.com/dw/image/v2/BGBD_PRD/on/demandware.static/-/Sites-soriana-grocery-master-catalog/default/dw41529caf/images/product/3337875797641_A.jpg?sw=473&sh=473&sm=fit,https://www.soriana.com/farmacia/,/la-roche-posay-anthelios-uv-mune-400-color-50-ml/8011685.html,$869.00,vacio,Hasta 5 MSI,vacio,Puntos 'dobles' al pagar con 'FALABELLA',vacio,2026-07-02
Farmacia,Dermatológicos,Loción facial A-Derma Exomega Control 400 ml,https://www.soriana.com/dw/image/v2/BGBD_PRD/on/demandware.static/-/Sites-soriana-grocery-master-catalog/default/dw31065e1a/images/product/3282770074635_A.jpg?sw=473&sh=473&sm=fit,https://www.soriana.com/farmacia/,/locion-facial-a-derma-exomega-control-400-ml/9069197.html,$749.00,vacio,Hasta 5 MSI,vacio,Puntos 'dobles' al pagar con 'FALABELLA',vacio,2026-07-02
Farmacia,Dermatológicos,TRI-PACK EUCERIN ANTIPIGMENT BODY+SERUM+MINI,https://www.soriana.com/dw/image/v2/BGBD_PRD/on/demandware.static/-/Sites-soriana-grocery-master-catalog/default/dw89dc4ee7/images/product/7501054558552_A.jpg?sw=473&sh=473&sm=fit,https://www.soriana.com/farmacia/,/tri-pack-eucerin-antipigment-bodyserummini/11899054.html,"$1,211.00",vacio,vacio,vacio,Puntos 'dobles' al pagar con 'FALABELLA',vacio,2026-07-02
Farmacia,Dermatológicos,Eucerin Pack Hydro Fluid,https://www.soriana.com/dw/image/v2/BGBD_PRD/on/demandware.static/-/Sites-soriana-grocery-master-catalog/default/dw7ffdcb9d/images/product/4006000174679_A.jpg?sw=473&sh=473&sm=fit,https://www.soriana.com/farmacia/,/eucerin-pack-hydro-fluid/11870354.html,$518.00,vacio,vacio,vacio,Puntos 'dobles' al pagar con 'FALABELLA',vacio,2026-07-02
Farmacia,Dermatológicos,Eucerin Hyaluron Filler Elasticity Crema Día SPF 30+ 50 ML,https://www.soriana.com/dw/image/v2/BGBD_PRD/on/demandware.static/-/Sites-soriana-grocery-master-catalog/default/dw896da8f6/images/product/4006000183909_1.jpg?sw=473&sh=473&sm=fit,https://www.soriana.com/farmacia/,/eucerin-hyaluron-filler-elasticity-crema-dia-spf-30-50-ml/11924102.html,$949.00,vacio,vacio,vacio,Puntos 'dobles' al pagar con 'FALABELLA',vacio,2026-07-02
Farmacia,Dermatológicos,Kit dermatológico LA ROCHE POSAY Hyalu B5 Sérum 30ml + Anthelios UVMune 3ml + Hyalu B5 ampolletas,https://www.soriana.com/dw/image/v2/BGBD_PRD/on/demandware.static/-/Sites-soriana-grocery-master-catalog/default/dwa37fedb0/images/product/7509552893168_A.jpg?sw=473&sh=473&sm=fit,https://www.soriana.com/farmacia/,/kit-dermatologico-la-roche-posay-hyalu-b5-serum-30ml-anthelios-uvmune-3ml-hyalu-b5-ampolletas/11736227.html,$999.00,vacio,vacio,vacio,Puntos 'dobles' al pagar con 'FALABELLA',vacio,2026-07-02
Farmacia,Dermatológicos,Vichy Liftactiv Collagen Specialist 16 con 1 pieza,https://www.soriana.com/dw/image/v2/BGBD_PRD/on/demandware.static/-/Sites-soriana-grocery-master-catalog/default/dw12c87a4e/images/product/3337875912600_A.jpg?sw=473&sh=473&sm=fit,https://www.soriana.com/farmacia/,/vichy-liftactiv-collagen-specialist-16-con-1-pieza/11926922.html,"$1,299.00",vacio,vacio,vacio,Puntos 'dobles' al pagar con 'FALABELLA',vacio,2026-07-02
Farmacia,Dermatológicos,Herklin Nf 2/0.2g Sol con 60ml,https://www.soriana.com/dw/image/v2/BGBD_PRD/on/demandware.static/-/Sites-soriana-grocery-master-catalog/default/dw357ac24d/images/product/7501089810014_A.jpg?sw=473&sh=473&sm=fit,https://www.soriana.com/farmacia/,/herklin-nf-2-0.2g-sol-con-60ml/387851.html,$155.00,vacio,vacio,vacio,Puntos 'dobles' al pagar con 'FALABELLA',vacio,2026-07-02
Farmacia,Dermatológicos,Novo Her-Klin 1g Shamp con 100ml,https://www.soriana.com/dw/image/v2/BGBD_PRD/on/demandware.static/-/Sites-soriana-grocery-master-catalog/default/dw69ccda2a/images/product/7501089810137_A.jpg?sw=473&sh=473&sm=fit,https://www.soriana.com/farmacia/,/novo-her-klin-1g-shamp-con-100ml/555910.html,$239.00,vacio,vacio,vacio,Puntos 'dobles' al pagar con 'FALABELLA',vacio,2026-07-02
Farmacia,Dermatológicos,Novo Her-Klin 2000 5g Shamp con 60ml,https://www.soriana.com/dw/image/v2/BGBD_PRD/on/demandware.static/-/Sites-soriana-grocery-master-catalog/default/dwd31d41f9/images/product/7501089810205_A.jpg?sw=473&sh=473&sm=fit,https://www.soriana.com/farmacia/,/novo-her-klin-2000-5g-shamp-con-60ml/555912.html,$158.00,vacio,vacio,vacio,Puntos 'dobles' al pagar con 'FALABELLA',vacio,2026-07-02
Farmacia,Dermatológicos,"Cicatricure Crema Ojos, Arrugas y Bolsas 8.5 g",https://www.soriana.com/dw/image/v2/BGBD_PRD/on/demandware.static/-/Sites-soriana-grocery-master-catalog/default/dw6c75a334/images/product/0650240027802_A.jpg?sw=473&sh=473&sm=fit,https://www.soriana.com/farmacia/,/cicatricure-crema-ojos-arrugas-y-bolsas-8.5-g/2561162.html,$285.00,vacio,vacio,vacio,Puntos 'dobles' al pagar con 'FALABELLA',vacio,2026-07-02
Farmacia,Dermatológicos,Betagranulos Limpiadora Crema C/60g,https://www.soriana.com/dw/image/v2/BGBD_PRD/on/demandware.static/-/Sites-soriana-grocery-master-catalog/default/dw4a59cd12/images/product/7703333007700_A.jpg?sw=473&sh=473&sm=fit,https://www.soriana.com/farmacia/,/betagranulos-limpiadora-crema-c-60g/579678.html,$583.00,vacio,vacio,vacio,Puntos 'dobles' al pagar con 'FALABELLA',vacio,2026-07-02
Farmacia,Dermatológicos,Loción corporal Eucerin PH 5 250 ml,https://www.soriana.com/dw/image/v2/BGBD_PRD/on/demandware.static/-/Sites-soriana-grocery-master-catalog/default/dw94b09a33/images/product/7501054530107_A.jpg?sw=473&sh=473&sm=fit,https://www.soriana.com/farmacia/,/locion-corporal-eucerin-ph-5-250-ml/627659.html,$509.00,vacio,vacio,vacio,Puntos 'dobles' al pagar con 'FALABELLA',vacio,2026-07-02
Farmacia,Dermatológicos,Crema Remexa Glicoderm 60 g,https://www.soriana.com/dw/image/v2/BGBD_PRD/on/demandware.static/-/Sites-soriana-grocery-master-catalog/default/dw0c81d643/images/product/7501273500318_A.jpg?sw=473&sh=473&sm=fit,https://www.soriana.com/farmacia/,/crema-remexa-glicoderm-60-g/587070.html,$727.00,vacio,vacio,vacio,Puntos 'dobles' al pagar con 'FALABELLA',vacio,2026-07-02
Farmacia,Dermatológicos,Cicloferon Color Piel Crema con 2g,https://www.soriana.com/dw/image/v2/BGBD_PRD/on/demandware.static/-/Sites-soriana-grocery-master-catalog/default/dw210325ae/images/product/7501299303085_A.jpg?sw=473&sh=473&sm=fit,https://www.soriana.com/farmacia/,/cicloferon-color-piel-crema-con-2g/655919.html,$71.50,vacio,vacio,vacio,Puntos 'dobles' al pagar con 'FALABELLA',vacio,2026-07-02
Farmacia,Dermatológicos,Blistex Labial Reg Crema con 4.2g,https://www.soriana.com/dw/image/v2/BGBD_PRD/on/demandware.static/-/Sites-soriana-grocery-master-catalog/default/dw4e32d5a7/images/product/7501070617479_A.jpg?sw=473&sh=473&sm=fit,https://www.soriana.com/farmacia/,/blistex-labial-reg-crema-con-4.2g/700255.html,$81.00,vacio,vacio,vacio,Puntos 'dobles' al pagar con 'FALABELLA',vacio,2026-07-02
Farmacia,Dermatológicos,Soyaloid Pack Sob 2g con 10 Pzas,https://www.soriana.com/dw/image/v2/BGBD_PRD/on/demandware.static/-/Sites-soriana-grocery-master-catalog/default/dw396c4b70/images/product/7501258204279_A.jpg?sw=473&sh=473&sm=fit,https://www.soriana.com/farmacia/,/soyaloid-pack-sob-2g-con-10-pzas/749287.html,$411.00,vacio,vacio,vacio,Puntos 'dobles' al pagar con 'FALABELLA',vacio,2026-07-02
Farmacia,Dermatológicos,Acnaid Jabón Con 100 g,https://www.soriana.com/dw/image/v2/BGBD_PRD/on/demandware.static/-/Sites-soriana-grocery-master-catalog/default/dwb22b4c7b/images/product/7501406870097_A.jpg?sw=473&sh=473&sm=fit,https://www.soriana.com/farmacia/,/acnaid-jabon-con-100-g/740681.html,$156.00,vacio,vacio,vacio,Puntos 'dobles' al pagar con 'FALABELLA',vacio,2026-07-02
Farmacia,Dermatológicos,Isdin Age Revers Night 50 ml,https://www.soriana.com/dw/image/v2/BGBD_PRD/on/demandware.static/-/Sites-soriana-grocery-master-catalog/default/dwebbe6026/images/product/8429420172401_A.jpg?sw=473&sh=473&sm=fit,https://www.soriana.com/farmacia/,/isdin-age-revers-night-50-ml/8012458.html,"$1,919.00",vacio,Hasta 5 MSI,vacio,Puntos 'dobles' al pagar con 'FALABELLA',vacio,2026-07-02
Farmacia,Dermatológicos,Crema corporal A-Derma Exomega Control Crema 400 ml,https://www.soriana.com/dw/image/v2/BGBD_PRD/on/demandware.static/-/Sites-soriana-grocery-master-catalog/default/dw662b93e9/images/product/3282770073577_A.jpg?sw=473&sh=473&sm=fit,https://www.soriana.com/farmacia/,/crema-corporal-a-derma-exomega-control-crema-400-ml/8002796.html,$749.00,vacio,Hasta 5 MSI,vacio,Puntos 'dobles' al pagar con 'FALABELLA',vacio,2026-07-02
Farmacia,Dermatológicos,Herklin Repelente Piojos Gel 120 ml,https://www.soriana.com/dw/image/v2/BGBD_PRD/on/demandware.static/-/Sites-soriana-grocery-master-catalog/default/dwcf35daa9/images/product/7501089810588_A.jpg?sw=473&sh=473&sm=fit,https://www.soriana.com/farmacia/,/herklin-repelente-piojos-gel-120-ml/8002885.html,$96.00,vacio,vacio,vacio,Puntos 'dobles' al pagar con 'FALABELLA',vacio,2026-07-02
Farmacia,Dermatológicos,Ureadin Rx Isdin 40 Gel-Exfo 30ml,https://www.soriana.com/dw/image/v2/BGBD_PRD/on/demandware.static/-/Sites-soriana-grocery-master-catalog/default/dwec2b89f8/images/product/8470001532411_A.jpg?sw=473&sh=473&sm=fit,https://www.soriana.com/farmacia/,/ureadin-rx-isdin-40-gel-exfo-30ml/8002695.html,$474.00,vacio,vacio,vacio,Puntos 'dobles' al pagar con 'FALABELLA',vacio,2026-07-02
Farmacia,Dermatológicos,Protector Solar Compacto Con Tinte Avène Arena Fps 50 10 Gr,https://www.soriana.com/dw/image/v2/BGBD_PRD/on/demandware.static/-/Sites-soriana-grocery-master-catalog/default/dwf16f6d0c/images/product/3282776367045_A.jpg?sw=473&sh=473&sm=fit,https://www.soriana.com/farmacia/,/protector-solar-compacto-con-tinte-avene-arena-fps-50-10-gr/8002785.html,$885.00,vacio,Hasta 5 MSI,vacio,Puntos 'dobles' al pagar con 'FALABELLA',vacio,2026-07-02
Farmacia,Dermatológicos,Crema facial Neutrogena Bright Boost 50 g,https://www.soriana.com/dw/image/v2/BGBD_PRD/on/demandware.static/-/Sites-soriana-grocery-master-catalog/default/dw3de09296/images/product/7891010249861_A.jpg?sw=473&sh=473&sm=fit,https://www.soriana.com/farmacia/,/crema-facial-neutrogena-bright-boost-50-g/11584735.html,$429.00,vacio,vacio,vacio,Puntos 'dobles' al pagar con 'FALABELLA',vacio,2026-07-02
Farmacia,Dermatológicos,Shampoo Forticap Anticaspa 130 ml,https://www.soriana.com/dw/image/v2/BGBD_PRD/on/demandware.static/-/Sites-soriana-grocery-master-catalog/default/dwa97f4147/images/product/7502272121177_A.jpg?sw=473&sh=473&sm=fit,https://www.soriana.com/farmacia/,/shampoo-forticap-anticaspa-130-ml/11679458.html,$128.00,vacio,vacio,vacio,Puntos 'dobles' al pagar con 'FALABELLA',vacio,2026-07-02
Farmacia,Dermatológicos,Protector Solar Siin & Fun Kids 12 g,https://www.soriana.com/dw/image/v2/BGBD_PRD/on/demandware.static/-/Sites-soriana-grocery-master-catalog/default/dwfe5cf643/images/product/7500463858734_A.jpg?sw=473&sh=473&sm=fit,https://www.soriana.com/farmacia/,/protector-solar-siin-fun-kids-12-g/11679459.html,$86.00,vacio,vacio,vacio,Puntos 'dobles' al pagar con 'FALABELLA',vacio,2026-07-02
Farmacia,Dermatológicos,CETAPHIL Crema Hidratante 453g,https://www.soriana.com/dw/image/v2/BGBD_PRD/on/demandware.static/-/Sites-soriana-grocery-master-catalog/default/dwf97f6f64/images/product/3466320012838_A.jpg?sw=473&sh=473&sm=fit,https://www.soriana.com/farmacia/,/cetaphil-crema-hidratante-453g/8012422.html,$589.00,vacio,vacio,vacio,Puntos 'dobles' al pagar con 'FALABELLA',vacio,2026-07-02
Farmacia,Dermatológicos,Bálsamo Labial Protector Eucerin Aquaphor Lip Repair 9.5 g,https://www.soriana.com/dw/image/v2/BGBD_PRD/on/demandware.static/-/Sites-soriana-grocery-master-catalog/default/dw4a7a083a/images/product/4005800268731_A.jpg?sw=473&sh=473&sm=fit,https://www.soriana.com/farmacia/,/balsamo-labial-protector-eucerin-aquaphor-lip-repair-9.5-g/11686317.html,$275.00,vacio,vacio,vacio,Puntos 'dobles' al pagar con 'FALABELLA',vacio,2026-07-02
Farmacia,Dermatológicos,CETAPHIL Crema Hidratante 250g,https://www.soriana.com/dw/image/v2/BGBD_PRD/on/demandware.static/-/Sites-soriana-grocery-master-catalog/default/dw31d906c4/images/product/3499320012829 _A.jpg?sw=473&sh=473&sm=fit,https://www.soriana.com/farmacia/,/cetaphil-crema-hidratante-250g/8012421.html,$419.00,vacio,vacio,vacio,Puntos 'dobles' al pagar con 'FALABELLA',vacio,2026-07-02
Farmacia,Dermatológicos,CETAPHIL Sun Kids FPS 50+ Protector Solar en Loción Liposomal 150ml,https://www.soriana.com/dw/image/v2/BGBD_PRD/on/demandware.static/-/Sites-soriana-grocery-master-catalog/default/dw12d38036/images/product/7612076457430_A.jpg?sw=473&sh=473&sm=fit,https://www.soriana.com/farmacia/,/cetaphil-sun-kids-fps-50-protector-solar-en-locion-liposomal-150ml/9051081.html,$809.00,vacio,vacio,vacio,Puntos 'dobles' al pagar con 'FALABELLA',vacio,2026-07-02
Farmacia,Dermatológicos,Vichy Dermablend 25 Nude Flu 30 ml,https://www.soriana.com/dw/image/v2/BGBD_PRD/on/demandware.static/-/Sites-soriana-grocery-master-catalog/default/dw264830a9/images/product/3337871316600_A.jpg?sw=473&sh=473&sm=fit,https://www.soriana.com/farmacia/,/vichy-dermablend-25-nude-flu-30-ml/8001323.html,"$1,165.00",vacio,Hasta 5 MSI,vacio,Puntos 'dobles' al pagar con 'FALABELLA',vacio,2026-07-02
Farmacia,Dermatológicos,Vichy Dermablend Gold 45 Maquillaje en Polvo 9.5 g,https://www.soriana.com/dw/image/v2/BGBD_PRD/on/demandware.static/-/Sites-soriana-grocery-master-catalog/default/dw69ee421f/images/product/3337875563055_A.jpg?sw=473&sh=473&sm=fit,https://www.soriana.com/farmacia/,/vichy-dermablend-gold-45-maquillaje-en-polvo-9.5-g/8002583.html,"$1,075.00",vacio,Hasta 5 MSI,vacio,Puntos 'dobles' al pagar con 'FALABELLA',vacio,2026-07-02
Farmacia,Dermatológicos,Vichy Intensa Anti-Transpirante 50 ml,https://www.soriana.com/dw/image/v2/BGBD_PRD/on/demandware.static/-/Sites-soriana-grocery-master-catalog/default/dw7c2ac518/images/product/3337871320300_A.jpg?sw=473&sh=473&sm=fit,https://www.soriana.com/farmacia/,/vichy-intensa-anti-transpirante-50-ml/8001245.html,$618.30,vacio,Hasta 5 MSI,vacio,Puntos 'dobles' al pagar con 'FALABELLA',vacio,2026-07-02
Farmacia,Dermatológicos,Antitranspirante Vichy Belleza 50 Ml,https://www.soriana.com/dw/image/v2/BGBD_PRD/on/demandware.static/-/Sites-soriana-grocery-master-catalog/default/dw97a2d825/images/product/3337871325671_A.jpg?sw=473&sh=473&sm=fit,https://www.soriana.com/farmacia/,/antitranspirante-vichy-belleza-50-ml/8001235.html,$609.00,vacio,Hasta 5 MSI,vacio,Puntos 'dobles' al pagar con 'FALABELLA',vacio,2026-07-02
Farmacia,Dermatológicos,CETAPHIL Healthy Renew Serum Contorno de Ojos 15g,https://www.soriana.com/dw/image/v2/BGBD_PRD/on/demandware.static/-/Sites-soriana-grocery-master-catalog/default/dw6cf97904/images/product/3499320015752_A.jpg?sw=473&sh=473&sm=fit,https://www.soriana.com/farmacia/,/cetaphil-healthy-renew-serum-contorno-de-ojos-15g/11855296.html,$669.00,vacio,vacio,vacio,Puntos 'dobles' al pagar con 'FALABELLA',vacio,2026-07-02
Farmacia,Dermatológicos,Corrector Vichy Dermablend 3d Correction 35 30 ml,https://www.soriana.com/dw/image/v2/BGBD_PRD/on/demandware.static/-/Sites-soriana-grocery-master-catalog/default/dwc2650f18/images/product/3337871332310_A.jpg?sw=473&sh=473&sm=fit,https://www.soriana.com/farmacia/,/corrector-vichy-dermablend-3d-correction-35-30-ml/8001318.html,"$1,165.00",vacio,Hasta 5 MSI,vacio,Puntos 'dobles' al pagar con 'FALABELLA',vacio,2026-07-02
Farmacia,Dermatológicos,Protector Solar Facial Eucerin Oil Control Toque Seco Fps 50+ 50 ml,https://www.soriana.com/dw/image/v2/BGBD_PRD/on/demandware.static/-/Sites-soriana-grocery-master-catalog/default/dw763da799/images/product/4005900140906_A.jpg?sw=473&sh=473&sm=fit,https://www.soriana.com/farmacia/,/protector-solar-facial-eucerin-oil-control-toque-seco-fps-50-50-ml/11179772.html,$729.00,vacio,vacio,vacio,Puntos 'dobles' al pagar con 'FALABELLA',vacio,2026-07-02
Farmacia,Dermatológicos,Jabón Grisi Control Carbón Activado 100 g,https://www.soriana.com/dw/image/v2/BGBD_PRD/on/demandware.static/-/Sites-soriana-grocery-master-catalog/default/dw3fc52616/images/product/7501022112236_A.jpg?sw=473&sh=473&sm=fit,https://www.soriana.com/farmacia/,/jabon-grisi-control-carbon-activado-100-g/11541781.html,$47.00,vacio,vacio,vacio,Puntos 'dobles' al pagar con 'FALABELLA',vacio,2026-07-02
Farmacia,Dermatológicos,Bálsamo para Labios Labello Vainilla 4.8 g,https://www.soriana.com/dw/image/v2/BGBD_PRD/on/demandware.static/-/Sites-soriana-grocery-master-catalog/default/dw6fb21cd0/images/product/4005800184642_A.jpg?sw=473&sh=473&sm=fit,https://www.soriana.com/farmacia/,/balsamo-para-labios-labello-vainilla-4.8-g/11383561.html,$87.00,vacio,vacio,vacio,Puntos 'dobles' al pagar con 'FALABELLA',vacio,2026-07-02
Farmacia,Dermatológicos,Torundas De Algodón Quality Day 150 Piezas,https://www.soriana.com/dw/image/v2/BGBD_PRD/on/demandware.static/-/Sites-soriana-grocery-master-catalog/default/dw98fa1e11/images/product/7500525015532_A.jpg?sw=473&sh=473&sm=fit,https://www.soriana.com/farmacia/,/torundas-de-algodon-quality-day-150-piezas/11432038.html,$31.00,vacio,3 x 2,vacio,Puntos 'dobles' al pagar con 'FALABELLA',vacio,2026-07-02
Farmacia,Dermatológicos,Off Defense Gel 100 ml,https://www.soriana.com/dw/image/v2/BGBD_PRD/on/demandware.static/-/Sites-soriana-grocery-master-catalog/default/dw86e8266f/images/product/7501032914189_A.jpg?sw=473&sh=473&sm=fit,https://www.soriana.com/farmacia/,/off-defense-gel-100-ml/11465080.html,$175.00,vacio,vacio,vacio,Puntos 'dobles' al pagar con 'FALABELLA',vacio,2026-07-02
Farmacia,Dermatológicos,Vitascom Jabon Espumoso P/Manos 250ml,https://www.soriana.com/dw/image/v2/BGBD_PRD/on/demandware.static/-/Sites-soriana-grocery-master-catalog/default/dwcb71c977/images/product/7500525253897_A.jpg?sw=473&sh=473&sm=fit,https://www.soriana.com/farmacia/,/vitascom-jabon-espumoso-p-manos-250ml/11529534.html,$40.00,vacio,vacio,vacio,Puntos 'dobles' al pagar con 'FALABELLA',vacio,2026-07-02
Farmacia,Dermatológicos,"Gel Facial, Mist Y Protector Solar",https://www.soriana.com/dw/image/v2/BGBD_PRD/on/demandware.static/-/Sites-soriana-grocery-master-catalog/default/dwd1880fe3/images/product/4005800349683_A.jpg?sw=473&sh=473&sm=fit,https://www.soriana.com/farmacia/,/gel-facial-mist-y-protector-solar/11835678.html,$899.00,vacio,vacio,vacio,Puntos 'dobles' al pagar con 'FALABELLA',vacio,2026-07-02
Farmacia,Dermatológicos,Eucerin Sun Hydrofluid Bronze Fps50 Spf,https://www.soriana.com/dw/image/v2/BGBD_PRD/on/demandware.static/-/Sites-soriana-grocery-master-catalog/default/dwf5d154d5/images/product/4006000127040_A.jpg?sw=473&sh=473&sm=fit,https://www.soriana.com/farmacia/,/eucerin-sun-hydrofluid-bronze-fps50-spf/11870420.html,$643.00,vacio,vacio,vacio,Puntos 'dobles' al pagar con 'FALABELLA',vacio,2026-07-02
Farmacia,Dermatológicos,Indio Huichol Shampoo Caballo 400Ml Sin,https://www.soriana.com/dw/image/v2/BGBD_PRD/on/demandware.static/-/Sites-soriana-grocery-master-catalog/default/dw4b9c9a26/images/product/759684154539_A.jpg?sw=473&sh=473&sm=fit,https://www.soriana.com/farmacia/,/indio-huichol-shampoo-caballo-400ml-sin/11704450.html,$61.90,vacio,vacio,vacio,Puntos 'dobles' al pagar con 'FALABELLA',vacio,2026-07-02
Farmacia,Dermatológicos,Eucerin Anti-Pigment Lapiz Corrector 5 M,https://www.soriana.com/dw/image/v2/BGBD_PRD/on/demandware.static/-/Sites-soriana-grocery-master-catalog/default/dweed9ffc3/images/product/4005900559524_A.jpg?sw=473&sh=473&sm=fit,https://www.soriana.com/farmacia/,/eucerin-anti-pigment-lapiz-corrector-5-m/11819125.html,$542.00,vacio,vacio,vacio,Puntos 'dobles' al pagar con 'FALABELLA',vacio,2026-07-02
Farmacia,Dermatológicos,Vichy Capital Soleil Uv-Age +Min89 Serum,https://www.soriana.com/dw/image/v2/BGBD_PRD/on/demandware.static/-/Sites-soriana-grocery-master-catalog/default/dw3c053575/images/product/7509552932119_A.jpg?sw=473&sh=473&sm=fit,https://www.soriana.com/farmacia/,/vichy-capital-soleil-uv-age-min89-serum/11789576.html,$615.00,vacio,vacio,vacio,Puntos 'dobles' al pagar con 'FALABELLA',vacio,2026-07-02
Farmacia,Dermatológicos,Isdin FP Coverage 5 Bronze SPF50 30 ML,https://www.soriana.com/dw/image/v2/BGBD_PRD/on/demandware.static/-/Sites-soriana-grocery-master-catalog/default/dw14771a0a/images/product/8429420313644_A.jpg?sw=473&sh=473&sm=fit,https://www.soriana.com/farmacia/,/isdin-fp-coverage-5-bronze-spf50-30-ml/11929155.html,$680.00,vacio,vacio,vacio,Puntos 'dobles' al pagar con 'FALABELLA',vacio,2026-07-02
Farmacia,Dermatológicos,Crema corporal Thader Pharma V-Perfect Gold 250 ml,https://www.soriana.com/dw/image/v2/BGBD_PRD/on/demandware.static/-/Sites-soriana-grocery-master-catalog/default/dwfb060072/images/product/8426827012668_A.jpg?sw=473&sh=473&sm=fit,https://www.soriana.com/farmacia/,/crema-corporal-thader-pharma-v-perfect-gold-250-ml/11726585.html,$150.00,vacio,vacio,vacio,Puntos 'dobles' al pagar con 'FALABELLA',vacio,2026-07-02
Farmacia,Dermatológicos,Crema facial Thader Pharma V-Perfect Gold 50 ml,https://www.soriana.com/dw/image/v2/BGBD_PRD/on/demandware.static/-/Sites-soriana-grocery-master-catalog/default/dwed33ef61/images/product/8426827085525_A.jpg?sw=473&sh=473&sm=fit,https://www.soriana.com/farmacia/,/crema-facial-thader-pharma-v-perfect-gold-50-ml/11726586.html,$230.00,vacio,vacio,vacio,Puntos 'dobles' al pagar con 'FALABELLA',vacio,2026-07-02
Farmacia,Dermatológicos,Eucerin Oil Control Serum Ultra Light SPF 50+,https://www.soriana.com/dw/image/v2/BGBD_PRD/on/demandware.static/-/Sites-soriana-grocery-master-catalog/default/dwaa6bcc3c/images/product/4006000242729_1.jpg?sw=473&sh=473&sm=fit,https://www.soriana.com/farmacia/,/eucerin-oil-control-serum-ultra-light-spf-50/11936858.html,$685.00,vacio,vacio,vacio,Puntos 'dobles' al pagar con 'FALABELLA',vacio,2026-07-02
Farmacia,Dermatológicos,Eclipsol Ultra Loción Protector Solar 60g,https://www.soriana.com/dw/image/v2/BGBD_PRD/on/demandware.static/-/Sites-soriana-grocery-master-catalog/default/dw92d809fd/images/product/7501022113257_A.jpg?sw=473&sh=473&sm=fit,https://www.soriana.com/farmacia/,/eclipsol-ultra-locion-protector-solar-60g/11778688.html,$278.50,vacio,vacio,vacio,Puntos 'dobles' al pagar con 'FALABELLA',vacio,2026-07-02
Farmacia,Dermatológicos,Eucerin Dermo Pure Peeling 10 40ml,https://www.soriana.com/dw/image/v2/BGBD_PRD/on/demandware.static/-/Sites-soriana-grocery-master-catalog/default/dwbd007eda/images/product/4006000184913_A.jpg?sw=473&sh=473&sm=fit,https://www.soriana.com/farmacia/,/eucerin-dermo-pure-peeling-10-40ml/11899192.html,$785.00,vacio,vacio,vacio,Puntos 'dobles' al pagar con 'FALABELLA',vacio,2026-07-02
Farmacia,Dermatológicos,CeraVe Loción Facial Hidratante SPF 30 1.75 oz,https://www.soriana.com/dw/image/v2/BGBD_PRD/on/demandware.static/-/Sites-soriana-grocery-master-catalog/default/dwf08f07f9/images/product/3337875840620_A.jpg?sw=473&sh=473&sm=fit,https://www.soriana.com/farmacia/,/cerave-locion-facial-hidratante-spf-30-1.75-oz/11926533.html,$529.00,vacio,vacio,vacio,Puntos 'dobles' al pagar con 'FALABELLA',vacio,2026-07-02
Farmacia,Dermatológicos,Chap Stick Protector Fresa C/1,https://www.soriana.com/dw/image/v2/BGBD_PRD/on/demandware.static/-/Sites-soriana-grocery-master-catalog/default/dwceb41df8/images/product/7501065000514_A.jpg?sw=473&sh=473&sm=fit,https://www.soriana.com/farmacia/,/chap-stick-protector-fresa-c-1/8011703.html,$60.90,vacio,vacio,vacio,Puntos 'dobles' al pagar con 'FALABELLA',vacio,2026-07-02
Farmacia,Dermatológicos,Babaria Vitamin C Ampolletas 5 Pz,https://www.soriana.com/dw/image/v2/BGBD_PRD/on/demandware.static/-/Sites-soriana-grocery-master-catalog/default/dw3f432d0d/images/product/8410412100120_A.jpg?sw=473&sh=473&sm=fit,https://www.soriana.com/farmacia/,/babaria-vitamin-c-ampolletas-5-pz/11727705.html,$199.00,vacio,vacio,vacio,Puntos 'dobles' al pagar con 'FALABELLA',vacio,2026-07-02
Farmacia,Dermatológicos,Crema para manos La Roche-Posay Cicaplast Mains 50 ml,https://www.soriana.com/dw/image/v2/BGBD_PRD/on/demandware.static/-/Sites-soriana-grocery-master-catalog/default/dwbc497176/images/product/3337872414145_A.jpg?sw=473&sh=473&sm=fit,https://www.soriana.com/farmacia/,/crema-para-manos-la-roche-posay-cicaplast-mains-50-ml/8001197.html,$649.00,vacio,Hasta 5 MSI,vacio,Puntos 'dobles' al pagar con 'FALABELLA',vacio,2026-07-02
Farmacia,Dermatológicos,Crema facial CeraVe Reparadora Contorno de Ojos 14 ml,https://www.soriana.com/dw/image/v2/BGBD_PRD/on/demandware.static/-/Sites-soriana-grocery-master-catalog/default/dwb2a8bbdc/images/product/3337875597272_A.jpg?sw=473&sh=473&sm=fit,https://www.soriana.com/farmacia/,/crema-facial-cerave-reparadora-contorno-de-ojos-14-ml/8002682.html,$555.00,vacio,Hasta 5 MSI,vacio,Puntos 'dobles' al pagar con 'FALABELLA',vacio,2026-07-02
Farmacia,Dermatológicos,Limpiador facial CeraVe Micellar Cleansing Water 295 ml,https://www.soriana.com/dw/image/v2/BGBD_PRD/on/demandware.static/-/Sites-soriana-grocery-master-catalog/default/dw46c2aa19/images/product/3337875597203_A.jpg?sw=473&sh=473&sm=fit,https://www.soriana.com/farmacia/,/limpiador-facial-cerave-micellar-cleansing-water-295-ml/8003433.html,$495.00,vacio,Hasta 5 MSI,vacio,Puntos 'dobles' al pagar con 'FALABELLA',vacio,2026-07-02
Farmacia,Dermatológicos,Gel Limpiador La Roche Posay Lipikar Syndet Ap+ 200 ml,https://www.soriana.com/dw/image/v2/BGBD_PRD/on/demandware.static/-/Sites-soriana-grocery-master-catalog/default/dw20927ba4/images/product/3337875537308_A.jpg?sw=473&sh=473&sm=fit,https://www.soriana.com/farmacia/,/gel-limpiador-la-roche-posay-lipikar-syndet-ap-200-ml/9073489.html,$665.00,vacio,Hasta 5 MSI,vacio,Puntos 'dobles' al pagar con 'FALABELLA',vacio,2026-07-02
Farmacia,Dermatológicos,Bioderma Photoderm Aquaf+Sensibioh20 Kit,https://www.soriana.com/dw/image/v2/BGBD_PRD/on/demandware.static/-/Sites-soriana-grocery-master-catalog/default/dw23b6a62d/images/product/7506307515481_A.jpg?sw=473&sh=473&sm=fit,https://www.soriana.com/farmacia/,/bioderma-photoderm-aquafsensibioh20-kit/11789566.html,$575.00,vacio,vacio,vacio,Puntos 'dobles' al pagar con 'FALABELLA',vacio,2026-07-02
Farmacia,Dermatológicos,Avene XeraCalm Aceite Desmaquillante Facial 400 ml,https://www.soriana.com/dw/image/v2/BGBD_PRD/on/demandware.static/-/Sites-soriana-grocery-master-catalog/default/dw3d6c3435/images/product/3282770146790_A.jpg?sw=473&sh=473&sm=fit,https://www.soriana.com/farmacia/,/avene-xeracalm-aceite-desmaquillante-facial-400-ml/8012368.html,$685.00,vacio,Hasta 5 MSI,vacio,Puntos 'dobles' al pagar con 'FALABELLA',vacio,2026-07-02
Farmacia,Dermatológicos,Germisdin Rx Antip Bol 40ml,https://www.soriana.com/dw/image/v2/BGBD_PRD/on/demandware.static/-/Sites-soriana-grocery-master-catalog/default/dwac8f6cf9/images/product/8470003429757_A.jpg?sw=473&sh=473&sm=fit,https://www.soriana.com/farmacia/,/germisdin-rx-antip-bol-40ml/9026667.html,$576.00,vacio,vacio,vacio,Puntos 'dobles' al pagar con 'FALABELLA',vacio,2026-07-02
Farmacia,Dermatológicos,Crema corporal Isdin Emoliente 200 ml,https://www.soriana.com/dw/image/v2/BGBD_PRD/on/demandware.static/-/Sites-soriana-grocery-master-catalog/default/dw6d5e3557/images/product/8470002006454_A.jpg?sw=473&sh=473&sm=fit,https://www.soriana.com/farmacia/,/crema-corporal-isdin-emoliente-200-ml/9026678.html,$700.00,vacio,vacio,vacio,Puntos 'dobles' al pagar con 'FALABELLA',vacio,2026-07-02
Farmacia,Dermatológicos,Crema facial Isdin Pro-Amp 50 ml,https://www.soriana.com/dw/image/v2/BGBD_PRD/on/demandware.static/-/Sites-soriana-grocery-master-catalog/default/dwaac182ca/images/product/8470001547927_A.jpg?sw=473&sh=473&sm=fit,https://www.soriana.com/farmacia/,/crema-facial-isdin-pro-amp-50-ml/9026680.html,$667.00,vacio,vacio,vacio,Puntos 'dobles' al pagar con 'FALABELLA',vacio,2026-07-02
Farmacia,Dermatológicos,La Roche Posay Bloqueador Facial Anthelios UV Mune 50+ FPS 50 ml,https://www.soriana.com/dw/image/v2/BGBD_PRD/on/demandware.static/-/Sites-soriana-grocery-master-catalog/default/dwce407176/images/product/3337875797719_A.jpg?sw=473&sh=473&sm=fit,https://www.soriana.com/farmacia/,/la-roche-posay-bloqueador-facial-anthelios-uv-mune-50-fps-50-ml/8012390.html,$925.00,vacio,Hasta 5 MSI,vacio,Puntos 'dobles' al pagar con 'FALABELLA',vacio,2026-07-02
Farmacia,Dermatológicos,Avene Cra Cleanance Comed Fac30ml,https://www.soriana.com/dw/image/v2/BGBD_PRD/on/demandware.static/-/Sites-soriana-grocery-master-catalog/default/dwc00e8a50/images/product/3282770202854_A.jpg?sw=473&sh=473&sm=fit,https://www.soriana.com/farmacia/,/avene-cra-cleanance-comed-fac30ml/8011031.html,"$1,005.00",vacio,Hasta 5 MSI,vacio,Puntos 'dobles' al pagar con 'FALABELLA',vacio,2026-07-02
Farmacia,Dermatológicos,Crema corporal Dexeryl Emoliente 500 g,https://www.soriana.com/dw/image/v2/BGBD_PRD/on/demandware.static/-/Sites-soriana-grocery-master-catalog/default/dwb8320ae6/images/product/3592619321609_A.jpg?sw=473&sh=473&sm=fit,https://www.soriana.com/farmacia/,/crema-corporal-dexeryl-emoliente-500-g/8011042.html,$449.00,vacio,Hasta 5 MSI,vacio,Puntos 'dobles' al pagar con 'FALABELLA',vacio,2026-07-02
Farmacia,Dermatológicos,Sérum facial Isdin Flavo-C Ultraglican & Flavo-C Melatonin 40 ml 20 piezas,https://www.soriana.com/dw/image/v2/BGBD_PRD/on/demandware.static/-/Sites-soriana-grocery-master-catalog/default/dw1d9bff39/images/product/8470001864826_A.jpg?sw=473&sh=473&sm=fit,https://www.soriana.com/farmacia/,/serum-facial-isdin-flavo-c-ultraglican-flavo-c-melatonin-40-ml-20-piezas/8011232.html,"$1,576.00",vacio,vacio,vacio,Puntos 'dobles' al pagar con 'FALABELLA',vacio,2026-07-02
Farmacia,Dermatológicos,Clearasil Stubborn Acne Control Pads 90 Piezas,https://www.soriana.com/dw/image/v2/BGBD_PRD/on/demandware.static/-/Sites-soriana-grocery-master-catalog/default/dw80719b8e/images/product/0839977006438_A.jpg?sw=473&sh=473&sm=fit,https://www.soriana.com/farmacia/,/clearasil-stubborn-acne-control-pads-90-piezas/11671402.html,$174.00,vacio,vacio,vacio,Puntos 'dobles' al pagar con 'FALABELLA',vacio,2026-07-02
Farmacia,Dermatológicos,Kit dermatológico LA ROCHE POSAY Retinol B3 Sérum 30ml + Anthelios Age Correct 3ml + Agua Termal 50ml,https://www.soriana.com/dw/image/v2/BGBD_PRD/on/demandware.static/-/Sites-soriana-grocery-master-catalog/default/dw426a1ab7/images/product/7509552893199_A.jpg?sw=473&sh=473&sm=fit,https://www.soriana.com/farmacia/,/kit-dermatologico-la-roche-posay-retinol-b3-serum-30ml-anthelios-age-correct-3ml-agua-termal-50ml/11736229.html,"$1,185.00",vacio,vacio,vacio,Puntos 'dobles' al pagar con 'FALABELLA',vacio,2026-07-02
Farmacia,Dermatológicos,Eucerin DermoPure Hydra Repair 40 ml,https://www.soriana.com/dw/image/v2/BGBD_PRD/on/demandware.static/-/Sites-soriana-grocery-master-catalog/default/dw7a14b180/images/product/4006000183619_1.jpg?sw=473&sh=473&sm=fit,https://www.soriana.com/farmacia/,/eucerin-dermopure-hydra-repair-40-ml/11923987.html,$752.00,vacio,vacio,vacio,Puntos 'dobles' al pagar con 'FALABELLA',vacio,2026-07-02
Farmacia,Dermatológicos,Pack Eucerin Sun Oil Control SPF 50 + Gel limpiador Dermo Pure,https://www.soriana.com/dw/image/v2/BGBD_PRD/on/demandware.static/-/Sites-soriana-grocery-master-catalog/default/dwd928cd30/images/product/7501054558699_1.jpg?sw=473&sh=473&sm=fit,https://www.soriana.com/farmacia/,/pack-eucerin-sun-oil-control-spf-50-gel-limpiador-dermo-pure/11923999.html,$696.00,vacio,vacio,vacio,Puntos 'dobles' al pagar con 'FALABELLA',vacio,2026-07-02
Farmacia,Dermatológicos,Vichy Kit Minéral 89 + Capsol SS 2026,https://www.soriana.com/dw/image/v2/BGBD_PRD/on/demandware.static/-/Sites-soriana-grocery-master-catalog/default/dwe633d99f/images/product/7509552998955_A.jpg?sw=473&sh=473&sm=fit,https://www.soriana.com/farmacia/,/vichy-kit-mineral-89-capsol-ss-2026/11926565.html,"$1,118.60",vacio,vacio,vacio,Puntos 'dobles' al pagar con 'FALABELLA',vacio,2026-07-02
Farmacia,Dermatológicos,Vichy Liftactiv Retinol B3 Crema de Noche con 50 mililitros,https://www.soriana.com/dw/image/v2/BGBD_PRD/on/demandware.static/-/Sites-soriana-grocery-master-catalog/default/dw34599b0b/images/product/3337875873086_A.jpg?sw=473&sh=473&sm=fit,https://www.soriana.com/farmacia/,/vichy-liftactiv-retinol-b3-crema-de-noche-con-50-mililitros/11926906.html,"$1,349.00",vacio,vacio,vacio,Puntos 'dobles' al pagar con 'FALABELLA',vacio,2026-07-02
Farmacia,Dermatológicos,Vichy Minéral 89 Aqua Gel Hidratante Facial para Piel Grasa con 50 mililitros,https://www.soriana.com/dw/image/v2/BGBD_PRD/on/demandware.static/-/Sites-soriana-grocery-master-catalog/default/dw89b74851/images/product/3337875894104_A.jpg?sw=473&sh=473&sm=fit,https://www.soriana.com/farmacia/,/vichy-mineral-89-aqua-gel-hidratante-facial-para-piel-grasa-con-50-mililitros/11926866.html,$679.00,vacio,vacio,vacio,Puntos 'dobles' al pagar con 'FALABELLA',vacio,2026-07-02
Farmacia,Dermatológicos,Vitascom Aplicadores Algodon 300 Pz,https://www.soriana.com/dw/image/v2/BGBD_PRD/on/demandware.static/-/Sites-soriana-grocery-master-catalog/default/dw1c3b87b6/images/product/7500093755168_A.jpg?sw=473&sh=473&sm=fit,https://www.soriana.com/farmacia/,/vitascom-aplicadores--algodon-300-pz/11186546.html,$34.00,vacio,vacio,vacio,Puntos 'dobles' al pagar con 'FALABELLA',vacio,2026-07-02
Farmacia,Dermatológicos,Off Defense Botanicals Spray 118 Gr,https://www.soriana.com/dw/image/v2/BGBD_PRD/on/demandware.static/-/Sites-soriana-grocery-master-catalog/default/dw3b638612/images/product/7501032914172_A.jpg?sw=473&sh=473&sm=fit,https://www.soriana.com/farmacia/,/off-defense-botanicals-spray-118-gr/11464995.html,$128.00,vacio,vacio,vacio,Puntos 'dobles' al pagar con 'FALABELLA',vacio,2026-07-02
Farmacia,Dermatológicos,Loción corporal Eucerin pH5 Piel seca y sensible 100 ml,https://www.soriana.com/dw/image/v2/BGBD_PRD/on/demandware.static/-/Sites-soriana-grocery-master-catalog/default/dwb8a673be/images/product/4005800239656_A.jpg?sw=473&sh=473&sm=fit,https://www.soriana.com/farmacia/,/locion-corporal-eucerin-ph5-piel-seca-y-sensible-100-ml/11488880.html,$315.00,vacio,vacio,vacio,Puntos 'dobles' al pagar con 'FALABELLA',vacio,2026-07-02
Farmacia,Dermatológicos,Oxy Solución 120ml,https://www.soriana.com/dw/image/v2/BGBD_PRD/on/demandware.static/-/Sites-soriana-grocery-master-catalog/default/dw15eece35/images/product/7503007431363_A.jpg?sw=473&sh=473&sm=fit,https://www.soriana.com/farmacia/,/oxy-solucion-120ml/11522539.html,$86.00,vacio,vacio,vacio,Puntos 'dobles' al pagar con 'FALABELLA',vacio,2026-07-02
Farmacia,Dermatológicos,Sensibio H2O Eye 125Ml,https://www.soriana.com/dw/image/v2/BGBD_PRD/on/demandware.static/-/Sites-soriana-grocery-master-catalog/default/dw095c67d3/images/product/3401360212237_A.jpg?sw=473&sh=473&sm=fit,https://www.soriana.com/farmacia/,/sensibio-h2o-eye-125ml/11833789.html,$409.00,vacio,vacio,vacio,Puntos 'dobles' al pagar con 'FALABELLA',vacio,2026-07-02
Farmacia,Dermatológicos,La Roche Posay Effaclar Mat +Gel+Antheli,https://www.soriana.com/dw/image/v2/BGBD_PRD/on/demandware.static/-/Sites-soriana-grocery-master-catalog/default/dw1d3bdc95/images/product/7509552809244_A.jpg?sw=473&sh=473&sm=fit,https://www.soriana.com/farmacia/,/la-roche-posay-effaclar-mat-gelantheli/8012394.html,$573.00,vacio,vacio,vacio,Puntos 'dobles' al pagar con 'FALABELLA',vacio,2026-07-02
Farmacia,Dermatológicos,Indio Huichol Acondicionador 400 Ml Sin,https://www.soriana.com/dw/image/v2/BGBD_PRD/on/demandware.static/-/Sites-soriana-grocery-master-catalog/default/dwab5a29bd/images/product/7502263330441_A.jpg?sw=473&sh=473&sm=fit,https://www.soriana.com/farmacia/,/indio-huichol-acondicionador-400-ml-sin/11704448.html,$65.00,vacio,vacio,vacio,Puntos 'dobles' al pagar con 'FALABELLA',vacio,2026-07-02
Farmacia,Dermatológicos,ISDIN Isdinceutics Hm Oily Refill 50G,https://www.soriana.com/dw/image/v2/BGBD_PRD/on/demandware.static/-/Sites-soriana-grocery-master-catalog/default/dwfada7e2f/images/product/8429420223455_A.jpg?sw=473&sh=473&sm=fit,https://www.soriana.com/farmacia/,/isdin-isdinceutics-hm-oily-refill-50g/11791419.html,$789.00,vacio,vacio,vacio,Puntos 'dobles' al pagar con 'FALABELLA',vacio,2026-07-02
Farmacia,Dermatológicos,Photoderm Dry Touch Spf 50+ Neutro,https://www.soriana.com/dw/image/v2/BGBD_PRD/on/demandware.static/-/Sites-soriana-grocery-master-catalog/default/dwf6b7540b/images/product/3701129813201_A.jpg?sw=473&sh=473&sm=fit,https://www.soriana.com/farmacia/,/photoderm-dry-touch-spf-50-neutro/11867102.html,$704.00,vacio,vacio,vacio,Puntos 'dobles' al pagar con 'FALABELLA',vacio,2026-07-02
Farmacia,Dermatológicos,Bloqueador Mineral Hawaiian Tropic SPF30 50 ml,https://www.soriana.com/dw/image/v2/BGBD_PRD/on/demandware.static/-/Sites-soriana-grocery-master-catalog/default/dw87ab3b23/images/product/75486138868_A.jpg?sw=473&sh=473&sm=fit,https://www.soriana.com/farmacia/,/bloqueador-mineral-hawaiian-tropic-spf30-50-ml/11693778.html,$369.00,vacio,vacio,vacio,Puntos 'dobles' al pagar con 'FALABELLA',vacio,2026-07-02
Farmacia,Dermatológicos,Eucerin Dermopure Tripple Effect Gel Lim,https://www.soriana.com/dw/image/v2/BGBD_PRD/on/demandware.static/-/Sites-soriana-grocery-master-catalog/default/dw067f5bef/images/product/4006000028828_A.jpg?sw=473&sh=473&sm=fit,https://www.soriana.com/farmacia/,/eucerin-dermopure-tripple-effect-gel-lim/11819119.html,$585.00,vacio,vacio,vacio,Puntos 'dobles' al pagar con 'FALABELLA',vacio,2026-07-02
Farmacia,Dermatológicos,Isdin FP Coverage 4 Golden SPF50 30 ml,https://www.soriana.com/dw/image/v2/BGBD_PRD/on/demandware.static/-/Sites-soriana-grocery-master-catalog/default/dw09153463/images/product/8429420313637_A.jpg?sw=473&sh=473&sm=fit,https://www.soriana.com/farmacia/,/isdin-fp-coverage-4-golden-spf50-30-ml/11929172.html,$680.00,vacio,vacio,vacio,Puntos 'dobles' al pagar con 'FALABELLA',vacio,2026-07-02
Farmacia,Dermatológicos,Crema Facial Anti-Edad Eucerin Hyaluron-Filler FPS 30+ 50 ml,https://www.soriana.com/dw/image/v2/BGBD_PRD/on/demandware.static/-/Sites-soriana-grocery-master-catalog/default/dw8a2ef5d7/images/product/4005900516961_A.jpg?sw=473&sh=473&sm=fit,https://www.soriana.com/farmacia/,/crema-facial-anti-edad-eucerin-hyaluron-filler-fps-30-50-ml/11686308.html,"$1,369.00",vacio,vacio,vacio,Puntos 'dobles' al pagar con 'FALABELLA',vacio,2026-07-02
Farmacia,Dermatológicos,Isdin Fusion Water Color Light SPF 50,https://www.soriana.com/dw/image/v2/BGBD_PRD/on/demandware.static/-/Sites-soriana-grocery-master-catalog/default/dw514bb6f7/images/product/8429420285644_A.jpg?sw=473&sh=473&sm=fit,https://www.soriana.com/farmacia/,/isdin-fusion-water-color-light-spf-50/11929253.html,$813.00,vacio,vacio,vacio,Puntos 'dobles' al pagar con 'FALABELLA',vacio,2026-07-02
Farmacia,Dermatológicos,Bloqueador La Roche Anth P-Correc Fp50 Mediu50Ml,https://www.soriana.com/dw/image/v2/BGBD_PRD/on/demandware.static/-/Sites-soriana-grocery-master-catalog/default/dwe4926977/images/product/3337875797399_A.jpg?sw=473&sh=473&sm=fit,https://www.soriana.com/farmacia/,/bloqueador-la-roche-anth-p-correc-fp50-mediu50ml/8011716.html,$644.00,vacio,vacio,vacio,Puntos 'dobles' al pagar con 'FALABELLA',vacio,2026-07-02
Farmacia,Dermatológicos,Off Defense Spray 100 ml,https://www.soriana.com/dw/image/v2/BGBD_PRD/on/demandware.static/-/Sites-soriana-grocery-master-catalog/default/dw21c0cadc/images/product/7503051868139_A.jpg?sw=473&sh=473&sm=fit,https://www.soriana.com/farmacia/,/off-defense-spray-100-ml/11899279.html,$128.00,vacio,vacio,vacio,Puntos 'dobles' al pagar con 'FALABELLA',vacio,2026-07-02
Farmacia,Dermatológicos,Aquaphor 2Pack Aquaphor Lip,https://www.soriana.com/dw/image/v2/BGBD_PRD/on/demandware.static/-/Sites-soriana-grocery-master-catalog/default/dw3544d304/images/product/4006000177526_A.jpg?sw=473&sh=473&sm=fit,https://www.soriana.com/farmacia/,/aquaphor-2pack-aquaphor-lip/11870352.html,$399.00,vacio,vacio,vacio,Puntos 'dobles' al pagar con 'FALABELLA',vacio,2026-07-02
Farmacia,Dermatológicos,Vichy Normaderm Tratamiento+Gel+Lapicera,https://www.soriana.com/dw/image/v2/BGBD_PRD/on/demandware.static/-/Sites-soriana-grocery-master-catalog/default/dwce5eadef/images/product/7509552810493_A.jpg?sw=473&sh=473&sm=fit,https://www.soriana.com/farmacia/,/vichy-normaderm-tratamientogellapicera/8012396.html,$617.00,vacio,vacio,vacio,Puntos 'dobles' al pagar con 'FALABELLA',vacio,2026-07-02
Farmacia,Dermatológicos,Vichy Capital Soleil + Uvage+Uvclear Pac,https://www.soriana.com/dw/image/v2/BGBD_PRD/on/demandware.static/-/Sites-soriana-grocery-master-catalog/default/dw5d88dfdf/images/product/7509552932133_A.jpg?sw=473&sh=473&sm=fit,https://www.soriana.com/farmacia/,/vichy-capital-soleil-uvageuvclear-pac/11789579.html,$874.00,vacio,vacio,vacio,Puntos 'dobles' al pagar con 'FALABELLA',vacio,2026-07-02
Farmacia,Dermatológicos,Avene Ultra Fluid Ultra Mat Oil Control,https://www.soriana.com/dw/image/v2/BGBD_PRD/on/demandware.static/-/Sites-soriana-grocery-master-catalog/default/dw0a5de6c9/images/product/3282770392692_A.jpg?sw=473&sh=473&sm=fit,https://www.soriana.com/farmacia/,/avene-ultra-fluid-ultra-mat-oil-control/11821832.html,$559.00,vacio,vacio,vacio,Puntos 'dobles' al pagar con 'FALABELLA',vacio,2026-07-02
Farmacia,Dermatológicos,CeraVe Skin Renewing Serum Retinol 30 ml,https://www.soriana.com/dw/image/v2/BGBD_PRD/on/demandware.static/-/Sites-soriana-grocery-master-catalog/default/dw51e351c5/images/product/3337875899550_A.jpg?sw=473&sh=473&sm=fit,https://www.soriana.com/farmacia/,/cerave-skin-renewing-serum-retinol-30-ml/11926112.html,$649.00,vacio,vacio,vacio,Puntos 'dobles' al pagar con 'FALABELLA',vacio,2026-07-02
Farmacia,Dermatológicos,Solución Antiséptica Estericide 240 ml,https://www.soriana.com/dw/image/v2/BGBD_PRD/on/demandware.static/-/Sites-soriana-grocery-master-catalog/default/dwa71b1be6/images/product/7503008821019_A.jpg?sw=473&sh=473&sm=fit,https://www.soriana.com/farmacia/,/solucion-antiseptica-estericide-240-ml/1328301.html,$275.00,vacio,vacio,vacio,Puntos 'dobles' al pagar con 'FALABELLA',vacio,2026-07-02
Farmacia,Dermatológicos,Accua Aséptic Frasco Con Solución 240 ml,https://www.soriana.com/dw/image/v2/BGBD_PRD/on/demandware.static/-/Sites-soriana-grocery-master-catalog/default/dw94e59cc5/images/product/7502224225021_A.jpg?sw=473&sh=473&sm=fit,https://www.soriana.com/farmacia/,/accua-aseptic-frasco-con-solucion-240-ml/2348188.html,$300.00,vacio,vacio,vacio,Puntos 'dobles' al pagar con 'FALABELLA',vacio,2026-07-02
Farmacia,Dermatológicos,Gel De Ducha La Roche-Posay Lipikar Lavant 400 ml,https://www.soriana.com/dw/image/v2/BGBD_PRD/on/demandware.static/-/Sites-soriana-grocery-master-catalog/default/dw99889afa/images/product/3337872418785_A.jpg?sw=473&sh=473&sm=fit,https://www.soriana.com/farmacia/,/gel-de-ducha-la-roche-posay-lipikar-lavant-400-ml/8001605.html,$835.00,vacio,Hasta 5 MSI,vacio,Puntos 'dobles' al pagar con 'FALABELLA',vacio,2026-07-02
Farmacia,Dermatológicos,Gel corporal La Roche-Posay Lipikar Syndet AP+ 400 ml,https://www.soriana.com/dw/image/v2/BGBD_PRD/on/demandware.static/-/Sites-soriana-grocery-master-catalog/default/dw0cec21af/images/product/3337875537315_A.jpg?sw=473&sh=473&sm=fit,https://www.soriana.com/farmacia/,/gel-corporal-la-roche-posay-lipikar-syndet-ap-400-ml/9073504.html,$969.00,vacio,Hasta 5 MSI,vacio,Puntos 'dobles' al pagar con 'FALABELLA',vacio,2026-07-02
Farmacia,Dermatológicos,Crema corporal Isdin Anti-Rugosidades 100 ml,https://www.soriana.com/dw/image/v2/BGBD_PRD/on/demandware.static/-/Sites-soriana-grocery-master-catalog/default/dw59f90e85/images/product/8470001541871_A.jpg?sw=473&sh=473&sm=fit,https://www.soriana.com/farmacia/,/crema-corporal-isdin-anti-rugosidades-100-ml/9026686.html,$445.00,vacio,vacio,vacio,Puntos 'dobles' al pagar con 'FALABELLA',vacio,2026-07-02
Farmacia,Dermatológicos,Bloquerador Solar Tattoo 204 Ml,https://www.soriana.com/dw/image/v2/BGBD_PRD/on/demandware.static/-/Sites-soriana-grocery-master-catalog/default/dwa803bb00/images/product/7502305020613_A.jpg?sw=473&sh=473&sm=fit,https://www.soriana.com/farmacia/,/bloquerador-solar-tattoo-204-ml/11848838.html,$360.00,vacio,vacio,vacio,Puntos 'dobles' al pagar con 'FALABELLA',vacio,2026-07-02
Farmacia,Dermatológicos,Serum Facial My.ingredients Collagen + Multi Peptide,https://www.soriana.com/dw/image/v2/BGBD_PRD/on/demandware.static/-/Sites-soriana-grocery-master-catalog/default/dw2c9f93f8/images/product/0628816001037_A.jpg?sw=473&sh=473&sm=fit,https://www.soriana.com/farmacia/,/serum-facial-my.ingredients-collagen-multi-peptide/11675985.html,$349.00,vacio,vacio,vacio,Puntos 'dobles' al pagar con 'FALABELLA',vacio,2026-07-02
Farmacia,Dermatológicos,Gel corporal Medihealth Salilex 120 g,https://www.soriana.com/dw/image/v2/BGBD_PRD/on/demandware.static/-/Sites-soriana-grocery-master-catalog/default/dwc76f37c9/images/product/7703281003946_A.jpg?sw=473&sh=473&sm=fit,https://www.soriana.com/farmacia/,/gel-corporal-medihealth-salilex-120-g/9026685.html,$463.00,vacio,vacio,vacio,Puntos 'dobles' al pagar con 'FALABELLA',vacio,2026-07-02
Farmacia,Dermatológicos,Isdin Fotop Pediatric Mineral Baby 50 Ml,https://www.soriana.com/dw/image/v2/BGBD_PRD/on/demandware.static/-/Sites-soriana-grocery-master-catalog/default/dw0e825969/images/product/8429420187962_A.jpg?sw=473&sh=473&sm=fit,https://www.soriana.com/farmacia/,/isdin-fotop-pediatric-mineral-baby-50-ml/8008298.html,$845.00,vacio,Hasta 5 MSI,vacio,Puntos 'dobles' al pagar con 'FALABELLA',vacio,2026-07-02
Farmacia,Dermatológicos,Isdin Si-Nails 2.5 Ml,https://www.soriana.com/dw/image/v2/BGBD_PRD/on/demandware.static/-/Sites-soriana-grocery-master-catalog/default/dw0174e730/images/product/8470001915528_A.jpg?sw=473&sh=473&sm=fit,https://www.soriana.com/farmacia/,/isdin-si-nails-2.5-ml/8008302.html,$598.00,vacio,Hasta 5 MSI,vacio,Puntos 'dobles' al pagar con 'FALABELLA',vacio,2026-07-02
Farmacia,Dermatológicos,Britesun Bloqueador Family 150 Ml,https://www.soriana.com/dw/image/v2/BGBD_PRD/on/demandware.static/-/Sites-soriana-grocery-master-catalog/default/dw5a6fee97/images/product/7502284670069_A.jpg?sw=473&sh=473&sm=fit,https://www.soriana.com/farmacia/,/britesun-bloqueador-family-150-ml/8008455.html,$163.00,vacio,vacio,vacio,Puntos 'dobles' al pagar con 'FALABELLA',vacio,2026-07-02
Farmacia,Dermatológicos,Gpp Terbinafina 250 mg 28 Tabletas,https://www.soriana.com/dw/image/v2/BGBD_PRD/on/demandware.static/-/Sites-soriana-grocery-master-catalog/default/dw9db8e2ea/images/product/7502211783787_A.jpg?sw=473&sh=473&sm=fit,https://www.soriana.com/farmacia/,/gpp-terbinafina-250-mg-28-tabletas/11675735.html,$355.00,vacio,vacio,vacio,Puntos 'dobles' al pagar con 'FALABELLA',vacio,2026-07-02
Farmacia,Dermatológicos,Crema Facial Clearasil Stubborn Brote 28 g,https://www.soriana.com/dw/image/v2/BGBD_PRD/on/demandware.static/-/Sites-soriana-grocery-master-catalog/default/dw60f96fbe/images/product/0839977008050_A.jpg?sw=473&sh=473&sm=fit,https://www.soriana.com/farmacia/,/crema-facial-clearasil-stubborn-brote-28-g/11675034.html,$187.00,vacio,vacio,vacio,Puntos 'dobles' al pagar con 'FALABELLA',vacio,2026-07-02
Farmacia,Dermatológicos,Cicatricure Regene-Plast. Bálsamo reparador para cara y cuerpo 30 G,https://www.soriana.com/dw/image/v2/BGBD_PRD/on/demandware.static/-/Sites-soriana-grocery-master-catalog/default/dw5f300512/images/product/650240073151_A.jpg?sw=473&sh=473&sm=fit,https://www.soriana.com/farmacia/,/cicatricure-regene-plast.-balsamo-reparador-para-cara-y-cuerpo-30-g/11883253.html,$265.00,vacio,vacio,vacio,Puntos 'dobles' al pagar con 'FALABELLA',vacio,2026-07-02
Farmacia,Dermatológicos,Vaseline Balsamo Liquido Para Labios Nude Creme,https://www.soriana.com/dw/image/v2/BGBD_PRD/on/demandware.static/-/Sites-soriana-grocery-master-catalog/default/dw83c7775b/images/product/8886304601219_A.jpg?sw=473&sh=473&sm=fit,https://www.soriana.com/farmacia/,/vaseline-balsamo-liquido-para-labios-nude-creme/11917592.html,$219.00,vacio,vacio,vacio,Puntos 'dobles' al pagar con 'FALABELLA',vacio,2026-07-02
Farmacia,Dermatológicos,Bioderma Sensibio H2O Eye 125 ml,https://www.soriana.com/dw/image/v2/BGBD_PRD/on/demandware.static/-/Sites-soriana-grocery-master-catalog/default/dw3f66d4cf/images/product/3701129812044_A.jpg?sw=473&sh=473&sm=fit,https://www.soriana.com/farmacia/,/bioderma-sensibio-h2o-eye-125-ml/11903027.html,$439.00,vacio,vacio,vacio,Puntos 'dobles' al pagar con 'FALABELLA',vacio,2026-07-02
Farmacia,Dermatológicos,Eclipsol Ultra Sport Protector Solar Aerosol 200ml,https://www.soriana.com/dw/image/v2/BGBD_PRD/on/demandware.static/-/Sites-soriana-grocery-master-catalog/default/dw7e9cb627/images/product/810120501826_A.jpg?sw=473&sh=473&sm=fit,https://www.soriana.com/farmacia/,/eclipsol-ultra-sport-protector-solar-aerosol-200ml/11875344.html,$445.00,vacio,vacio,vacio,Puntos 'dobles' al pagar con 'FALABELLA',vacio,2026-07-02
Farmacia,Dermatológicos,Sensibio Defensive 40Ml,https://www.soriana.com/dw/image/v2/BGBD_PRD/on/demandware.static/-/Sites-soriana-grocery-master-catalog/default/dwbb457e72/images/product/3701129804452_A.jpg?sw=473&sh=473&sm=fit,https://www.soriana.com/farmacia/,/sensibio-defensive-40ml/11833790.html,$469.00,vacio,vacio,vacio,Puntos 'dobles' al pagar con 'FALABELLA',vacio,2026-07-02
Farmacia,Dermatológicos,Eucerin Face Aa Hyaluron Filler 3D Serum,https://www.soriana.com/dw/image/v2/BGBD_PRD/on/demandware.static/-/Sites-soriana-grocery-master-catalog/default/dw06e10ecd/images/product/4005800269776_A.jpg?sw=473&sh=473&sm=fit,https://www.soriana.com/farmacia/,/eucerin-face-aa-hyaluron-filler-3d-serum/11819126.html,"$1,342.00",vacio,vacio,vacio,Puntos 'dobles' al pagar con 'FALABELLA',vacio,2026-07-02
Farmacia,Dermatológicos,Babaria Acido Hiauronico Serum 30 Ml,https://www.soriana.com/dw/image/v2/BGBD_PRD/on/demandware.static/-/Sites-soriana-grocery-master-catalog/default/dw55486784/images/product/8410412100069_A.jpg?sw=473&sh=473&sm=fit,https://www.soriana.com/farmacia/,/babaria-acido-hiauronico-serum-30-ml/11727700.html,$169.00,vacio,vacio,vacio,Puntos 'dobles' al pagar con 'FALABELLA',vacio,2026-07-02
Farmacia,Dermatológicos,Vichy Capital Soleil Uv-Age Color +Lifta,https://www.soriana.com/dw/image/v2/BGBD_PRD/on/demandware.static/-/Sites-soriana-grocery-master-catalog/default/dwa147bedd/images/product/7509552932102_A.jpg?sw=473&sh=473&sm=fit,https://www.soriana.com/farmacia/,/vichy-capital-soleil-uv-age-color-lifta/11789575.html,$615.00,vacio,vacio,vacio,Puntos 'dobles' al pagar con 'FALABELLA',vacio,2026-07-02
Farmacia,Dermatológicos,La Roche Posay Anthelios Uvmune Cre +Eff,https://www.soriana.com/dw/image/v2/BGBD_PRD/on/demandware.static/-/Sites-soriana-grocery-master-catalog/default/dw0e306041/images/product/7509552935578_A.jpg?sw=473&sh=473&sm=fit,https://www.soriana.com/farmacia/,/la-roche-posay-anthelios-uvmune-cre-eff/11789581.html,$599.00,vacio,vacio,vacio,Puntos 'dobles' al pagar con 'FALABELLA',vacio,2026-07-02
Farmacia,Dermatológicos,La Roche Posay Oeffaclar Gel Refill 400,https://www.soriana.com/dw/image/v2/BGBD_PRD/on/demandware.static/-/Sites-soriana-grocery-master-catalog/default/dwf139d792/images/product/3337875876407_A.jpg?sw=473&sh=473&sm=fit,https://www.soriana.com/farmacia/,/la-roche-posay-oeffaclar-gel-refill-400/11789589.html,$670.00,vacio,vacio,vacio,Puntos 'dobles' al pagar con 'FALABELLA',vacio,2026-07-02
Farmacia,Dermatológicos,Isdinceutics Mineral Brush 4G,https://www.soriana.com/dw/image/v2/BGBD_PRD/on/demandware.static/-/Sites-soriana-grocery-master-catalog/default/dw76a69828/images/product/8429420135185_A.jpg?sw=473&sh=473&sm=fit,https://www.soriana.com/farmacia/,/isdinceutics-mineral-brush-4g/11791417.html,$908.00,vacio,vacio,vacio,Puntos 'dobles' al pagar con 'FALABELLA',vacio,2026-07-02
Farmacia,Dermatológicos,Fotop Isdin Compact 50 Arena,https://www.soriana.com/dw/image/v2/BGBD_PRD/on/demandware.static/-/Sites-soriana-grocery-master-catalog/default/dw9fac6355/images/product/8470001716125_A.jpg?sw=473&sh=473&sm=fit,https://www.soriana.com/farmacia/,/fotop-isdin-compact-50-arena/9064421.html,$749.00,vacio,vacio,vacio,Puntos 'dobles' al pagar con 'FALABELLA',vacio,2026-07-02
Farmacia,Dermatológicos,Fotoprotector Isdin Fusion Fluid Color 50 Spf 50 ml,https://www.soriana.com/dw/image/v2/BGBD_PRD/on/demandware.static/-/Sites-soriana-grocery-master-catalog/default/dw3524d9d9/images/product/8470001585066_A.jpg?sw=473&sh=473&sm=fit,https://www.soriana.com/farmacia/,/fotoprotector-isdin-fusion-fluid-color-50-spf-50-ml/9026673.html,$739.00,vacio,Hasta 5 MSI,vacio,Puntos 'dobles' al pagar con 'FALABELLA',vacio,2026-07-02
Farmacia,Dermatológicos,Bloqueador Fps 50 Vichy Idéal Soleil Toque Seco Con Color 50 ml,https://www.soriana.com/dw/image/v2/BGBD_PRD/on/demandware.static/-/Sites-soriana-grocery-master-catalog/default/dw6a1b1b78/images/product/3337871325787_A.jpg?sw=473&sh=473&sm=fit,https://www.soriana.com/farmacia/,/bloqueador-fps-50-vichy-ideal-soleil-toque-seco-con-color-50-ml/8001259.html,$895.00,vacio,Hasta 5 MSI,vacio,Puntos 'dobles' al pagar con 'FALABELLA',vacio,2026-07-02
Farmacia,Dermatológicos,Vichy Mineral 89 Ojos 15 ml,https://www.soriana.com/dw/image/v2/BGBD_PRD/on/demandware.static/-/Sites-soriana-grocery-master-catalog/default/dw703365da/images/product/3337875596763_A.jpg?sw=473&sh=473&sm=fit,https://www.soriana.com/farmacia/,/vichy-mineral-89-ojos-15-ml/8003437.html,$865.00,vacio,Hasta 5 MSI,vacio,Puntos 'dobles' al pagar con 'FALABELLA',vacio,2026-07-02
Farmacia,Dermatológicos,La Roche Posay Anthelios Age Correct con Color 50 ml,https://www.soriana.com/dw/image/v2/BGBD_PRD/on/demandware.static/-/Sites-soriana-grocery-master-catalog/default/dw044f0246/images/product/3337875764353_A.jpg?sw=473&sh=473&sm=fit,https://www.soriana.com/farmacia/,/la-roche-posay-anthelios-age-correct-con-color-50-ml/8011676.html,"$1,105.00",vacio,Hasta 5 MSI,vacio,Puntos 'dobles' al pagar con 'FALABELLA',vacio,2026-07-02
Farmacia,Dermatológicos,CETAPHIL Sun FPS 50+ Protector Solar en Gel Ligero 100ml,https://www.soriana.com/dw/image/v2/BGBD_PRD/on/demandware.static/-/Sites-soriana-grocery-master-catalog/default/dwdbda7f6d/images/product/7612076457256_A.jpg?sw=473&sh=473&sm=fit,https://www.soriana.com/farmacia/,/cetaphil-sun-fps-50-protector-solar-en-gel-ligero-100ml/9051080.html,$725.00,vacio,vacio,vacio,Puntos 'dobles' al pagar con 'FALABELLA',vacio,2026-07-02
Farmacia,Dermatológicos,Crema Avène Cleanance Hydra 40 ml,https://www.soriana.com/dw/image/v2/BGBD_PRD/on/demandware.static/-/Sites-soriana-grocery-master-catalog/default/dwe0d5fdd8/images/product/3282770956788_A.jpg?sw=473&sh=473&sm=fit,https://www.soriana.com/farmacia/,/crema-avene-cleanance-hydra-40-ml/1329746.html,$825.00,vacio,Hasta 5 MSI,vacio,Puntos 'dobles' al pagar con 'FALABELLA',vacio,2026-07-02
Farmacia,Dermatológicos,Sistema GB Solución Alopecia Combate Calvicie 60 ml,https://www.soriana.com/dw/image/v2/BGBD_PRD/on/demandware.static/-/Sites-soriana-grocery-master-catalog/default/dw6f8383d5/images/product/0650240021824_A.jpg?sw=473&sh=473&sm=fit,https://www.soriana.com/farmacia/,/sistema-gb-solucion-alopecia-combate-calvicie-60-ml/2404864.html,$609.00,vacio,vacio,vacio,Puntos 'dobles' al pagar con 'FALABELLA',vacio,2026-07-02
Farmacia,Dermatológicos,Aceite corporal Racel Almendras dulces 130 ml,https://www.soriana.com/dw/image/v2/BGBD_PRD/on/demandware.static/-/Sites-soriana-grocery-master-catalog/default/dw6d36444d/images/product/7501044204049_A.jpg?sw=473&sh=473&sm=fit,https://www.soriana.com/farmacia/,/aceite-corporal-racel-almendras-dulces-130-ml/11590964.html,$114.00,vacio,vacio,vacio,Puntos 'dobles' al pagar con 'FALABELLA',vacio,2026-07-02
Farmacia,Dermatológicos,Jabón Cacahuananche,https://www.soriana.com/dw/image/v2/BGBD_PRD/on/demandware.static/-/Sites-soriana-grocery-master-catalog/default/dw66b8ef30/images/product/7501853800050_A.jpg?sw=473&sh=473&sm=fit,https://www.soriana.com/farmacia/,/jabon-cacahuananche/1360641.html,$38.00,vacio,vacio,vacio,Puntos 'dobles' al pagar con 'FALABELLA',vacio,2026-07-02
Farmacia,Dermatológicos,Sistema Pointts Eliminación de Verrugas 80 ml,https://www.soriana.com/dw/image/v2/BGBD_PRD/on/demandware.static/-/Sites-soriana-grocery-master-catalog/default/dwb493b03c/images/product/0650240006364_A.jpg?sw=473&sh=473&sm=fit,https://www.soriana.com/farmacia/,/sistema-pointts-eliminacion-de-verrugas-80-ml/1444701.html,$779.00,vacio,vacio,vacio,Puntos 'dobles' al pagar con 'FALABELLA',vacio,2026-07-02
Farmacia,Dermatológicos,Tratamiento facial Dermatix Ultra 15 g,https://www.soriana.com/dw/image/v2/BGBD_PRD/on/demandware.static/-/Sites-soriana-grocery-master-catalog/default/dw69a516cf/images/product/7501122900313_A.jpg?sw=473&sh=473&sm=fit,https://www.soriana.com/farmacia/,/tratamiento-facial-dermatix-ultra-15-g/1801039.html,$805.00,vacio,vacio,vacio,Puntos 'dobles' al pagar con 'FALABELLA',vacio,2026-07-02
Farmacia,Dermatológicos,Jabón Grisi Acnebar 100 g,https://www.soriana.com/dw/image/v2/BGBD_PRD/on/demandware.static/-/Sites-soriana-grocery-master-catalog/default/dw12c201e1/images/product/7501022150405_A.jpg?sw=473&sh=473&sm=fit,https://www.soriana.com/farmacia/,/jabon-grisi-acnebar-100-g/1856465.html,$98.00,vacio,vacio,vacio,Puntos 'dobles' al pagar con 'FALABELLA',vacio,2026-07-02
Farmacia,Dermatológicos,Ducray Neoptide Anticaida Loción Con 3 Piezas,https://www.soriana.com/dw/image/v2/BGBD_PRD/on/demandware.static/-/Sites-soriana-grocery-master-catalog/default/dw861842c5/images/product/3282776465369_A.jpg?sw=473&sh=473&sm=fit,https://www.soriana.com/farmacia/,/ducray-neoptide-anticaida-locion-con-3-piezas/2199454.html,"$1,005.00",vacio,vacio,vacio,Puntos 'dobles' al pagar con 'FALABELLA',vacio,2026-07-02
Farmacia,Dermatológicos,Aceite corporal Avène Xeracalm A.D Relipidizante 400 ml,https://www.soriana.com/dw/image/v2/BGBD_PRD/on/demandware.static/-/Sites-soriana-grocery-master-catalog/default/dw82884666/images/product/3282779405447_A.jpg?sw=473&sh=473&sm=fit,https://www.soriana.com/farmacia/,/aceite-corporal-avene-xeracalm-a.d-relipidizante-400-ml/2747953.html,$458.00,vacio,vacio,vacio,Puntos 'dobles' al pagar con 'FALABELLA',vacio,2026-07-02
Farmacia,Dermatológicos,Myfungar Crema 20 gr,https://www.soriana.com/dw/image/v2/BGBD_PRD/on/demandware.static/-/Sites-soriana-grocery-master-catalog/default/dw026008a1/images/product/7501390919956_A.jpg?sw=473&sh=473&sm=fit,https://www.soriana.com/farmacia/,/myfungar-crema-20-gr/2440342.html,$425.00,vacio,vacio,vacio,Puntos 'dobles' al pagar con 'FALABELLA',vacio,2026-07-02
Farmacia,Dermatológicos,Acomexol 10 G Crema 30 G,https://www.soriana.com/dw/image/v2/BGBD_PRD/on/demandware.static/-/Sites-soriana-grocery-master-catalog/default/dw954ba843/images/product/7501089810045_A.jpg?sw=473&sh=473&sm=fit,https://www.soriana.com/farmacia/,/acomexol-10-g-crema-30-g/387854.html,$192.00,vacio,vacio,vacio,Puntos 'dobles' al pagar con 'FALABELLA',vacio,2026-07-02
Farmacia,Dermatológicos,Sin Marcablistex Labial Menta Crema con 4.,https://www.soriana.com/dw/image/v2/BGBD_PRD/on/demandware.static/-/Sites-soriana-grocery-master-catalog/default/dwa983270e/images/product/7501070617455_A.jpg?sw=473&sh=473&sm=fit,https://www.soriana.com/farmacia/,/sin-marcablistex-labial-menta-crema-con-4./700254.html,$70.90,vacio,vacio,vacio,Puntos 'dobles' al pagar con 'FALABELLA',vacio,2026-07-02
Farmacia,Dermatológicos,Limpiador facial Bioderma Sébium 500 ml,https://www.soriana.com/dw/image/v2/BGBD_PRD/on/demandware.static/-/Sites-soriana-grocery-master-catalog/default/dw540aef74/images/product/3401399277092_A.jpg?sw=473&sh=473&sm=fit,https://www.soriana.com/farmacia/,/limpiador-facial-bioderma-sebium-500-ml/8002756.html,$915.00,vacio,Hasta 5 MSI,vacio,Puntos 'dobles' al pagar con 'FALABELLA',vacio,2026-07-02
Farmacia,Dermatológicos,Agua micelar La Roche-Posay Effaclar Ultra 400 ml,https://www.soriana.com/dw/image/v2/BGBD_PRD/on/demandware.static/-/Sites-soriana-grocery-master-catalog/default/dwd9280bb9/images/product/3337872412516_A.jpg?sw=473&sh=473&sm=fit,https://www.soriana.com/farmacia/,/agua-micelar-la-roche-posay-effaclar-ultra-400-ml/8002484.html,$959.00,vacio,Hasta 5 MSI,vacio,Puntos 'dobles' al pagar con 'FALABELLA',vacio,2026-07-02
Farmacia,Dermatológicos,Fotoprotector Isdin Gel Cream Dry Touch Color 50 Spf 50 ml,https://www.soriana.com/dw/image/v2/BGBD_PRD/on/demandware.static/-/Sites-soriana-grocery-master-catalog/default/dw59c4fd1e/images/product/8470001631718_A.jpg?sw=473&sh=473&sm=fit,https://www.soriana.com/farmacia/,/fotoprotector-isdin-gel-cream-dry-touch-color-50-spf-50-ml/8002690.html,$628.00,vacio,vacio,vacio,Puntos 'dobles' al pagar con 'FALABELLA',vacio,2026-07-02
Farmacia,Dermatológicos,Crema facial La Roche-Posay Effaclar Duo (+) FPS 30 40 ml,https://www.soriana.com/dw/image/v2/BGBD_PRD/on/demandware.static/-/Sites-soriana-grocery-master-catalog/default/dwa10757e0/images/product/3337875549493_A.jpg?sw=473&sh=473&sm=fit,https://www.soriana.com/farmacia/,/crema-facial-la-roche-posay-effaclar-duo-fps-30-40-ml/8002520.html,"$1,155.00",vacio,Hasta 5 MSI,vacio,Puntos 'dobles' al pagar con 'FALABELLA',vacio,2026-07-02
Farmacia,Dermatológicos,Sérum corporal La Roche-Posay Retinol B3 30 ml,https://www.soriana.com/dw/image/v2/BGBD_PRD/on/demandware.static/-/Sites-soriana-grocery-master-catalog/default/dwc378fe94/images/product/3337875694469_A.jpg?sw=473&sh=473&sm=fit,https://www.soriana.com/farmacia/,/serum-corporal-la-roche-posay-retinol-b3-30-ml/8011026.html,"$1,799.00",vacio,Hasta 5 MSI,vacio,Puntos 'dobles' al pagar con 'FALABELLA',vacio,2026-07-02
Farmacia,Dermatológicos,Herklin Peine Lendrera con 1 Pza,https://www.soriana.com/dw/image/v2/BGBD_PRD/on/demandware.static/-/Sites-soriana-grocery-master-catalog/default/dwb578767e/images/product/7501089810595_A.jpg?sw=473&sh=473&sm=fit,https://www.soriana.com/farmacia/,/herklin-peine-lendrera-con-1-pza/8003490.html,$183.28,vacio,vacio,vacio,Puntos 'dobles' al pagar con 'FALABELLA',vacio,2026-07-02
Farmacia,Dermatológicos,Crema facial La Roche-Posay Redermic Retinol 30 ml,https://www.soriana.com/dw/image/v2/BGBD_PRD/on/demandware.static/-/Sites-soriana-grocery-master-catalog/default/dw97335a0a/images/product/3337875660549_A.jpg?sw=473&sh=473&sm=fit,https://www.soriana.com/farmacia/,/crema-facial-la-roche-posay-redermic-retinol-30-ml/8002888.html,"$1,569.00",vacio,Hasta 5 MSI,vacio,Puntos 'dobles' al pagar con 'FALABELLA',vacio,2026-07-02
Farmacia,Dermatológicos,Bracitor Gel 0.1% Tubo 15 gr,https://www.soriana.com/dw/image/v2/BGBD_PRD/on/demandware.static/-/Sites-soriana-grocery-master-catalog/default/dw0829ee3d/images/product/8904091183517_A.jpg?sw=473&sh=473&sm=fit,https://www.soriana.com/farmacia/,/bracitor-gel-0.1--tubo-15-gr/8011156.html,$447.00,vacio,vacio,vacio,Puntos 'dobles' al pagar con 'FALABELLA',vacio,2026-07-02
Farmacia,Dermatológicos,Ducray Kelual Emulsion Sol con 50ml,https://www.soriana.com/dw/image/v2/BGBD_PRD/on/demandware.static/-/Sites-soriana-grocery-master-catalog/default/dwd0b1d696/images/product/3282771032894_A.jpg?sw=473&sh=473&sm=fit,https://www.soriana.com/farmacia/,/ducray-kelual-emulsion-sol-con-50ml/2199443.html,$392.00,vacio,vacio,vacio,vacio,vacio,2026-07-02
Farmacia,Dermatológicos,Loción CeraVe Hidratante de Rostro 236 ml,https://www.soriana.com/dw/image/v2/BGBD_PRD/on/demandware.static/-/Sites-soriana-grocery-master-catalog/default/dwf9c9159f/images/product/3337875597210_A.jpg?sw=473&sh=473&sm=fit,https://www.soriana.com/farmacia/,/locion-cerave-hidratante-de-rostro-236-ml/8002707.html,$389.00,vacio,Hasta 5 MSI,vacio,Puntos 'dobles' al pagar con 'FALABELLA',vacio,2026-07-02
Farmacia,Dermatológicos,CETAPHIL Loción Humectante 237ml,https://www.soriana.com/dw/image/v2/BGBD_PRD/on/demandware.static/-/Sites-soriana-grocery-master-catalog/default/dw90a3edc9/images/product/3499320013925_A.jpg?sw=473&sh=473&sm=fit,https://www.soriana.com/farmacia/,/cetaphil-locion-humectante-237ml/8012423.html,$303.78,vacio,vacio,vacio,Puntos 'dobles' al pagar con 'FALABELLA',vacio,2026-07-02
Farmacia,Dermatológicos,Desodorante Homme Roll-On Vichy Antitranspirante 72 50 ml,https://www.soriana.com/dw/image/v2/BGBD_PRD/on/demandware.static/-/Sites-soriana-grocery-master-catalog/default/dw97c6ccee/images/product/3337871320362_A.jpg?sw=473&sh=473&sm=fit,https://www.soriana.com/farmacia/,/desodorante-homme-roll-on-vichy-antitranspirante-72-50-ml/8001247.html,$505.00,vacio,vacio,vacio,Puntos 'dobles' al pagar con 'FALABELLA',vacio,2026-07-02
Farmacia,Dermatológicos,Eucerin Dermo Pure Triple Action Serum 40ml,https://www.soriana.com/dw/image/v2/BGBD_PRD/on/demandware.static/-/Sites-soriana-grocery-master-catalog/default/dwcbd8d182/images/product/4006000181981_A.jpg?sw=473&sh=473&sm=fit,https://www.soriana.com/farmacia/,/eucerin-dermo-pure-triple-action-serum-40ml/11899230.html,$834.00,vacio,vacio,vacio,Puntos 'dobles' al pagar con 'FALABELLA',vacio,2026-07-02
Farmacia,Dermatológicos,TRI-PACK EUCERIN EPIGENETICS+HF OJOS+HF NOCHE,https://www.soriana.com/dw/image/v2/BGBD_PRD/on/demandware.static/-/Sites-soriana-grocery-master-catalog/default/dw41a917d6/images/product/7501054558545_A.jpg?sw=473&sh=473&sm=fit,https://www.soriana.com/farmacia/,/tri-pack-eucerin-epigeneticshf-ojoshf-noche/11899241.html,"$1,690.00",vacio,vacio,vacio,Puntos 'dobles' al pagar con 'FALABELLA',vacio,2026-07-02
Farmacia,Dermatológicos,Eucerin Hyaluron Filler Elasticity Crema Noche 50 ML,https://www.soriana.com/dw/image/v2/BGBD_PRD/on/demandware.static/-/Sites-soriana-grocery-master-catalog/default/dwc629afa5/images/product/4006000183916_1.jpg?sw=473&sh=473&sm=fit,https://www.soriana.com/farmacia/,/eucerin-hyaluron-filler-elasticity-crema-noche-50-ml/11923988.html,$949.00,vacio,vacio,vacio,Puntos 'dobles' al pagar con 'FALABELLA',vacio,2026-07-02
Farmacia,Dermatológicos,Pack Eucerin Antipigment Crema corporal + Crema de manos SPF 30+,https://www.soriana.com/dw/image/v2/BGBD_PRD/on/demandware.static/-/Sites-soriana-grocery-master-catalog/default/dw63be9b24/images/product/7501054558750_1.jpg?sw=473&sh=473&sm=fit,https://www.soriana.com/farmacia/,/pack-eucerin-antipigment-crema-corporal-crema-de-manos-spf-30/11924121.html,"$1,278.00",vacio,vacio,vacio,Puntos 'dobles' al pagar con 'FALABELLA',vacio,2026-07-02
Farmacia,Dermatológicos,Isdin Fotoprot Hidrolotion Spy 200 Ml,https://www.soriana.com/dw/image/v2/BGBD_PRD/on/demandware.static/-/Sites-soriana-grocery-master-catalog/default/dw731d868d/images/product/8429420192263_A.jpg?sw=473&sh=473&sm=fit,https://www.soriana.com/farmacia/,/isdin-fotoprot-hidrolotion-spy-200-ml/8011235.html,$705.00,vacio,vacio,vacio,Puntos 'dobles' al pagar con 'FALABELLA',vacio,2026-07-02
Farmacia,Dermatológicos,Shampoo Cre-C Aguacate 410 ml,https://www.soriana.com/dw/image/v2/BGBD_PRD/on/demandware.static/-/Sites-soriana-grocery-master-catalog/default/dwd834d31d/images/product/7502005486580_A.jpg?sw=473&sh=473&sm=fit,https://www.soriana.com/farmacia/,/shampoo-cre-c-aguacate-410-ml/11635728.html,$99.00,vacio,vacio,vacio,Puntos 'dobles' al pagar con 'FALABELLA',vacio,2026-07-02
Farmacia,Dermatológicos,Avene Mat Perfect Color Kit C/3 Pzas,https://www.soriana.com/dw/image/v2/BGBD_PRD/on/demandware.static/-/Sites-soriana-grocery-master-catalog/default/dwa9848bf1/images/product/3282779334990_A.jpg?sw=473&sh=473&sm=fit,https://www.soriana.com/farmacia/,/avene-mat-perfect-color-kit-c-3-pzas/8011671.html,$570.00,vacio,vacio,vacio,Puntos 'dobles' al pagar con 'FALABELLA',vacio,2026-07-02
Farmacia,Dermatológicos,Labello Glowy Lips 10 ml,https://www.soriana.com/dw/image/v2/BGBD_PRD/on/demandware.static/-/Sites-soriana-grocery-master-catalog/default/dw5d14210f/images/product/4006000194202_1.jpg?sw=473&sh=473&sm=fit,https://www.soriana.com/farmacia/,/labello-glowy-lips-10-ml/11920499.html,$124.00,vacio,vacio,vacio,Puntos 'dobles' al pagar con 'FALABELLA',vacio,2026-07-02
Farmacia,Dermatológicos,La Roche Posay Protector Pack Solar Anthelios UVMune 1 pieza,https://www.soriana.com/dw/image/v2/BGBD_PRD/on/demandware.static/-/Sites-soriana-grocery-master-catalog/default/dwcee868a6/images/product/3337875917407_A.jpg?sw=473&sh=473&sm=fit,https://www.soriana.com/farmacia/,/la-roche-posay-protector-pack-solar-anthelios-uvmune-1-pieza/11926864.html,$749.00,vacio,vacio,vacio,Puntos 'dobles' al pagar con 'FALABELLA',vacio,2026-07-02
Farmacia,Dermatológicos,La Roche Posay Effaclar DUO + con 40 mililitros,https://www.soriana.com/dw/image/v2/BGBD_PRD/on/demandware.static/-/Sites-soriana-grocery-master-catalog/default/dw3ec83bf3/images/product/3337875863377_A.jpg?sw=473&sh=473&sm=fit,https://www.soriana.com/farmacia/,/la-roche-posay-effaclar-duo-con-40-mililitros/11926927.html,$899.00,vacio,vacio,vacio,Puntos 'dobles' al pagar con 'FALABELLA',vacio,2026-07-02
Farmacia,Dermatológicos,La Roche Posay Mela B3 Limpiador con 200 militros,https://www.soriana.com/dw/image/v2/BGBD_PRD/on/demandware.static/-/Sites-soriana-grocery-master-catalog/default/dw187979d3/images/product/3337875890069_A.jpg?sw=473&sh=473&sm=fit,https://www.soriana.com/farmacia/,/la-roche-posay-mela-b3-limpiador-con-200-militros/11926931.html,$749.00,vacio,vacio,vacio,Puntos 'dobles' al pagar con 'FALABELLA',vacio,2026-07-02
Farmacia,Dermatológicos,La Roche Posay Effaclar Serum Anti-Imperfecciones 30 mililitros,https://www.soriana.com/dw/image/v2/BGBD_PRD/on/demandware.static/-/Sites-soriana-grocery-master-catalog/default/dw3fd8e88a/images/product/3337875722827_A.jpg?sw=473&sh=473&sm=fit,https://www.soriana.com/farmacia/,/la-roche-posay-effaclar-serum-anti-imperfecciones-30-mililitros/11926924.html,"$1,049.00",vacio,vacio,vacio,Puntos 'dobles' al pagar con 'FALABELLA',vacio,2026-07-02
Farmacia,Dermatológicos,Eucerin Sun Photoaging Control Fps 50+ 5,https://www.soriana.com/dw/image/v2/BGBD_PRD/on/demandware.static/-/Sites-soriana-grocery-master-catalog/default/dw4da3faba/images/product/4005900265227_A.jpg?sw=473&sh=473&sm=fit,https://www.soriana.com/farmacia/,/eucerin-sun-photoaging-control-fps-50-5/11819128.html,$736.00,vacio,vacio,vacio,Puntos 'dobles' al pagar con 'FALABELLA',vacio,2026-07-02
Farmacia,Dermatológicos,Agua De Rosas Sabia Natura 250 Ml Con Be,https://www.soriana.com/dw/image/v2/BGBD_PRD/on/demandware.static/-/Sites-soriana-grocery-master-catalog/default/dw8950909d/images/product/7503007208835_A.jpg?sw=473&sh=473&sm=fit,https://www.soriana.com/farmacia/,/agua-de-rosas-sabia-natura-250-ml-con-be/11704570.html,$122.00,vacio,vacio,vacio,Puntos 'dobles' al pagar con 'FALABELLA',vacio,2026-07-02
Farmacia,Dermatológicos,Babaria Retinol Ampolletas 5 Pz,https://www.soriana.com/dw/image/v2/BGBD_PRD/on/demandware.static/-/Sites-soriana-grocery-master-catalog/default/dw79f07b8d/images/product/8410412100427_A.jpg?sw=473&sh=473&sm=fit,https://www.soriana.com/farmacia/,/babaria-retinol-ampolletas-5-pz/11727807.html,$199.00,vacio,vacio,vacio,Puntos 'dobles' al pagar con 'FALABELLA',vacio,2026-07-02
Farmacia,Dermatológicos,Eucerin Anti-Pigment Noche 50Ml Sin Marc,https://www.soriana.com/dw/image/v2/BGBD_PRD/on/demandware.static/-/Sites-soriana-grocery-master-catalog/default/dwcb665c64/images/product/4005900559517_A.jpg?sw=473&sh=473&sm=fit,https://www.soriana.com/farmacia/,/eucerin-anti-pigment-noche-50ml-sin-marc/11819124.html,"$1,185.00",vacio,vacio,vacio,Puntos 'dobles' al pagar con 'FALABELLA',vacio,2026-07-02
Farmacia,Dermatológicos,Bepanthen Sensicontrol 200Ml,https://www.soriana.com/dw/image/v2/BGBD_PRD/on/demandware.static/-/Sites-soriana-grocery-master-catalog/default/dwda5c1f6f/images/product/7501008499283_A.jpg?sw=473&sh=473&sm=fit,https://www.soriana.com/farmacia/,/bepanthen-sensicontrol-200ml/11686249.html,$525.00,vacio,vacio,vacio,Puntos 'dobles' al pagar con 'FALABELLA',vacio,2026-07-02
Farmacia,Dermatológicos,Fotop Isdin Compact 50 Bronce,https://www.soriana.com/dw/image/v2/BGBD_PRD/on/demandware.static/-/Sites-soriana-grocery-master-catalog/default/dwa0fc4bff/images/product/8470001654557_A.jpg?sw=473&sh=473&sm=fit,https://www.soriana.com/farmacia/,/fotop-isdin-compact-50-bronce/9064422.html,$749.00,vacio,vacio,vacio,Puntos 'dobles' al pagar con 'FALABELLA',vacio,2026-07-02
Farmacia,Dermatológicos,Crema Anthelios La Roche-Posay Toque Seco Fps50 Sin Color 50 ml,https://www.soriana.com/dw/image/v2/BGBD_PRD/on/demandware.static/-/Sites-soriana-grocery-master-catalog/default/dw844cc7fb/images/product/3337875546409_A.jpg?sw=473&sh=473&sm=fit,https://www.soriana.com/farmacia/,/crema-anthelios-la-roche-posay-toque-seco-fps50-sin-color-50-ml/8002502.html,$735.00,vacio,Hasta 5 MSI,vacio,Puntos 'dobles' al pagar con 'FALABELLA',vacio,2026-07-02
Farmacia,Dermatológicos,Vichy Dermablend Sand 35 Maq Pvo 9.5 Gr,https://www.soriana.com/dw/image/v2/BGBD_PRD/on/demandware.static/-/Sites-soriana-grocery-master-catalog/default/dwb7e1e8a7/images/product/3337875563048_A.jpg?sw=473&sh=473&sm=fit,https://www.soriana.com/farmacia/,/vichy-dermablend-sand-35-maq-pvo-9.5-gr/8002582.html,"$1,075.00",vacio,Hasta 5 MSI,vacio,Puntos 'dobles' al pagar con 'FALABELLA',vacio,2026-07-02
Farmacia,Dermatológicos,Crema facial Cetaphil Hidratante Noche 48 g,https://www.soriana.com/dw/image/v2/BGBD_PRD/on/demandware.static/-/Sites-soriana-grocery-master-catalog/default/dwb5e5d3ce/images/product/3499320007979_A.jpg?sw=473&sh=473&sm=fit,https://www.soriana.com/farmacia/,/crema-facial-cetaphil-hidratante-noche-48-g/8008324.html,$597.00,vacio,vacio,vacio,Puntos 'dobles' al pagar con 'FALABELLA',vacio,2026-07-02
Farmacia,Dermatológicos,CETAPHIL Limpiador Facial Diario Para Piel Grasa 237ml,https://www.soriana.com/dw/image/v2/BGBD_PRD/on/demandware.static/-/Sites-soriana-grocery-master-catalog/default/dwa1f46c71/images/product/3499320012812_A.jpg?sw=473&sh=473&sm=fit,https://www.soriana.com/farmacia/,/cetaphil-limpiador-facial-diario-para-piel-grasa-237ml/8011690.html,$485.00,vacio,vacio,vacio,Puntos 'dobles' al pagar con 'FALABELLA',vacio,2026-07-02
Farmacia,Dermatológicos,Crema de Dia Isdin Age Revers 50 ml,https://www.soriana.com/dw/image/v2/BGBD_PRD/on/demandware.static/-/Sites-soriana-grocery-master-catalog/default/dw6e58ffba/images/product/8470001812353_A.jpg?sw=473&sh=473&sm=fit,https://www.soriana.com/farmacia/,/crema-de-dia-isdin-age-revers-50-ml/8012459.html,"$1,995.00",vacio,Hasta 5 MSI,vacio,Puntos 'dobles' al pagar con 'FALABELLA',vacio,2026-07-02
Farmacia,Dermatológicos,Crema facial La Roche-Posay Hyalu B5 15 ml,https://www.soriana.com/dw/image/v2/BGBD_PRD/on/demandware.static/-/Sites-soriana-grocery-master-catalog/default/dwccc2193f/images/product/3337875613668_A.jpg?sw=473&sh=473&sm=fit,https://www.soriana.com/farmacia/,/crema-facial-la-roche-posay-hyalu-b5-15-ml/8002893.html,"$1,319.00",vacio,Hasta 5 MSI,vacio,Puntos 'dobles' al pagar con 'FALABELLA',vacio,2026-07-02
Farmacia,Dermatológicos,Maya Solar Repelente Gel 75 Ml,https://www.soriana.com/dw/image/v2/BGBD_PRD/on/demandware.static/-/Sites-soriana-grocery-master-catalog/default/dwe777a9c6/images/product/7503007641656_A.jpg?sw=473&sh=473&sm=fit,https://www.soriana.com/farmacia/,/maya-solar-repelente-gel-75-ml/11583401.html,$54.90,vacio,vacio,vacio,Puntos 'dobles' al pagar con 'FALABELLA',vacio,2026-07-02
Farmacia,Dermatológicos,Bioderma PhotoDerm Nude Touch 50+ FPS Tono Claro 40 ml,https://www.soriana.com/dw/image/v2/BGBD_PRD/on/demandware.static/-/Sites-soriana-grocery-master-catalog/default/dw3ae937f0/images/product/3701129803455_A.jpg?sw=473&sh=473&sm=fit,https://www.soriana.com/farmacia/,/bioderma-photoderm-nude-touch-50-fps-tono-claro-40-ml/11658082.html,$809.00,vacio,Hasta 5 MSI,vacio,Puntos 'dobles' al pagar con 'FALABELLA',vacio,2026-07-02
Farmacia,Dermatológicos,Jabón Vitamina E 100gr,https://www.soriana.com/dw/image/v2/BGBD_PRD/on/demandware.static/-/Sites-soriana-grocery-master-catalog/default/dw388a0268/images/product/7501853800081_A.jpg?sw=473&sh=473&sm=fit,https://www.soriana.com/farmacia/,/jabon-vitamina-e-100gr/1360645.html,$38.00,vacio,vacio,vacio,Puntos 'dobles' al pagar con 'FALABELLA',vacio,2026-07-02
Farmacia,Dermatológicos,Repelente De Mosquitos Spray 60 Ml,https://www.soriana.com/dw/image/v2/BGBD_PRD/on/demandware.static/-/Sites-soriana-grocery-master-catalog/default/dwe5ae03b1/images/product/7501006824025_A.jpg?sw=473&sh=473&sm=fit,https://www.soriana.com/farmacia/,/repelente-de-mosquitos-spray-60-ml/1376500.html,$33.90,vacio,vacio,vacio,Puntos 'dobles' al pagar con 'FALABELLA',vacio,2026-07-02
Farmacia,Dermatológicos,Gel Limpiador Facial Eucerin DermatoClean para Piel Normal a Mixta 200 ml,https://www.soriana.com/dw/image/v2/BGBD_PRD/on/demandware.static/-/Sites-soriana-grocery-master-catalog/default/dw8e6ee0b9/images/product/4005808583348_A.jpg?sw=473&sh=473&sm=fit,https://www.soriana.com/farmacia/,/gel-limpiador-facial-eucerin-dermatoclean-para-piel-normal-a-mixta-200-ml/2751384.html,$605.00,vacio,vacio,vacio,Puntos 'dobles' al pagar con 'FALABELLA',vacio,2026-07-02
Farmacia,Dermatológicos,Crema Avène Cicalfate+ 40 ml,https://www.soriana.com/dw/image/v2/BGBD_PRD/on/demandware.static/-/Sites-soriana-grocery-master-catalog/default/dwa871955f/images/product/3282776088209_A.jpg?sw=473&sh=473&sm=fit,https://www.soriana.com/farmacia/,/crema-avene-cicalfate-40-ml/3042064.html,$403.00,vacio,Hasta 5 MSI,vacio,Puntos 'dobles' al pagar con 'FALABELLA',vacio,2026-07-02
Farmacia,Dermatológicos,Antitranspirante Perspirex Roll On 25 ml,https://www.soriana.com/dw/image/v2/BGBD_PRD/on/demandware.static/-/Sites-soriana-grocery-master-catalog/default/dw1fa73a74/images/product/5701943011201_A.jpg?sw=473&sh=473&sm=fit,https://www.soriana.com/farmacia/,/antitranspirante-perspirex-roll-on-25-ml/3111903.html,$595.00,vacio,vacio,vacio,Puntos 'dobles' al pagar con 'FALABELLA',vacio,2026-07-02
Farmacia,Dermatológicos,Bioderma Sebium Hydra Hidratante 40 ml,https://www.soriana.com/dw/image/v2/BGBD_PRD/on/demandware.static/-/Sites-soriana-grocery-master-catalog/default/dwcc272a8b/images/product/3401348840421_A.jpg?sw=473&sh=473&sm=fit,https://www.soriana.com/farmacia/,/bioderma-sebium-hydra-hidratante-40-ml/2199802.html,$829.00,vacio,Hasta 5 MSI,vacio,Puntos 'dobles' al pagar con 'FALABELLA',vacio,2026-07-02
Farmacia,Dermatológicos,Solución Spray Cicloferon Xtrm 50 ml,https://www.soriana.com/dw/image/v2/BGBD_PRD/on/demandware.static/-/Sites-soriana-grocery-master-catalog/default/dwc82f4512/images/product/7501299338018_A.jpg?sw=473&sh=473&sm=fit,https://www.soriana.com/farmacia/,/solucion-spray-cicloferon-xtrm-50-ml/2317366.html,$755.00,vacio,vacio,vacio,Puntos 'dobles' al pagar con 'FALABELLA',vacio,2026-07-02
Farmacia,Dermatológicos,Sebryl Plus Shamp con 150g,https://www.soriana.com/dw/image/v2/BGBD_PRD/on/demandware.static/-/Sites-soriana-grocery-master-catalog/default/dw81c61eac/images/product/7501201340016_A.jpg?sw=473&sh=473&sm=fit,https://www.soriana.com/farmacia/,/sebryl-plus-shamp-con-150g/424540.html,$449.00,vacio,vacio,vacio,Puntos 'dobles' al pagar con 'FALABELLA',vacio,2026-07-02
Farmacia,Dermatológicos,Avesop Jbn con 100g,https://www.soriana.com/dw/image/v2/BGBD_PRD/on/demandware.static/-/Sites-soriana-grocery-master-catalog/default/dw27186118/images/product/7501089812100_A.jpg?sw=473&sh=473&sm=fit,https://www.soriana.com/farmacia/,/avesop-jbn-con-100g/555916.html,$345.00,vacio,vacio,vacio,Puntos 'dobles' al pagar con 'FALABELLA',vacio,2026-07-02
Farmacia,Dermatológicos,Crema facial Dos Caritas Concha Nacar 100 g,https://www.soriana.com/dw/image/v2/BGBD_PRD/on/demandware.static/-/Sites-soriana-grocery-master-catalog/default/dwf054ef1e/images/product/7503001234748_A.jpg?sw=473&sh=473&sm=fit,https://www.soriana.com/farmacia/,/crema-facial-dos-caritas-concha-nacar-100-g/2568129.html,$65.00,vacio,vacio,vacio,Puntos 'dobles' al pagar con 'FALABELLA',vacio,2026-07-02
Farmacia,Dermatológicos,Sistema Gb 1.0g Shampoo con 230ml,https://www.soriana.com/dw/image/v2/BGBD_PRD/on/demandware.static/-/Sites-soriana-grocery-master-catalog/default/dwfff24f79/images/product/0650240027284_A.jpg?sw=473&sh=473&sm=fit,https://www.soriana.com/farmacia/,/sistema-gb-1.0g-shampoo-con-230ml/2605475.html,$179.00,vacio,vacio,vacio,Puntos 'dobles' al pagar con 'FALABELLA',vacio,2026-07-02
Farmacia,Dermatológicos,Retin-A 0.025 Crema con 40g,https://www.soriana.com/dw/image/v2/BGBD_PRD/on/demandware.static/-/Sites-soriana-grocery-master-catalog/default/dw3344c1ab/images/product/7501100076078_A.jpg?sw=473&sh=473&sm=fit,https://www.soriana.com/farmacia/,/retin-a-0.025-crema-con-40g/598525.html,$725.00,vacio,vacio,vacio,Puntos 'dobles' al pagar con 'FALABELLA',vacio,2026-07-02
Farmacia,Dermatológicos,Aceite de Ducha Eucerin pH5 200 ml,https://www.soriana.com/dw/image/v2/BGBD_PRD/on/demandware.static/-/Sites-soriana-grocery-master-catalog/default/dw12778e9e/images/product/7501054530398_A.jpg?sw=473&sh=473&sm=fit,https://www.soriana.com/farmacia/,/aceite-de-ducha-eucerin-ph5-200-ml/629233.html,$465.00,vacio,vacio,vacio,Puntos 'dobles' al pagar con 'FALABELLA',vacio,2026-07-02
Farmacia,Dermatológicos,La Roche Posay Mela B3 Serum Antimanchas con 30 militros,https://www.soriana.com/dw/image/v2/BGBD_PRD/on/demandware.static/-/Sites-soriana-grocery-master-catalog/default/dw200ef726/images/product/3337875890021_A.jpg?sw=473&sh=473&sm=fit,https://www.soriana.com/farmacia/,/la-roche-posay-mela-b3-serum-antimanchas-con-30-militros/11926867.html,"$1,399.00",vacio,vacio,vacio,Puntos 'dobles' al pagar con 'FALABELLA',vacio,2026-07-02
Farmacia,Dermatológicos,La Roche Posay Pure Vitamn C12 Serum 30 mililitros,https://www.soriana.com/dw/image/v2/BGBD_PRD/on/demandware.static/-/Sites-soriana-grocery-master-catalog/default/dwb6e5f6d8/images/product/3337875909235_A.jpg?sw=473&sh=473&sm=fit,https://www.soriana.com/farmacia/,/la-roche-posay-pure-vitamn-c12-serum-30-mililitros/11926884.html,"$1,399.00",vacio,vacio,vacio,Puntos 'dobles' al pagar con 'FALABELLA',vacio,2026-07-02
Farmacia,Dermatológicos,Crema Facial La Roche Posay Para Puntos Negros Effaclar K 40 ml,https://www.soriana.com/dw/image/v2/BGBD_PRD/on/demandware.static/-/Sites-soriana-grocery-master-catalog/default/dw42c60657/images/product/3337875613491_A.jpg?sw=473&sh=473&sm=fit,https://www.soriana.com/farmacia/,/crema-facial-la-roche-posay-para-puntos-negros-effaclar-k-40-ml/8002892.html,$965.00,vacio,Hasta 5 MSI,vacio,Puntos 'dobles' al pagar con 'FALABELLA',vacio,2026-07-02
Farmacia,Dermatológicos,Protector Solar Anthelios Bruma La Roche-Posay Fps-50 Anti Brillo 75 ml,https://www.soriana.com/dw/image/v2/BGBD_PRD/on/demandware.static/-/Sites-soriana-grocery-master-catalog/default/dw1f7f6b30/images/product/3337875549530_A.jpg?sw=473&sh=473&sm=fit,https://www.soriana.com/farmacia/,/protector-solar-anthelios-bruma-la-roche-posay-fps-50-anti-brillo-75-ml/8002503.html,$635.00,vacio,Hasta 5 MSI,vacio,Puntos 'dobles' al pagar con 'FALABELLA',vacio,2026-07-02
Farmacia,Dermatológicos,Protector Solar Anti Edad Vichy Idéal Soleil Fps 50 50 ml,https://www.soriana.com/dw/image/v2/BGBD_PRD/on/demandware.static/-/Sites-soriana-grocery-master-catalog/default/dwf920a850/images/product/3337875585231_A.jpg?sw=473&sh=473&sm=fit,https://www.soriana.com/farmacia/,/protector-solar-anti-edad-vichy-ideal-soleil-fps-50-50-ml/8002667.html,$835.00,vacio,Hasta 5 MSI,vacio,Puntos 'dobles' al pagar con 'FALABELLA',vacio,2026-07-02
Farmacia,Dermatológicos,Protector Solar Vichy Idéal Soleil Anti Manchas Fps50 Beige 50 ml,https://www.soriana.com/dw/image/v2/BGBD_PRD/on/demandware.static/-/Sites-soriana-grocery-master-catalog/default/dweeadfece/images/product/3337875419802_A.jpg?sw=473&sh=473&sm=fit,https://www.soriana.com/farmacia/,/protector-solar-vichy-ideal-soleil-anti-manchas-fps50-beige-50-ml/8001379.html,$939.00,vacio,Hasta 5 MSI,vacio,Puntos 'dobles' al pagar con 'FALABELLA',vacio,2026-07-02
Farmacia,Dermatológicos,Crema corporal Dexeryl Emoliente 250 g,https://www.soriana.com/dw/image/v2/BGBD_PRD/on/demandware.static/-/Sites-soriana-grocery-master-catalog/default/dw2f51cd13/images/product/3282776432026_A.jpg?sw=473&sh=473&sm=fit,https://www.soriana.com/farmacia/,/crema-corporal-dexeryl-emoliente-250-g/2199448.html,$293.00,vacio,Hasta 5 MSI,vacio,Puntos 'dobles' al pagar con 'FALABELLA',vacio,2026-07-02
Farmacia,Dermatológicos,Vichy Normader Phytoso Purif Gel 200 ml,https://www.soriana.com/dw/image/v2/BGBD_PRD/on/demandware.static/-/Sites-soriana-grocery-master-catalog/default/dw7e52db9b/images/product/3337875663076_A.jpg?sw=473&sh=473&sm=fit,https://www.soriana.com/farmacia/,/vichy-normader-phytoso-purif-gel-200-ml/8003469.html,$619.00,vacio,Hasta 5 MSI,vacio,Puntos 'dobles' al pagar con 'FALABELLA',vacio,2026-07-02
Farmacia,Dermatológicos,Lifactiv Supreme Vitamina-C Serum 20 ml,https://www.soriana.com/dw/image/v2/BGBD_PRD/on/demandware.static/-/Sites-soriana-grocery-master-catalog/default/dw922e04ef/images/product/3337875796583_A.jpg?sw=473&sh=473&sm=fit,https://www.soriana.com/farmacia/,/lifactiv-supreme-vitamina-c-serum-20-ml/8012370.html,"$1,305.00",vacio,Hasta 5 MSI,vacio,Puntos 'dobles' al pagar con 'FALABELLA',vacio,2026-07-02
Farmacia,Dermatológicos,La Roche Posay Anthelios Age Correct 50 ml,https://www.soriana.com/dw/image/v2/BGBD_PRD/on/demandware.static/-/Sites-soriana-grocery-master-catalog/default/dw456397a0/images/product/3337875761031_A.jpg?sw=473&sh=473&sm=fit,https://www.soriana.com/farmacia/,/la-roche-posay-anthelios-age-correct-50-ml/8011675.html,"$1,099.00",vacio,Hasta 5 MSI,vacio,Puntos 'dobles' al pagar con 'FALABELLA',vacio,2026-07-02
Farmacia,Dermatológicos,Jabón en barra Asepxia Regeneradora/Azul 100g,https://www.soriana.com/dw/image/v2/BGBD_PRD/on/demandware.static/-/Sites-soriana-grocery-master-catalog/default/dw69338861/images/product/650240074288_A.jpg?sw=473&sh=473&sm=fit,https://www.soriana.com/farmacia/,/jabon-en-barra-asepxia-regeneradora-azul-100g/11868545.html,$24.50,vacio,vacio,vacio,Puntos 'dobles' al pagar con 'FALABELLA',vacio,2026-07-02
Farmacia,Dermatológicos,Avene-Ultra Fluido Ultra Mat 50Ml,https://www.soriana.com/dw/image/v2/BGBD_PRD/on/demandware.static/-/Sites-soriana-grocery-master-catalog/default/dw4582ff5b/images/product/3282770392654_A.jpg?sw=473&sh=473&sm=fit,https://www.soriana.com/farmacia/,/avene-ultra-fluido-ultra-mat-50ml/11821831.html,$559.00,vacio,vacio,vacio,Puntos 'dobles' al pagar con 'FALABELLA',vacio,2026-07-02
Farmacia,Dermatológicos,Crema facial La Roche-Posay Kerium DS 40 ml,https://www.soriana.com/dw/image/v2/BGBD_PRD/on/demandware.static/-/Sites-soriana-grocery-master-catalog/default/dw0acd0d3f/images/product/3337872411793_A.jpg?sw=473&sh=473&sm=fit,https://www.soriana.com/farmacia/,/crema-facial-la-roche-posay-kerium-ds-40-ml/8001205.html,$709.00,vacio,vacio,vacio,Puntos 'dobles' al pagar con 'FALABELLA',vacio,2026-07-02
Farmacia,Dermatológicos,Crema corporal CeraVe Hidratante 50 ml,https://www.soriana.com/dw/image/v2/BGBD_PRD/on/demandware.static/-/Sites-soriana-grocery-master-catalog/default/dwca223a2d/images/product/3337875597371_A.jpg?sw=473&sh=473&sm=fit,https://www.soriana.com/farmacia/,/crema-corporal-cerave-hidratante-50-ml/8011255.html,$188.00,vacio,Hasta 5 MSI,vacio,Puntos 'dobles' al pagar con 'FALABELLA',vacio,2026-07-02
Farmacia,Dermatológicos,Isdinceutics K-ox Eyes 15 g,https://www.soriana.com/dw/image/v2/BGBD_PRD/on/demandware.static/-/Sites-soriana-grocery-master-catalog/default/dw0a6c5732/images/product/8470001769183_A.jpg?sw=473&sh=473&sm=fit,https://www.soriana.com/farmacia/,/isdinceutics-k-ox-eyes-15-g/11929211.html,"$1,097.00",vacio,vacio,vacio,Puntos 'dobles' al pagar con 'FALABELLA',vacio,2026-07-02
Farmacia,Dermatológicos,Grisi Control Bicarb/Carbon Jabón Pack 2Pz,https://www.soriana.com/dw/image/v2/BGBD_PRD/on/demandware.static/-/Sites-soriana-grocery-master-catalog/default/dw55cdb2fb/images/product/7501022171967_A.jpg?sw=473&sh=473&sm=fit,https://www.soriana.com/farmacia/,/grisi-control-bicarb-carbon-jabon-pack-2pz/11714663.html,$69.00,vacio,vacio,vacio,Puntos 'dobles' al pagar con 'FALABELLA',vacio,2026-07-02
Farmacia,Dermatológicos,Isdin FP Coverage 3 Sand SPF50 30 ml,https://www.soriana.com/dw/image/v2/BGBD_PRD/on/demandware.static/-/Sites-soriana-grocery-master-catalog/default/dw2b969073/images/product/8429420313620_A.jpg?sw=473&sh=473&sm=fit,https://www.soriana.com/farmacia/,/isdin-fp-coverage-3-sand-spf50-30-ml/11929086.html,$680.00,vacio,vacio,vacio,Puntos 'dobles' al pagar con 'FALABELLA',vacio,2026-07-02
Farmacia,Dermatológicos,Balsamo Vaseline Tarro Rosa 7 g,https://www.soriana.com/dw/image/v2/BGBD_PRD/on/demandware.static/-/Sites-soriana-grocery-master-catalog/default/dwff76565e/images/product/0305210231597_A.jpg?sw=473&sh=473&sm=fit,https://www.soriana.com/farmacia/,/balsamo-vaseline-tarro-rosa-7-g/11706737.html,$89.50,vacio,vacio,vacio,Puntos 'dobles' al pagar con 'FALABELLA',vacio,2026-07-02
Farmacia,Dermatológicos,Kit dermatológico VICHI Retinol Xmas 2023,https://www.soriana.com/dw/image/v2/BGBD_PRD/on/demandware.static/-/Sites-soriana-grocery-master-catalog/default/dw243812b3/images/product/7509552886924_A.jpg?sw=473&sh=473&sm=fit,https://www.soriana.com/farmacia/,/kit-dermatologico-vichi-retinol-xmas-2023/11737235.html,$999.00,vacio,vacio,vacio,Puntos 'dobles' al pagar con 'FALABELLA',vacio,2026-07-02
Farmacia,Dermatológicos,Th Pharma V-Perfect Gold Iluminador Fac Amp 2 Piezas,https://www.soriana.com/dw/image/v2/BGBD_PRD/on/demandware.static/-/Sites-soriana-grocery-master-catalog/default/dw3f777c2e/images/product/8426827085549_A.jpg?sw=473&sh=473&sm=fit,https://www.soriana.com/farmacia/,/th-pharma-v-perfect-gold-iluminador-fac-amp-2-piezas/11726625.html,$115.00,vacio,vacio,vacio,Puntos 'dobles' al pagar con 'FALABELLA',vacio,2026-07-02
Farmacia,Dermatológicos,Serum Facial Isdin Flav-C Forte 5.3 ml,https://www.soriana.com/dw/image/v2/BGBD_PRD/on/demandware.static/-/Sites-soriana-grocery-master-catalog/default/dwa005b6ec/images/product/8429420215078_A.jpg?sw=473&sh=473&sm=fit,https://www.soriana.com/farmacia/,/serum-facial-isdin-flav-c-forte-5.3-ml/8012461.html,$715.00,vacio,Hasta 5 MSI,vacio,Puntos 'dobles' al pagar con 'FALABELLA',vacio,2026-07-02
Farmacia,Dermatológicos,Solución Medipiox Repelente De Piojos Y Liendres 60 ml,https://www.soriana.com/dw/image/v2/BGBD_PRD/on/demandware.static/-/Sites-soriana-grocery-master-catalog/default/dw40d9ccb9/images/product/7502274770717_A.jpg?sw=473&sh=473&sm=fit,https://www.soriana.com/farmacia/,/solucion-medipiox-repelente-de-piojos-y-liendres-60-ml/9070939.html,$160.00,vacio,vacio,vacio,Puntos 'dobles' al pagar con 'FALABELLA',vacio,2026-07-02
Farmacia,Dermatológicos,Gel Pediculicida Isdin Antipiojos 100 ml,https://www.soriana.com/dw/image/v2/BGBD_PRD/on/demandware.static/-/Sites-soriana-grocery-master-catalog/default/dwee8d6ad7/images/product/8429420108493_A.jpg?sw=473&sh=473&sm=fit,https://www.soriana.com/farmacia/,/gel-pediculicida-isdin-antipiojos-100-ml/9064424.html,$442.00,vacio,Hasta 5 MSI,vacio,Puntos 'dobles' al pagar con 'FALABELLA',vacio,2026-07-02
Farmacia,Dermatológicos,Eucerin Anti-Pigment Dual Serum Facial 3,https://www.soriana.com/dw/image/v2/BGBD_PRD/on/demandware.static/-/Sites-soriana-grocery-master-catalog/default/dw3c79465f/images/product/7319470066786_A.jpg?sw=473&sh=473&sm=fit,https://www.soriana.com/farmacia/,/eucerin-anti-pigment-dual-serum-facial-3/11819122.html,"$1,725.00",vacio,vacio,vacio,Puntos 'dobles' al pagar con 'FALABELLA',vacio,2026-07-02
Farmacia,Dermatológicos,La Roche Posay Effac Duo +Gel+Bloq 3Pack,https://www.soriana.com/dw/image/v2/BGBD_PRD/on/demandware.static/-/Sites-soriana-grocery-master-catalog/default/dweb16c7cf/images/product/7509552887181_A.jpg?sw=473&sh=473&sm=fit,https://www.soriana.com/farmacia/,/la-roche-posay-effac-duo-gelbloq-3pack/11716753.html,$739.00,vacio,vacio,vacio,Puntos 'dobles' al pagar con 'FALABELLA',vacio,2026-07-02
Farmacia,Dermatológicos,Compresa Facial Terapia Frio- Caliente S,https://www.soriana.com/dw/image/v2/BGBD_PRD/on/demandware.static/-/Sites-soriana-grocery-master-catalog/default/dw8237ba3e/images/product/7502256729108_A.jpg?sw=473&sh=473&sm=fit,https://www.soriana.com/farmacia/,/compresa-facial-terapia-frio--caliente-s/11720174.html,$213.00,vacio,vacio,vacio,Puntos 'dobles' al pagar con 'FALABELLA',vacio,2026-07-02
Farmacia,Dermatológicos,Britesun Bronceador Summer Tan 150 Ml,https://www.soriana.com/dw/image/v2/BGBD_PRD/on/demandware.static/-/Sites-soriana-grocery-master-catalog/default/dwa552294c/images/product/7502284670120_A.jpg?sw=473&sh=473&sm=fit,https://www.soriana.com/farmacia/,/britesun-bronceador-summer-tan-150-ml/8008458.html,$163.00,vacio,vacio,vacio,Puntos 'dobles' al pagar con 'FALABELLA',vacio,2026-07-02
Farmacia,Dermatológicos,Bare Mineral FPS 30 Citrus Aerosol 177 ml,https://www.soriana.com/dw/image/v2/BGBD_PRD/on/demandware.static/-/Sites-soriana-grocery-master-catalog/default/dwff76828b/images/product/0857724008085_A.jpg?sw=473&sh=473&sm=fit,https://www.soriana.com/farmacia/,/bare-mineral-fps-30-citrus-aerosol-177-ml/11615496.html,$202.00,vacio,vacio,vacio,Puntos 'dobles' al pagar con 'FALABELLA',vacio,2026-07-02
Farmacia,Dermatológicos,Gpp Sulfadiazina de Plata 1% Con 28 g,https://www.soriana.com/dw/image/v2/BGBD_PRD/on/demandware.static/-/Sites-soriana-grocery-master-catalog/default/dw8969cb9a/images/product/7502211781615_A.jpg?sw=473&sh=473&sm=fit,https://www.soriana.com/farmacia/,/gpp-sulfadiazina-de-plata-1--con-28-g/11683604.html,$115.90,vacio,vacio,vacio,Puntos 'dobles' al pagar con 'FALABELLA',vacio,2026-07-02
Farmacia,Dermatológicos,Clearasil Rapid Rescue Limpiador 200 ml,https://www.soriana.com/dw/image/v2/BGBD_PRD/on/demandware.static/-/Sites-soriana-grocery-master-catalog/default/dwdabc926d/images/product/0839977009224_A.jpg?sw=473&sh=473&sm=fit,https://www.soriana.com/farmacia/,/clearasil-rapid-rescue-limpiador-200-ml/11675113.html,$187.00,vacio,vacio,vacio,Puntos 'dobles' al pagar con 'FALABELLA',vacio,2026-07-02
Farmacia,Dermatológicos,Bioderma Sensibio AR+ Crema 40 ml,https://www.soriana.com/dw/image/v2/BGBD_PRD/on/demandware.static/-/Sites-soriana-grocery-master-catalog/default/dw0c6673c4/images/product/3701129812099_A.jpg?sw=473&sh=473&sm=fit,https://www.soriana.com/farmacia/,/bioderma-sensibio-ar-crema-40-ml/11902716.html,$775.00,vacio,vacio,vacio,Puntos 'dobles' al pagar con 'FALABELLA',vacio,2026-07-02
Farmacia,Dermatológicos,La Roche-Posay Pack Anthelios UVMune Toque Seco + 2 regalos: Effaclar Duo+ Serum y Agua Micelar,https://www.soriana.com/dw/image/v2/BGBD_PRD/on/demandware.static/-/Sites-soriana-grocery-master-catalog/default/dw911cc9ec/images/product/7509552526271_A.jpg?sw=473&sh=473&sm=fit,https://www.soriana.com/farmacia/,/la-roche-posay-pack-anthelios-uvmune-toque-seco-2-regalos-effaclar-duo-serum-y-agua-micelar/11926437.html,$489.30,vacio,vacio,vacio,Puntos 'dobles' al pagar con 'FALABELLA',vacio,2026-07-02
Farmacia,Dermatológicos,La Roche Posay Hyalu B5 Ojos Concentrado Anti Arrugas para Piel Sensible con 15 mililitros,https://www.soriana.com/dw/image/v2/BGBD_PRD/on/demandware.static/-/Sites-soriana-grocery-master-catalog/default/dwc2bfcf12/images/product/3337875806923_A.jpg?sw=473&sh=473&sm=fit,https://www.soriana.com/farmacia/,/la-roche-posay-hyalu-b5-ojos-concentrado-anti-arrugas-para-piel-sensible-con-15-mililitros/11926907.html,"$1,119.00",vacio,vacio,vacio,Puntos 'dobles' al pagar con 'FALABELLA',vacio,2026-07-02
Farmacia,Dermatológicos,Heliocare 360° Mineral Tolerance Fluid con 50 mililitros,https://www.soriana.com/dw/image/v2/BGBD_PRD/on/demandware.static/-/Sites-soriana-grocery-master-catalog/default/dw90afcca9/images/product/8470001847607_A.jpg?sw=473&sh=473&sm=fit,https://www.soriana.com/farmacia/,/heliocare-360-mineral-tolerance-fluid-con-50-mililitros/11928222.html,$719.00,vacio,vacio,vacio,Puntos 'dobles' al pagar con 'FALABELLA',vacio,2026-07-02
Farmacia,Dermatológicos,Eclipsol Ultra Crema Protector Solar 60g,https://www.soriana.com/dw/image/v2/BGBD_PRD/on/demandware.static/-/Sites-soriana-grocery-master-catalog/default/dw12364371/images/product/37836012389_A.jpg?sw=473&sh=473&sm=fit,https://www.soriana.com/farmacia/,/eclipsol-ultra-crema-protector-solar-60g/11635853.html,$295.00,vacio,vacio,vacio,Puntos 'dobles' al pagar con 'FALABELLA',vacio,2026-07-02
Farmacia,Dermatológicos,Eucerin Aceite Y Gel De Ducha Piel Sensi,https://www.soriana.com/dw/image/v2/BGBD_PRD/on/demandware.static/-/Sites-soriana-grocery-master-catalog/default/dwe554cc90/images/product/4006000122069_A.jpg?sw=473&sh=473&sm=fit,https://www.soriana.com/farmacia/,/eucerin-aceite-y-gel-de-ducha-piel-sensi/11870351.html,$459.00,vacio,vacio,vacio,Puntos 'dobles' al pagar con 'FALABELLA',vacio,2026-07-02
Farmacia,Dermatológicos,Pigmentbio Foaming Cream 200Ml,https://www.soriana.com/dw/image/v2/BGBD_PRD/on/demandware.static/-/Sites-soriana-grocery-master-catalog/default/dw5fcf4d78/images/product/3701129800546_A.jpg?sw=473&sh=473&sm=fit,https://www.soriana.com/farmacia/,/pigmentbio-foaming-cream-200ml/11833791.html,$705.00,vacio,vacio,vacio,Puntos 'dobles' al pagar con 'FALABELLA',vacio,2026-07-02
Farmacia,Dermatológicos,Isdin Hydration Ureadin Shower Gel 400Ml,https://www.soriana.com/dw/image/v2/BGBD_PRD/on/demandware.static/-/Sites-soriana-grocery-master-catalog/default/dw25a01c42/images/product/8429420251632_A.jpg?sw=473&sh=473&sm=fit,https://www.soriana.com/farmacia/,/isdin-hydration-ureadin-shower-gel-400ml/11802249.html,$549.00,vacio,vacio,vacio,Puntos 'dobles' al pagar con 'FALABELLA',vacio,2026-07-02
Farmacia,Dermatológicos,Eucerin Sun Hydrofluid Medium Fps50 Spf,https://www.soriana.com/dw/image/v2/BGBD_PRD/on/demandware.static/-/Sites-soriana-grocery-master-catalog/default/dw69ebb5be/images/product/4006000127033_A.jpg?sw=473&sh=473&sm=fit,https://www.soriana.com/farmacia/,/eucerin-sun-hydrofluid-medium-fps50-spf/11870419.html,$755.00,vacio,vacio,vacio,Puntos 'dobles' al pagar con 'FALABELLA',vacio,2026-07-02
Farmacia,Dermatológicos,Eucerin Sun Kids Toque Seco Gel Crema 20,https://www.soriana.com/dw/image/v2/BGBD_PRD/on/demandware.static/-/Sites-soriana-grocery-master-catalog/default/dw5bc75dcf/images/product/4005900996169_A.jpg?sw=473&sh=473&sm=fit,https://www.soriana.com/farmacia/,/eucerin-sun-kids-toque-seco-gel-crema-20/11819014.html,$693.00,vacio,vacio,vacio,Puntos 'dobles' al pagar con 'FALABELLA',vacio,2026-07-02
Farmacia,Dermatológicos,Avene Agua Termal 150 Ml,https://www.soriana.com/dw/image/v2/BGBD_PRD/on/demandware.static/-/Sites-soriana-grocery-master-catalog/default/dw6ac18be3/images/product/3282779003124_A.jpg?sw=473&sh=473&sm=fit,https://www.soriana.com/farmacia/,/avene-agua-termal-150-ml/11821827.html,$439.00,vacio,vacio,vacio,Puntos 'dobles' al pagar con 'FALABELLA',vacio,2026-07-02
Farmacia,Dermatológicos,La Roche Posay Anthelios Eco Locion 75Ml,https://www.soriana.com/dw/image/v2/BGBD_PRD/on/demandware.static/-/Sites-soriana-grocery-master-catalog/default/dw7021fe2f/images/product/3337875847353_A.jpg?sw=473&sh=473&sm=fit,https://www.soriana.com/farmacia/,/la-roche-posay-anthelios-eco-locion-75ml/11716711.html,$520.00,vacio,vacio,vacio,Puntos 'dobles' al pagar con 'FALABELLA',vacio,2026-07-02
Farmacia,Dermatológicos,"Hero Parches para Acné Mighty Patch Original, Caja con 24",https://www.soriana.com/dw/image/v2/BGBD_PRD/on/demandware.static/-/Sites-soriana-grocery-master-catalog/default/dw6b920849/images/product/7501080901063_A.jpg?sw=473&sh=473&sm=fit,https://www.soriana.com/farmacia/,/hero-parches-para-acne-mighty-patch-original-caja-con-24/11848719.html,$199.00,vacio,vacio,vacio,Puntos 'dobles' al pagar con 'FALABELLA',vacio,2026-07-02
Farmacia,Dermatológicos,Bioderma Sensibio Eye+ 15 ml,https://www.soriana.com/dw/image/v2/BGBD_PRD/on/demandware.static/-/Sites-soriana-grocery-master-catalog/default/dw697f7674/images/product/3701129811467_A.jpg?sw=473&sh=473&sm=fit,https://www.soriana.com/farmacia/,/bioderma-sensibio-eye-15-ml/11902930.html,$599.00,vacio,vacio,vacio,Puntos 'dobles' al pagar con 'FALABELLA',vacio,2026-07-02
Farmacia,Dermatológicos,Photoderm Bruma Invisible SPF50+ 150 ml,https://www.soriana.com/dw/image/v2/BGBD_PRD/on/demandware.static/-/Sites-soriana-grocery-master-catalog/default/dw6d50040f/images/product/3701129806616_A.jpg?sw=473&sh=473&sm=fit,https://www.soriana.com/farmacia/,/photoderm-bruma-invisible-spf50-150-ml/11902718.html,$739.00,vacio,vacio,vacio,Puntos 'dobles' al pagar con 'FALABELLA',vacio,2026-07-02
Farmacia,Dermatológicos,Isdin Fotoprocteccion Fusion Water Magic Spf50 50 ml,https://www.soriana.com/dw/image/v2/BGBD_PRD/on/demandware.static/-/Sites-soriana-grocery-master-catalog/default/dwc6a930c0/images/product/8429420107502_A.jpg?sw=473&sh=473&sm=fit,https://www.soriana.com/farmacia/,/isdin-fotoprocteccion-fusion-water-magic-spf50-50-ml/9064427.html,$813.00,vacio,vacio,vacio,Puntos 'dobles' al pagar con 'FALABELLA',vacio,2026-07-02
Farmacia,Dermatológicos,Crema corporal CeraVe SA Alisadora Anti-Rugosidades 177 ml,https://www.soriana.com/dw/image/v2/BGBD_PRD/on/demandware.static/-/Sites-soriana-grocery-master-catalog/default/dw106ccc00/images/product/3337875684095_A.jpg?sw=473&sh=473&sm=fit,https://www.soriana.com/farmacia/,/crema-corporal-cerave-sa-alisadora-anti-rugosidades-177-ml/8011043.html,$525.00,vacio,Hasta 5 MSI,vacio,Puntos 'dobles' al pagar con 'FALABELLA',vacio,2026-07-02
Farmacia,Dermatológicos,Isdin Acniben Gel Limpiador 200 ml,https://www.soriana.com/dw/image/v2/BGBD_PRD/on/demandware.static/-/Sites-soriana-grocery-master-catalog/default/dw444808d1/images/product/8429420227606_A.jpg?sw=473&sh=473&sm=fit,https://www.soriana.com/farmacia/,/isdin-acniben-gel-limpiador-200-ml/8012463.html,$609.00,vacio,Hasta 5 MSI,vacio,Puntos 'dobles' al pagar con 'FALABELLA',vacio,2026-07-02
Farmacia,Dermatológicos,CETAPHIL PRO AD Restoraderm Limpiador Corporal 295ml,https://www.soriana.com/dw/image/v2/BGBD_PRD/on/demandware.static/-/Sites-soriana-grocery-master-catalog/default/dw7d6d3f2f/images/product/7897930762312_A.jpg?sw=473&sh=473&sm=fit,https://www.soriana.com/farmacia/,/cetaphil-pro-ad-restoraderm-limpiador-corporal-295ml/9025923.html,$507.28,vacio,vacio,vacio,Puntos 'dobles' al pagar con 'FALABELLA',vacio,2026-07-02
Farmacia,Dermatológicos,Maya Solar After Bite Spray 150 Ml,https://www.soriana.com/dw/image/v2/BGBD_PRD/on/demandware.static/-/Sites-soriana-grocery-master-catalog/default/dwc6482239/images/product/7503007641564_A.jpg?sw=473&sh=473&sm=fit,https://www.soriana.com/farmacia/,/maya-solar-after-bite-spray-150-ml/11583404.html,$190.00,vacio,vacio,vacio,Puntos 'dobles' al pagar con 'FALABELLA',vacio,2026-07-02
Farmacia,Dermatológicos,Maya Solar After Sun Loc 75 Ml,https://www.soriana.com/dw/image/v2/BGBD_PRD/on/demandware.static/-/Sites-soriana-grocery-master-catalog/default/dw3caf0a0d/images/product/7503007641601_A.jpg?sw=473&sh=473&sm=fit,https://www.soriana.com/farmacia/,/maya-solar-after-sun-loc-75-ml/11583608.html,$96.90,vacio,vacio,vacio,Puntos 'dobles' al pagar con 'FALABELLA',vacio,2026-07-02
Farmacia,Dermatológicos,Bioderma HydraBio Serúm Facial 40 ml,https://www.soriana.com/dw/image/v2/BGBD_PRD/on/demandware.static/-/Sites-soriana-grocery-master-catalog/default/dw44ecf20a/images/product/3401347869775_A.jpg?sw=473&sh=473&sm=fit,https://www.soriana.com/farmacia/,/bioderma-hydrabio-serum-facial-40-ml/11633987.html,$945.00,vacio,Hasta 5 MSI,vacio,Puntos 'dobles' al pagar con 'FALABELLA',vacio,2026-07-02
Farmacia,Dermatológicos,Bioderma PhotoDerm Cover Touch 50+FPS Tono Dorado 40 g,https://www.soriana.com/dw/image/v2/BGBD_PRD/on/demandware.static/-/Sites-soriana-grocery-master-catalog/default/dwbdaf1a72/images/product/3701129803431_A.jpg?sw=473&sh=473&sm=fit,https://www.soriana.com/farmacia/,/bioderma-photoderm-cover-touch-50fps--tono-dorado-40-g/11658077.html,$715.00,vacio,vacio,vacio,Puntos 'dobles' al pagar con 'FALABELLA',vacio,2026-07-02
Farmacia,Dermatológicos,Bioderma PhotoDerm M Tono Dorado 40 ml,https://www.soriana.com/dw/image/v2/BGBD_PRD/on/demandware.static/-/Sites-soriana-grocery-master-catalog/default/dwcd510225/images/product/3701129803714_A.jpg?sw=473&sh=473&sm=fit,https://www.soriana.com/farmacia/,/bioderma-photoderm-m-tono-dorado-40-ml/11658079.html,$739.00,vacio,vacio,vacio,Puntos 'dobles' al pagar con 'FALABELLA',vacio,2026-07-02
Farmacia,Dermatológicos,Sin Marca Tepescohuitletubo Pom con 80 Gr,https://www.soriana.com/dw/image/v2/BGBD_PRD/on/demandware.static/-/Sites-soriana-grocery-master-catalog/default/dw1fd6ac87/images/product/7501251941003_A.jpg?sw=473&sh=473&sm=fit,https://www.soriana.com/farmacia/,/sin-marca-tepescohuitletubo-pom-con-80-gr/1247998.html,$63.00,vacio,vacio,vacio,Puntos 'dobles' al pagar con 'FALABELLA',vacio,2026-07-02
Farmacia,Dermatológicos,Crema Avène Hydrance Optimale 40 ml,https://www.soriana.com/dw/image/v2/BGBD_PRD/on/demandware.static/-/Sites-soriana-grocery-master-catalog/default/dw08b52b88/images/product/3282776114168_A.jpg?sw=473&sh=473&sm=fit,https://www.soriana.com/farmacia/,/crema-avene-hydrance-optimale-40-ml/1330000.html,$665.00,vacio,Hasta 5 MSI,vacio,Puntos 'dobles' al pagar con 'FALABELLA',vacio,2026-07-02
Farmacia,Dermatológicos,Crema facial Eucerin Q10 Active 50 ml,https://www.soriana.com/dw/image/v2/BGBD_PRD/on/demandware.static/-/Sites-soriana-grocery-master-catalog/default/dw0175beb0/images/product/4005800634161_A.jpg?sw=473&sh=473&sm=fit,https://www.soriana.com/farmacia/,/crema-facial-eucerin-q10-active-50-ml/1398592.html,$363.00,vacio,vacio,vacio,Puntos 'dobles' al pagar con 'FALABELLA',vacio,2026-07-02
Farmacia,Dermatológicos,Liniderm Cra 120 G,https://www.soriana.com/dw/image/v2/BGBD_PRD/on/demandware.static/-/Sites-soriana-grocery-master-catalog/default/dwc2743314/images/product/7501273500370_A.jpg?sw=473&sh=473&sm=fit,https://www.soriana.com/farmacia/,/liniderm-cra-120-g/1900644.html,$280.00,vacio,vacio,vacio,Puntos 'dobles' al pagar con 'FALABELLA',vacio,2026-07-02
Farmacia,Dermatológicos,Jabón En Barra La Roche-Posay Lipikar Surgras Higiene Corporal 150 Gr,https://www.soriana.com/dw/image/v2/BGBD_PRD/on/demandware.static/-/Sites-soriana-grocery-master-catalog/default/dw86c591ff/images/product/3433422404533_A.jpg?sw=473&sh=473&sm=fit,https://www.soriana.com/farmacia/,/jabon-en-barra-la-roche-posay-lipikar-surgras-higiene-corporal-150-gr/1901263.html,$325.00,vacio,Hasta 5 MSI,vacio,Puntos 'dobles' al pagar con 'FALABELLA',vacio,2026-07-02
Farmacia,Dermatológicos,Shampoo Cre-C Max Anticaída 410 Ml,https://www.soriana.com/dw/image/v2/BGBD_PRD/on/demandware.static/-/Sites-soriana-grocery-master-catalog/default/dwd81f7503/images/product/7502005435458_A.jpg?sw=473&sh=473&sm=fit,https://www.soriana.com/farmacia/,/shampoo-cre-c-max-anticaida-410-ml/2049637.html,$205.00,vacio,vacio,vacio,Puntos 'dobles' al pagar con 'FALABELLA',vacio,2026-07-02
Farmacia,Dermatológicos,Fly Out Repelente De Insectos En Aerosol 180 ml,https://www.soriana.com/dw/image/v2/BGBD_PRD/on/demandware.static/-/Sites-soriana-grocery-master-catalog/default/dw15b672ef/images/product/7501044210019_A.jpg?sw=473&sh=473&sm=fit,https://www.soriana.com/farmacia/,/fly-out-repelente-de-insectos-en-aerosol-180-ml/2765447.html,$145.00,vacio,vacio,vacio,Puntos 'dobles' al pagar con 'FALABELLA',vacio,2026-07-02
Farmacia,Dermatológicos,Limpiador facial Bioderma Sensibio H2O 100 ml,https://www.soriana.com/dw/image/v2/BGBD_PRD/on/demandware.static/-/Sites-soriana-grocery-master-catalog/default/dwa57c0c08/images/product/3401395376706_A.jpg?sw=473&sh=473&sm=fit,https://www.soriana.com/farmacia/,/limpiador-facial-bioderma-sensibio-h2o-100-ml/2199678.html,$279.00,vacio,Hasta 5 MSI,vacio,Puntos 'dobles' al pagar con 'FALABELLA',vacio,2026-07-02
Farmacia,Dermatológicos,Crema facial Meladermic Energy 50 g,https://www.soriana.com/dw/image/v2/BGBD_PRD/on/demandware.static/-/Sites-soriana-grocery-master-catalog/default/dw742f4033/images/product/7502002460071_A.jpg?sw=473&sh=473&sm=fit,https://www.soriana.com/farmacia/,/crema-facial-meladermic-energy-50-g/2332080.html,"$1,165.00",vacio,vacio,vacio,Puntos 'dobles' al pagar con 'FALABELLA',vacio,2026-07-02
Farmacia,Dermatológicos,Domeboro 1.1352/0.8008g Pvo con 12,https://www.soriana.com/dw/image/v2/BGBD_PRD/on/demandware.static/-/Sites-soriana-grocery-master-catalog/default/dw687025c8/images/product/7501258200028_A.jpg?sw=473&sh=473&sm=fit,https://www.soriana.com/farmacia/,/domeboro-1.1352-0.8008g-pvo-con-12/437298.html,$395.00,vacio,vacio,vacio,Puntos 'dobles' al pagar con 'FALABELLA',vacio,2026-07-02
Farmacia,Dermatológicos,Jabón Corporal en Barra Dermolimpiador Eucerin pH5 100 g,https://www.soriana.com/dw/image/v2/BGBD_PRD/on/demandware.static/-/Sites-soriana-grocery-master-catalog/default/dwf7047b91/images/product/7501054530008_A.jpg?sw=473&sh=473&sm=fit,https://www.soriana.com/farmacia/,/jabon-corporal-en-barra-dermolimpiador-eucerin-ph5-100-g/554524.html,$192.00,vacio,vacio,vacio,Puntos 'dobles' al pagar con 'FALABELLA',vacio,2026-07-02
Farmacia,Dermatológicos,Limpiador La Roche-Posay Effaclar Desincrustante 125 ml,https://www.soriana.com/dw/image/v2/BGBD_PRD/on/demandware.static/-/Sites-soriana-grocery-master-catalog/default/dw05fc8859/images/product/3433422404366_A.jpg?sw=473&sh=473&sm=fit,https://www.soriana.com/farmacia/,/limpiador-la-roche-posay-effaclar-desincrustante-125-ml/2201355.html,$939.00,vacio,Hasta 5 MSI,vacio,Puntos 'dobles' al pagar con 'FALABELLA',vacio,2026-07-02
Farmacia,Dermatológicos,Crema facial Dos Caritas Concha Nacar 50 g,https://www.soriana.com/dw/image/v2/BGBD_PRD/on/demandware.static/-/Sites-soriana-grocery-master-catalog/default/dwd61a51d2/images/product/7503001234724_A.jpg?sw=473&sh=473&sm=fit,https://www.soriana.com/farmacia/,/crema-facial-dos-caritas-concha-nacar-50-g/2568128.html,$45.00,vacio,vacio,vacio,Puntos 'dobles' al pagar con 'FALABELLA',vacio,2026-07-02
Farmacia,Dermatológicos,Carmex Balsamo con 7.5 Gr,https://www.soriana.com/dw/image/v2/BGBD_PRD/on/demandware.static/-/Sites-soriana-grocery-master-catalog/default/dw0c22cb39/images/product/0083078003616_A.jpg?sw=473&sh=473&sm=fit,https://www.soriana.com/farmacia/,/carmex-balsamo-con-7.5-gr/2611105.html,$60.90,vacio,vacio,vacio,Puntos 'dobles' al pagar con 'FALABELLA',vacio,2026-07-02
Farmacia,Dermatológicos,Loción corporal Isdin Ureadin Ultra 10 200 ml,https://www.soriana.com/dw/image/v2/BGBD_PRD/on/demandware.static/-/Sites-soriana-grocery-master-catalog/default/dw2abf85ee/images/product/8470001532435_A.jpg?sw=473&sh=473&sm=fit,https://www.soriana.com/farmacia/,/locion-corporal-isdin-ureadin-ultra-10-200-ml/2589560.html,$474.00,vacio,Hasta 5 MSI,vacio,Puntos 'dobles' al pagar con 'FALABELLA',vacio,2026-07-02
Farmacia,Dermatológicos,Shampoo Líquido Pirimed 120 ml,https://www.soriana.com/dw/image/v2/BGBD_PRD/on/demandware.static/-/Sites-soriana-grocery-master-catalog/default/dw504bc650/images/product/7703332003550_A.jpg?sw=473&sh=473&sm=fit,https://www.soriana.com/farmacia/,/shampoo-liquido-pirimed-120-ml/577669.html,$667.00,vacio,vacio,vacio,Puntos 'dobles' al pagar con 'FALABELLA',vacio,2026-07-02
Farmacia,Dermatológicos,Blistex Labial Frutas Crema con 6g,https://www.soriana.com/dw/image/v2/BGBD_PRD/on/demandware.static/-/Sites-soriana-grocery-master-catalog/default/dw3d961e9a/images/product/7501070617431_A.jpg?sw=473&sh=473&sm=fit,https://www.soriana.com/farmacia/,/blistex-labial-frutas-crema-con-6g/741658.html,$70.90,vacio,vacio,vacio,Puntos 'dobles' al pagar con 'FALABELLA',vacio,2026-07-02
Farmacia,Dermatológicos,CeraVe Oil Control Gel-Crema Hidratante 1.75 oz,https://www.soriana.com/dw/image/v2/BGBD_PRD/on/demandware.static/-/Sites-soriana-grocery-master-catalog/default/dwe20c0279/images/product/3337875909525_A.jpg?sw=473&sh=473&sm=fit,https://www.soriana.com/farmacia/,/cerave-oil-control-gel-crema-hidratante-1.75-oz/11926544.html,$529.00,vacio,vacio,vacio,Puntos 'dobles' al pagar con 'FALABELLA',vacio,2026-07-02
Farmacia,Dermatológicos,CeraVe Loción Hidratante Intensiva 8 Oz,https://www.soriana.com/dw/image/v2/BGBD_PRD/on/demandware.static/-/Sites-soriana-grocery-master-catalog/default/dwe08e6186/images/product/3337875904292_A.jpg?sw=473&sh=473&sm=fit,https://www.soriana.com/farmacia/,/cerave-locion-hidratante-intensiva-8-oz/11926530.html,$479.00,vacio,vacio,vacio,Puntos 'dobles' al pagar con 'FALABELLA',vacio,2026-07-02
Farmacia,Dermatológicos,Babaria Vitamin C Serum 30 Ml,https://www.soriana.com/dw/image/v2/BGBD_PRD/on/demandware.static/-/Sites-soriana-grocery-master-catalog/default/dw3dc9644b/images/product/8410412100076_A.jpg?sw=473&sh=473&sm=fit,https://www.soriana.com/farmacia/,/babaria-vitamin-c-serum-30-ml/11727699.html,$180.17,vacio,vacio,vacio,Puntos 'dobles' al pagar con 'FALABELLA',vacio,2026-07-02
Farmacia,Dermatológicos,Eucerin Aquaphor Spray 150Ml,https://www.soriana.com/dw/image/v2/BGBD_PRD/on/demandware.static/-/Sites-soriana-grocery-master-catalog/default/dw8b597133/images/product/7501054550037_A.jpg?sw=473&sh=473&sm=fit,https://www.soriana.com/farmacia/,/eucerin-aquaphor-spray-150ml/11819129.html,$719.00,vacio,vacio,vacio,Puntos 'dobles' al pagar con 'FALABELLA',vacio,2026-07-02
Farmacia,Dermatológicos,CeraVe Skin Renewing Crema de Noche Péptidos 48 g,https://www.soriana.com/dw/image/v2/BGBD_PRD/on/demandware.static/-/Sites-soriana-grocery-master-catalog/default/dw1ff9c57b/images/product/3337875903509_A.jpg?sw=473&sh=473&sm=fit,https://www.soriana.com/farmacia/,/cerave-skin-renewing-crema-de-noche-peptidos-48-g/11926151.html,$649.00,vacio,vacio,vacio,Puntos 'dobles' al pagar con 'FALABELLA',vacio,2026-07-02
Farmacia,Dermatológicos,Crema CeraVe SA Renovadora de Pies 88 ml,https://www.soriana.com/dw/image/v2/BGBD_PRD/on/demandware.static/-/Sites-soriana-grocery-master-catalog/default/dwa00efb14/images/product/3337875597296_A.jpg?sw=473&sh=473&sm=fit,https://www.soriana.com/farmacia/,/crema-cerave-sa-renovadora-de-pies-88-ml/8002685.html,$499.00,vacio,Hasta 5 MSI,vacio,Puntos 'dobles' al pagar con 'FALABELLA',vacio,2026-07-02
Farmacia,Dermatológicos,Isdin FP Magic Repair Color SPF50 50 ml,https://www.soriana.com/dw/image/v2/BGBD_PRD/on/demandware.static/-/Sites-soriana-grocery-master-catalog/default/dw662b79b4/images/product/8429420244191_A.jpg?sw=473&sh=473&sm=fit,https://www.soriana.com/farmacia/,/isdin-fp-magic-repair-color-spf50-50-ml/11929244.html,$870.00,vacio,vacio,vacio,Puntos 'dobles' al pagar con 'FALABELLA',vacio,2026-07-02
Farmacia,Dermatológicos,Aceite corporal Mom to Mom Para prevenir comezón 125 ml,https://www.soriana.com/dw/image/v2/BGBD_PRD/on/demandware.static/-/Sites-soriana-grocery-master-catalog/default/dw6a24d151/images/product/7501287241252_A.jpg?sw=473&sh=473&sm=fit,https://www.soriana.com/farmacia/,/aceite-corporal-mom-to-mom-para-prevenir-comezon-125-ml/1707524.html,$172.00,vacio,vacio,vacio,Puntos 'dobles' al pagar con 'FALABELLA',vacio,2026-07-02
Farmacia,Dermatológicos,Crema facial Leti AT4 Piel Atópica 50 ml,https://www.soriana.com/dw/image/v2/BGBD_PRD/on/demandware.static/-/Sites-soriana-grocery-master-catalog/default/dw6c1be1eb/images/product/7501089804396_A.jpg?sw=473&sh=473&sm=fit,https://www.soriana.com/farmacia/,/crema-facial-leti-at4-piel-atopica-50-ml/9026650.html,$633.00,vacio,vacio,vacio,Puntos 'dobles' al pagar con 'FALABELLA',vacio,2026-07-02
Farmacia,Dermatológicos,Isdin Lambdapil Anticaida Spy 125 ml,https://www.soriana.com/dw/image/v2/BGBD_PRD/on/demandware.static/-/Sites-soriana-grocery-master-catalog/default/dw8207c4c4/images/product/8429420083585_A.jpg?sw=473&sh=473&sm=fit,https://www.soriana.com/farmacia/,/isdin-lambdapil-anticaida-spy-125-ml/9064428.html,"$1,057.00",$951.30,Hasta 3 MSI Exclusivo en línea,vacio,Puntos 'dobles' al pagar con 'Tarjetas Participantes',vacio,2026-07-02
Farmacia,Dermatológicos,Crema corporal Skink Tatuajes 90 ml,https://www.soriana.com/dw/image/v2/BGBD_PRD/on/demandware.static/-/Sites-soriana-grocery-master-catalog/default/dwe8e7b472/images/product/7500463044915_A.jpg?sw=473&sh=473&sm=fit,https://www.soriana.com/farmacia/,/crema-corporal-skink-tatuajes-90-ml/11679457.html,$134.00,vacio,vacio,vacio,Puntos 'dobles' al pagar con 'FALABELLA',vacio,2026-07-02
Farmacia,Dermatológicos,Crema para Peinar Cre-C 250 ml,https://www.soriana.com/dw/image/v2/BGBD_PRD/on/demandware.static/-/Sites-soriana-grocery-master-catalog/default/dw567ad75b/images/product/7502005486498_A.jpg?sw=473&sh=473&sm=fit,https://www.soriana.com/farmacia/,/crema-para-peinar-cre-c-250-ml/11635729.html,$119.00,vacio,vacio,vacio,Puntos 'dobles' al pagar con 'FALABELLA',vacio,2026-07-02
Farmacia,Dermatológicos,Eucerin Hyaluron Filler 3xEffect Crema Día SPF 30+ 50 ML,https://www.soriana.com/dw/image/v2/BGBD_PRD/on/demandware.static/-/Sites-soriana-grocery-master-catalog/default/dwdc2a068b/images/product/4006000183893_1.jpg?sw=473&sh=473&sm=fit,https://www.soriana.com/farmacia/,/eucerin-hyaluron-filler-3xeffect-crema-dia-spf-30-50-ml/11924093.html,$900.00,vacio,vacio,vacio,Puntos 'dobles' al pagar con 'FALABELLA',vacio,2026-07-02
Farmacia,Dermatológicos,Isdin Fp Wet Skin Pediatric Spray 250 Ml,https://www.soriana.com/dw/image/v2/BGBD_PRD/on/demandware.static/-/Sites-soriana-grocery-master-catalog/default/dwa6db8e01/images/product/8429420188020_A.jpg?sw=473&sh=473&sm=fit,https://www.soriana.com/farmacia/,/isdin-fp-wet-skin-pediatric-spray-250-ml/8008297.html,$835.00,vacio,Hasta 5 MSI,vacio,Puntos 'dobles' al pagar con 'FALABELLA',vacio,2026-07-02
Farmacia,Dermatológicos,Isdin Fotoultra Active Unify 50 Ml,https://www.soriana.com/dw/image/v2/BGBD_PRD/on/demandware.static/-/Sites-soriana-grocery-master-catalog/default/dw7df419ec/images/product/8429420160750_A.jpg?sw=473&sh=473&sm=fit,https://www.soriana.com/farmacia/,/isdin-fotoultra-active-unify-50-ml/8008301.html,$839.00,vacio,Hasta 5 MSI,vacio,Puntos 'dobles' al pagar con 'FALABELLA',vacio,2026-07-02
Farmacia,Dermatológicos,Bare Mineral FPS 30 Crema Facial 50 ml,https://www.soriana.com/dw/image/v2/BGBD_PRD/on/demandware.static/-/Sites-soriana-grocery-master-catalog/default/dwd41847d8/images/product/0857724008146_A.jpg?sw=473&sh=473&sm=fit,https://www.soriana.com/farmacia/,/bare-mineral-fps-30-crema-facial-50-ml/11615493.html,$359.00,vacio,vacio,vacio,Puntos 'dobles' al pagar con 'FALABELLA',vacio,2026-07-02
Farmacia,Dermatológicos,Crema corporal Eucerin Intensiva Corporal 450 g,https://www.soriana.com/dw/image/v2/BGBD_PRD/on/demandware.static/-/Sites-soriana-grocery-master-catalog/default/dw4fbf5005/images/product/7501054540731_A.jpg?sw=473&sh=473&sm=fit,https://www.soriana.com/farmacia/,/crema-corporal-eucerin-intensiva-corporal-450-g/11686215.html,$585.00,vacio,vacio,vacio,Puntos 'dobles' al pagar con 'FALABELLA',vacio,2026-07-02
Farmacia,Dermatológicos,SUERO SKIN RETREAT LACABINE PZ,https://www.soriana.com/dw/image/v2/BGBD_PRD/on/demandware.static/-/Sites-soriana-grocery-master-catalog/default/dwabd6db04/images/product/8435534407742_A.jpg?sw=473&sh=473&sm=fit,https://www.soriana.com/farmacia/,/suero-skin-retreat-lacabine-pz/11702804.html,$699.00,vacio,vacio,vacio,Puntos 'dobles' al pagar con 'FALABELLA',vacio,2026-07-02
Farmacia,Dermatológicos,LA ROCHE POSAY EFFAC SERU+GEL+BLOQ 3PACK,https://www.soriana.com/dw/image/v2/BGBD_PRD/on/demandware.static/-/Sites-soriana-grocery-master-catalog/default/dw086381b3/images/product/7509552887174_A.jpg?sw=473&sh=473&sm=fit,https://www.soriana.com/farmacia/,/la-roche-posay-effac-serugelbloq-3pack/11716752.html,$895.00,vacio,vacio,vacio,Puntos 'dobles' al pagar con 'FALABELLA',vacio,2026-07-02
Farmacia,Dermatológicos,Vaseline Balsamo Stick Original 4.8 g,https://www.soriana.com/dw/image/v2/BGBD_PRD/on/demandware.static/-/Sites-soriana-grocery-master-catalog/default/dw1bc9acc0/images/product/0859581006846_A.jpg?sw=473&sh=473&sm=fit,https://www.soriana.com/farmacia/,/vaseline-balsamo-stick-original-4.8-g/11708634.html,$87.50,vacio,vacio,vacio,Puntos 'dobles' al pagar con 'FALABELLA',vacio,2026-07-02
Farmacia,Dermatológicos,Protector Solar Facial Neutrogena Sin Tono Sun Fresh Derm Care,https://www.soriana.com/dw/image/v2/BGBD_PRD/on/demandware.static/-/Sites-soriana-grocery-master-catalog/default/dw9de70d99/images/product/7891010253196_A.jpg?sw=473&sh=473&sm=fit,https://www.soriana.com/farmacia/,/protector-solar-facial-neutrogena-sin-tono-sun-fresh-derm-care/11612961.html,$319.00,vacio,vacio,vacio,Puntos 'dobles' al pagar con 'FALABELLA',vacio,2026-07-02
Farmacia,Dermatológicos,La Roche Posay Effaclar H Iso Biome Crema Hidratante con 40 mililitros,https://www.soriana.com/dw/image/v2/BGBD_PRD/on/demandware.static/-/Sites-soriana-grocery-master-catalog/default/dwaf2a34ff/images/product/3337875777797_A.jpg?sw=473&sh=473&sm=fit,https://www.soriana.com/farmacia/,/la-roche-posay-effaclar-h-iso-biome-crema-hidratante-con-40-mililitros/11926909.html,$749.00,vacio,vacio,vacio,Puntos 'dobles' al pagar con 'FALABELLA',vacio,2026-07-02
Farmacia,Dermatológicos,Vaseline Balsamo Liquido Para Labios Rose Amour,https://www.soriana.com/dw/image/v2/BGBD_PRD/on/demandware.static/-/Sites-soriana-grocery-master-catalog/default/dwc19620de/images/product/8886304601226_A.jpg?sw=473&sh=473&sm=fit,https://www.soriana.com/farmacia/,/vaseline-balsamo-liquido-para-labios-rose-amour/11917543.html,$219.00,vacio,vacio,vacio,Puntos 'dobles' al pagar con 'FALABELLA',vacio,2026-07-02
Farmacia,Dermatológicos,La Roche Posay Toleriane Dermallergo Serum Facial Para Piel Sensible con Neurosensina 30 ml,https://www.soriana.com/dw/image/v2/BGBD_PRD/on/demandware.static/-/Sites-soriana-grocery-master-catalog/default/dw5c759a95/images/product/3337875921336_A.jpg?sw=473&sh=473&sm=fit,https://www.soriana.com/farmacia/,/la-roche-posay-toleriane-dermallergo-serum-facial-para-piel-sensible-con-neurosensina-30-ml/11926100.html,$999.00,vacio,vacio,vacio,Puntos 'dobles' al pagar con 'FALABELLA',vacio,2026-07-02
Farmacia,Dermatológicos,La Roche Posay Effaclar AZ Gel Crema de 40 mililitros,https://www.soriana.com/dw/image/v2/BGBD_PRD/on/demandware.static/-/Sites-soriana-grocery-master-catalog/default/dw8f72d828/images/product/3337875920742_A.jpg?sw=473&sh=473&sm=fit,https://www.soriana.com/farmacia/,/la-roche-posay-effaclar-az-gel-crema-de-40-mililitros/11926933.html,"$1,049.00",vacio,vacio,vacio,Puntos 'dobles' al pagar con 'FALABELLA',vacio,2026-07-02
Farmacia,Dermatológicos,La Roche Posay Effaclar Gel Purificante +M Refill con 400 mililitros,https://www.soriana.com/dw/image/v2/BGBD_PRD/on/demandware.static/-/Sites-soriana-grocery-master-catalog/default/dw02b2ac94/images/product/3337875943963_A.jpg?sw=473&sh=473&sm=fit,https://www.soriana.com/farmacia/,/la-roche-posay-effaclar-gel-purificante-m-refill-con-400-mililitros/11926913.html,$670.00,vacio,vacio,vacio,Puntos 'dobles' al pagar con 'FALABELLA',vacio,2026-07-02
Farmacia,Dermatológicos,Pack Anti-Manchas Serum B3 + UV Age Daily Jumbocon 1 pieza,https://www.soriana.com/dw/image/v2/BGBD_PRD/on/demandware.static/-/Sites-soriana-grocery-master-catalog/default/dw65a6e21c/images/product/7509552998818_A.jpg?sw=473&sh=473&sm=fit,https://www.soriana.com/farmacia/,/pack-anti-manchas-serum-b3-uv-age-daily-jumbocon-1-pieza/11926829.html,"$1,532.30",vacio,vacio,vacio,Puntos 'dobles' al pagar con 'FALABELLA',vacio,2026-07-02
Farmacia,Dermatológicos,Kit Effaclar Duo + M Anti-Imperfecciones con 1 pieza,https://www.soriana.com/dw/image/v2/BGBD_PRD/on/demandware.static/-/Sites-soriana-grocery-master-catalog/default/dw3922a76c/images/product/7509552999600_A.jpg?sw=473&sh=473&sm=fit,https://www.soriana.com/farmacia/,/kit-effaclar-duo-m-anti-imperfecciones-con-1-pieza/11926951.html,$629.30,vacio,vacio,vacio,Puntos 'dobles' al pagar con 'FALABELLA',vacio,2026-07-02
Farmacia,Dermatológicos,Labello Glowy Lips Berry,https://www.soriana.com/dw/image/v2/BGBD_PRD/on/demandware.static/-/Sites-soriana-grocery-master-catalog/default/dwbc7f948f/images/product/4006000194196_1.jpg?sw=473&sh=473&sm=fit,https://www.soriana.com/farmacia/,/labello-glowy-lips-berry/11920546.html,$124.00,vacio,vacio,vacio,Puntos 'dobles' al pagar con 'FALABELLA',vacio,2026-07-02
Farmacia,Dermatológicos,Eucerin Dermo Pure Gel De Limpieza,https://www.soriana.com/dw/image/v2/BGBD_PRD/on/demandware.static/-/Sites-soriana-grocery-master-catalog/default/dw490de36e/images/product/4006000075693_A.jpg?sw=473&sh=473&sm=fit,https://www.soriana.com/farmacia/,/eucerin-dermo-pure-gel-de-limpieza/11856569.html,$689.00,vacio,vacio,vacio,Puntos 'dobles' al pagar con 'FALABELLA',vacio,2026-07-02
Farmacia,Dermatológicos,Vichy Liftactiv H.A. Epidermic Filler Se,https://www.soriana.com/dw/image/v2/BGBD_PRD/on/demandware.static/-/Sites-soriana-grocery-master-catalog/default/dw34b769d1/images/product/7509552932058_A.jpg?sw=473&sh=473&sm=fit,https://www.soriana.com/farmacia/,/vichy-liftactiv-h.a.-epidermic-filler-se/11789592.html,$999.00,vacio,vacio,vacio,Puntos 'dobles' al pagar con 'FALABELLA',vacio,2026-07-02
Farmacia,Dermatológicos,Ureadin Calm Oleogel 400Ml,https://www.soriana.com/dw/image/v2/BGBD_PRD/on/demandware.static/-/Sites-soriana-grocery-master-catalog/default/dwe450aebc/images/product/8429420265813_A.jpg?sw=473&sh=473&sm=fit,https://www.soriana.com/farmacia/,/ureadin-calm-oleogel-400ml/11855641.html,$559.00,vacio,vacio,vacio,Puntos 'dobles' al pagar con 'FALABELLA',vacio,2026-07-02
Farmacia,Dermatológicos,Sébium H2O 500 ml Agua Micelar Dermatológica Para Piel Mixta a Grasa,https://www.soriana.com/dw/image/v2/BGBD_PRD/on/demandware.static/-/Sites-soriana-grocery-master-catalog/default/dw954a2664/images/product/3701129812013_A.jpg?sw=473&sh=473&sm=fit,https://www.soriana.com/farmacia/,/sebium-h2o-500-ml-agua-micelar-dermatologica-para-piel-mixta-a-grasa/11902672.html,$759.00,vacio,vacio,vacio,Puntos 'dobles' al pagar con 'FALABELLA',vacio,2026-07-02
Farmacia,Dermatológicos,Cetaphil Sun Gel con Color FPS 50+ 50 ml,https://www.soriana.com/dw/image/v2/BGBD_PRD/on/demandware.static/-/Sites-soriana-grocery-master-catalog/default/dwbf7ea4f5/images/product/7897930776616 _A.jpg?sw=473&sh=473&sm=fit,https://www.soriana.com/farmacia/,/cetaphil-sun-gel-con-color-fps-50-50-ml/8008326.html,$589.00,vacio,vacio,vacio,Puntos 'dobles' al pagar con 'FALABELLA',vacio,2026-07-02
Farmacia,Dermatológicos,Limpiador facial CeraVe Hydrating Cleanser 236 ml,https://www.soriana.com/dw/image/v2/BGBD_PRD/on/demandware.static/-/Sites-soriana-grocery-master-catalog/default/dwe715bb75/images/product/3337875597180_A.jpg?sw=473&sh=473&sm=fit,https://www.soriana.com/farmacia/,/limpiador-facial-cerave-hydrating-cleanser-236-ml/8002711.html,$489.00,vacio,Hasta 5 MSI,vacio,Puntos 'dobles' al pagar con 'FALABELLA',vacio,2026-07-02
Farmacia,Dermatológicos,Desmaquillante ISDIN Micellar Solution 4 en 1 400 ml,https://www.soriana.com/dw/image/v2/BGBD_PRD/on/demandware.static/-/Sites-soriana-grocery-master-catalog/default/dw0a47a576/images/product/8429420128644_A.jpg?sw=473&sh=473&sm=fit,https://www.soriana.com/farmacia/,/desmaquillante-isdin-micellar-solution-4-en-1-400-ml/8003536.html,$571.00,vacio,Hasta 5 MSI,vacio,Puntos 'dobles' al pagar con 'FALABELLA',vacio,2026-07-02
Farmacia,Dermatológicos,Ungüento Vaseline Original Pure Skin Jelly 42 g,https://www.soriana.com/dw/image/v2/BGBD_PRD/on/demandware.static/-/Sites-soriana-grocery-master-catalog/default/dwdb2c02e4/images/product/07506306249042_A.jpg?sw=473&sh=473&sm=fit,https://www.soriana.com/farmacia/,/unguento-vaseline-original-pure-skin-jelly-42-g/11660603.html,$101.00,vacio,vacio,vacio,Puntos 'dobles' al pagar con 'FALABELLA',vacio,2026-07-02
Farmacia,Dermatológicos,Jabón Avena 100gr,https://www.soriana.com/dw/image/v2/BGBD_PRD/on/demandware.static/-/Sites-soriana-grocery-master-catalog/default/dwc606fbfe/images/product/7501853800067_A.jpg?sw=473&sh=473&sm=fit,https://www.soriana.com/farmacia/,/jabon-avena-100gr/1360643.html,$38.00,vacio,vacio,vacio,Puntos 'dobles' al pagar con 'FALABELLA',vacio,2026-07-02
Farmacia,Dermatológicos,Crema corporal Remexa Dermoplast 100 g,https://www.soriana.com/dw/image/v2/BGBD_PRD/on/demandware.static/-/Sites-soriana-grocery-master-catalog/default/dwcd3bc766/images/product/7501273500387_A.jpg?sw=473&sh=473&sm=fit,https://www.soriana.com/farmacia/,/crema-corporal-remexa-dermoplast-100-g/1326710.html,$709.00,vacio,vacio,vacio,Puntos 'dobles' al pagar con 'FALABELLA',vacio,2026-07-02
Farmacia,Dermatológicos,Protector Solar Facial Eucerin FPS 50+ Fluido Matificante 50 ml,https://www.soriana.com/dw/image/v2/BGBD_PRD/on/demandware.static/-/Sites-soriana-grocery-master-catalog/default/dwe0dcab10/images/product/4005800065019_A.jpg?sw=473&sh=473&sm=fit,https://www.soriana.com/farmacia/,/protector-solar-facial-eucerin-fps-50-fluido-matificante-50-ml/1722095.html,$320.00,vacio,vacio,vacio,Puntos 'dobles' al pagar con 'FALABELLA',vacio,2026-07-02
Farmacia,Dermatológicos,Benzaderm Jbn con 100g,https://www.soriana.com/dw/image/v2/BGBD_PRD/on/demandware.static/-/Sites-soriana-grocery-master-catalog/default/dw4ae6cd5f/images/product/7501273500271_A.jpg?sw=473&sh=473&sm=fit,https://www.soriana.com/farmacia/,/benzaderm-jbn-con-100g/1901210.html,$249.00,vacio,vacio,vacio,Puntos 'dobles' al pagar con 'FALABELLA',vacio,2026-07-02
Farmacia,Dermatológicos,Protector Solar Corporal Eucerin Sensitive FPS 50+ Textura Ultra Ligera 150 ml,https://www.soriana.com/dw/image/v2/BGBD_PRD/on/demandware.static/-/Sites-soriana-grocery-master-catalog/default/dwed5ab241/images/product/4005800066061_A.jpg?sw=473&sh=473&sm=fit,https://www.soriana.com/farmacia/,/protector-solar-corporal-eucerin-sensitive-fps-50-textura-ultra-ligera-150-ml/1722097.html,$845.00,vacio,vacio,vacio,Puntos 'dobles' al pagar con 'FALABELLA',vacio,2026-07-02
Farmacia,Dermatológicos,Loción corporal Eucerin pH5 Piel seca y sensible 400 ml,https://www.soriana.com/dw/image/v2/BGBD_PRD/on/demandware.static/-/Sites-soriana-grocery-master-catalog/default/dwc949e112/images/product/7501054530480_A.jpg?sw=473&sh=473&sm=fit,https://www.soriana.com/farmacia/,/locion-corporal-eucerin-ph5-piel-seca-y-sensible-400-ml/1903179.html,$555.00,vacio,vacio,vacio,Puntos 'dobles' al pagar con 'FALABELLA',vacio,2026-07-02
Farmacia,Dermatológicos,Solución Folcress Minoxidil 5% 60 ml,https://www.soriana.com/dw/image/v2/BGBD_PRD/on/demandware.static/-/Sites-soriana-grocery-master-catalog/default/v1783035678153/images/product/7501022101933_A.png?sw=473&sh=473&sm=fit,https://www.soriana.com/farmacia/,/solucion-folcress-minoxidil-5--60-ml/2170157.html,$699.00,vacio,vacio,vacio,Puntos 'dobles' al pagar con 'FALABELLA',vacio,2026-07-02
Farmacia,Dermatológicos,Ungüento Corporal Eucerin Aquaphor para Piel Agrietada 50 ml,https://www.soriana.com/dw/image/v2/BGBD_PRD/on/demandware.static/-/Sites-soriana-grocery-master-catalog/default/dw6a208bdf/images/product/4005800084508_A.jpg?sw=473&sh=473&sm=fit,https://www.soriana.com/farmacia/,/unguento-corporal-eucerin-aquaphor-para-piel-agrietada-50-ml/2751387.html,$335.00,vacio,vacio,vacio,Puntos 'dobles' al pagar con 'FALABELLA',vacio,2026-07-02
Farmacia,Dermatológicos,Loción Fly Out Repelente De Insectos Baby Ecológico 130 Ml,https://www.soriana.com/dw/image/v2/BGBD_PRD/on/demandware.static/-/Sites-soriana-grocery-master-catalog/default/dw61a0ae2e/images/product/7501044210033_A.jpg?sw=473&sh=473&sm=fit,https://www.soriana.com/farmacia/,/locion-fly-out-repelente-de-insectos-baby-ecologico-130-ml/2765448.html,$121.00,vacio,vacio,vacio,Puntos 'dobles' al pagar con 'FALABELLA',vacio,2026-07-02
Farmacia,Dermatológicos,Limpiador facial Bioderma ABC Derm Moussant 1 L,https://www.soriana.com/dw/image/v2/BGBD_PRD/on/demandware.static/-/Sites-soriana-grocery-master-catalog/default/dwca054806/images/product/3401397163618_A.jpg?sw=473&sh=473&sm=fit,https://www.soriana.com/farmacia/,/limpiador-facial-bioderma-abc-derm-moussant-1-l/2199706.html,$599.00,vacio,Hasta 5 MSI,vacio,Puntos 'dobles' al pagar con 'FALABELLA',vacio,2026-07-02
Farmacia,Dermatológicos,Crema facial Bioderma Sébium 30 ml,https://www.soriana.com/dw/image/v2/BGBD_PRD/on/demandware.static/-/Sites-soriana-grocery-master-catalog/default/dwe7bdceb6/images/product/3401361353625_A.jpg?sw=473&sh=473&sm=fit,https://www.soriana.com/farmacia/,/crema-facial-bioderma-sebium-30-ml/2199709.html,$965.00,vacio,Hasta 5 MSI,vacio,Puntos 'dobles' al pagar con 'FALABELLA',vacio,2026-07-02
Farmacia,Dermatológicos,Limpiador facial Bioderma Sébium H2O 500 ml,https://www.soriana.com/dw/image/v2/BGBD_PRD/on/demandware.static/-/Sites-soriana-grocery-master-catalog/default/dwa52572d0/images/product/3401575645851_A.jpg?sw=473&sh=473&sm=fit,https://www.soriana.com/farmacia/,/limpiador-facial-bioderma-sebium-h2o-500-ml/2201393.html,$819.00,vacio,Hasta 5 MSI,vacio,Puntos 'dobles' al pagar con 'FALABELLA',vacio,2026-07-02
Farmacia,Dermatológicos,Shampoo Cre-C Fem Anticaída 410 ml,https://www.soriana.com/dw/image/v2/BGBD_PRD/on/demandware.static/-/Sites-soriana-grocery-master-catalog/default/dwca0eaf61/images/product/7502005441732_A.jpg?sw=473&sh=473&sm=fit,https://www.soriana.com/farmacia/,/shampoo-cre-c-fem-anticaida-410-ml/2231502.html,$205.00,vacio,vacio,vacio,Puntos 'dobles' al pagar con 'FALABELLA',vacio,2026-07-02
Farmacia,Dermatológicos,Repelente De Insectos Bye Bites! Crema 75 Ml,https://www.soriana.com/dw/image/v2/BGBD_PRD/on/demandware.static/-/Sites-soriana-grocery-master-catalog/default/dw5039318f/images/product/7502254360051_A.jpg?sw=473&sh=473&sm=fit,https://www.soriana.com/farmacia/,/repelente-de-insectos-bye-bites-crema-75-ml/2384573.html,$78.90,vacio,vacio,vacio,Puntos 'dobles' al pagar con 'FALABELLA',vacio,2026-07-02
Farmacia,Dermatológicos,Andantol 75mg Jalea 25 Gr,https://www.soriana.com/dw/image/v2/BGBD_PRD/on/demandware.static/-/Sites-soriana-grocery-master-catalog/default/dw18ded7cc/images/product/7501070613044_A.jpg?sw=473&sh=473&sm=fit,https://www.soriana.com/farmacia/,/andantol-75mg-jalea-25-gr/383111.html,$255.00,vacio,vacio,vacio,Puntos 'dobles' al pagar con 'FALABELLA',vacio,2026-07-02
Farmacia,Dermatológicos,Limpiador facial Eucerin DermoPure Oil Control 200 ml,https://www.soriana.com/dw/image/v2/BGBD_PRD/on/demandware.static/-/Sites-soriana-grocery-master-catalog/default/dwa054590a/images/product/4005900436986_A.jpg?sw=473&sh=473&sm=fit,https://www.soriana.com/farmacia/,/limpiador-facial-eucerin-dermopure-oil-control-200-ml/11686312.html,$520.00,vacio,vacio,vacio,Puntos 'dobles' al pagar con 'FALABELLA',vacio,2026-07-02
Farmacia,Dermatológicos,Protector Solar Corporal Eucerin Oil Control Toque Seco FPS 50+ 200 ml,https://www.soriana.com/dw/image/v2/BGBD_PRD/on/demandware.static/-/Sites-soriana-grocery-master-catalog/default/dwdb73b74a/images/product/4005800266409_A.jpg?sw=473&sh=473&sm=fit,https://www.soriana.com/farmacia/,/protector-solar-corporal-eucerin-oil-control-toque-seco-fps-50-200-ml/11686313.html,$824.00,vacio,vacio,vacio,Puntos 'dobles' al pagar con 'FALABELLA',vacio,2026-07-02
Farmacia,Dermatológicos,Crema facial Cetaphil Hidratante Diario FPS 50+ 50 ml,https://www.soriana.com/dw/image/v2/BGBD_PRD/on/demandware.static/-/Sites-soriana-grocery-master-catalog/default/dw0ba41f81/images/product/3499320004541_A.jpg?sw=473&sh=473&sm=fit,https://www.soriana.com/farmacia/,/crema-facial-cetaphil-hidratante-diario-fps-50-50-ml/9051075.html,$569.00,vacio,vacio,vacio,Puntos 'dobles' al pagar con 'FALABELLA',vacio,2026-07-02
Farmacia,Dermatológicos,Kit dermatológico VICHY Neovadiol Serum reafirmante y nutritivo,https://www.soriana.com/dw/image/v2/BGBD_PRD/on/demandware.static/-/Sites-soriana-grocery-master-catalog/default/dw7506c51f/images/product/7509552886931_A.jpg?sw=473&sh=473&sm=fit,https://www.soriana.com/farmacia/,/kit-dermatologico-vichy-neovadiol-serum-reafirmante-y-nutritivo/11736234.html,"$1,289.00",vacio,vacio,vacio,Puntos 'dobles' al pagar con 'FALABELLA',vacio,2026-07-02
Farmacia,Dermatológicos,Suero Facial Hidratante Vichy Mineral 89 con 50 ml,https://www.soriana.com/dw/image/v2/BGBD_PRD/on/demandware.static/-/Sites-soriana-grocery-master-catalog/default/dw8a45ceee/images/product/3337875543248_A.jpg?sw=473&sh=473&sm=fit,https://www.soriana.com/farmacia/,/suero-facial-hidratante-vichy-mineral-89-con-50-ml/8002543.html,$956.14,vacio,Hasta 5 MSI,vacio,Puntos 'dobles' al pagar con 'FALABELLA',vacio,2026-07-02
Farmacia,Dermatológicos,CETAPHIL Oil Control Limpiador Facial Control Imperfecciones 250ml,https://www.soriana.com/dw/image/v2/BGBD_PRD/on/demandware.static/-/Sites-soriana-grocery-master-catalog/default/dw3a037a16/images/product/7897930778627_A.jpg?sw=473&sh=473&sm=fit,https://www.soriana.com/farmacia/,/cetaphil-oil-control-limpiador-facial-control-imperfecciones-250ml/11855408.html,$465.00,vacio,vacio,vacio,Puntos 'dobles' al pagar con 'FALABELLA',vacio,2026-07-02
Farmacia,Dermatológicos,CETAPHIL Healthy Renew Limpiador Hidratante Triple Acción 160ml,https://www.soriana.com/dw/image/v2/BGBD_PRD/on/demandware.static/-/Sites-soriana-grocery-master-catalog/default/dw50aaa560/images/product/3499320015776_A.jpg?sw=473&sh=473&sm=fit,https://www.soriana.com/farmacia/,/cetaphil-healthy-renew-limpiador-hidratante-triple-accion-160ml/11855294.html,$419.00,vacio,vacio,vacio,Puntos 'dobles' al pagar con 'FALABELLA',vacio,2026-07-02
Farmacia,Dermatológicos,CETAPHIL Oil Control Serum Facial Triple Acción 30ml,https://www.soriana.com/dw/image/v2/BGBD_PRD/on/demandware.static/-/Sites-soriana-grocery-master-catalog/default/dw56b55b9e/images/product/7897930778641_A.jpg?sw=473&sh=473&sm=fit,https://www.soriana.com/farmacia/,/cetaphil-oil-control-serum-facial-triple-accion-30ml/11855409.html,$485.00,vacio,vacio,vacio,Puntos 'dobles' al pagar con 'FALABELLA',vacio,2026-07-02
Farmacia,Dermatológicos,Avene Cleanance Gel Limpiador 400Ml,https://www.soriana.com/dw/image/v2/BGBD_PRD/on/demandware.static/-/Sites-soriana-grocery-master-catalog/default/dwc5105b37/images/product/3282770207774_A.jpg?sw=473&sh=473&sm=fit,https://www.soriana.com/farmacia/,/avene-cleanance-gel-limpiador-400ml/11821829.html,$819.00,vacio,vacio,vacio,Puntos 'dobles' al pagar con 'FALABELLA',vacio,2026-07-02
Farmacia,Dermatológicos,Cerave Sa Limpiador Anti-Rugosidades 473,https://www.soriana.com/dw/image/v2/BGBD_PRD/on/demandware.static/-/Sites-soriana-grocery-master-catalog/default/dweda5fd16/images/product/3337875795456_A.jpg?sw=473&sh=473&sm=fit,https://www.soriana.com/farmacia/,/cerave-sa-limpiador-anti-rugosidades-473/11870919.html,$665.00,vacio,vacio,vacio,Puntos 'dobles' al pagar con 'FALABELLA',vacio,2026-07-02
Farmacia,Dermatológicos,Vichy Capital Soleil Manch+Ser+Cre 3Pack,https://www.soriana.com/dw/image/v2/BGBD_PRD/on/demandware.static/-/Sites-soriana-grocery-master-catalog/default/dw83e9c548/images/product/7509552884784_A.jpg?sw=473&sh=473&sm=fit,https://www.soriana.com/farmacia/,/vichy-capital-soleil-manchsercre-3pack/11716716.html,$615.00,vacio,vacio,vacio,Puntos 'dobles' al pagar con 'FALABELLA',vacio,2026-07-02
Farmacia,Dermatológicos,Babaria Vitamin C Crema 50 Ml,https://www.soriana.com/dw/image/v2/BGBD_PRD/on/demandware.static/-/Sites-soriana-grocery-master-catalog/default/dw91ffb36b/images/product/8410412100250_A.jpg?sw=473&sh=473&sm=fit,https://www.soriana.com/farmacia/,/babaria-vitamin-c-crema-50-ml/11727702.html,$159.00,vacio,vacio,vacio,Puntos 'dobles' al pagar con 'FALABELLA',vacio,2026-07-02
Farmacia,Dermatológicos,Capital Soleil Uv-Age Daily Pigment Sin,https://www.soriana.com/dw/image/v2/BGBD_PRD/on/demandware.static/-/Sites-soriana-grocery-master-catalog/default/dwdf9eadff/images/product/3337875915885_A.jpg?sw=473&sh=473&sm=fit,https://www.soriana.com/farmacia/,/capital-soleil-uv-age-daily-pigment-sin/11870927.html,$659.00,vacio,vacio,vacio,Puntos 'dobles' al pagar con 'FALABELLA',vacio,2026-07-02
Farmacia,Dermatológicos,Eucerin Pack Hyaluron Filler Booster 30M,https://www.soriana.com/dw/image/v2/BGBD_PRD/on/demandware.static/-/Sites-soriana-grocery-master-catalog/default/dw3a995c08/images/product/4006000148717_A.jpg?sw=473&sh=473&sm=fit,https://www.soriana.com/farmacia/,/eucerin-pack-hyaluron-filler-booster-30m/11854777.html,$996.00,vacio,vacio,vacio,Puntos 'dobles' al pagar con 'FALABELLA',vacio,2026-07-02
Farmacia,Dermatológicos,Th Pharma Nature Nutri-Urea 500 ml,https://www.soriana.com/dw/image/v2/BGBD_PRD/on/demandware.static/-/Sites-soriana-grocery-master-catalog/default/dwa0e01579/images/product/8426827012767_A.jpg?sw=473&sh=473&sm=fit,https://www.soriana.com/farmacia/,/th-pharma-nature-nutri-urea-500-ml/11726618.html,$260.00,vacio,vacio,vacio,Puntos 'dobles' al pagar con 'FALABELLA',vacio,2026-07-02
Farmacia,Dermatológicos,Isdin Fotoultra Spot Prevent Color 5Pf 5,https://www.soriana.com/dw/image/v2/BGBD_PRD/on/demandware.static/-/Sites-soriana-grocery-master-catalog/default/dw0fe3b04c/images/product/8429420246881_A.jpg?sw=473&sh=473&sm=fit,https://www.soriana.com/farmacia/,/isdin-fotoultra-spot-prevent-color-5pf-5/11870879.html,$759.00,vacio,vacio,vacio,Puntos 'dobles' al pagar con 'FALABELLA',vacio,2026-07-02
Farmacia,Dermatológicos,Serum Facial Beauty No 3 Rosehip and Hyaluronic Acid,https://www.soriana.com/dw/image/v2/BGBD_PRD/on/demandware.static/-/Sites-soriana-grocery-master-catalog/default/dwf4ec12b7/images/product/0850001963626_A.jpg?sw=473&sh=473&sm=fit,https://www.soriana.com/farmacia/,/serum-facial-beauty-no-3-rosehip-and-hyaluronic-acid/11676000.html,$219.90,vacio,vacio,vacio,Puntos 'dobles' al pagar con 'FALABELLA',vacio,2026-07-02
Farmacia,Dermatológicos,Protector Solar Facial Nivea Sun Q10 Antiedad FPS 50 50 ml,https://www.soriana.com/dw/image/v2/BGBD_PRD/on/demandware.static/-/Sites-soriana-grocery-master-catalog/default/dwad75a9e6/images/product/4005900935847_A.jpg?sw=473&sh=473&sm=fit,https://www.soriana.com/farmacia/,/protector-solar-facial-nivea-sun-q10-antiedad-fps-50-50-ml/11610413.html,$315.00,$220.50,30%,vacio,Puntos 'dobles' al pagar con 'FALABELLA',vacio,2026-07-02
Farmacia,Dermatológicos,Bálsamo corporal Thader Pharma Nature Dermo-Urea al 20% 100 ml,https://www.soriana.com/dw/image/v2/BGBD_PRD/on/demandware.static/-/Sites-soriana-grocery-master-catalog/default/dw24cd8f2f/images/product/8426827098679_A.jpg?sw=473&sh=473&sm=fit,https://www.soriana.com/farmacia/,/balsamo-corporal-thader-pharma-nature-dermo-urea-al-20--100-ml/11726617.html,$180.00,vacio,vacio,vacio,Puntos 'dobles' al pagar con 'FALABELLA',vacio,2026-07-02
Farmacia,Dermatológicos,CeraVe Limpiador en Aceite de Ducha Piel Normal a Seca 473 ml,https://www.soriana.com/dw/image/v2/BGBD_PRD/on/demandware.static/-/Sites-soriana-grocery-master-catalog/default/dwa1f6f7e4/images/product/3337875773447_A.jpg?sw=473&sh=473&sm=fit,https://www.soriana.com/farmacia/,/cerave-limpiador-en-aceite-de-ducha-piel-normal-a-seca-473-ml/8011715.html,$655.00,vacio,Hasta 5 MSI,vacio,Puntos 'dobles' al pagar con 'FALABELLA',vacio,2026-07-02
Farmacia,Dermatológicos,Eucerin Ph5 Syndet Gel 400Ml,https://www.soriana.com/dw/image/v2/BGBD_PRD/on/demandware.static/-/Sites-soriana-grocery-master-catalog/default/dw40722ddc/images/product/4005800178375_A.jpg?sw=473&sh=473&sm=fit,https://www.soriana.com/farmacia/,/eucerin-ph5-syndet-gel-400ml/11819015.html,$439.00,vacio,vacio,vacio,Puntos 'dobles' al pagar con 'FALABELLA',vacio,2026-07-02
Farmacia,Dermatológicos,La Roche Posay Oure Vitamin C +Mini+Anthelios,https://www.soriana.com/dw/image/v2/BGBD_PRD/on/demandware.static/-/Sites-soriana-grocery-master-catalog/default/dw3fbdcaee/images/product/7509552935806_A.jpg?sw=473&sh=473&sm=fit,https://www.soriana.com/farmacia/,/la-roche-posay-oure-vitamin-c-minianthelios/11789587.html,"$1,250.00",vacio,vacio,vacio,Puntos 'dobles' al pagar con 'FALABELLA',vacio,2026-07-02
Farmacia,Dermatológicos,Photoderm Aquafluide Claro SPF50+ 40ml,https://www.soriana.com/dw/image/v2/BGBD_PRD/on/demandware.static/-/Sites-soriana-grocery-master-catalog/default/dwfb12919d/images/product/3701129807392_A.jpg?sw=473&sh=473&sm=fit,https://www.soriana.com/farmacia/,/photoderm-aquafluide-claro-spf50-40ml/11902501.html,$669.00,vacio,vacio,vacio,Puntos 'dobles' al pagar con 'FALABELLA',vacio,2026-07-02
Farmacia,Dermatológicos,Crema corporal CeraVe Hidratante 170 g,https://www.soriana.com/dw/image/v2/BGBD_PRD/on/demandware.static/-/Sites-soriana-grocery-master-catalog/default/dwa9451bd7/images/product/3337875598996_A.jpg?sw=473&sh=473&sm=fit,https://www.soriana.com/farmacia/,/crema-corporal-cerave-hidratante-170-g/8002708.html,$345.00,vacio,Hasta 5 MSI,vacio,Puntos 'dobles' al pagar con 'FALABELLA',vacio,2026-07-02
Farmacia,Dermatológicos,CETAPHIL Loción Limpiadora Piel Sensible 473ml,https://www.soriana.com/dw/image/v2/BGBD_PRD/on/demandware.static/-/Sites-soriana-grocery-master-catalog/default/dw5476c0be/images/product/3499320012850_A.jpg?sw=473&sh=473&sm=fit,https://www.soriana.com/farmacia/,/cetaphil-locion-limpiadora-piel-sensible-473ml/8012424.html,$629.00,vacio,vacio,vacio,Puntos 'dobles' al pagar con 'FALABELLA',vacio,2026-07-02
Farmacia,Dermatológicos,Maya Solar Repelente Spray 75 Ml,https://www.soriana.com/dw/image/v2/BGBD_PRD/on/demandware.static/-/Sites-soriana-grocery-master-catalog/default/dwc16fd3b3/images/product/7503007641830_A.jpg?sw=473&sh=473&sm=fit,https://www.soriana.com/farmacia/,/maya-solar-repelente-spray-75-ml/11583402.html,$80.90,vacio,vacio,vacio,Puntos 'dobles' al pagar con 'FALABELLA',vacio,2026-07-02
Farmacia,Dermatológicos,Bioderma PhotoDerm Cover Touch 50+ FPS Tono Claro 40 ml,https://www.soriana.com/dw/image/v2/BGBD_PRD/on/demandware.static/-/Sites-soriana-grocery-master-catalog/default/dw145f108a/images/product/3701129803424_A.jpg?sw=473&sh=473&sm=fit,https://www.soriana.com/farmacia/,/bioderma-photoderm-cover-touch-50-fps-tono-claro-40-ml/11658078.html,$879.00,vacio,vacio,vacio,Puntos 'dobles' al pagar con 'FALABELLA',vacio,2026-07-02
Farmacia,Dermatológicos,Protector Solar Facial Anti-Manchas Eucerin Pigment Control FPS 50+ 50 ml,https://www.soriana.com/dw/image/v2/BGBD_PRD/on/demandware.static/-/Sites-soriana-grocery-master-catalog/default/dw480909dc/images/product/4005800241901_A.jpg?sw=473&sh=473&sm=fit,https://www.soriana.com/farmacia/,/protector-solar-facial-anti-manchas-eucerin-pigment-control-fps-50-50-ml/11686316.html,$739.00,vacio,vacio,vacio,Puntos 'dobles' al pagar con 'FALABELLA',vacio,2026-07-02
Farmacia,Dermatológicos,Sin Marca Concha Nacar Jbn con 1,https://www.soriana.com/dw/image/v2/BGBD_PRD/on/demandware.static/-/Sites-soriana-grocery-master-catalog/default/dw7a41f8f3/images/product/7501853800135_A.jpg?sw=473&sh=473&sm=fit,https://www.soriana.com/farmacia/,/sin-marca-concha-nacar-jbn-con-1/1360647.html,$38.00,vacio,vacio,vacio,Puntos 'dobles' al pagar con 'FALABELLA',vacio,2026-07-02
Farmacia,Dermatológicos,Crema facial Eucerin Q10 Active 15 ml,https://www.soriana.com/dw/image/v2/BGBD_PRD/on/demandware.static/-/Sites-soriana-grocery-master-catalog/default/dwae8fee0a/images/product/4005800634000_A.jpg?sw=473&sh=473&sm=fit,https://www.soriana.com/farmacia/,/crema-facial-eucerin-q10-active-15-ml/1398588.html,$499.00,vacio,vacio,vacio,Puntos 'dobles' al pagar con 'FALABELLA',vacio,2026-07-02
Farmacia,Dermatológicos,Crema facial Eucerin Hyaluron-Filler 15 ml,https://www.soriana.com/dw/image/v2/BGBD_PRD/on/demandware.static/-/Sites-soriana-grocery-master-catalog/default/dwe6b5e7f4/images/product/4005800021930_A.jpg?sw=473&sh=473&sm=fit,https://www.soriana.com/farmacia/,/crema-facial-eucerin-hyaluron-filler-15-ml/1584477.html,$859.00,vacio,vacio,vacio,Puntos 'dobles' al pagar con 'FALABELLA',vacio,2026-07-02
Farmacia,Dermatológicos,Crema facial Eucerin Hyaluron-Filler 15 ml,https://www.soriana.com/dw/image/v2/BGBD_PRD/on/demandware.static/-/Sites-soriana-grocery-master-catalog/default/dw6a555d0f/images/product/4005800057670_A.jpg?sw=473&sh=473&sm=fit,https://www.soriana.com/farmacia/,/crema-facial-eucerin-hyaluron-filler-15-ml/1584478.html,"$1,085.00",vacio,vacio,vacio,Puntos 'dobles' al pagar con 'FALABELLA',vacio,2026-07-02
Farmacia,Dermatológicos,Crema corporal A-Derma Reparadora Dermalibour+ 50 ml,https://www.soriana.com/dw/image/v2/BGBD_PRD/on/demandware.static/-/Sites-soriana-grocery-master-catalog/default/dw7a0851b9/images/product/3282771057392_A.jpg?sw=473&sh=473&sm=fit,https://www.soriana.com/farmacia/,/crema-corporal-a-derma-reparadora-dermalibour-50-ml/2199374.html,$379.00,vacio,Hasta 5 MSI,vacio,Puntos 'dobles' al pagar con 'FALABELLA',vacio,2026-07-02
Farmacia,Dermatológicos,Bálsamo Labial Labello Med Repair Protector Hidratante FPS 15 4.8 g,https://www.soriana.com/dw/image/v2/BGBD_PRD/on/demandware.static/-/Sites-soriana-grocery-master-catalog/default/dwfde03e21/images/product/7501054526544_A.jpg?sw=473&sh=473&sm=fit,https://www.soriana.com/farmacia/,/balsamo-labial-labello-med-repair-protector-hidratante-fps-15-4.8-g/2766163.html,$74.00,vacio,vacio,vacio,Puntos 'dobles' al pagar con 'FALABELLA',vacio,2026-07-02
Farmacia,Dermatológicos,Loción Eucerin Urea Repair Plus 250 ml,https://www.soriana.com/dw/image/v2/BGBD_PRD/on/demandware.static/-/Sites-soriana-grocery-master-catalog/default/dwf682f13c/images/product/4005800024139_A.jpg?sw=473&sh=473&sm=fit,https://www.soriana.com/farmacia/,/locion-eucerin-urea-repair-plus-250-ml/2751383.html,$539.00,vacio,vacio,vacio,Puntos 'dobles' al pagar con 'FALABELLA',vacio,2026-07-02
Farmacia,Dermatológicos,Skin-Cap 0.02 Spry Sol C/200ml,https://www.soriana.com/dw/image/v2/BGBD_PRD/on/demandware.static/-/Sites-soriana-grocery-master-catalog/default/dw660b1ef4/images/product/8470002456938_A.jpg?sw=473&sh=473&sm=fit,https://www.soriana.com/farmacia/,/skin-cap-0.02-spry-sol-c-200ml/3086452.html,"$1,892.00",vacio,vacio,vacio,Puntos 'dobles' al pagar con 'FALABELLA',vacio,2026-07-02
Farmacia,Dermatológicos,Crema Cicatricure Intervención Nocturna 50 g,https://www.soriana.com/dw/image/v2/BGBD_PRD/on/demandware.static/-/Sites-soriana-grocery-master-catalog/default/dwcb9c8cd7/images/product/0650240030468_A.jpg?sw=473&sh=473&sm=fit,https://www.soriana.com/farmacia/,/crema-cicatricure-intervencion-nocturna-50-g/2851239.html,$365.00,vacio,vacio,vacio,Puntos 'dobles' al pagar con 'FALABELLA',vacio,2026-07-02
Farmacia,Dermatológicos,Limpiador facial La Roche-Posay Effaclar 200 ml,https://www.soriana.com/dw/image/v2/BGBD_PRD/on/demandware.static/-/Sites-soriana-grocery-master-catalog/default/dw31804404/images/product/3337872411083_A.jpg?sw=473&sh=473&sm=fit,https://www.soriana.com/farmacia/,/limpiador-facial-la-roche-posay-effaclar-200-ml/2201353.html,$669.00,vacio,Hasta 5 MSI,vacio,Puntos 'dobles' al pagar con 'FALABELLA',vacio,2026-07-02
Farmacia,Dermatológicos,Aderma Barra 100g,https://www.soriana.com/dw/image/v2/BGBD_PRD/on/demandware.static/-/Sites-soriana-grocery-master-catalog/default/dw2ad29d92/images/product/3282771057385_A.jpg?sw=473&sh=473&sm=fit,https://www.soriana.com/farmacia/,/aderma-barra-100g/2202571.html,$205.00,vacio,Hasta 5 MSI,vacio,Puntos 'dobles' al pagar con 'FALABELLA',vacio,2026-07-02
Farmacia,Dermatológicos,Locion Caladryl S Cut 180 ml,https://www.soriana.com/dw/image/v2/BGBD_PRD/on/demandware.static/-/Sites-soriana-grocery-master-catalog/default/dw909edf3e/images/product/7501057005312_A.jpg?sw=473&sh=473&sm=fit,https://www.soriana.com/farmacia/,/locion-caladryl-s-cut-180-ml/377671.html,$187.00,vacio,vacio,vacio,Puntos 'dobles' al pagar con 'FALABELLA',vacio,2026-07-02
Farmacia,Dermatológicos,Dermobras 25/8.15% Crema C/65g,https://www.soriana.com/dw/image/v2/BGBD_PRD/on/demandware.static/-/Sites-soriana-grocery-master-catalog/default/dwb33f36ce/images/product/7501273500080_A.jpg?sw=473&sh=473&sm=fit,https://www.soriana.com/farmacia/,/dermobras-25-8.15--crema-c-65g/561552.html,$399.00,vacio,vacio,vacio,Puntos 'dobles' al pagar con 'FALABELLA',vacio,2026-07-02
Farmacia,Dermatológicos,Herklin Nf 0.2g Shamp con 60ml,https://www.soriana.com/dw/image/v2/BGBD_PRD/on/demandware.static/-/Sites-soriana-grocery-master-catalog/default/dw62984065/images/product/7501089810021_A.jpg?sw=473&sh=473&sm=fit,https://www.soriana.com/farmacia/,/herklin-nf-0.2g-shamp-con-60ml/387852.html,$107.00,vacio,vacio,vacio,Puntos 'dobles' al pagar con 'FALABELLA',vacio,2026-07-02
Farmacia,Dermatológicos,Tratamiento facial Avia Plus Glicerina pura 200 g,https://www.soriana.com/dw/image/v2/BGBD_PRD/on/demandware.static/-/Sites-soriana-grocery-master-catalog/default/dw80da0599/images/product/7501337600046_A.jpg?sw=473&sh=473&sm=fit,https://www.soriana.com/farmacia/,/tratamiento-facial-avia-plus-glicerina-pura-200-g/568731.html,$118.00,vacio,vacio,vacio,Puntos 'dobles' al pagar con 'FALABELLA',vacio,2026-07-02
Farmacia,Dermatológicos,Ducray Keracnyl Limp. Facial Gel con 200 M,https://www.soriana.com/dw/image/v2/BGBD_PRD/on/demandware.static/-/Sites-soriana-grocery-master-catalog/default/dwdb1e96e0/images/product/3282776126178_A.jpg?sw=473&sh=473&sm=fit,https://www.soriana.com/farmacia/,/ducray-keracnyl-limp.-facial-gel-con-200-m/2199438.html,$627.00,vacio,Hasta 5 MSI,vacio,Puntos 'dobles' al pagar con 'FALABELLA',vacio,2026-07-02
Farmacia,Dermatológicos,Glicolic 0.1 Loc C/60ml,https://www.soriana.com/dw/image/v2/BGBD_PRD/on/demandware.static/-/Sites-soriana-grocery-master-catalog/default/dw85fbec7b/images/product/7705849004020_A.jpg?sw=473&sh=473&sm=fit,https://www.soriana.com/farmacia/,/glicolic-0.1-loc-c-60ml/577674.html,"$1,035.00",vacio,vacio,vacio,Puntos 'dobles' al pagar con 'FALABELLA',vacio,2026-07-02
Farmacia,Dermatológicos,Condil 250mg Sol C/5ml,https://www.soriana.com/dw/image/v2/BGBD_PRD/on/demandware.static/-/Sites-soriana-grocery-master-catalog/default/dw014d6a28/images/product/7501535300021_A.jpg?sw=473&sh=473&sm=fit,https://www.soriana.com/farmacia/,/condil-250mg-sol-c-5ml/579937.html,$248.00,vacio,vacio,vacio,Puntos 'dobles' al pagar con 'FALABELLA',vacio,2026-07-02
Farmacia,Dermatológicos,OFF Aerosol Smooth Dry 113 g,https://www.soriana.com/dw/image/v2/BGBD_PRD/on/demandware.static/-/Sites-soriana-grocery-master-catalog/default/dw92e704da/images/product/46500221545_A.jpg?sw=473&sh=473&sm=fit,https://www.soriana.com/farmacia/,/off-aerosol-smooth-dry-113-g/11924112.html,$115.00,vacio,vacio,vacio,Puntos 'dobles' al pagar con 'FALABELLA',vacio,2026-07-02
Farmacia,Dermatológicos,Fotoprotector Isdin Fusión Gel Sport 50 Spf 100 ml,https://www.soriana.com/dw/image/v2/BGBD_PRD/on/demandware.static/-/Sites-soriana-grocery-master-catalog/default/dwc56eab79/images/product/8470001631695_A.jpg?sw=473&sh=473&sm=fit,https://www.soriana.com/farmacia/,/fotoprotector-isdin-fusion-gel-sport-50-spf-100-ml/8001642.html,$689.00,vacio,vacio,vacio,Puntos 'dobles' al pagar con 'FALABELLA',vacio,2026-07-02
Farmacia,Dermatológicos,Vichy Minéral 89 Melatonina Crema Reparadora de Noche con 50 mililitros,https://www.soriana.com/dw/image/v2/BGBD_PRD/on/demandware.static/-/Sites-soriana-grocery-master-catalog/default/dw4abf127f/images/product/3337875916998_A.jpg?sw=473&sh=473&sm=fit,https://www.soriana.com/farmacia/,/vichy-mineral-89-melatonina-crema-reparadora-de-noche-con-50-mililitros/11926925.html,$749.00,vacio,vacio,vacio,Puntos 'dobles' al pagar con 'FALABELLA',vacio,2026-07-02
Farmacia,Dermatológicos,Vichy Inf Ideal Soleilaa Aerosol 200 ml,https://www.soriana.com/dw/image/v2/BGBD_PRD/on/demandware.static/-/Sites-soriana-grocery-master-catalog/default/dw23dae325/images/product/3337875558037_A.jpg?sw=473&sh=473&sm=fit,https://www.soriana.com/farmacia/,/vichy-inf-ideal-soleilaa-aerosol-200-ml/8002668.html,$829.00,vacio,Hasta 5 MSI,vacio,Puntos 'dobles' al pagar con 'FALABELLA',vacio,2026-07-02
Farmacia,Dermatológicos,Loción facial CeraVe Hidratante de Rostro 52 ml,https://www.soriana.com/dw/image/v2/BGBD_PRD/on/demandware.static/-/Sites-soriana-grocery-master-catalog/default/dw8649cb04/images/product/3337875597449_A.jpg?sw=473&sh=473&sm=fit,https://www.soriana.com/farmacia/,/locion-facial-cerave-hidratante-de-rostro-52-ml/8002684.html,$585.00,vacio,Hasta 5 MSI,vacio,Puntos 'dobles' al pagar con 'FALABELLA',vacio,2026-07-02
Farmacia,Dermatológicos,Fotoultra Isdin Age Repair Fusion Water 50 Spf 50 ml,https://www.soriana.com/dw/image/v2/BGBD_PRD/on/demandware.static/-/Sites-soriana-grocery-master-catalog/default/dw9790aa49/images/product/8429420144002_A.jpg?sw=473&sh=473&sm=fit,https://www.soriana.com/farmacia/,/fotoultra-isdin-age-repair-fusion-water-50-spf-50-ml/8003435.html,$935.00,vacio,Hasta 5 MSI,vacio,Puntos 'dobles' al pagar con 'FALABELLA',vacio,2026-07-02
Farmacia,Dermatológicos,Crema facial Vichy Peptide-C Brightening 50 ml,https://www.soriana.com/dw/image/v2/BGBD_PRD/on/demandware.static/-/Sites-soriana-grocery-master-catalog/default/dw44838274/images/product/3337875607254_A.jpg?sw=473&sh=473&sm=fit,https://www.soriana.com/farmacia/,/crema-facial-vichy-peptide-c-brightening-50-ml/8002895.html,"$1,475.00",vacio,Hasta 5 MSI,vacio,Puntos 'dobles' al pagar con 'FALABELLA',vacio,2026-07-02
Farmacia,Dermatológicos,Crema facial Vichy Night 50 ml,https://www.soriana.com/dw/image/v2/BGBD_PRD/on/demandware.static/-/Sites-soriana-grocery-master-catalog/default/dwa22d9968/images/product/3337871322502_A.jpg?sw=473&sh=473&sm=fit,https://www.soriana.com/farmacia/,/crema-facial-vichy-night-50-ml/8001261.html,"$1,535.00",vacio,Hasta 5 MSI,vacio,Puntos 'dobles' al pagar con 'FALABELLA',vacio,2026-07-02
Farmacia,Dermatológicos,Loción Limpiadora Cetaphil 473 ml,https://www.soriana.com/dw/image/v2/BGBD_PRD/on/demandware.static/-/Sites-soriana-grocery-master-catalog/default/dwe521c600/images/product/7502003560589_A.jpg?sw=473&sh=473&sm=fit,https://www.soriana.com/farmacia/,/locion-limpiadora-cetaphil-473-ml/9025921.html,$366.00,vacio,vacio,vacio,Puntos 'dobles' al pagar con 'FALABELLA',vacio,2026-07-02
Farmacia,Dermatológicos,Vichy Mineral 89 Crema 50 ml,https://www.soriana.com/dw/image/v2/BGBD_PRD/on/demandware.static/-/Sites-soriana-grocery-master-catalog/default/dw6fb26776/images/product/3337875831888_A.jpg?sw=473&sh=473&sm=fit,https://www.soriana.com/farmacia/,/vichy-mineral-89-crema-50-ml/11716712.html,$695.00,vacio,Hasta 5 MSI,vacio,Puntos 'dobles' al pagar con 'FALABELLA',vacio,2026-07-02
Farmacia,Dermatológicos,Corrector Vichy Dermablend Fluido 55 Bronze 30 ml,https://www.soriana.com/dw/image/v2/BGBD_PRD/on/demandware.static/-/Sites-soriana-grocery-master-catalog/default/dw316bc0d5/images/product/3337871316631_A.jpg?sw=473&sh=473&sm=fit,https://www.soriana.com/farmacia/,/corrector-vichy-dermablend-fluido-55-bronze-30-ml/8001326.html,"$1,165.00",vacio,Hasta 5 MSI,vacio,Puntos 'dobles' al pagar con 'FALABELLA',vacio,2026-07-02
Farmacia,Dermatológicos,Maquillaje Vichy Dermablend 25 Nude Crema 9.5 g,https://www.soriana.com/dw/image/v2/BGBD_PRD/on/demandware.static/-/Sites-soriana-grocery-master-catalog/default/dwb58068e9/images/product/3337871324780_A.jpg?sw=473&sh=473&sm=fit,https://www.soriana.com/farmacia/,/maquillaje-vichy-dermablend-25-nude-crema-9.5-g/8001353.html,$847.00,vacio,vacio,vacio,Puntos 'dobles' al pagar con 'FALABELLA',vacio,2026-07-02
Farmacia,Dermatológicos,CETAPHIL Healthy Renew Serum Facial 30g,https://www.soriana.com/dw/image/v2/BGBD_PRD/on/demandware.static/-/Sites-soriana-grocery-master-catalog/default/dwca2374b0/images/product/3499320015769_A.jpg?sw=473&sh=473&sm=fit,https://www.soriana.com/farmacia/,/cetaphil-healthy-renew-serum-facial-30g/11855295.html,$865.00,vacio,vacio,vacio,Puntos 'dobles' al pagar con 'FALABELLA',vacio,2026-07-02
Farmacia,Dermatológicos,La Roche Posay Cicaplast Baume B5+ 40 ML,https://www.soriana.com/dw/image/v2/BGBD_PRD/on/demandware.static/-/Sites-soriana-grocery-master-catalog/default/dwd758a925/images/product/3337875816809_A.jpg?sw=473&sh=473&sm=fit,https://www.soriana.com/farmacia/,/la-roche-posay-cicaplast-baume-b5-40-ml/11697201.html,$309.00,vacio,vacio,vacio,Puntos 'dobles' al pagar con 'FALABELLA',vacio,2026-07-02
Farmacia,Dermatológicos,Toallitas faciales Cetaphil Piel Sensible 25 pza,https://www.soriana.com/dw/image/v2/BGBD_PRD/on/demandware.static/-/Sites-soriana-grocery-master-catalog/default/dwe1d762e4/images/product/3499320005326_A.jpg?sw=473&sh=473&sm=fit,https://www.soriana.com/farmacia/,/toallitas-faciales-cetaphil-piel-sensible-25-pza/8002687.html,$184.00,vacio,vacio,vacio,Puntos 'dobles' al pagar con 'FALABELLA',vacio,2026-07-02
Farmacia,Dermatológicos,Bálsamo Labial Exfoliante Labello Scrub con Aloe y Vitamina E 4.8 g,https://www.soriana.com/dw/image/v2/BGBD_PRD/on/demandware.static/-/Sites-soriana-grocery-master-catalog/default/dwc939679e/images/product/4005900686510_A.jpg?sw=473&sh=473&sm=fit,https://www.soriana.com/farmacia/,/balsamo-labial-exfoliante-labello-scrub-con-aloe-y-vitamina-e-4.8-g/11497301.html,$124.00,vacio,vacio,vacio,Puntos 'dobles' al pagar con 'FALABELLA',vacio,2026-07-02
Farmacia,Dermatológicos,Fluido Facial Matificante Eucerin DermoPure Oil Control Para Piel Grasa 50 ml,https://www.soriana.com/dw/image/v2/BGBD_PRD/on/demandware.static/-/Sites-soriana-grocery-master-catalog/default/dwee1a3ee3/images/product/4005900436962_A.jpg?sw=473&sh=473&sm=fit,https://www.soriana.com/farmacia/,/fluido-facial-matificante-eucerin-dermopure-oil-control-para-piel-grasa-50-ml/11686311.html,$849.00,vacio,vacio,vacio,Puntos 'dobles' al pagar con 'FALABELLA',vacio,2026-07-02
Farmacia,Dermatológicos,Crema facial Vichy PhytoAction 50 ml,https://www.soriana.com/dw/image/v2/BGBD_PRD/on/demandware.static/-/Sites-soriana-grocery-master-catalog/default/dwa3d8819b/images/product/3337875660617_A.jpg?sw=473&sh=473&sm=fit,https://www.soriana.com/farmacia/,/crema-facial-vichy-phytoaction-50-ml/8003438.html,"$1,085.00",vacio,Hasta 5 MSI,vacio,Puntos 'dobles' al pagar con 'FALABELLA',vacio,2026-07-02
Farmacia,Dermatológicos,Kit dermatológico Vichy B3 Protocolo Anti-Manchas Xmas 2023,https://www.soriana.com/dw/image/v2/BGBD_PRD/on/demandware.static/-/Sites-soriana-grocery-master-catalog/default/dwae6a13a6/images/product/7509552886948_A.jpg?sw=473&sh=473&sm=fit,https://www.soriana.com/farmacia/,/kit-dermatologico-vichy-b3-protocolo-anti-manchas-xmas-2023/11736233.html,$999.00,vacio,vacio,vacio,Puntos 'dobles' al pagar con 'FALABELLA',vacio,2026-07-02
Farmacia,Dermatológicos,Kit dermatológico VICHY Liftactiv Vitamin C Protocolo Anti-Oxidante,https://www.soriana.com/dw/image/v2/BGBD_PRD/on/demandware.static/-/Sites-soriana-grocery-master-catalog/default/dwa27bfef3/images/product/7509552886955_A.jpg?sw=473&sh=473&sm=fit,https://www.soriana.com/farmacia/,/kit-dermatologico-vichy-liftactiv-vitamin-c-protocolo-anti-oxidante/11736232.html,$899.00,vacio,vacio,vacio,Puntos 'dobles' al pagar con 'FALABELLA',vacio,2026-07-02
Farmacia,Dermatológicos,Kit Vichy Dermatológico Minéral Fortalece e Hidrata 89 Xmas 2023,https://www.soriana.com/dw/image/v2/BGBD_PRD/on/demandware.static/-/Sites-soriana-grocery-master-catalog/default/dwd84d6ee5/images/product/7509552886436_A.jpg?sw=473&sh=473&sm=fit,https://www.soriana.com/farmacia/,/kit-vichy-dermatologico-mineral-fortalece-e-hidrata-89-xmas-2023/11736236.html,$799.00,vacio,vacio,vacio,Puntos 'dobles' al pagar con 'FALABELLA',vacio,2026-07-02
Farmacia,Dermatológicos,Shampoo Cre C Fem 250ml Suave Y Facil 1p,https://www.soriana.com/dw/image/v2/BGBD_PRD/on/demandware.static/-/Sites-soriana-grocery-master-catalog/default/dw070b5c52/images/product/7502005473276_A.jpg?sw=473&sh=473&sm=fit,https://www.soriana.com/farmacia/,/shampoo-cre-c-fem-250ml-suave-y-facil-1p/11260022.html,$129.00,vacio,vacio,vacio,Puntos 'dobles' al pagar con 'FALABELLA',vacio,2026-07-02
Farmacia,Dermatológicos,"Vitascom Protector Labial Cereza, 1 Pieza",https://www.soriana.com/dw/image/v2/BGBD_PRD/on/demandware.static/-/Sites-soriana-grocery-master-catalog/default/dwee5a5818/images/product/7500093752976_A.jpg?sw=473&sh=473&sm=fit,https://www.soriana.com/farmacia/,/vitascom-protector-labial-cereza-1-pieza/11261470.html,$34.90,vacio,vacio,vacio,Puntos 'dobles' al pagar con 'FALABELLA',vacio,2026-07-02
Farmacia,Dermatológicos,Almohadilla Facial Duotex Quality Day 100 Piezas,https://www.soriana.com/dw/image/v2/BGBD_PRD/on/demandware.static/-/Sites-soriana-grocery-master-catalog/default/dwcde3886f/images/product/7500525015549_A.jpg?sw=473&sh=473&sm=fit,https://www.soriana.com/farmacia/,/almohadilla-facial-duotex-quality-day-100-piezas/11432470.html,$29.90,vacio,3 x 2,vacio,Puntos 'dobles' al pagar con 'FALABELLA',vacio,2026-07-02
Farmacia,Dermatológicos,Spray Off Defense 177 Ml,https://www.soriana.com/dw/image/v2/BGBD_PRD/on/demandware.static/-/Sites-soriana-grocery-master-catalog/default/dw182eb72d/images/product/7501032931872_A.jpg?sw=473&sh=473&sm=fit,https://www.soriana.com/farmacia/,/spray-off-defense-177-ml/11451041.html,$153.00,vacio,vacio,vacio,Puntos 'dobles' al pagar con 'FALABELLA',vacio,2026-07-02
Farmacia,Dermatológicos,Eucerin Locion Hidratante Ph5 400 G,https://www.soriana.com/dw/image/v2/BGBD_PRD/on/demandware.static/-/Sites-soriana-grocery-master-catalog/default/dw1976ade3/images/product/4005900728807_A.jpg?sw=473&sh=473&sm=fit,https://www.soriana.com/farmacia/,/eucerin-locion-hidratante-ph5-400-g/11819118.html,"$1,429.00",vacio,vacio,vacio,Puntos 'dobles' al pagar con 'FALABELLA',vacio,2026-07-02
Farmacia,Dermatológicos,Babaria Retinol Serum 30 Ml,https://www.soriana.com/dw/image/v2/BGBD_PRD/on/demandware.static/-/Sites-soriana-grocery-master-catalog/default/dwdc3b8640/images/product/8410412100083_A.jpg?sw=473&sh=473&sm=fit,https://www.soriana.com/farmacia/,/babaria-retinol-serum-30-ml/11727701.html,$169.00,vacio,vacio,vacio,Puntos 'dobles' al pagar con 'FALABELLA',vacio,2026-07-02
Farmacia,Dermatológicos,Eucerin Hyaluron-Filler Noche Recarga Re,https://www.soriana.com/dw/image/v2/BGBD_PRD/on/demandware.static/-/Sites-soriana-grocery-master-catalog/default/dw45adcbaa/images/product/4005900991058_A.jpg?sw=473&sh=473&sm=fit,https://www.soriana.com/farmacia/,/eucerin-hyaluron-filler-noche-recarga-re/11819133.html,$909.00,vacio,vacio,vacio,Puntos 'dobles' al pagar con 'FALABELLA',vacio,2026-07-02
Farmacia,Dermatológicos,Isdin Cream 10 300 ml,https://www.soriana.com/dw/image/v2/BGBD_PRD/on/demandware.static/-/Sites-soriana-grocery-master-catalog/default/dwf23419c7/images/product/8429420305489_A.jpg?sw=473&sh=473&sm=fit,https://www.soriana.com/farmacia/,/isdin-cream-10-300-ml/11929125.html,$370.00,vacio,vacio,vacio,Puntos 'dobles' al pagar con 'FALABELLA',vacio,2026-07-02
Farmacia,Dermatológicos,Serum Hidratante Eucerin Hyaluron-Filler Booster con Ácido Hialurónico 30 ml,https://www.soriana.com/dw/image/v2/BGBD_PRD/on/demandware.static/-/Sites-soriana-grocery-master-catalog/default/dw696f829e/images/product/4005900656063_A.jpg?sw=473&sh=473&sm=fit,https://www.soriana.com/farmacia/,/serum-hidratante-eucerin-hyaluron-filler-booster-con-acido-hialuronico-30-ml/11686307.html,$945.00,vacio,vacio,vacio,Puntos 'dobles' al pagar con 'FALABELLA',vacio,2026-07-02
Farmacia,Dermatológicos,Protector Solar Banana Boat Dry Balance Sport FPS 50 170 gr,https://www.soriana.com/dw/image/v2/BGBD_PRD/on/demandware.static/-/Sites-soriana-grocery-master-catalog/default/dw93ec2d1d/images/product/0079656525243_A.jpg?sw=473&sh=473&sm=fit,https://www.soriana.com/farmacia/,/protector-solar-banana-boat-dry-balance-sport-fps-50-170-gr/11339804.html,$409.00,vacio,vacio,vacio,Puntos 'dobles' al pagar con 'FALABELLA',vacio,2026-07-02
Farmacia,Dermatológicos,Maya Solar Pant Facial Antiedad 50 Ml,https://www.soriana.com/dw/image/v2/BGBD_PRD/on/demandware.static/-/Sites-soriana-grocery-master-catalog/default/dwc0d3dda3/images/product/7502305020651_A.jpg?sw=473&sh=473&sm=fit,https://www.soriana.com/farmacia/,/maya-solar-pant-facial-antiedad-50-ml/11810858.html,$284.00,vacio,vacio,vacio,Puntos 'dobles' al pagar con 'FALABELLA',vacio,2026-07-02
Farmacia,Dermatológicos,CETAPHIL PRO AC Dermacontrol Espuma de Limpieza 236ml,https://www.soriana.com/dw/image/v2/BGBD_PRD/on/demandware.static/-/Sites-soriana-grocery-master-catalog/default/dw45807e5c/images/product/3499320004497_A.jpg?sw=473&sh=473&sm=fit,https://www.soriana.com/farmacia/,/cetaphil-pro-ac-dermacontrol-espuma-de-limpieza-236ml/9051073.html,$595.00,vacio,vacio,vacio,Puntos 'dobles' al pagar con 'FALABELLA',vacio,2026-07-02
Farmacia,Dermatológicos,Jabón Limpiador Anti-Acné Bioderma Atoderm Piel Seca 150 g,https://www.soriana.com/dw/image/v2/BGBD_PRD/on/demandware.static/-/Sites-soriana-grocery-master-catalog/default/dw126e2c31/images/product/3401399373527_A.jpg?sw=473&sh=473&sm=fit,https://www.soriana.com/farmacia/,/jabon-limpiador-anti-acne-bioderma-atoderm-piel-seca-150-g/8002757.html,$265.00,vacio,Hasta 5 MSI,vacio,Puntos 'dobles' al pagar con 'FALABELLA',vacio,2026-07-02
Farmacia,Dermatológicos,Limpiador facial Bioderma Sensibio 200 ml,https://www.soriana.com/dw/image/v2/BGBD_PRD/on/demandware.static/-/Sites-soriana-grocery-master-catalog/default/dw59214312/images/product/3401381507565_A.jpg?sw=473&sh=473&sm=fit,https://www.soriana.com/farmacia/,/limpiador-facial-bioderma-sensibio-200-ml/8002753.html,$649.00,vacio,Hasta 5 MSI,vacio,Puntos 'dobles' al pagar con 'FALABELLA',vacio,2026-07-02
Farmacia,Dermatológicos,La Roche Posay Mela B3 Crema Facial Antimanchas con 40 mililitros,https://www.soriana.com/dw/image/v2/BGBD_PRD/on/demandware.static/-/Sites-soriana-grocery-master-catalog/default/dwefee6637/images/product/3337875890113_A.jpg?sw=473&sh=473&sm=fit,https://www.soriana.com/farmacia/,/la-roche-posay-mela-b3-crema-facial-antimanchas-con-40-mililitros/11926932.html,"$1,099.00",vacio,vacio,vacio,Puntos 'dobles' al pagar con 'FALABELLA',vacio,2026-07-02
Farmacia,Dermatológicos,La Roche-Posay Lipikar Baume AP+Max Bálsamo Reparador con 75 mililitros,https://www.soriana.com/dw/image/v2/BGBD_PRD/on/demandware.static/-/Sites-soriana-grocery-master-catalog/default/dw5caf6634/images/product/3337875930116_A.jpg?sw=473&sh=473&sm=fit,https://www.soriana.com/farmacia/,/la-roche-posay-lipikar-baume-apmax-balsamo-reparador-con-75-mililitros/11926911.html,$259.00,vacio,vacio,vacio,Puntos 'dobles' al pagar con 'FALABELLA',vacio,2026-07-02
Farmacia,Dermatológicos,Corrector Vichy Dermablend 3d Correction 25 30 ml,https://www.soriana.com/dw/image/v2/BGBD_PRD/on/demandware.static/-/Sites-soriana-grocery-master-catalog/default/dwc0262e5b/images/product/3337871332303_A.jpg?sw=473&sh=473&sm=fit,https://www.soriana.com/farmacia/,/corrector-vichy-dermablend-3d-correction-25-30-ml/8001317.html,"$1,165.00",vacio,Hasta 5 MSI,vacio,Puntos 'dobles' al pagar con 'FALABELLA',vacio,2026-07-02
Farmacia,Dermatológicos,Crema corporal CeraVe Hidratante 454 g,https://www.soriana.com/dw/image/v2/BGBD_PRD/on/demandware.static/-/Sites-soriana-grocery-master-catalog/default/dwdaa94ef4/images/product/3337875597388_A.jpg?sw=473&sh=473&sm=fit,https://www.soriana.com/farmacia/,/crema-corporal-cerave-hidratante-454-g/8002681.html,$609.00,vacio,Hasta 5 MSI,vacio,Puntos 'dobles' al pagar con 'FALABELLA',vacio,2026-07-02
Farmacia,Dermatológicos,Fotoprotector Isdin Gel Cream Dry Touch 50 Spf 50 ml,https://www.soriana.com/dw/image/v2/BGBD_PRD/on/demandware.static/-/Sites-soriana-grocery-master-catalog/default/dw9d51886e/images/product/8470001699664_A.jpg?sw=473&sh=473&sm=fit,https://www.soriana.com/farmacia/,/fotoprotector-isdin-gel-cream-dry-touch-50-spf-50-ml/8002689.html,$628.00,vacio,vacio,vacio,Puntos 'dobles' al pagar con 'FALABELLA',vacio,2026-07-02
Farmacia,Dermatológicos,Crema corporal CeraVe Limpiadora Hidratante 473 ml,https://www.soriana.com/dw/image/v2/BGBD_PRD/on/demandware.static/-/Sites-soriana-grocery-master-catalog/default/dwbc01c3f0/images/product/3337875597333_A.jpg?sw=473&sh=473&sm=fit,https://www.soriana.com/farmacia/,/crema-corporal-cerave-limpiadora-hidratante-473-ml/8002710.html,$729.00,vacio,Hasta 5 MSI,vacio,Puntos 'dobles' al pagar con 'FALABELLA',vacio,2026-07-02
Farmacia,Dermatológicos,Agua micelar La Roche-Posay Ultra Piel Sensible 200 ml,https://www.soriana.com/dw/image/v2/BGBD_PRD/on/demandware.static/-/Sites-soriana-grocery-master-catalog/default/dw547b8336/images/product/3337872410338_A.jpg?sw=473&sh=473&sm=fit,https://www.soriana.com/farmacia/,/agua-micelar-la-roche-posay-ultra-piel-sensible-200-ml/8001332.html,$499.00,vacio,vacio,vacio,Puntos 'dobles' al pagar con 'FALABELLA',vacio,2026-07-02
Farmacia,Dermatológicos,Vichy Dermablend 35 Sand Cre 9.5 Gr,https://www.soriana.com/dw/image/v2/BGBD_PRD/on/demandware.static/-/Sites-soriana-grocery-master-catalog/default/dw9a7abeb7/images/product/3337871324773_A.jpg?sw=473&sh=473&sm=fit,https://www.soriana.com/farmacia/,/vichy-dermablend-35-sand-cre-9.5-gr/8001337.html,$920.00,vacio,vacio,vacio,Puntos 'dobles' al pagar con 'FALABELLA',vacio,2026-07-02
Farmacia,Dermatológicos,Tetralisal 300 mg 20 Cápsulas,https://www.soriana.com/dw/image/v2/BGBD_PRD/on/demandware.static/-/Sites-soriana-grocery-master-catalog/default/dw5c7e0ab6/images/product/7502003560473_A.jpg?sw=473&sh=473&sm=fit,https://www.soriana.com/farmacia/,/tetralisal-300-mg-20-capsulas/2103909.html,$781.00,vacio,vacio,vacio,Puntos 'dobles' al pagar con 'FALABELLA',vacio,2026-07-02
Farmacia,Dermatológicos,Crema corporal Cetaphil Pro AD Restoraderm Hidratante 295 ml,https://www.soriana.com/dw/image/v2/BGBD_PRD/on/demandware.static/-/Sites-soriana-grocery-master-catalog/default/dwa4cb10d1/images/product/7897930762268_A.jpg?sw=473&sh=473&sm=fit,https://www.soriana.com/farmacia/,/crema-corporal-cetaphil-pro-ad-restoraderm-hidratante-295-ml/9025922.html,$559.00,vacio,vacio,vacio,Puntos 'dobles' al pagar con 'FALABELLA',vacio,2026-07-02
Farmacia,Dermatológicos,Gel corporal Bioderma Sensibio 500 ml,https://www.soriana.com/dw/image/v2/BGBD_PRD/on/demandware.static/-/Sites-soriana-grocery-master-catalog/default/dw45055ba0/images/product/3701129800843_A.jpg?sw=473&sh=473&sm=fit,https://www.soriana.com/farmacia/,/gel-corporal-bioderma-sensibio-500-ml/8011030.html,$839.00,vacio,Hasta 5 MSI,vacio,Puntos 'dobles' al pagar con 'FALABELLA',vacio,2026-07-02
Farmacia,Dermatológicos,Crema corporal Isdin Aloe Vera 500 ml,https://www.soriana.com/dw/image/v2/BGBD_PRD/on/demandware.static/-/Sites-soriana-grocery-master-catalog/default/dw7ca20eff/images/product/8470001875815_A.jpg?sw=473&sh=473&sm=fit,https://www.soriana.com/farmacia/,/crema-corporal-isdin-aloe-vera-500-ml/8003514.html,$464.00,vacio,Hasta 5 MSI,vacio,Puntos 'dobles' al pagar con 'FALABELLA',vacio,2026-07-02
Farmacia,Dermatológicos,Crema corporal A-Derma Epitheliale A.H Ultra 40 ml,https://www.soriana.com/dw/image/v2/BGBD_PRD/on/demandware.static/-/Sites-soriana-grocery-master-catalog/default/dw64a054f1/images/product/3282770073706_A.jpg?sw=473&sh=473&sm=fit,https://www.soriana.com/farmacia/,/crema-corporal-a-derma-epitheliale-a.h-ultra-40-ml/8008290.html,$537.00,vacio,Hasta 5 MSI,vacio,Puntos 'dobles' al pagar con 'FALABELLA',vacio,2026-07-02
Farmacia,Dermatológicos,Gel Limpiador Sensibio Espuma P-Sen 100 ml,https://www.soriana.com/dw/image/v2/BGBD_PRD/on/demandware.static/-/Sites-soriana-grocery-master-catalog/default/dwfaf2dabf/images/product/3701129800850_A.jpg?sw=473&sh=473&sm=fit,https://www.soriana.com/farmacia/,/gel-limpiador-sensibio-espuma-p-sen-100-ml/8011045.html,$345.00,vacio,Hasta 5 MSI,vacio,Puntos 'dobles' al pagar con 'FALABELLA',vacio,2026-07-02
Farmacia,Dermatológicos,Serum Facial Vichy Lift B3 Dark Sport & Wrinkles 30 ml,https://www.soriana.com/dw/image/v2/BGBD_PRD/on/demandware.static/-/Sites-soriana-grocery-master-catalog/default/dw22f8dd45/images/product/3337875734905_A.jpg?sw=473&sh=473&sm=fit,https://www.soriana.com/farmacia/,/serum-facial-vichy-lift-b3-dark-sport-wrinkles-30-ml/8011674.html,"$1,339.00",vacio,Hasta 5 MSI,vacio,Puntos 'dobles' al pagar con 'FALABELLA',vacio,2026-07-02
Farmacia,Dermatológicos,Vichy Neovadiol Crema de Dia 50 ml,https://www.soriana.com/dw/image/v2/BGBD_PRD/on/demandware.static/-/Sites-soriana-grocery-master-catalog/default/dw12ff016b/images/product/3337875774031_A.jpg?sw=473&sh=473&sm=fit,https://www.soriana.com/farmacia/,/vichy-neovadiol-crema-de-dia-50-ml/8011686.html,"$1,589.00",vacio,Hasta 5 MSI,vacio,Puntos 'dobles' al pagar con 'FALABELLA',vacio,2026-07-02
Farmacia,Dermatológicos,Crema Vichy Neovadiol Peri-Meno de Dia 50 ml,https://www.soriana.com/dw/image/v2/BGBD_PRD/on/demandware.static/-/Sites-soriana-grocery-master-catalog/default/dwc2966502/images/product/3337875774123_A.jpg?sw=473&sh=473&sm=fit,https://www.soriana.com/farmacia/,/crema-vichy-neovadiol-peri-meno-de-dia-50-ml/8011688.html,"$1,605.00",vacio,Hasta 5 MSI,vacio,Puntos 'dobles' al pagar con 'FALABELLA',vacio,2026-07-02
Farmacia,Dermatológicos,Limpiador facial CeraVe Foaming Cleanser 473 ml,https://www.soriana.com/dw/image/v2/BGBD_PRD/on/demandware.static/-/Sites-soriana-grocery-master-catalog/default/dwe62220a1/images/product/3337875597357_A.jpg?sw=473&sh=473&sm=fit,https://www.soriana.com/farmacia/,/limpiador-facial-cerave-foaming-cleanser-473-ml/8002680.html,$659.00,vacio,Hasta 5 MSI,vacio,Puntos 'dobles' al pagar con 'FALABELLA',vacio,2026-07-02
Farmacia,Dermatológicos,Leneda 1% Gel Tb de 30 gramos,https://www.soriana.com/dw/image/v2/BGBD_PRD/on/demandware.static/-/Sites-soriana-grocery-master-catalog/default/dwf18a1bff/images/product/7501258208697_A.jpg?sw=473&sh=473&sm=fit,https://www.soriana.com/farmacia/,/leneda-1--gel-tb-de-30-gramos/8008351.html,$554.00,vacio,vacio,vacio,Puntos 'dobles' al pagar con 'FALABELLA',vacio,2026-07-02
Farmacia,Dermatológicos,Vichy Eau Thermale P Sens Aerosol 150 Gr,https://www.soriana.com/dw/image/v2/BGBD_PRD/on/demandware.static/-/Sites-soriana-grocery-master-catalog/default/dw2c7a1076/images/product/3337871308612_A.jpg?sw=473&sh=473&sm=fit,https://www.soriana.com/farmacia/,/vichy-eau-thermale-p-sens-aerosol-150-gr/8001225.html,$575.00,vacio,Hasta 5 MSI,vacio,Puntos 'dobles' al pagar con 'FALABELLA',vacio,2026-07-02
Farmacia,Dermatológicos,Protector Solar Facial Eucerin Sun Oil Control Tono Claro FPS 50+ 50 ml,https://www.soriana.com/dw/image/v2/BGBD_PRD/on/demandware.static/-/Sites-soriana-grocery-master-catalog/default/dwab1bd92c/images/product/4005900839626_A.jpg?sw=473&sh=473&sm=fit,https://www.soriana.com/farmacia/,/protector-solar-facial-eucerin-sun-oil-control-tono-claro-fps-50-50-ml/11686314.html,$729.00,vacio,vacio,vacio,Puntos 'dobles' al pagar con 'FALABELLA',vacio,2026-07-02
Farmacia,Dermatológicos,Corrector Vichy Dermablend 3d Correction 45 30 ml,https://www.soriana.com/dw/image/v2/BGBD_PRD/on/demandware.static/-/Sites-soriana-grocery-master-catalog/default/dwa308242f/images/product/3337871332327_A.jpg?sw=473&sh=473&sm=fit,https://www.soriana.com/farmacia/,/corrector-vichy-dermablend-3d-correction-45-30-ml/8001319.html,"$1,165.00",vacio,Hasta 5 MSI,vacio,Puntos 'dobles' al pagar con 'FALABELLA',vacio,2026-07-02
Farmacia,Dermatológicos,Anti-Transpirante Vichy Anti-Manch 50 Ml,https://www.soriana.com/dw/image/v2/BGBD_PRD/on/demandware.static/-/Sites-soriana-grocery-master-catalog/default/dwd86d250d/images/product/3337871324599_A.jpg?sw=473&sh=473&sm=fit,https://www.soriana.com/farmacia/,/anti-transpirante-vichy-anti-manch-50-ml/8001237.html,$609.00,vacio,Hasta 5 MSI,vacio,Puntos 'dobles' al pagar con 'FALABELLA',vacio,2026-07-02
Farmacia,Dermatológicos,Aceite Jaloma Vitamina E 120 ml,https://www.soriana.com/dw/image/v2/BGBD_PRD/on/demandware.static/-/Sites-soriana-grocery-master-catalog/default/dwd4c505ac/images/product/0759684031663_A.jpg?sw=473&sh=473&sm=fit,https://www.soriana.com/farmacia/,/aceite-jaloma-vitamina-e-120-ml/11657606.html,$45.90,vacio,vacio,vacio,Puntos 'dobles' al pagar con 'FALABELLA',vacio,2026-07-02
Farmacia,Dermatológicos,Shampoo Cre-C Aguacate 250 ml,https://www.soriana.com/dw/image/v2/BGBD_PRD/on/demandware.static/-/Sites-soriana-grocery-master-catalog/default/dw9531cfdc/images/product/7502005486573_A.jpg?sw=473&sh=473&sm=fit,https://www.soriana.com/farmacia/,/shampoo-cre-c-aguacate-250-ml/11635727.html,$69.00,vacio,vacio,vacio,Puntos 'dobles' al pagar con 'FALABELLA',vacio,2026-07-02
Farmacia,Dermatológicos,Bálsamo Labial Labello Fresa Protector Labial con Vitamina E 4.8 g,https://www.soriana.com/dw/image/v2/BGBD_PRD/on/demandware.static/-/Sites-soriana-grocery-master-catalog/default/dw70bd3b50/images/product/7501054507901_A.jpg?sw=473&sh=473&sm=fit,https://www.soriana.com/farmacia/,/balsamo-labial-labello-fresa-protector-labial-con-vitamina-e-4.8-g/1108491.html,$81.50,vacio,vacio,vacio,Puntos 'dobles' al pagar con 'FALABELLA',vacio,2026-07-02
Farmacia,Dermatológicos,Almohadillas Faciales Cuadradas Quality Day 100 Piezas,https://www.soriana.com/dw/image/v2/BGBD_PRD/on/demandware.static/-/Sites-soriana-grocery-master-catalog/default/dwbf15b4e8/images/product/7500525015570_A.jpg?sw=473&sh=473&sm=fit,https://www.soriana.com/farmacia/,/almohadillas-faciales-cuadradas-quality-day-100-piezas/11432472.html,$28.00,vacio,3 x 2,vacio,Puntos 'dobles' al pagar con 'FALABELLA',vacio,2026-07-02
Farmacia,Dermatológicos,CETAPHIL Crema Hidratante 170g,https://www.soriana.com/dw/image/v2/BGBD_PRD/on/demandware.static/-/Sites-soriana-grocery-master-catalog/default/dwcf18fc5e/images/product/7897930778351_A.jpg?sw=473&sh=473&sm=fit,https://www.soriana.com/farmacia/,/cetaphil-crema-hidratante-170g/11737881.html,$283.00,vacio,vacio,vacio,Puntos 'dobles' al pagar con 'FALABELLA',vacio,2026-07-02
Farmacia,Dermatológicos,Eucerin Antipigment Sensitive Areas Serum,https://www.soriana.com/dw/image/v2/BGBD_PRD/on/demandware.static/-/Sites-soriana-grocery-master-catalog/default/dwa1e2dedc/images/product/4006000014401_A.jpg?sw=473&sh=473&sm=fit,https://www.soriana.com/farmacia/,/eucerin-antipigment-sensitive-areas-serum/11856573.html,$846.00,vacio,vacio,vacio,Puntos 'dobles' al pagar con 'FALABELLA',vacio,2026-07-02
Farmacia,Dermatológicos,Serum My.ingredients My.ing Niacinamide Serum,https://www.soriana.com/dw/image/v2/BGBD_PRD/on/demandware.static/-/Sites-soriana-grocery-master-catalog/default/dwd077ba13/images/product/0628816001181_A.jpg?sw=473&sh=473&sm=fit,https://www.soriana.com/farmacia/,/serum-my.ingredients-my.ing-niacinamide-serum/11675986.html,$259.00,vacio,vacio,vacio,Puntos 'dobles' al pagar con 'FALABELLA',vacio,2026-07-02
Farmacia,Dermatológicos,Th Pharma V-Perfect Gold Serum 40 ml,https://www.soriana.com/dw/image/v2/BGBD_PRD/on/demandware.static/-/Sites-soriana-grocery-master-catalog/default/dwf5a4a45b/images/product/8426827085556_A.jpg?sw=473&sh=473&sm=fit,https://www.soriana.com/farmacia/,/th-pharma-v-perfect-gold-serum-40-ml/11726637.html,$185.00,vacio,vacio,vacio,Puntos 'dobles' al pagar con 'FALABELLA',vacio,2026-07-02
Farmacia,Dermatológicos,Spray Facial Eucerin Hyaluron-Filler Mist con Ácido Hialurónico 150 ml,https://www.soriana.com/dw/image/v2/BGBD_PRD/on/demandware.static/-/Sites-soriana-grocery-master-catalog/default/dw6329848c/images/product/7702003006913_A.jpg?sw=473&sh=473&sm=fit,https://www.soriana.com/farmacia/,/spray-facial-eucerin-hyaluron-filler-mist-con-acido-hialuronico-150-ml/11686216.html,$428.00,vacio,vacio,vacio,Puntos 'dobles' al pagar con 'FALABELLA',vacio,2026-07-02
Farmacia,Dermatológicos,Isdin FP Fusion Gel Sport SPF50 100 ml,https://www.soriana.com/dw/image/v2/BGBD_PRD/on/demandware.static/-/Sites-soriana-grocery-master-catalog/default/dw84049ede/images/product/8429420309531_A.jpg?sw=473&sh=473&sm=fit,https://www.soriana.com/farmacia/,/isdin-fp-fusion-gel-sport-spf50-100-ml/11929231.html,$753.00,vacio,vacio,vacio,Puntos 'dobles' al pagar con 'FALABELLA',vacio,2026-07-02
Farmacia,Dermatológicos,Eucerin Serum Y Crema Facial Sin Marca Pack,https://www.soriana.com/dw/image/v2/BGBD_PRD/on/demandware.static/-/Sites-soriana-grocery-master-catalog/default/dw0deb5274/images/product/4005800349669_A.jpg?sw=473&sh=473&sm=fit,https://www.soriana.com/farmacia/,/eucerin-serum-y-crema-facial-sin-marca-pack/11835666.html,"$1,799.00",vacio,vacio,vacio,Puntos 'dobles' al pagar con 'FALABELLA',vacio,2026-07-02
Farmacia,Dermatológicos,Andantol Jalea 40G,https://www.soriana.com/dw/image/v2/BGBD_PRD/on/demandware.static/-/Sites-soriana-grocery-master-catalog/default/dwb2e60ed8/images/product/7501070613068_A.jpg?sw=473&sh=473&sm=fit,https://www.soriana.com/farmacia/,/andantol-jalea-40g/8012570.html,$329.00,vacio,vacio,vacio,Puntos 'dobles' al pagar con 'FALABELLA',vacio,2026-07-02
Farmacia,Dermatológicos,Vichy Normaderm Gel +Agua Term +Serum,https://www.soriana.com/dw/image/v2/BGBD_PRD/on/demandware.static/-/Sites-soriana-grocery-master-catalog/default/dwf49464af/images/product/7509552810486_A.jpg?sw=473&sh=473&sm=fit,https://www.soriana.com/farmacia/,/vichy-normaderm-gel-agua-term-serum/8012397.html,$597.00,vacio,vacio,vacio,Puntos 'dobles' al pagar con 'FALABELLA',vacio,2026-07-02
Farmacia,Dermatológicos,Crema facial La Roche-Posay Pigmentclar Eyes 15 ml,https://www.soriana.com/dw/image/v2/BGBD_PRD/on/demandware.static/-/Sites-soriana-grocery-master-catalog/default/dw5959a51f/images/product/3337872414152_A.jpg?sw=473&sh=473&sm=fit,https://www.soriana.com/farmacia/,/crema-facial-la-roche-posay-pigmentclar-eyes-15-ml/8001213.html,"$1,275.00",vacio,Hasta 5 MSI,vacio,Puntos 'dobles' al pagar con 'FALABELLA',vacio,2026-07-02
Farmacia,Dermatológicos,Crema corporal CeraVe SA Alisadora Anti-rugosidades 340 g,https://www.soriana.com/dw/image/v2/BGBD_PRD/on/demandware.static/-/Sites-soriana-grocery-master-catalog/default/dwbbd604ed/images/product/3337875684101_A.jpg?sw=473&sh=473&sm=fit,https://www.soriana.com/farmacia/,/crema-corporal-cerave-sa-alisadora-anti-rugosidades-340-g/8011254.html,$775.00,vacio,Hasta 5 MSI,vacio,Puntos 'dobles' al pagar con 'FALABELLA',vacio,2026-07-02
Farmacia,Dermatológicos,Maya Solar Pant Facial Piel Sensible 50Ml,https://www.soriana.com/dw/image/v2/BGBD_PRD/on/demandware.static/-/Sites-soriana-grocery-master-catalog/default/dw8fb42cdf/images/product/7502305020675_A.jpg?sw=473&sh=473&sm=fit,https://www.soriana.com/farmacia/,/maya-solar-pant-facial-piel-sensible-50ml/11810860.html,$284.00,vacio,vacio,vacio,Puntos 'dobles' al pagar con 'FALABELLA',vacio,2026-07-02
Farmacia,Dermatológicos,Bálsamo corporal Mom To Mom Intensivo Para estrías 140 g,https://www.soriana.com/dw/image/v2/BGBD_PRD/on/demandware.static/-/Sites-soriana-grocery-master-catalog/default/dw6134310a/images/product/7501287251503_A.jpg?sw=473&sh=473&sm=fit,https://www.soriana.com/farmacia/,/balsamo-corporal-mom-to-mom-intensivo-para-estrias-140-g/11670449.html,$209.00,vacio,vacio,vacio,Puntos 'dobles' al pagar con 'FALABELLA',vacio,2026-07-02
Farmacia,Dermatológicos,Bálsamo corporal A-Derma Exomega Control Bálsamo 400 ml,https://www.soriana.com/dw/image/v2/BGBD_PRD/on/demandware.static/-/Sites-soriana-grocery-master-catalog/default/dw862c7059/images/product/3282770074628_A.jpg?sw=473&sh=473&sm=fit,https://www.soriana.com/farmacia/,/balsamo-corporal-a-derma-exomega-control-balsamo-400-ml/8008289.html,$775.00,vacio,Hasta 5 MSI,vacio,Puntos 'dobles' al pagar con 'FALABELLA',vacio,2026-07-02
Farmacia,Dermatológicos,Kit dermatológico LA ROCHE-POSAY Vitamin C10 + mini PVC 10 + Anthelios Oil Control Fluido UVMune 3 ml,https://www.soriana.com/dw/image/v2/BGBD_PRD/on/demandware.static/-/Sites-soriana-grocery-master-catalog/default/dw3d9aa272/images/product/7509552893205_A.jpg?sw=473&sh=473&sm=fit,https://www.soriana.com/farmacia/,/kit-dermatologico-la-roche-posay-vitamin-c10-mini-pvc-10-anthelios-oil-control-fluido-uvmune-3-ml/11736228.html,"$1,185.00",vacio,vacio,vacio,Puntos 'dobles' al pagar con 'FALABELLA',vacio,2026-07-02
Farmacia,Dermatológicos,Shampoo Isdin Lambdapil Anticaída 200 ml,https://www.soriana.com/dw/image/v2/BGBD_PRD/on/demandware.static/-/Sites-soriana-grocery-master-catalog/default/dw6dd1992c/images/product/8470001648198_A.jpg?sw=473&sh=473&sm=fit,https://www.soriana.com/farmacia/,/shampoo-isdin-lambdapil-anticaida-200-ml/9064470.html,$579.00,vacio,vacio,vacio,Puntos 'dobles' al pagar con 'FALABELLA',vacio,2026-07-02
Farmacia,Dermatológicos,Bálsamo corporal Avène XeraCalm A.D 400 ml,https://www.soriana.com/dw/image/v2/BGBD_PRD/on/demandware.static/-/Sites-soriana-grocery-master-catalog/default/dw141db0b6/images/product/3282770114171_A.jpg?sw=473&sh=473&sm=fit,https://www.soriana.com/farmacia/,/balsamo-corporal-avene-xeracalm-a.d-400-ml/8008287.html,$787.00,vacio,Hasta 5 MSI,vacio,Puntos 'dobles' al pagar con 'FALABELLA',vacio,2026-07-02
Farmacia,Dermatológicos,Pigmentbio Sensitive Areas 75Ml,https://www.soriana.com/dw/image/v2/BGBD_PRD/on/demandware.static/-/Sites-soriana-grocery-master-catalog/default/dw1fc6e127/images/product/3701129800096_A.jpg?sw=473&sh=473&sm=fit,https://www.soriana.com/farmacia/,/pigmentbio-sensitive-areas-75ml/11833793.html,$725.00,vacio,vacio,vacio,Puntos 'dobles' al pagar con 'FALABELLA',vacio,2026-07-02
Farmacia,Dermatológicos,Bioderma Sensibio H2O 100 ml,https://www.soriana.com/dw/image/v2/BGBD_PRD/on/demandware.static/-/Sites-soriana-grocery-master-catalog/default/dw8dc1f9e3/images/product/3701129812075_A.jpg?sw=473&sh=473&sm=fit,https://www.soriana.com/farmacia/,/bioderma-sensibio-h2o-100-ml/11903011.html,$245.00,vacio,vacio,vacio,Puntos 'dobles' al pagar con 'FALABELLA',vacio,2026-07-02
Farmacia,Dermatológicos,Crema Avène Bloqueador Fps50 200 ml,https://www.soriana.com/dw/image/v2/BGBD_PRD/on/demandware.static/-/Sites-soriana-grocery-master-catalog/default/dweb7429d0/images/product/3282776456428_A.jpg?sw=473&sh=473&sm=fit,https://www.soriana.com/farmacia/,/crema-avene-bloqueador-fps50-200-ml/2199460.html,$809.00,vacio,Hasta 5 MSI,vacio,Puntos 'dobles' al pagar con 'FALABELLA',vacio,2026-07-02
Farmacia,Dermatológicos,Britesun Bloqueador Sport 150 Ml,https://www.soriana.com/dw/image/v2/BGBD_PRD/on/demandware.static/-/Sites-soriana-grocery-master-catalog/default/dw001df426/images/product/7502284670106_A.jpg?sw=473&sh=473&sm=fit,https://www.soriana.com/farmacia/,/britesun-bloqueador-sport-150-ml/8008457.html,$163.00,vacio,vacio,vacio,Puntos 'dobles' al pagar con 'FALABELLA',vacio,2026-07-02
Farmacia,Dermatológicos,CETAPHIL Loción Humectante 473ml,https://www.soriana.com/dw/image/v2/BGBD_PRD/on/demandware.static/-/Sites-soriana-grocery-master-catalog/default/dw48f556a8/images/product/3499320012805_A.jpg?sw=473&sh=473&sm=fit,https://www.soriana.com/farmacia/,/cetaphil-locion-humectante-473ml/8011691.html,$609.00,vacio,vacio,vacio,Puntos 'dobles' al pagar con 'FALABELLA',vacio,2026-07-02
Farmacia,Dermatológicos,Protector Solar Facial Eucerin Sun Oil Control Tono Medio FPS 50+ 50 ml,https://www.soriana.com/dw/image/v2/BGBD_PRD/on/demandware.static/-/Sites-soriana-grocery-master-catalog/default/dw1174389d/images/product/4005900839633_A.jpg?sw=473&sh=473&sm=fit,https://www.soriana.com/farmacia/,/protector-solar-facial-eucerin-sun-oil-control-tono-medio-fps-50-50-ml/11686315.html,$811.00,vacio,vacio,vacio,Puntos 'dobles' al pagar con 'FALABELLA',vacio,2026-07-02
Farmacia,Dermatológicos,Cetaphil Espuma De Limpieza Suave 236 Ml,https://www.soriana.com/dw/image/v2/BGBD_PRD/on/demandware.static/-/Sites-soriana-grocery-master-catalog/default/dw1a21c307/images/product/3499320009775_A.jpg?sw=473&sh=473&sm=fit,https://www.soriana.com/farmacia/,/cetaphil-espuma-de-limpieza-suave-236-ml/8008322.html,$555.00,vacio,vacio,vacio,Puntos 'dobles' al pagar con 'FALABELLA',vacio,2026-07-02
Farmacia,Dermatológicos,Loción corporal Eucerin Urea Repair Plus 5% 250 ml,https://www.soriana.com/dw/image/v2/BGBD_PRD/on/demandware.static/-/Sites-soriana-grocery-master-catalog/default/dwb641c616/images/product/4005800024481_A.jpg?sw=473&sh=473&sm=fit,https://www.soriana.com/farmacia/,/locion-corporal-eucerin-urea-repair-plus-5--250-ml/11179784.html,$569.00,vacio,vacio,vacio,Puntos 'dobles' al pagar con 'FALABELLA',vacio,2026-07-02
Farmacia,Dermatológicos,Aplicadores Algodón Quality Day 150 Piezas,https://www.soriana.com/dw/image/v2/BGBD_PRD/on/demandware.static/-/Sites-soriana-grocery-master-catalog/default/dwe8cefb97/images/product/7500525015990_A.jpg?sw=473&sh=473&sm=fit,https://www.soriana.com/farmacia/,/aplicadores-algodon-quality-day-150-piezas/11432106.html,$17.00,vacio,vacio,vacio,Puntos 'dobles' al pagar con 'FALABELLA',vacio,2026-07-02
Farmacia,Dermatológicos,Ulcoderma 60 Ungüento Con 15 Gr,https://www.soriana.com/dw/image/v2/BGBD_PRD/on/demandware.static/-/Sites-soriana-grocery-master-catalog/default/dw1e55b0b9/images/product/7501285600365_A.jpg?sw=473&sh=473&sm=fit,https://www.soriana.com/farmacia/,/ulcoderma-60-unguento-con-15-gr/442241.html,$415.00,vacio,vacio,vacio,Puntos 'dobles' al pagar con 'FALABELLA',vacio,2026-07-02
Farmacia,Dermatológicos,Ureadin Eye Contour 15Ml,https://www.soriana.com/dw/image/v2/BGBD_PRD/on/demandware.static/-/Sites-soriana-grocery-master-catalog/default/dwecdb1b3f/images/product/8470003913423_A.jpg?sw=473&sh=473&sm=fit,https://www.soriana.com/farmacia/,/ureadin-eye-contour-15ml/11855640.html,$525.00,vacio,vacio,vacio,Puntos 'dobles' al pagar con 'FALABELLA',vacio,2026-07-02
Farmacia,Dermatológicos,Eucerin Anti Pigment Crema Corporal,https://www.soriana.com/dw/image/v2/BGBD_PRD/on/demandware.static/-/Sites-soriana-grocery-master-catalog/default/dwed9dbe7d/images/product/4006000014395_A.jpg?sw=473&sh=473&sm=fit,https://www.soriana.com/farmacia/,/eucerin-anti-pigment-crema-corporal/11854780.html,$869.00,vacio,vacio,vacio,Puntos 'dobles' al pagar con 'FALABELLA',vacio,2026-07-02
Farmacia,Dermatológicos,Vichy Mineral 89 Booster + Mini Bloq + A,https://www.soriana.com/dw/image/v2/BGBD_PRD/on/demandware.static/-/Sites-soriana-grocery-master-catalog/default/dwff07c1d8/images/product/7509552931983_A.jpg?sw=473&sh=473&sm=fit,https://www.soriana.com/farmacia/,/vichy-mineral-89-booster-mini-bloq-a/11789591.html,$799.00,vacio,vacio,vacio,Puntos 'dobles' al pagar con 'FALABELLA',vacio,2026-07-02
Farmacia,Dermatológicos,Fusion Water Magic By Alcaraz Spf 50,https://www.soriana.com/dw/image/v2/BGBD_PRD/on/demandware.static/-/Sites-soriana-grocery-master-catalog/default/dw26698552/images/product/8429420291317_A.jpg?sw=473&sh=473&sm=fit,https://www.soriana.com/farmacia/,/fusion-water-magic-by-alcaraz-spf-50/11870882.html,$869.00,vacio,vacio,vacio,Puntos 'dobles' al pagar con 'FALABELLA',vacio,2026-07-02
Farmacia,Dermatológicos,ISDIN Isdinceutics Hm Oily 50G,https://www.soriana.com/dw/image/v2/BGBD_PRD/on/demandware.static/-/Sites-soriana-grocery-master-catalog/default/dw5c942946/images/product/8429420223349_A.jpg?sw=473&sh=473&sm=fit,https://www.soriana.com/farmacia/,/isdin-isdinceutics-hm-oily-50g/11791418.html,$859.00,vacio,vacio,vacio,Puntos 'dobles' al pagar con 'FALABELLA',vacio,2026-07-02
Farmacia,Dermatológicos,Isdinceutics Melaclear Advanced 30 ml,https://www.soriana.com/dw/image/v2/BGBD_PRD/on/demandware.static/-/Sites-soriana-grocery-master-catalog/default/dw8538bdd8/images/product/8429420261389_A.jpg?sw=473&sh=473&sm=fit,https://www.soriana.com/farmacia/,/isdinceutics-melaclear-advanced-30-ml/11929073.html,"$1,350.00",vacio,vacio,vacio,Puntos 'dobles' al pagar con 'FALABELLA',vacio,2026-07-02
Farmacia,Dermatológicos,Crema Hawaiian Tropic After Sun Coco 200 ml,https://www.soriana.com/dw/image/v2/BGBD_PRD/on/demandware.static/-/Sites-soriana-grocery-master-catalog/default/dwe9149517/images/product/0075486092139_A.jpg?sw=473&sh=473&sm=fit,https://www.soriana.com/farmacia/,/crema-hawaiian-tropic-after-sun-coco-200-ml/11491379.html,$212.00,vacio,vacio,vacio,Puntos 'dobles' al pagar con 'FALABELLA',vacio,2026-07-02
Farmacia,Dermatológicos,CeraVe Limpiador en Aceite de Ducha Piel Normal a Seca 236 ml,https://www.soriana.com/dw/image/v2/BGBD_PRD/on/demandware.static/-/Sites-soriana-grocery-master-catalog/default/dw50687616/images/product/3337875773430_A.jpg?sw=473&sh=473&sm=fit,https://www.soriana.com/farmacia/,/cerave-limpiador-en-aceite-de-ducha-piel-normal-a-seca-236-ml/8011714.html,$535.00,vacio,Hasta 5 MSI,vacio,Puntos 'dobles' al pagar con 'FALABELLA',vacio,2026-07-02
Farmacia,Dermatológicos,Eucerin 3Pack Antipigment Dual Serum + Gel + Ojos Mini,https://www.soriana.com/dw/image/v2/BGBD_PRD/on/demandware.static/-/Sites-soriana-grocery-master-catalog/default/dw7a763583/images/product/7501054558323_A.jpg?sw=473&sh=473&sm=fit,https://www.soriana.com/farmacia/,/eucerin-3pack-antipigment-dual-serum-gel-ojos-mini/11899914.html,"$1,337.00",vacio,vacio,vacio,Puntos 'dobles' al pagar con 'FALABELLA',vacio,2026-07-02
Farmacia,Dermatológicos,Ureadin Hidratacion Intensa Crema,https://www.soriana.com/dw/image/v2/BGBD_PRD/on/demandware.static/-/Sites-soriana-grocery-master-catalog/default/dw5871e64e/images/product/8470003808576_A.jpg?sw=473&sh=473&sm=fit,https://www.soriana.com/farmacia/,/ureadin-hidratacion-intensa-crema/11855642.html,$529.00,vacio,vacio,vacio,Puntos 'dobles' al pagar con 'FALABELLA',vacio,2026-07-02
Farmacia,Dermatológicos,BENZACARE Power Patch caja x 36 parches Anti-Acné minimizador de imperfecciones,https://www.soriana.com/dw/image/v2/BGBD_PRD/on/demandware.static/-/Sites-soriana-grocery-master-catalog/default/dw6ea7bb05/images/product/3499320016575_A.jpg?sw=473&sh=473&sm=fit,https://www.soriana.com/farmacia/,/benzacare-power-patch-caja-x-36-parches-anti-acne-minimizador-de-imperfecciones/11855411.html,$225.39,vacio,vacio,vacio,Puntos 'dobles' al pagar con 'FALABELLA',vacio,2026-07-02
Farmacia,Dermatológicos,Maya Solar Bloqueador 75 Ml,https://www.soriana.com/dw/image/v2/BGBD_PRD/on/demandware.static/-/Sites-soriana-grocery-master-catalog/default/dw2a94c687/images/product/7503007641649_A.jpg?sw=473&sh=473&sm=fit,https://www.soriana.com/farmacia/,/maya-solar-bloqueador-75-ml/11583406.html,$184.00,vacio,vacio,vacio,Puntos 'dobles' al pagar con 'FALABELLA',vacio,2026-07-02
Farmacia,Dermatológicos,FotoProtector Isdin Fusion Water Color Bronce 50 ml,https://www.soriana.com/dw/image/v2/BGBD_PRD/on/demandware.static/-/Sites-soriana-grocery-master-catalog/default/dw5d7e5214/images/product/8429420226272_A.jpg?sw=473&sh=473&sm=fit,https://www.soriana.com/farmacia/,/fotoprotector-isdin-fusion-water-color-bronce-50-ml/8012440.html,$813.00,vacio,Hasta 5 MSI,vacio,Puntos 'dobles' al pagar con 'FALABELLA',vacio,2026-07-02
Farmacia,Dermatológicos,Grisi Carbon Activado Gel 240 Ml,https://www.soriana.com/dw/image/v2/BGBD_PRD/on/demandware.static/-/Sites-soriana-grocery-master-catalog/default/dwddf9672a/images/product/7501022112397_A.jpg?sw=473&sh=473&sm=fit,https://www.soriana.com/farmacia/,/grisi-carbon-activado-gel-240-ml/11705598.html,$114.50,vacio,vacio,vacio,Puntos 'dobles' al pagar con 'FALABELLA',vacio,2026-07-02
Farmacia,Dermatológicos,Cicatricure Sérum Facial Antiarrugas 30 ml,https://www.soriana.com/dw/image/v2/BGBD_PRD/on/demandware.static/-/Sites-soriana-grocery-master-catalog/default/dwefeec43f/images/product/650240068676_A.jpg?sw=473&sh=473&sm=fit,https://www.soriana.com/farmacia/,/cicatricure-serum-facial-antiarrugas-30-ml/11735666.html,$172.00,vacio,vacio,vacio,Puntos 'dobles' al pagar con 'FALABELLA',vacio,2026-07-02
Farmacia,Dermatológicos,Teatrical Serum Jalea Real 30 ML/6,https://www.soriana.com/dw/image/v2/BGBD_PRD/on/demandware.static/-/Sites-soriana-grocery-master-catalog/default/dw1e8b9ed5/images/product/650240068904_A.jpg?sw=473&sh=473&sm=fit,https://www.soriana.com/farmacia/,/teatrical-serum-jalea-real-30-ml-6/11735665.html,$134.00,vacio,vacio,vacio,Puntos 'dobles' al pagar con 'FALABELLA',vacio,2026-07-02
Farmacia,Dermatológicos,La Roche Posay Anthelios UV AIR Protector Solar Ligero con 40 mililitros,https://www.soriana.com/dw/image/v2/BGBD_PRD/on/demandware.static/-/Sites-soriana-grocery-master-catalog/default/dw640e78e2/images/product/3337875917810_A.jpg?sw=473&sh=473&sm=fit,https://www.soriana.com/farmacia/,/la-roche-posay-anthelios-uv-air-protector-solar-ligero-con-40-mililitros/11926908.html,$549.00,vacio,vacio,vacio,Puntos 'dobles' al pagar con 'FALABELLA',vacio,2026-07-02
Farmacia,Dermatológicos,Jaloma Aceite De Romero 1Pza,https://www.soriana.com/dw/image/v2/BGBD_PRD/on/demandware.static/-/Sites-soriana-grocery-master-catalog/default/dwecf21cd0/images/product/759684155130_A.jpg?sw=473&sh=473&sm=fit,https://www.soriana.com/farmacia/,/jaloma-aceite-de-romero-1pza/11849869.html,$44.50,vacio,vacio,vacio,Puntos 'dobles' al pagar con 'FALABELLA',vacio,2026-07-02
Farmacia,Dermatológicos,Cerave Bálsamo Reparador Avanzado 88Ml S,https://www.soriana.com/dw/image/v2/BGBD_PRD/on/demandware.static/-/Sites-soriana-grocery-master-catalog/default/dw61721f3b/images/product/3337875849326_A.jpg?sw=473&sh=473&sm=fit,https://www.soriana.com/farmacia/,/cerave-balsamo-reparador-avanzado-88ml-s/11870917.html,$389.00,vacio,vacio,vacio,Puntos 'dobles' al pagar con 'FALABELLA',vacio,2026-07-02
Farmacia,Dermatológicos,Cerave Sa Limpiador Anti-Rugosidades 236,https://www.soriana.com/dw/image/v2/BGBD_PRD/on/demandware.static/-/Sites-soriana-grocery-master-catalog/default/dwa79adda8/images/product/3337875684118_A.jpg?sw=473&sh=473&sm=fit,https://www.soriana.com/farmacia/,/cerave-sa-limpiador-anti-rugosidades-236/11870920.html,$399.00,vacio,vacio,vacio,Puntos 'dobles' al pagar con 'FALABELLA',vacio,2026-07-02
Farmacia,Dermatológicos,Eucerin Urea Repair 10% 400 Ml,https://www.soriana.com/dw/image/v2/BGBD_PRD/on/demandware.static/-/Sites-soriana-grocery-master-catalog/default/dw13c65830/images/product/4005800164361_A.jpg?sw=473&sh=473&sm=fit,https://www.soriana.com/farmacia/,/eucerin-urea-repair-10--400-ml/11856570.html,$624.00,vacio,vacio,vacio,Puntos 'dobles' al pagar con 'FALABELLA',vacio,2026-07-02
Farmacia,Dermatológicos,Maya Solar Pant Facial Antibrillo 50 Ml,https://www.soriana.com/dw/image/v2/BGBD_PRD/on/demandware.static/-/Sites-soriana-grocery-master-catalog/default/dw96d2554b/images/product/7502305020668_A.jpg?sw=473&sh=473&sm=fit,https://www.soriana.com/farmacia/,/maya-solar-pant-facial-antibrillo-50-ml/11810859.html,$284.00,vacio,vacio,vacio,Puntos 'dobles' al pagar con 'FALABELLA',vacio,2026-07-02
Farmacia,Dermatológicos,Photoderm Aquafluide Dorado SPF50+ 40 ml,https://www.soriana.com/dw/image/v2/BGBD_PRD/on/demandware.static/-/Sites-soriana-grocery-master-catalog/default/dwb690dcf2/images/product/3701129807408_A.jpg?sw=473&sh=473&sm=fit,https://www.soriana.com/farmacia/,/photoderm-aquafluide-dorado-spf50-40-ml/11902691.html,$669.00,vacio,vacio,vacio,Puntos 'dobles' al pagar con 'FALABELLA',vacio,2026-07-02
Farmacia,Dermatológicos,Fotoprotector Isdin Wet Skin Spray 50 Spf 200 ml,https://www.soriana.com/dw/image/v2/BGBD_PRD/on/demandware.static/-/Sites-soriana-grocery-master-catalog/default/dw673ab5d1/images/product/8470001674234_A.jpg?sw=473&sh=473&sm=fit,https://www.soriana.com/farmacia/,/fotoprotector-isdin-wet-skin-spray-50-spf-200-ml/9064426.html,$805.00,vacio,vacio,vacio,Puntos 'dobles' al pagar con 'FALABELLA',vacio,2026-07-02
Farmacia,Dermatológicos,Cetaphil Loción Ultra Humectante 226 g,https://www.soriana.com/dw/image/v2/BGBD_PRD/on/demandware.static/-/Sites-soriana-grocery-master-catalog/default/dw9c905725/images/product/3499320012874_A.jpg?sw=473&sh=473&sm=fit,https://www.soriana.com/farmacia/,/cetaphil-locion-ultra-humectante-226-g/8011692.html,$550.63,vacio,vacio,vacio,Puntos 'dobles' al pagar con 'FALABELLA',vacio,2026-07-02
Farmacia,Dermatológicos,Gel Facial La Roche Posay Effaclar Purificante Y Limpiador 400 ml,https://www.soriana.com/dw/image/v2/BGBD_PRD/on/demandware.static/-/Sites-soriana-grocery-master-catalog/default/dwfb3dc1f2/images/product/3337872411991_A.jpg?sw=473&sh=473&sm=fit,https://www.soriana.com/farmacia/,/gel-facial-la-roche-posay-effaclar-purificante-y-limpiador-400-ml/2724686.html,$839.00,vacio,Hasta 5 MSI,vacio,Puntos 'dobles' al pagar con 'FALABELLA',vacio,2026-07-02
Farmacia,Dermatológicos,Crema facial Avène Nutritiva Revitalizante 50 ml,https://www.soriana.com/dw/image/v2/BGBD_PRD/on/demandware.static/-/Sites-soriana-grocery-master-catalog/default/dw9592bcc3/images/product/3282770905076_A.jpg?sw=473&sh=473&sm=fit,https://www.soriana.com/farmacia/,/crema-facial-avene-nutritiva-revitalizante-50-ml/8008283.html,"$1,159.00",vacio,Hasta 5 MSI,vacio,Puntos 'dobles' al pagar con 'FALABELLA',vacio,2026-07-02
Farmacia,Dermatológicos,Crema facial Vichy Supreme 50 ml,https://www.soriana.com/dw/image/v2/BGBD_PRD/on/demandware.static/-/Sites-soriana-grocery-master-catalog/default/dwbda43c19/images/product/3337871328795_A.jpg?sw=473&sh=473&sm=fit,https://www.soriana.com/farmacia/,/crema-facial-vichy-supreme-50-ml/8001265.html,"$1,535.00",vacio,Hasta 5 MSI,vacio,Puntos 'dobles' al pagar con 'FALABELLA',vacio,2026-07-02
Farmacia,Dermatológicos,Maya Solar After Bite Spray 75 Ml,https://www.soriana.com/dw/image/v2/BGBD_PRD/on/demandware.static/-/Sites-soriana-grocery-master-catalog/default/dwf1f8bd8f/images/product/7503007641663_A.jpg?sw=473&sh=473&sm=fit,https://www.soriana.com/farmacia/,/maya-solar-after-bite-spray-75-ml/11583403.html,$136.00,vacio,vacio,vacio,Puntos 'dobles' al pagar con 'FALABELLA',vacio,2026-07-02
Farmacia,Dermatológicos,Asepxia Camuflage Piel Crema Con 28 Gr,https://www.soriana.com/dw/image/v2/BGBD_PRD/on/demandware.static/-/Sites-soriana-grocery-master-catalog/default/dwdc36d829/images/product/0650240004681_A.jpg?sw=473&sh=473&sm=fit,https://www.soriana.com/farmacia/,/asepxia-camuflage-piel-crema-con-28-gr/1314697.html,$95.00,vacio,vacio,vacio,Puntos 'dobles' al pagar con 'FALABELLA',vacio,2026-07-02
Farmacia,Dermatológicos,Sin Marca Tepezcohuitle Jbn con 1,https://www.soriana.com/dw/image/v2/BGBD_PRD/on/demandware.static/-/Sites-soriana-grocery-master-catalog/default/dw5e650960/images/product/7501853800623_A.jpg?sw=473&sh=473&sm=fit,https://www.soriana.com/farmacia/,/sin-marca-tepezcohuitle-jbn-con-1/1360653.html,$38.00,vacio,vacio,vacio,Puntos 'dobles' al pagar con 'FALABELLA',vacio,2026-07-02
Farmacia,Dermatológicos,Agua De Rosas Avia Refrescante 265 ml,https://www.soriana.com/dw/image/v2/BGBD_PRD/on/demandware.static/-/Sites-soriana-grocery-master-catalog/default/dwf3fde562/images/product/7501337600022_A.jpg?sw=473&sh=473&sm=fit,https://www.soriana.com/farmacia/,/agua-de-rosas-avia-refrescante-265-ml/1901081.html,$59.00,vacio,vacio,vacio,Puntos 'dobles' al pagar con 'FALABELLA',vacio,2026-07-02
Farmacia,Dermatológicos,Crema facial Eucerin Q10 Active 50 ml,https://www.soriana.com/dw/image/v2/BGBD_PRD/on/demandware.static/-/Sites-soriana-grocery-master-catalog/default/dw6c560601/images/product/4005800634130_A.jpg?sw=473&sh=473&sm=fit,https://www.soriana.com/farmacia/,/crema-facial-eucerin-q10-active-50-ml/1945493.html,$363.00,vacio,vacio,vacio,Puntos 'dobles' al pagar con 'FALABELLA',vacio,2026-07-02
Farmacia,Dermatológicos,Antitranspirante Perspirex Para Pies Y Manos 100 ml,https://www.soriana.com/dw/image/v2/BGBD_PRD/on/demandware.static/-/Sites-soriana-grocery-master-catalog/default/dw9bdb7f4a/images/product/5701943013809_A.jpg?sw=473&sh=473&sm=fit,https://www.soriana.com/farmacia/,/antitranspirante-perspirex-para-pies-y-manos-100-ml/2094777.html,"$1,033.44",vacio,vacio,vacio,Puntos 'dobles' al pagar con 'FALABELLA',vacio,2026-07-02
Farmacia,Dermatológicos,Jabón Grisi Control Azufre 125 g,https://www.soriana.com/dw/image/v2/BGBD_PRD/on/demandware.static/-/Sites-soriana-grocery-master-catalog/default/dw451dae2b/images/product/7501022101896_A.jpg?sw=473&sh=473&sm=fit,https://www.soriana.com/farmacia/,/jabon-grisi-control-azufre-125-g/2098886.html,$42.52,vacio,vacio,vacio,Puntos 'dobles' al pagar con 'FALABELLA',vacio,2026-07-02
Farmacia,Dermatológicos,Shampoo Folcress + Fuerza y Grosor 260 ml,https://www.soriana.com/dw/image/v2/BGBD_PRD/on/demandware.static/-/Sites-soriana-grocery-master-catalog/default/v1783035678153/images/product/7501022111239_A.png?sw=473&sh=473&sm=fit,https://www.soriana.com/farmacia/,/shampoo-folcress-fuerza-y-grosor-260-ml/2847359.html,$147.00,vacio,vacio,vacio,Puntos 'dobles' al pagar con 'FALABELLA',vacio,2026-07-02
Farmacia,Dermatológicos,Genovan 30 Fps Spry Sol Con 125ml,https://www.soriana.com/dw/image/v2/BGBD_PRD/on/demandware.static/-/Sites-soriana-grocery-master-catalog/default/dw7ffec15f/images/product/8423372021053_A.jpg?sw=473&sh=473&sm=fit,https://www.soriana.com/farmacia/,/genovan-30-fps-spry-sol-con-125ml/3051717.html,$608.00,vacio,vacio,vacio,Puntos 'dobles' al pagar con 'FALABELLA',vacio,2026-07-02
Farmacia,Dermatológicos,Bye Bites! Active Aerosol 170 Gr,https://www.soriana.com/dw/image/v2/BGBD_PRD/on/demandware.static/-/Sites-soriana-grocery-master-catalog/default/dw6e38878a/images/product/7502254360006_A.jpg?sw=473&sh=473&sm=fit,https://www.soriana.com/farmacia/,/bye-bites-active-aerosol-170-gr/2384575.html,$114.00,vacio,vacio,vacio,Puntos 'dobles' al pagar con 'FALABELLA',vacio,2026-07-02
Farmacia,Dermatológicos,Skin-Cap 0.02 Spry Sol Con 100ml,https://www.soriana.com/dw/image/v2/BGBD_PRD/on/demandware.static/-/Sites-soriana-grocery-master-catalog/default/dw2a3f9404/images/product/8470002358201_A.jpg?sw=473&sh=473&sm=fit,https://www.soriana.com/farmacia/,/skin-cap-0.02-spry-sol-con-100ml/566678.html,$939.00,vacio,vacio,vacio,Puntos 'dobles' al pagar con 'FALABELLA',vacio,2026-07-02
Farmacia,Dermatológicos,Crema facial La Roche-Posay Anti-Shine 40 ml,https://www.soriana.com/dw/image/v2/BGBD_PRD/on/demandware.static/-/Sites-soriana-grocery-master-catalog/default/dwcf7a6c23/images/product/3337872413025_A.jpg?sw=473&sh=473&sm=fit,https://www.soriana.com/farmacia/,/crema-facial-la-roche-posay-anti-shine-40-ml/2723579.html,$909.00,vacio,Hasta 5 MSI,vacio,Puntos 'dobles' al pagar con 'FALABELLA',vacio,2026-07-02
Farmacia,Dermatológicos,Loción Ureaderm Lactato 225 g,https://www.soriana.com/dw/image/v2/BGBD_PRD/on/demandware.static/-/Sites-soriana-grocery-master-catalog/default/dw2c580867/images/product/7703332003628_A.jpg?sw=473&sh=473&sm=fit,https://www.soriana.com/farmacia/,/locion-ureaderm-lactato-225-g/740685.html,$873.00,vacio,vacio,vacio,Puntos 'dobles' al pagar con 'FALABELLA',vacio,2026-07-02
Farmacia,Dermatológicos,Limpiador facial Bioderma Sébium 200 ml,https://www.soriana.com/dw/image/v2/BGBD_PRD/on/demandware.static/-/Sites-soriana-grocery-master-catalog/default/dwe60a5bf5/images/product/3401353806399_A.jpg?sw=473&sh=473&sm=fit,https://www.soriana.com/farmacia/,/limpiador-facial-bioderma-sebium-200-ml/8002755.html,$589.00,vacio,Hasta 5 MSI,vacio,Puntos 'dobles' al pagar con 'FALABELLA',vacio,2026-07-02
Farmacia,Dermatológicos,Herklin Tratamiento Comp Shamp 120 ml,https://www.soriana.com/dw/image/v2/BGBD_PRD/on/demandware.static/-/Sites-soriana-grocery-master-catalog/default/dw502c0f4e/images/product/7501089810571_A.jpg?sw=473&sh=473&sm=fit,https://www.soriana.com/farmacia/,/herklin-tratamiento-comp-shamp-120-ml/8002821.html,$365.00,vacio,vacio,vacio,Puntos 'dobles' al pagar con 'FALABELLA',vacio,2026-07-02
Farmacia,Dermatológicos,CETAPHIL Barra Dermolimpiadora de Limpieza Suave 127g,https://www.soriana.com/dw/image/v2/BGBD_PRD/on/demandware.static/-/Sites-soriana-grocery-master-catalog/default/dw2dec28c3/images/product/3499320008198_A.jpg?sw=473&sh=473&sm=fit,https://www.soriana.com/farmacia/,/cetaphil-barra-dermolimpiadora-de-limpieza-suave-127g/8008319.html,$219.00,vacio,vacio,vacio,Puntos 'dobles' al pagar con 'FALABELLA',vacio,2026-07-02
Farmacia,Dermatológicos,Isdin Gel Cream 50+Spf 250 ml,https://www.soriana.com/dw/image/v2/BGBD_PRD/on/demandware.static/-/Sites-soriana-grocery-master-catalog/default/dwd27b48b8/images/product/8429420161214_A.jpg?sw=473&sh=473&sm=fit,https://www.soriana.com/farmacia/,/isdin-gel-cream-50spf-250-ml/8003535.html,$812.00,vacio,Hasta 5 MSI,vacio,Puntos 'dobles' al pagar con 'FALABELLA',vacio,2026-07-02
Farmacia,Dermatológicos,Diprosone G. 100/50 mg Crema 30 gr,https://www.soriana.com/dw/image/v2/BGBD_PRD/on/demandware.static/-/Sites-soriana-grocery-master-catalog/default/dwb16c1ab1/images/product/7501050600286_A.jpg?sw=473&sh=473&sm=fit,https://www.soriana.com/farmacia/,/diprosone-g.-100-50-mg-crema-30-gr/8003583.html,$355.00,vacio,vacio,vacio,Puntos 'dobles' al pagar con 'FALABELLA',vacio,2026-07-02
Farmacia,Dermatológicos,Quadriderm NF 0.05 g 1.0 g 10g Crema 30gr,https://www.soriana.com/dw/image/v2/BGBD_PRD/on/demandware.static/-/Sites-soriana-grocery-master-catalog/default/dwf44b90c1/images/product/7501050603997_A.jpg?sw=473&sh=473&sm=fit,https://www.soriana.com/farmacia/,/quadriderm-nf-0.05-g-1.0-g-10g-crema-30gr/8011584.html,$519.00,vacio,vacio,vacio,Puntos 'dobles' al pagar con 'FALABELLA',vacio,2026-07-02
Farmacia,Dermatológicos,Crema de Noche Vichy Neovadiol Peri-Meno 50 ml,https://www.soriana.com/dw/image/v2/BGBD_PRD/on/demandware.static/-/Sites-soriana-grocery-master-catalog/default/dwbfbe09c9/images/product/3337875774086_A.jpg?sw=473&sh=473&sm=fit,https://www.soriana.com/farmacia/,/crema-de-noche-vichy-neovadiol-peri-meno-50-ml/8011687.html,"$1,625.00",vacio,Hasta 5 MSI,vacio,Puntos 'dobles' al pagar con 'FALABELLA',vacio,2026-07-02
Farmacia,Dermatológicos,Crema facial Avène Xeracalm A.D Anti-Irritante 200 ml,https://www.soriana.com/dw/image/v2/BGBD_PRD/on/demandware.static/-/Sites-soriana-grocery-master-catalog/default/dwb241080b/images/product/3282779405553_A.jpg?sw=473&sh=473&sm=fit,https://www.soriana.com/farmacia/,/crema-facial-avene-xeracalm-a.d-anti-irritante-200-ml/2747955.html,$749.00,vacio,Hasta 5 MSI,vacio,Puntos 'dobles' al pagar con 'FALABELLA',vacio,2026-07-02
Farmacia,Dermatológicos,Jabón Corporal Grisi Diabecare 125 Gr,https://www.soriana.com/dw/image/v2/BGBD_PRD/on/demandware.static/-/Sites-soriana-grocery-master-catalog/default/dwe076ff25/images/product/7501022111352_A.jpg?sw=473&sh=473&sm=fit,https://www.soriana.com/farmacia/,/jabon-corporal-grisi-diabecare-125-gr/11240028.html,$62.50,vacio,vacio,vacio,Puntos 'dobles' al pagar con 'FALABELLA',vacio,2026-07-02
Farmacia,Dermatológicos,Serum Facial My.Ingredients Ácido Hyaluronico,https://www.soriana.com/dw/image/v2/BGBD_PRD/on/demandware.static/-/Sites-soriana-grocery-master-catalog/default/dw07e5290b/images/product/0628816001051_A.jpg?sw=473&sh=473&sm=fit,https://www.soriana.com/farmacia/,/serum-facial-my.ingredients-acido-hyaluronico/11675983.html,$259.00,vacio,vacio,vacio,Puntos 'dobles' al pagar con 'FALABELLA',vacio,2026-07-02
Farmacia,Dermatológicos,Isdin Fotoprot Fusion Water Urban 50 Ml,https://www.soriana.com/dw/image/v2/BGBD_PRD/on/demandware.static/-/Sites-soriana-grocery-master-catalog/default/dwd33c1732/images/product/8429420201361_A.jpg?sw=473&sh=473&sm=fit,https://www.soriana.com/farmacia/,/isdin-fotoprot-fusion-water-urban-50-ml/8008295.html,$829.00,vacio,Hasta 5 MSI,vacio,Puntos 'dobles' al pagar con 'FALABELLA',vacio,2026-07-02
Farmacia,Dermatológicos,Isdin Fotoultr Spot Prevent Color 50 Ml,https://www.soriana.com/dw/image/v2/BGBD_PRD/on/demandware.static/-/Sites-soriana-grocery-master-catalog/default/dw0da8d9c6/images/product/8429420160668_A.jpg?sw=473&sh=473&sm=fit,https://www.soriana.com/farmacia/,/isdin-fotoultr-spot-prevent-color-50-ml/8008300.html,$899.00,vacio,Hasta 5 MSI,vacio,Puntos 'dobles' al pagar con 'FALABELLA',vacio,2026-07-02
Farmacia,Dermatológicos,Britesun Bloqueador Sensibles 150 Ml,https://www.soriana.com/dw/image/v2/BGBD_PRD/on/demandware.static/-/Sites-soriana-grocery-master-catalog/default/dw0d232d08/images/product/7502284670045_A.jpg?sw=473&sh=473&sm=fit,https://www.soriana.com/farmacia/,/britesun-bloqueador-sensibles-150-ml/8008454.html,$163.00,vacio,vacio,vacio,Puntos 'dobles' al pagar con 'FALABELLA',vacio,2026-07-02
Farmacia,Dermatológicos,Crema corporal Eucerin Advance Repair 450 g,https://www.soriana.com/dw/image/v2/BGBD_PRD/on/demandware.static/-/Sites-soriana-grocery-master-catalog/default/dw43be7945/images/product/7501054548829_A.jpg?sw=473&sh=473&sm=fit,https://www.soriana.com/farmacia/,/crema-corporal-eucerin-advance-repair-450-g/11686214.html,$689.00,vacio,vacio,vacio,Puntos 'dobles' al pagar con 'FALABELLA',vacio,2026-07-02
Farmacia,Dermatológicos,Bepanthen Sensicalm 20Gr,https://www.soriana.com/dw/image/v2/BGBD_PRD/on/demandware.static/-/Sites-soriana-grocery-master-catalog/default/dw469c5870/images/product/7501008499276_A.jpg?sw=473&sh=473&sm=fit,https://www.soriana.com/farmacia/,/bepanthen-sensicalm-20gr/11686248.html,$305.00,vacio,vacio,vacio,Puntos 'dobles' al pagar con 'FALABELLA',vacio,2026-07-02
Farmacia,Dermatológicos,Vichy Liftactiv B3 Contorno de Ojos con SPF50 con 50 mililitros,https://www.soriana.com/dw/image/v2/BGBD_PRD/on/demandware.static/-/Sites-soriana-grocery-master-catalog/default/dwdc2dff67/images/product/3337875832724_A.jpg?sw=473&sh=473&sm=fit,https://www.soriana.com/farmacia/,/vichy-liftactiv-b3-contorno-de-ojos-con-spf50-con-50-mililitros/11926827.html,"$1,349.00",vacio,vacio,vacio,Puntos 'dobles' al pagar con 'FALABELLA',vacio,2026-07-02
Farmacia,Dermatológicos,Eclipsol Ultra Loción Kids Protector Solar 60g,https://www.soriana.com/dw/image/v2/BGBD_PRD/on/demandware.static/-/Sites-soriana-grocery-master-catalog/default/dwa657a5ed/images/product/7501022112465_A.jpg?sw=473&sh=473&sm=fit,https://www.soriana.com/farmacia/,/eclipsol-ultra-locion-kids-protector-solar-60g/11778687.html,$256.00,vacio,vacio,vacio,Puntos 'dobles' al pagar con 'FALABELLA',vacio,2026-07-02
Farmacia,Dermatológicos,"Cicatricure Porcelana Crema de cuidado diario Anti-fotoenvejecimiento FPS 50, 40 g",https://www.soriana.com/dw/image/v2/BGBD_PRD/on/demandware.static/-/Sites-soriana-grocery-master-catalog/default/dwa4008d90/images/product/650240068669_A.jpg?sw=473&sh=473&sm=fit,https://www.soriana.com/farmacia/,/cicatricure-porcelana-crema-de-cuidado-diario-anti-fotoenvejecimiento-fps-50-40-g/11778646.html,$299.00,vacio,vacio,vacio,Puntos 'dobles' al pagar con 'FALABELLA',vacio,2026-07-02
Farmacia,Dermatológicos,La Roche Posay Toleriane Rosaliac AR Crema con 40 mililitros,https://www.soriana.com/dw/image/v2/BGBD_PRD/on/demandware.static/-/Sites-soriana-grocery-master-catalog/default/dw519f11e9/images/product/3337875807043_A.jpg?sw=473&sh=473&sm=fit,https://www.soriana.com/farmacia/,/la-roche-posay-toleriane-rosaliac-ar-crema-con-40-mililitros/11926921.html,$699.00,vacio,vacio,vacio,Puntos 'dobles' al pagar con 'FALABELLA',vacio,2026-07-02
Farmacia,Dermatológicos,La Roche Posay Anthelios Protector Solar Corporal Ecológico con 250 ml,https://www.soriana.com/dw/image/v2/BGBD_PRD/on/demandware.static/-/Sites-soriana-grocery-master-catalog/default/dw1b7de991/images/product/3337875757515_A.jpg?sw=473&sh=473&sm=fit,https://www.soriana.com/farmacia/,/la-roche-posay-anthelios-protector-solar-corporal-ecologico-con-250-ml/11926830.html,$925.00,vacio,vacio,vacio,Puntos 'dobles' al pagar con 'FALABELLA',vacio,2026-07-02
Farmacia,Dermatológicos,Cetaphil Cra Prot P-Manos C/50 Ml,https://www.soriana.com/dw/image/v2/BGBD_PRD/on/demandware.static/-/Sites-soriana-grocery-master-catalog/default/dw74b1c843/images/product/3499320011341_A.jpg?sw=473&sh=473&sm=fit,https://www.soriana.com/farmacia/,/cetaphil-cra-prot-p-manos-c-50-ml/8012560.html,$102.60,vacio,vacio,vacio,Puntos 'dobles' al pagar con 'FALABELLA',vacio,2026-07-02
Farmacia,Dermatológicos,La Roche-Posay Pure Vitamin C12 Oil Cont,https://www.soriana.com/dw/image/v2/BGBD_PRD/on/demandware.static/-/Sites-soriana-grocery-master-catalog/default/dwd606ca3d/images/product/3337875892872_A.jpg?sw=473&sh=473&sm=fit,https://www.soriana.com/farmacia/,/la-roche-posay-pure-vitamin-c12-oil-cont/11870921.html,"$1,306.00",vacio,vacio,vacio,Puntos 'dobles' al pagar con 'FALABELLA',vacio,2026-07-02
Farmacia,Dermatológicos,La Roche Posay Effac Mat +Gel+Bloq 3Pack,https://www.soriana.com/dw/image/v2/BGBD_PRD/on/demandware.static/-/Sites-soriana-grocery-master-catalog/default/dw8fce9ea5/images/product/7509552887150_A.jpg?sw=473&sh=473&sm=fit,https://www.soriana.com/farmacia/,/la-roche-posay-effac-mat-gelbloq-3pack/11716751.html,$739.00,vacio,vacio,vacio,Puntos 'dobles' al pagar con 'FALABELLA',vacio,2026-07-02
Farmacia,Dermatológicos,Vichy Capital Soleil Uv-Clear +Normaderm,https://www.soriana.com/dw/image/v2/BGBD_PRD/on/demandware.static/-/Sites-soriana-grocery-master-catalog/default/dw342ebb8d/images/product/7509552932126_A.jpg?sw=473&sh=473&sm=fit,https://www.soriana.com/farmacia/,/vichy-capital-soleil-uv-clear-normaderm/11789578.html,$615.00,vacio,vacio,vacio,Puntos 'dobles' al pagar con 'FALABELLA',vacio,2026-07-02
Farmacia,Dermatológicos,Photoderm Spray 300Ml,https://www.soriana.com/dw/image/v2/BGBD_PRD/on/demandware.static/-/Sites-soriana-grocery-master-catalog/default/dw8c8e3bd5/images/product/3701129809921_A.jpg?sw=473&sh=473&sm=fit,https://www.soriana.com/farmacia/,/photoderm-spray-300ml/11833795.html,$709.00,vacio,vacio,vacio,Puntos 'dobles' al pagar con 'FALABELLA',vacio,2026-07-02
Farmacia,Dermatológicos,Bepanthen Locion Corporal 400 Ml,https://www.soriana.com/dw/image/v2/BGBD_PRD/on/demandware.static/-/Sites-soriana-grocery-master-catalog/default/dw6c688337/images/product/7501008499542_A.jpg?sw=473&sh=473&sm=fit,https://www.soriana.com/farmacia/,/bepanthen-locion-corporal-400-ml/11744563.html,$449.00,vacio,vacio,vacio,Puntos 'dobles' al pagar con 'FALABELLA',vacio,2026-07-02
Farmacia,Dermatológicos,Isdin Hydration Ureadin Lotion10 400 Ml,https://www.soriana.com/dw/image/v2/BGBD_PRD/on/demandware.static/-/Sites-soriana-grocery-master-catalog/default/dw9aa261ca/images/product/8429420251366_A.jpg?sw=473&sh=473&sm=fit,https://www.soriana.com/farmacia/,/isdin-hydration-ureadin-lotion10-400-ml/11802250.html,$485.00,vacio,vacio,vacio,Puntos 'dobles' al pagar con 'FALABELLA',vacio,2026-07-02
Farmacia,Dermatológicos,"Hero Parches para Acné Mighty Patch Duo, Caja con 12 piezas",https://www.soriana.com/dw/image/v2/BGBD_PRD/on/demandware.static/-/Sites-soriana-grocery-master-catalog/default/dw4727b039/images/product/7501080901124_A.jpg?sw=473&sh=473&sm=fit,https://www.soriana.com/farmacia/,/hero-parches-para-acne-mighty-patch-duo-caja-con-12-piezas/11847716.html,$170.00,vacio,vacio,vacio,Puntos 'dobles' al pagar con 'FALABELLA',vacio,2026-07-02
Farmacia,Dermatológicos,Photoderm Family Spray FPS50+ 300 ml,https://www.soriana.com/dw/image/v2/BGBD_PRD/on/demandware.static/-/Sites-soriana-grocery-master-catalog/default/dw5b88afa0/images/product/3701129807248_A.jpg?sw=473&sh=473&sm=fit,https://www.soriana.com/farmacia/,/photoderm-family-spray-fps50-300-ml/11902446.html,$775.00,vacio,vacio,vacio,Puntos 'dobles' al pagar con 'FALABELLA',vacio,2026-07-02
Farmacia,Dermatológicos,Crema facial La Roche-Posay Hyalu B5 Sérum 30 ml,https://www.soriana.com/dw/image/v2/BGBD_PRD/on/demandware.static/-/Sites-soriana-grocery-master-catalog/default/dw27199322/images/product/3337875583626_A.jpg?sw=473&sh=473&sm=fit,https://www.soriana.com/farmacia/,/crema-facial-la-roche-posay-hyalu-b5-serum-30-ml/9137788.html,"$1,175.00",vacio,Hasta 5 MSI,vacio,Puntos 'dobles' al pagar con 'FALABELLA',vacio,2026-07-02
Farmacia,Dermatológicos,Gel Effaclar Micro-Exfol 400 Ml,https://www.soriana.com/dw/image/v2/BGBD_PRD/on/demandware.static/-/Sites-soriana-grocery-master-catalog/default/dw25f87c24/images/product/3337875708289_A.jpg?sw=473&sh=473&sm=fit,https://www.soriana.com/farmacia/,/gel-effaclar-micro-exfol-400-ml/8011032.html,"$1,025.00",vacio,Hasta 5 MSI,vacio,Puntos 'dobles' al pagar con 'FALABELLA',vacio,2026-07-02
Farmacia,Dermatológicos,Avene Cleanance Gel Facial Limpiador 200 ml,https://www.soriana.com/dw/image/v2/BGBD_PRD/on/demandware.static/-/Sites-soriana-grocery-master-catalog/default/dwefbf39c1/images/product/3282770139204_A.jpg?sw=473&sh=473&sm=fit,https://www.soriana.com/farmacia/,/avene-cleanance-gel-facial-limpiador-200-ml/8011689.html,$729.00,vacio,Hasta 5 MSI,vacio,Puntos 'dobles' al pagar con 'FALABELLA',vacio,2026-07-02
Farmacia,Dermatológicos,Shampoo Grisi Botika Engrosador 480 ml,https://www.soriana.com/dw/image/v2/BGBD_PRD/on/demandware.static/-/Sites-soriana-grocery-master-catalog/default/dw4ba360d1/images/product/7501022112328_A.jpg?sw=473&sh=473&sm=fit,https://www.soriana.com/farmacia/,/shampoo-grisi-botika-engrosador-480-ml/11569925.html,$225.00,vacio,vacio,vacio,Puntos 'dobles' al pagar con 'FALABELLA',vacio,2026-07-02
Farmacia,Dermatológicos,Fly Out Repelente Crema Racel 160 ml,https://www.soriana.com/dw/image/v2/BGBD_PRD/on/demandware.static/-/Sites-soriana-grocery-master-catalog/default/dw6d46fa16/images/product/7501044210293_A.jpg?sw=473&sh=473&sm=fit,https://www.soriana.com/farmacia/,/fly-out-repelente-crema-racel-160-ml/11593244.html,$85.90,vacio,vacio,vacio,Puntos 'dobles' al pagar con 'FALABELLA',vacio,2026-07-02
Farmacia,Dermatológicos,Toallitas faciales Asepxia Desmaquillantes Hidro-Force 25 pza,https://www.soriana.com/dw/image/v2/BGBD_PRD/on/demandware.static/-/Sites-soriana-grocery-master-catalog/default/dwd95e64e0/images/product/0650240004216_A.jpg?sw=473&sh=473&sm=fit,https://www.soriana.com/farmacia/,/toallitas-faciales-asepxia-desmaquillantes-hidro-force-25-pza/1249504.html,$87.00,vacio,vacio,vacio,Puntos 'dobles' al pagar con 'FALABELLA',vacio,2026-07-02
Farmacia,Dermatológicos,Shampoo 7 Herbs Anticaída 500 ml,https://www.soriana.com/dw/image/v2/BGBD_PRD/on/demandware.static/-/Sites-soriana-grocery-master-catalog/default/dw19d26aad/images/product/7502226210193_A.jpg?sw=473&sh=473&sm=fit,https://www.soriana.com/farmacia/,/shampoo-7-herbs-anticaida-500-ml/1278045.html,$135.00,vacio,vacio,vacio,Puntos 'dobles' al pagar con 'FALABELLA',vacio,2026-07-02
Farmacia,Dermatológicos,Emulsion Scabisan Plus 5g 120 ml,https://www.soriana.com/dw/image/v2/BGBD_PRD/on/demandware.static/-/Sites-soriana-grocery-master-catalog/default/dwb13b0de2/images/product/7501088559112_A.jpg?sw=473&sh=473&sm=fit,https://www.soriana.com/farmacia/,/emulsion-scabisan-plus-5g-120-ml/143061.html,$146.00,vacio,vacio,vacio,Puntos 'dobles' al pagar con 'FALABELLA',vacio,2026-07-02
Farmacia,Dermatológicos,Scabisan Sh 110 ml,https://www.soriana.com/dw/image/v2/BGBD_PRD/on/demandware.static/-/Sites-soriana-grocery-master-catalog/default/dw9c15bd39/images/product/7501088559129_A.jpg?sw=473&sh=473&sm=fit,https://www.soriana.com/farmacia/,/scabisan-sh-110-ml/143062.html,$154.10,vacio,vacio,vacio,Puntos 'dobles' al pagar con 'FALABELLA',vacio,2026-07-02
Farmacia,Dermatológicos,Fly Out Spray Repelente De Insectos 265 ml,https://www.soriana.com/dw/image/v2/BGBD_PRD/on/demandware.static/-/Sites-soriana-grocery-master-catalog/default/dwcb97cedb/images/product/7501044209815_A.jpg?sw=473&sh=473&sm=fit,https://www.soriana.com/farmacia/,/fly-out-spray-repelente-de-insectos-265-ml/1465318.html,$138.00,vacio,vacio,vacio,Puntos 'dobles' al pagar con 'FALABELLA',vacio,2026-07-02
Farmacia,Dermatológicos,Novo Herklin 2000 0.05 Crema 60 Gr,https://www.soriana.com/dw/image/v2/BGBD_PRD/on/demandware.static/-/Sites-soriana-grocery-master-catalog/default/dw38b89e71/images/product/7501089810359_A.jpg?sw=473&sh=473&sm=fit,https://www.soriana.com/farmacia/,/novo-herklin-2000-0.05-crema-60-gr/1631092.html,$106.00,vacio,vacio,vacio,Puntos 'dobles' al pagar con 'FALABELLA',vacio,2026-07-02
Farmacia,Dermatológicos,Spray Herklin Nf Repelente 120 ml,https://www.soriana.com/dw/image/v2/BGBD_PRD/on/demandware.static/-/Sites-soriana-grocery-master-catalog/default/dwa9cf059a/images/product/7501089810427_A.jpg?sw=473&sh=473&sm=fit,https://www.soriana.com/farmacia/,/spray-herklin-nf-repelente-120-ml/1850999.html,$161.00,vacio,vacio,vacio,Puntos 'dobles' al pagar con 'FALABELLA',vacio,2026-07-02
Farmacia,Dermatológicos,Barra Para Labios Blistex Hidratación Completa 4.2 Gr,https://www.soriana.com/dw/image/v2/BGBD_PRD/on/demandware.static/-/Sites-soriana-grocery-master-catalog/default/dwa8db386d/images/product/7501070617462_A.jpg?sw=473&sh=473&sm=fit,https://www.soriana.com/farmacia/,/barra-para-labios-blistex-hidratacion-completa-4.2-gr/3037736.html,$65.90,vacio,vacio,vacio,Puntos 'dobles' al pagar con 'FALABELLA',vacio,2026-07-02
Farmacia,Dermatológicos,Exfoliante Isdin Ureadin Ultra 30 50 ml,https://www.soriana.com/dw/image/v2/BGBD_PRD/on/demandware.static/-/Sites-soriana-grocery-master-catalog/default/dw2fde5aec/images/product/8470002129856_A.jpg?sw=473&sh=473&sm=fit,https://www.soriana.com/farmacia/,/exfoliante-isdin-ureadin-ultra-30-50-ml/3052687.html,$439.00,vacio,vacio,vacio,Puntos 'dobles' al pagar con 'FALABELLA',vacio,2026-07-02
Farmacia,Dermatológicos,Cicloferon Xtrem 0.05g/0.02g Crema con 5gr,https://www.soriana.com/dw/image/v2/BGBD_PRD/on/demandware.static/-/Sites-soriana-grocery-master-catalog/default/dw3657edd8/images/product/7501299355060_A.jpg?sw=473&sh=473&sm=fit,https://www.soriana.com/farmacia/,/cicloferon-xtrem-0.05g-0.02g-crema-con-5gr/3108269.html,$101.00,vacio,vacio,vacio,Puntos 'dobles' al pagar con 'FALABELLA',vacio,2026-07-02
Farmacia,Dermatológicos,Crema facial Bioderma Sensibio AR 40 ml,https://www.soriana.com/dw/image/v2/BGBD_PRD/on/demandware.static/-/Sites-soriana-grocery-master-catalog/default/dw4bf1253c/images/product/3401343696245_A.jpg?sw=473&sh=473&sm=fit,https://www.soriana.com/farmacia/,/crema-facial-bioderma-sensibio-ar-40-ml/2199695.html,$805.00,vacio,Hasta 5 MSI,vacio,Puntos 'dobles' al pagar con 'FALABELLA',vacio,2026-07-02
Farmacia,Dermatológicos,Gel facial Bioderma Sensibio Eye 15 ml,https://www.soriana.com/dw/image/v2/BGBD_PRD/on/demandware.static/-/Sites-soriana-grocery-master-catalog/default/dwd10de932/images/product/3401346673335_A.jpg?sw=473&sh=473&sm=fit,https://www.soriana.com/farmacia/,/gel-facial-bioderma-sensibio-eye-15-ml/2199708.html,$549.00,vacio,Hasta 5 MSI,vacio,Puntos 'dobles' al pagar con 'FALABELLA',vacio,2026-07-02
Farmacia,Dermatológicos,Crema Racel Vaselina 90 g,https://www.soriana.com/dw/image/v2/BGBD_PRD/on/demandware.static/-/Sites-soriana-grocery-master-catalog/default/dw594e99a8/images/product/7501044208405_A.jpg?sw=473&sh=473&sm=fit,https://www.soriana.com/farmacia/,/crema-racel-vaselina-90-g/374256.html,$62.50,vacio,vacio,vacio,Puntos 'dobles' al pagar con 'FALABELLA',vacio,2026-07-02
Farmacia,Dermatológicos,Soltrictor Gts Sol C/15 Ml,https://www.soriana.com/dw/image/v2/BGBD_PRD/on/demandware.static/-/Sites-soriana-grocery-master-catalog/default/dwaa2304cc/images/product/7501201401540_A.jpg?sw=473&sh=473&sm=fit,https://www.soriana.com/farmacia/,/soltrictor-gts-sol-c-15-ml/424549.html,$437.00,vacio,vacio,vacio,Puntos 'dobles' al pagar con 'FALABELLA',vacio,2026-07-02
Farmacia,Dermatológicos,Herklin Nf 0.2g Shamp con 120ml,https://www.soriana.com/dw/image/v2/BGBD_PRD/on/demandware.static/-/Sites-soriana-grocery-master-catalog/default/dw5c644ef0/images/product/7501089810038_A.jpg?sw=473&sh=473&sm=fit,https://www.soriana.com/farmacia/,/herklin-nf-0.2g-shamp-con-120ml/387853.html,$174.00,vacio,vacio,vacio,Puntos 'dobles' al pagar con 'FALABELLA',vacio,2026-07-02
Farmacia,Dermatológicos,Cicloferon Cra con 2g,https://www.soriana.com/dw/image/v2/BGBD_PRD/on/demandware.static/-/Sites-soriana-grocery-master-catalog/default/dw935ea57f/images/product/7501299303047_A.jpg?sw=473&sh=473&sm=fit,https://www.soriana.com/farmacia/,/cicloferon-cra-con-2g/444003.html,$63.50,vacio,vacio,vacio,Puntos 'dobles' al pagar con 'FALABELLA',vacio,2026-07-02
Farmacia,Dermatológicos,Skin-Cap 9.25/1% Shamp con 150ml,https://www.soriana.com/dw/image/v2/BGBD_PRD/on/demandware.static/-/Sites-soriana-grocery-master-catalog/default/dw15e4cc52/images/product/8470000478949_A.jpg?sw=473&sh=473&sm=fit,https://www.soriana.com/farmacia/,/skin-cap-9.25-1--shamp-con-150ml/566677.html,$709.00,vacio,vacio,vacio,Puntos 'dobles' al pagar con 'FALABELLA',vacio,2026-07-02
Farmacia,Dermatológicos,Bálsamo Labial Labello Classic Protector Labial Humectante 4.8 g,https://www.soriana.com/dw/image/v2/BGBD_PRD/on/demandware.static/-/Sites-soriana-grocery-master-catalog/default/dw7a08b2f4/images/product/7501054504870_A.jpg?sw=473&sh=473&sm=fit,https://www.soriana.com/farmacia/,/balsamo-labial-labello-classic-protector-labial-humectante-4.8-g/575717.html,$81.50,vacio,vacio,vacio,Puntos 'dobles' al pagar con 'FALABELLA',vacio,2026-07-02
Farmacia,Dermatológicos,Loción facial Cetaphil Pro AC Dermacontrol 118 ml,https://www.soriana.com/dw/image/v2/BGBD_PRD/on/demandware.static/-/Sites-soriana-grocery-master-catalog/default/dw1e6d4038/images/product/3499320004473_A.jpg?sw=473&sh=473&sm=fit,https://www.soriana.com/farmacia/,/locion-facial-cetaphil-pro-ac-dermacontrol-118-ml/2589558.html,$676.45,vacio,vacio,vacio,Puntos 'dobles' al pagar con 'FALABELLA',vacio,2026-07-02
Farmacia,Dermatológicos,Carmex Balsamo con 7.5 Gr,https://www.soriana.com/dw/image/v2/BGBD_PRD/on/demandware.static/-/Sites-soriana-grocery-master-catalog/default/dwa3d2e2a4/images/product/0083078003647_A.jpg?sw=473&sh=473&sm=fit,https://www.soriana.com/farmacia/,/carmex-balsamo-con-7.5-gr/2611129.html,$60.90,vacio,vacio,vacio,Puntos 'dobles' al pagar con 'FALABELLA',vacio,2026-07-02
Farmacia,Dermatológicos,Crema facial Cicatricure Efecto lifting duradero 50 g,https://www.soriana.com/dw/image/v2/BGBD_PRD/on/demandware.static/-/Sites-soriana-grocery-master-catalog/default/dw15d4de5b/images/product/0650240023057_A.jpg?sw=473&sh=473&sm=fit,https://www.soriana.com/farmacia/,/crema-facial-cicatricure-efecto-lifting-duradero-50-g/2627198.html,$219.90,vacio,vacio,vacio,Puntos 'dobles' al pagar con 'FALABELLA',vacio,2026-07-02
Farmacia,Dermatológicos,Lactibon Ph 3.5 0.011 Loc C/120ml,https://www.soriana.com/dw/image/v2/BGBD_PRD/on/demandware.static/-/Sites-soriana-grocery-master-catalog/default/dw2a129995/images/product/7703332003352_A.jpg?sw=473&sh=473&sm=fit,https://www.soriana.com/farmacia/,/lactibon-ph-3.5-0.011-loc-c-120ml/577668.html,$469.00,vacio,vacio,vacio,Puntos 'dobles' al pagar con 'FALABELLA',vacio,2026-07-02
Farmacia,Dermatológicos,Crema Isdin Woman Anti-Estrias 250 ml,https://www.soriana.com/dw/image/v2/BGBD_PRD/on/demandware.static/-/Sites-soriana-grocery-master-catalog/default/dwe46faa04/images/product/8429420184527_A.jpg?sw=473&sh=473&sm=fit,https://www.soriana.com/farmacia/,/crema-isdin-woman-anti-estrias-250-ml/8012427.html,$632.00,vacio,Hasta 5 MSI,vacio,Puntos 'dobles' al pagar con 'FALABELLA',vacio,2026-07-02
Farmacia,Dermatológicos,Crema Anthelios La Roche-Posay Toque Seco Fps-50 Con Color 50 ml,https://www.soriana.com/dw/image/v2/BGBD_PRD/on/demandware.static/-/Sites-soriana-grocery-master-catalog/default/dw4e2d3a56/images/product/3337875545891_A.jpg?sw=473&sh=473&sm=fit,https://www.soriana.com/farmacia/,/crema-anthelios-la-roche-posay-toque-seco-fps-50-con-color-50-ml/8002455.html,$735.00,vacio,Hasta 5 MSI,vacio,Puntos 'dobles' al pagar con 'FALABELLA',vacio,2026-07-02
Farmacia,Dermatológicos,Limpiador facial Bioderma Sébium 100 ml,https://www.soriana.com/dw/image/v2/BGBD_PRD/on/demandware.static/-/Sites-soriana-grocery-master-catalog/default/dwfc782575/images/product/3401353791220_A.jpg?sw=473&sh=473&sm=fit,https://www.soriana.com/farmacia/,/limpiador-facial-bioderma-sebium-100-ml/8002754.html,$345.00,vacio,Hasta 5 MSI,vacio,Puntos 'dobles' al pagar con 'FALABELLA',vacio,2026-07-02
Farmacia,Dermatológicos,Bloqueador Fps50 La Roche-Posay 400 ml,https://www.soriana.com/dw/image/v2/BGBD_PRD/on/demandware.static/-/Sites-soriana-grocery-master-catalog/default/dwc7e24ec4/images/product/3337875589239_A.jpg?sw=473&sh=473&sm=fit,https://www.soriana.com/farmacia/,/bloqueador-fps50-la-roche-posay-400-ml/8003431.html,$629.00,vacio,vacio,vacio,Puntos 'dobles' al pagar con 'FALABELLA',vacio,2026-07-02
Farmacia,Dermatológicos,Crema facial Vichy Capital Soleil 50 ml,https://www.soriana.com/dw/image/v2/BGBD_PRD/on/demandware.static/-/Sites-soriana-grocery-master-catalog/default/dwb31d8552/images/product/3337871323622_A.jpg?sw=473&sh=473&sm=fit,https://www.soriana.com/farmacia/,/crema-facial-vichy-capital-soleil-50-ml/8001252.html,$895.00,vacio,Hasta 5 MSI,vacio,Puntos 'dobles' al pagar con 'FALABELLA',vacio,2026-07-02
Farmacia,Dermatológicos,Bloqueador Fps 50 Vichy Idéal Soleil Familiar 300 ml,https://www.soriana.com/dw/image/v2/BGBD_PRD/on/demandware.static/-/Sites-soriana-grocery-master-catalog/default/dw94b13d11/images/product/3337871322694_A.jpg?sw=473&sh=473&sm=fit,https://www.soriana.com/farmacia/,/bloqueador-fps-50-vichy-ideal-soleil-familiar-300-ml/8001255.html,"$1,105.00",vacio,Hasta 5 MSI,vacio,Puntos 'dobles' al pagar con 'FALABELLA',vacio,2026-07-02
Farmacia,Dermatológicos,Crema Contorno De Ojos Antiedad Vichy Slow Age 15 ml,https://www.soriana.com/dw/image/v2/BGBD_PRD/on/demandware.static/-/Sites-soriana-grocery-master-catalog/default/dw4c350f0c/images/product/3337875551922_A.jpg?sw=473&sh=473&sm=fit,https://www.soriana.com/farmacia/,/crema-contorno-de-ojos-antiedad-vichy-slow-age-15-ml/9137801.html,$679.00,vacio,vacio,vacio,Puntos 'dobles' al pagar con 'FALABELLA',vacio,2026-07-02
Farmacia,Dermatológicos,Aplicadores de Algodón Vitascom 500 Piezas,https://www.soriana.com/dw/image/v2/BGBD_PRD/on/demandware.static/-/Sites-soriana-grocery-master-catalog/default/dw92b713ea/images/product/7500093901770_A.jpg?sw=473&sh=473&sm=fit,https://www.soriana.com/farmacia/,/aplicadores-de-algodon-vitascom-500-piezas/9108959.html,$58.00,vacio,vacio,vacio,Puntos 'dobles' al pagar con 'FALABELLA',vacio,2026-07-02
Farmacia,Dermatológicos,CETAPHIL Barra de Limpieza Profunda 127g,https://www.soriana.com/dw/image/v2/BGBD_PRD/on/demandware.static/-/Sites-soriana-grocery-master-catalog/default/dwb3169a43/images/product/3499320008341_A.jpg?sw=473&sh=473&sm=fit,https://www.soriana.com/farmacia/,/cetaphil-barra-de-limpieza-profunda-127g/8008320.html,$229.00,vacio,vacio,vacio,Puntos 'dobles' al pagar con 'FALABELLA',vacio,2026-07-02
Farmacia,Dermatológicos,Sérum facial Isdin Hyaluronic Booster 2 ml 5 piezas,https://www.soriana.com/dw/image/v2/BGBD_PRD/on/demandware.static/-/Sites-soriana-grocery-master-catalog/default/dw46c2d879/images/product/8429420164406_A.jpg?sw=473&sh=473&sm=fit,https://www.soriana.com/farmacia/,/serum-facial-isdin-hyaluronic-booster-2-ml-5-piezas/8008303.html,$455.00,vacio,Hasta 5 MSI,vacio,Puntos 'dobles' al pagar con 'FALABELLA',vacio,2026-07-02
Farmacia,Dermatológicos,Leneda 3% Tb 30 G Gel,https://www.soriana.com/dw/image/v2/BGBD_PRD/on/demandware.static/-/Sites-soriana-grocery-master-catalog/default/dw9cee1910/images/product/7501258208901_A.jpg?sw=473&sh=473&sm=fit,https://www.soriana.com/farmacia/,/leneda-3--tb-30-g-gel/8011001.html,"$1,033.00",vacio,vacio,vacio,Puntos 'dobles' al pagar con 'FALABELLA',vacio,2026-07-02
Farmacia,Dermatológicos,Vichy Dermablend Nude 25 Maq Pvo 9.5 Gr,https://www.soriana.com/dw/image/v2/BGBD_PRD/on/demandware.static/-/Sites-soriana-grocery-master-catalog/default/dwef317095/images/product/3337875563031_A.jpg?sw=473&sh=473&sm=fit,https://www.soriana.com/farmacia/,/vichy-dermablend-nude-25-maq-pvo-9.5-gr/8002581.html,"$1,215.00",vacio,Hasta 5 MSI,vacio,Puntos 'dobles' al pagar con 'FALABELLA',vacio,2026-07-02
Farmacia,Dermatológicos,Desodorante Vichy Stress Resist Roll-On 50 ml,https://www.soriana.com/dw/image/v2/BGBD_PRD/on/demandware.static/-/Sites-soriana-grocery-master-catalog/default/dwd5fcd936/images/product/3337871324001_A.jpg?sw=473&sh=473&sm=fit,https://www.soriana.com/farmacia/,/desodorante-vichy-stress-resist-roll-on-50-ml/8001236.html,$609.00,vacio,vacio,vacio,Puntos 'dobles' al pagar con 'FALABELLA',vacio,2026-07-02
Farmacia,Dermatológicos,Babaria Retinol Crema 50 Ml,https://www.soriana.com/dw/image/v2/BGBD_PRD/on/demandware.static/-/Sites-soriana-grocery-master-catalog/default/dw7ff64f06/images/product/8410412100304_A.jpg?sw=473&sh=473&sm=fit,https://www.soriana.com/farmacia/,/babaria-retinol-crema-50-ml/11727704.html,$171.55,vacio,vacio,vacio,Puntos 'dobles' al pagar con 'FALABELLA',vacio,2026-07-02
Farmacia,Dermatológicos,Eucerin Face Antipigmento Skin Pfg Serum,https://www.soriana.com/dw/image/v2/BGBD_PRD/on/demandware.static/-/Sites-soriana-grocery-master-catalog/default/dw54d43abd/images/product/4005900903273_A.jpg?sw=473&sh=473&sm=fit,https://www.soriana.com/farmacia/,/eucerin-face-antipigmento-skin-pfg-serum/11819131.html,"$1,139.00",vacio,vacio,vacio,Puntos 'dobles' al pagar con 'FALABELLA',vacio,2026-07-02
Farmacia,Dermatológicos,OFF Spray Active 85 ML,https://www.soriana.com/dw/image/v2/BGBD_PRD/on/demandware.static/-/Sites-soriana-grocery-master-catalog/default/dw021c6752/images/product/62300246014_A.jpg?sw=473&sh=473&sm=fit,https://www.soriana.com/farmacia/,/off-spray-active-85-ml/11924168.html,$79.00,vacio,vacio,vacio,Puntos 'dobles' al pagar con 'FALABELLA',vacio,2026-07-02
Farmacia,Dermatológicos,Babynaturals Facial Cream 50Ml,https://www.soriana.com/dw/image/v2/BGBD_PRD/on/demandware.static/-/Sites-soriana-grocery-master-catalog/default/dw7293a921/images/product/8429420181106_A.jpg?sw=473&sh=473&sm=fit,https://www.soriana.com/farmacia/,/babynaturals-facial-cream-50ml/11855646.html,$210.00,vacio,vacio,vacio,Puntos 'dobles' al pagar con 'FALABELLA',vacio,2026-07-02
Farmacia,Dermatológicos,Gel Facial Matificante Isdin Acnibe 40 ml,https://www.soriana.com/dw/image/v2/BGBD_PRD/on/demandware.static/-/Sites-soriana-grocery-master-catalog/default/dwd920fb5f/images/product/8470003245920_A.jpg?sw=473&sh=473&sm=fit,https://www.soriana.com/farmacia/,/gel-facial-matificante-isdin-acnibe-40-ml/8012467.html,$767.00,vacio,Hasta 5 MSI,vacio,Puntos 'dobles' al pagar con 'FALABELLA',vacio,2026-07-02
Farmacia,Dermatológicos,Hidroq Bust Blanca Crema con 40g,https://www.soriana.com/dw/image/v2/BGBD_PRD/on/demandware.static/-/Sites-soriana-grocery-master-catalog/default/dwd2ec7492/images/product/7501185730568_A.jpg?sw=473&sh=473&sm=fit,https://www.soriana.com/farmacia/,/hidroq-bust-blanca-crema-con-40g/572484.html,$126.00,vacio,vacio,vacio,Puntos 'dobles' al pagar con 'FALABELLA',vacio,2026-07-02
Farmacia,Dermatológicos,La Roche Kerium Caspa Seco Shamp 200 ml,https://www.soriana.com/dw/image/v2/BGBD_PRD/on/demandware.static/-/Sites-soriana-grocery-master-catalog/default/dwd1fcdca8/images/product/3433422407282_A.jpg?sw=473&sh=473&sm=fit,https://www.soriana.com/farmacia/,/la-roche-kerium-caspa-seco-shamp-200-ml/8001200.html,$629.00,vacio,vacio,vacio,Puntos 'dobles' al pagar con 'FALABELLA',vacio,2026-07-02
Farmacia,Dermatológicos,Crema facial La Roche-Posay Redermic Hyalu C UV 40 ml,https://www.soriana.com/dw/image/v2/BGBD_PRD/on/demandware.static/-/Sites-soriana-grocery-master-catalog/default/dwa41efacc/images/product/3337872413728_A.jpg?sw=473&sh=473&sm=fit,https://www.soriana.com/farmacia/,/crema-facial-la-roche-posay-redermic-hyalu-c-uv-40-ml/8001211.html,"$1,335.38",vacio,Hasta 5 MSI,vacio,Puntos 'dobles' al pagar con 'FALABELLA',vacio,2026-07-02
Farmacia,Dermatológicos,Isdinceutics Retinal Smooth 50 ml,https://www.soriana.com/dw/image/v2/BGBD_PRD/on/demandware.static/-/Sites-soriana-grocery-master-catalog/default/dw77f17d88/images/product/8429420288188_A.jpg?sw=473&sh=473&sm=fit,https://www.soriana.com/farmacia/,/isdinceutics-retinal-smooth-50-ml/11929181.html,"$1,190.00",vacio,vacio,vacio,Puntos 'dobles' al pagar con 'FALABELLA',vacio,2026-07-02
Farmacia,Dermatológicos,Isdin FP Coverage 1 Pearl SPF50 30 ml,https://www.soriana.com/dw/image/v2/BGBD_PRD/on/demandware.static/-/Sites-soriana-grocery-master-catalog/default/dw0599ccd8/images/product/8429420313590_A.jpg?sw=473&sh=473&sm=fit,https://www.soriana.com/farmacia/,/isdin-fp-coverage-1-pearl--spf50--30-ml/11929174.html,$680.00,vacio,vacio,vacio,Puntos 'dobles' al pagar con 'FALABELLA',vacio,2026-07-02
Farmacia,Dermatológicos,Th Pharma Therapy Amp 5 Piezas,https://www.soriana.com/dw/image/v2/BGBD_PRD/on/demandware.static/-/Sites-soriana-grocery-master-catalog/default/dw93415340/images/product/8426827012750_A.jpg?sw=473&sh=473&sm=fit,https://www.soriana.com/farmacia/,/th-pharma-therapy-amp-5-piezas/11726638.html,$150.00,vacio,vacio,vacio,Puntos 'dobles' al pagar con 'FALABELLA',vacio,2026-07-02
Farmacia,Dermatológicos,Serum Facial Beauty No 3 Nocturno Hyaluronic Acid Retinol,https://www.soriana.com/dw/image/v2/BGBD_PRD/on/demandware.static/-/Sites-soriana-grocery-master-catalog/default/dw7bec3a3f/images/product/0810016291381_A.jpg?sw=473&sh=473&sm=fit,https://www.soriana.com/farmacia/,/serum-facial-beauty-no-3-nocturno-hyaluronic-acid-retinol/11675998.html,$219.90,vacio,vacio,vacio,Puntos 'dobles' al pagar con 'FALABELLA',vacio,2026-07-02
Farmacia,Dermatológicos,Serum Facial Beauty No 3 Vitamin C + Collagen,https://www.soriana.com/dw/image/v2/BGBD_PRD/on/demandware.static/-/Sites-soriana-grocery-master-catalog/default/dwacbceb12/images/product/0850790008713_A.jpg?sw=473&sh=473&sm=fit,https://www.soriana.com/farmacia/,/serum-facial-beauty-no-3-vitamin-c-collagen/11675999.html,$219.90,vacio,vacio,vacio,Puntos 'dobles' al pagar con 'FALABELLA',vacio,2026-07-02
Farmacia,Dermatológicos,Isdin Micelar Solution 4 En 1 400 ml,https://www.soriana.com/dw/image/v2/BGBD_PRD/on/demandware.static/-/Sites-soriana-grocery-master-catalog/default/dwc1c61f91/images/product/8429420165472_A.jpg?sw=473&sh=473&sm=fit,https://www.soriana.com/farmacia/,/isdin-micelar-solution-4-en-1-400-ml/8003537.html,$479.00,vacio,Hasta 5 MSI,vacio,Puntos 'dobles' al pagar con 'FALABELLA',vacio,2026-07-02
Farmacia,Dermatológicos,Exfoliante Clearasil Stubborn Acne Control 200 ml,https://www.soriana.com/dw/image/v2/BGBD_PRD/on/demandware.static/-/Sites-soriana-grocery-master-catalog/default/dw730698fa/images/product/0839977006285_A.jpg?sw=473&sh=473&sm=fit,https://www.soriana.com/farmacia/,/exfoliante-clearasil-stubborn-acne-control-200-ml/11670474.html,$187.00,vacio,vacio,vacio,Puntos 'dobles' al pagar con 'FALABELLA',vacio,2026-07-02
Farmacia,Dermatológicos,Eucerin Dermo Pure Gel de Limpieza 400ml,https://www.soriana.com/dw/image/v2/BGBD_PRD/on/demandware.static/-/Sites-soriana-grocery-master-catalog/default/dw9a557eb6/images/product/4006000183572_A.jpg?sw=473&sh=473&sm=fit,https://www.soriana.com/farmacia/,/eucerin-dermo-pure-gel-de-limpieza-400ml/11899248.html,$646.00,vacio,vacio,vacio,Puntos 'dobles' al pagar con 'FALABELLA',vacio,2026-07-02
Farmacia,Dermatológicos,Labello Balsamo Beauty Rojo 4.8 Gr,https://www.soriana.com/dw/image/v2/BGBD_PRD/on/demandware.static/-/Sites-soriana-grocery-master-catalog/default/dwbbb650d3/images/product/4005900948670_A.jpg?sw=473&sh=473&sm=fit,https://www.soriana.com/farmacia/,/labello-balsamo-beauty-rojo-4.8-gr/11663767.html,$113.00,vacio,vacio,vacio,Puntos 'dobles' al pagar con 'FALABELLA',vacio,2026-07-02
Farmacia,Dermatológicos,Eucerin Anti-Pigment Gel Limpiador Facia,https://www.soriana.com/dw/image/v2/BGBD_PRD/on/demandware.static/-/Sites-soriana-grocery-master-catalog/default/dwb9179e67/images/product/4005800346583_A.jpg?sw=473&sh=473&sm=fit,https://www.soriana.com/farmacia/,/eucerin-anti-pigment-gel-limpiador-facia/11870417.html,$609.00,vacio,vacio,vacio,Puntos 'dobles' al pagar con 'FALABELLA',vacio,2026-07-02
Farmacia,Dermatológicos,Eucerin Hyaluron Filler 3xEffect Serum Reafirmante 30 ml,https://www.soriana.com/dw/image/v2/BGBD_PRD/on/demandware.static/-/Sites-soriana-grocery-master-catalog/default/dw6b2c46a4/images/product/4006000194189_1.jpg?sw=473&sh=473&sm=fit,https://www.soriana.com/farmacia/,/eucerin-hyaluron-filler-3xeffect-serum-reafirmante-30-ml/11924072.html,$978.00,vacio,vacio,vacio,Puntos 'dobles' al pagar con 'FALABELLA',vacio,2026-07-02
Farmacia,Dermatológicos,Vichy Kit Capsol + Agua Solar SS 2026 con 1 pieza,https://www.soriana.com/dw/image/v2/BGBD_PRD/on/demandware.static/-/Sites-soriana-grocery-master-catalog/default/dw799fed18/images/product/7509552998924_A.jpg?sw=473&sh=473&sm=fit,https://www.soriana.com/farmacia/,/vichy-kit-capsol-agua-solar-ss-2026-con-1-pieza/11926529.html,"$1,252.30",vacio,vacio,vacio,Puntos 'dobles' al pagar con 'FALABELLA',vacio,2026-07-02
Farmacia,Dermatológicos,Eclipsol Ultra Crema Protector Solar 125g,https://www.soriana.com/dw/image/v2/BGBD_PRD/on/demandware.static/-/Sites-soriana-grocery-master-catalog/default/dwf89612e3/images/product/37836012365_A.jpg?sw=473&sh=473&sm=fit,https://www.soriana.com/farmacia/,/eclipsol-ultra-crema-protector-solar-125g/11635851.html,$509.00,vacio,vacio,vacio,Puntos 'dobles' al pagar con 'FALABELLA',vacio,2026-07-02
Farmacia,Dermatológicos,Eucerin 3Pack Dermo Pure Serum + Concentrado + Gel Mini,https://www.soriana.com/dw/image/v2/BGBD_PRD/on/demandware.static/-/Sites-soriana-grocery-master-catalog/default/dw0f526b72/images/product/4006000218618_A.jpg?sw=473&sh=473&sm=fit,https://www.soriana.com/farmacia/,/eucerin-3pack-dermo-pure-serum-concentrado-gel-mini/11900050.html,"$1,337.00",vacio,vacio,vacio,Puntos 'dobles' al pagar con 'FALABELLA',vacio,2026-07-02
Farmacia,Dermatológicos,Isdin Fotoultra Spot Prevent 50 Ml,https://www.soriana.com/dw/image/v2/BGBD_PRD/on/demandware.static/-/Sites-soriana-grocery-master-catalog/default/dw40ae6ad7/images/product/8429420160804_A.jpg?sw=473&sh=473&sm=fit,https://www.soriana.com/farmacia/,/isdin-fotoultra-spot-prevent-50-ml/8008299.html,$839.00,vacio,Hasta 5 MSI,vacio,Puntos 'dobles' al pagar con 'FALABELLA',vacio,2026-07-02
Farmacia,Dermatológicos,Bloqueador La Roche Posay Anthelios Uv Mune 50 ml,https://www.soriana.com/dw/image/v2/BGBD_PRD/on/demandware.static/-/Sites-soriana-grocery-master-catalog/default/dwb77afaa1/images/product/3337875797597_A.jpg?sw=473&sh=473&sm=fit,https://www.soriana.com/farmacia/,/bloqueador-la-roche-posay-anthelios-uv-mune-50-ml/8011684.html,$799.00,vacio,Hasta 5 MSI,vacio,Puntos 'dobles' al pagar con 'FALABELLA',vacio,2026-07-02
Farmacia,Dermatológicos,Maya Solar After Sun Loción 125 ml,https://www.soriana.com/dw/image/v2/BGBD_PRD/on/demandware.static/-/Sites-soriana-grocery-master-catalog/default/dwaa12cc92/images/product/7503007641502_A.jpg?sw=473&sh=473&sm=fit,https://www.soriana.com/farmacia/,/maya-solar-after-sun-locion-125-ml/11583609.html,$155.00,vacio,vacio,vacio,Puntos 'dobles' al pagar con 'FALABELLA',vacio,2026-07-02
Farmacia,Dermatológicos,Crema facial Eucerin Anti Pigment 50 ml,https://www.soriana.com/dw/image/v2/BGBD_PRD/on/demandware.static/-/Sites-soriana-grocery-master-catalog/default/dwccd96139/images/product/4005900559500_A.jpg?sw=473&sh=473&sm=fit,https://www.soriana.com/farmacia/,/crema-facial-eucerin-anti-pigment-50-ml/11686309.html,"$1,219.00",vacio,vacio,vacio,Puntos 'dobles' al pagar con 'FALABELLA',vacio,2026-07-02
Farmacia,Dermatológicos,Clearasil Rapid Rescue Pads 90 Piezas,https://www.soriana.com/dw/image/v2/BGBD_PRD/on/demandware.static/-/Sites-soriana-grocery-master-catalog/default/dw405f53c7/images/product/0839977009200_A.jpg?sw=473&sh=473&sm=fit,https://www.soriana.com/farmacia/,/clearasil-rapid-rescue-pads-90-piezas/11675117.html,$174.00,vacio,vacio,vacio,Puntos 'dobles' al pagar con 'FALABELLA',vacio,2026-07-02
Farmacia,Dermatológicos,Asepxia Jabón Suavizante Cuidado cara y cuerpo 4 Pack,https://www.soriana.com/dw/image/v2/BGBD_PRD/on/demandware.static/-/Sites-soriana-grocery-master-catalog/default/dw686327a7/images/product/650240074691_A.jpg?sw=473&sh=473&sm=fit,https://www.soriana.com/farmacia/,/asepxia-jabon-suavizante-cuidado-cara-y-cuerpo-4-pack/11868739.html,$102.00,vacio,vacio,vacio,Puntos 'dobles' al pagar con 'FALABELLA',vacio,2026-07-02
Farmacia,Dermatológicos,Eclipsol Ultra Loción Protector Solar 125g,https://www.soriana.com/dw/image/v2/BGBD_PRD/on/demandware.static/-/Sites-soriana-grocery-master-catalog/default/dwda9cbfa5/images/product/37836012372_A.jpg?sw=473&sh=473&sm=fit,https://www.soriana.com/farmacia/,/eclipsol-ultra-locion-protector-solar-125g/11635852.html,$529.00,vacio,vacio,vacio,Puntos 'dobles' al pagar con 'FALABELLA',vacio,2026-07-02
Farmacia,Dermatológicos,Asepxia Jabón Neutro Derma Cuidado cara y cuerpo 100 G,https://www.soriana.com/dw/image/v2/BGBD_PRD/on/demandware.static/-/Sites-soriana-grocery-master-catalog/default/dwdd705128/images/product/650240074271_A.jpg?sw=473&sh=473&sm=fit,https://www.soriana.com/farmacia/,/asepxia-jabon-neutro-derma-cuidado-cara-y-cuerpo-100-g/11868544.html,$29.50,vacio,vacio,vacio,Puntos 'dobles' al pagar con 'FALABELLA',vacio,2026-07-02
Farmacia,Dermatológicos,La Roche Posay Lipikar Baume Light AP+M con 400 mililitros,https://www.soriana.com/dw/image/v2/BGBD_PRD/on/demandware.static/-/Sites-soriana-grocery-master-catalog/default/dw21bc7bc0/images/product/3337875803786_A.jpg?sw=473&sh=473&sm=fit,https://www.soriana.com/farmacia/,/la-roche-posay-lipikar-baume-light-apm-con-400-mililitros/11926885.html,$735.00,vacio,vacio,vacio,Puntos 'dobles' al pagar con 'FALABELLA',vacio,2026-07-02
Farmacia,Dermatológicos,Babaria Acido Hiauronico Crema 50 Ml,https://www.soriana.com/dw/image/v2/BGBD_PRD/on/demandware.static/-/Sites-soriana-grocery-master-catalog/default/dw6076e101/images/product/8410412100243_A.jpg?sw=473&sh=473&sm=fit,https://www.soriana.com/farmacia/,/babaria-acido-hiauronico-crema-50-ml/11727703.html,$181.00,vacio,vacio,vacio,Puntos 'dobles' al pagar con 'FALABELLA',vacio,2026-07-02
Farmacia,Dermatológicos,Eucerin Hyaluron Filler Pore Minimizer S,https://www.soriana.com/dw/image/v2/BGBD_PRD/on/demandware.static/-/Sites-soriana-grocery-master-catalog/default/dwd44f9b0d/images/product/7501054550211_A.jpg?sw=473&sh=473&sm=fit,https://www.soriana.com/farmacia/,/eucerin-hyaluron-filler-pore-minimizer-s/11819127.html,"$1,219.00",vacio,vacio,vacio,Puntos 'dobles' al pagar con 'FALABELLA',vacio,2026-07-02
Farmacia,Dermatológicos,Ducray Neopt Serum A-Cai Duo C/50 Ml,https://www.soriana.com/dw/image/v2/BGBD_PRD/on/demandware.static/-/Sites-soriana-grocery-master-catalog/default/dwad76632f/images/product/3282770153255_A.jpg?sw=473&sh=473&sm=fit,https://www.soriana.com/farmacia/,/ducray-neopt-serum-a-cai--duo-c-50-ml/8012557.html,"$1,174.00",vacio,vacio,vacio,Puntos 'dobles' al pagar con 'FALABELLA',vacio,2026-07-02
Farmacia,Dermatológicos,Eucerin Dermopure Triple Effect Serum 40,https://www.soriana.com/dw/image/v2/BGBD_PRD/on/demandware.static/-/Sites-soriana-grocery-master-catalog/default/dw298fbec3/images/product/4005900873347_A.jpg?sw=473&sh=473&sm=fit,https://www.soriana.com/farmacia/,/eucerin-dermopure-triple-effect-serum-40/11819120.html,$979.00,vacio,vacio,vacio,Puntos 'dobles' al pagar con 'FALABELLA',vacio,2026-07-02
Farmacia,Dermatológicos,Bloqueador La Roche Anth Oil Correct Fps50 50Ml,https://www.soriana.com/dw/image/v2/BGBD_PRD/on/demandware.static/-/Sites-soriana-grocery-master-catalog/default/dwe7f8faa9/images/product/3337875797467_A.jpg?sw=473&sh=473&sm=fit,https://www.soriana.com/farmacia/,/bloqueador-la-roche-anth-oil-correct-fps50-50ml/8011717.html,$929.00,vacio,vacio,vacio,Puntos 'dobles' al pagar con 'FALABELLA',vacio,2026-07-02
Farmacia,Dermatológicos,Eucerin Gel Limpiador Facial Dermopure 4,https://www.soriana.com/dw/image/v2/BGBD_PRD/on/demandware.static/-/Sites-soriana-grocery-master-catalog/default/dw334a8b6d/images/product/4005800180606_A.jpg?sw=473&sh=473&sm=fit,https://www.soriana.com/farmacia/,/eucerin-gel-limpiador-facial-dermopure-4/11819016.html,$741.00,vacio,vacio,vacio,Puntos 'dobles' al pagar con 'FALABELLA',vacio,2026-07-02
Farmacia,Dermatológicos,La Roche Posay Anthelios Uvmune +Mic+B5,https://www.soriana.com/dw/image/v2/BGBD_PRD/on/demandware.static/-/Sites-soriana-grocery-master-catalog/default/dwf6b572ed/images/product/7509552935608_A.jpg?sw=473&sh=473&sm=fit,https://www.soriana.com/farmacia/,/la-roche-posay-anthelios-uvmune-micb5/11789586.html,$639.00,vacio,vacio,vacio,Puntos 'dobles' al pagar con 'FALABELLA',vacio,2026-07-02
Farmacia,Dermatológicos,Eucerin Pacl Sun Face Antipigment,https://www.soriana.com/dw/image/v2/BGBD_PRD/on/demandware.static/-/Sites-soriana-grocery-master-catalog/default/dw7097bdb4/images/product/4006000177502_A.jpg?sw=473&sh=473&sm=fit,https://www.soriana.com/farmacia/,/eucerin-pacl-sun-face-antipigment/11870356.html,$798.00,vacio,vacio,vacio,Puntos 'dobles' al pagar con 'FALABELLA',vacio,2026-07-02
Farmacia,Dermatológicos,"Hero Parches para Acné Mighty Patch Surface, 10 pzas",https://www.soriana.com/dw/image/v2/BGBD_PRD/on/demandware.static/-/Sites-soriana-grocery-master-catalog/default/dw5a8455de/images/product/7501080901131_A.jpg?sw=473&sh=473&sm=fit,https://www.soriana.com/farmacia/,/hero-parches-para-acne-mighty-patch-surface-10-pzas/11847396.html,$385.00,vacio,vacio,vacio,Puntos 'dobles' al pagar con 'FALABELLA',vacio,2026-07-02
Farmacia,Dermatológicos,"Hero Parches para Acné Mighty Patch Invisible+, Caja con 24 pzas",https://www.soriana.com/dw/image/v2/BGBD_PRD/on/demandware.static/-/Sites-soriana-grocery-master-catalog/default/dw281790a7/images/product/7501080901094_A.jpg?sw=473&sh=473&sm=fit,https://www.soriana.com/farmacia/,/hero-parches-para-acne-mighty-patch-invisible-caja-con-24-pzas/11848649.html,$209.00,vacio,vacio,vacio,Puntos 'dobles' al pagar con 'FALABELLA',vacio,2026-07-02
Farmacia,Dermatológicos,Bye Bites! Repelente De Insectos Natural 130 ml,https://www.soriana.com/dw/image/v2/BGBD_PRD/on/demandware.static/-/Sites-soriana-grocery-master-catalog/default/dw38d00d03/images/product/7502254360105_A.jpg?sw=473&sh=473&sm=fit,https://www.soriana.com/farmacia/,/bye-bites-repelente-de-insectos-natural-130-ml/9072598.html,$110.00,vacio,vacio,vacio,Puntos 'dobles' al pagar con 'FALABELLA',vacio,2026-07-02
Farmacia,Dermatológicos,Crema facial Vichy Hyaluronic 15 ml,https://www.soriana.com/dw/image/v2/BGBD_PRD/on/demandware.static/-/Sites-soriana-grocery-master-catalog/default/dw7f4f370d/images/product/3337871323332_A.jpg?sw=473&sh=473&sm=fit,https://www.soriana.com/farmacia/,/crema-facial-vichy-hyaluronic-15-ml/8001262.html,"$1,239.00",vacio,Hasta 5 MSI,vacio,Puntos 'dobles' al pagar con 'FALABELLA',vacio,2026-07-02
Farmacia,Dermatológicos,Vichy Dermablend 45 Gold Flu 30 ml,https://www.soriana.com/dw/image/v2/BGBD_PRD/on/demandware.static/-/Sites-soriana-grocery-master-catalog/default/dw0ca742e1/images/product/3337871316624_A.jpg?sw=473&sh=473&sm=fit,https://www.soriana.com/farmacia/,/vichy-dermablend-45-gold-flu-30-ml/8001325.html,"$1,165.00",vacio,Hasta 5 MSI,vacio,Puntos 'dobles' al pagar con 'FALABELLA',vacio,2026-07-02
Farmacia,Dermatológicos,Crema Isdin Vital Eyes Rejuvenate 15 g,https://www.soriana.com/dw/image/v2/BGBD_PRD/on/demandware.static/-/Sites-soriana-grocery-master-catalog/default/dwf29fff44/images/product/8429420203082_A.jpg?sw=473&sh=473&sm=fit,https://www.soriana.com/farmacia/,/crema-isdin-vital-eyes-rejuvenate-15-g/8012460.html,"$1,065.00",vacio,Hasta 5 MSI,vacio,Puntos 'dobles' al pagar con 'FALABELLA',vacio,2026-07-02
Farmacia,Dermatológicos,La Roche Posay Toleriane Dermallergo Hidratante 40 ml,https://www.soriana.com/dw/image/v2/BGBD_PRD/on/demandware.static/-/Sites-soriana-grocery-master-catalog/default/dwf4c0e9fa/images/product/3337875757669_A.jpg?sw=473&sh=473&sm=fit,https://www.soriana.com/farmacia/,/la-roche-posay-toleriane-dermallergo-hidratante-40-ml/8011588.html,"$1,115.00",vacio,Hasta 5 MSI,vacio,Puntos 'dobles' al pagar con 'FALABELLA',vacio,2026-07-02
Farmacia,Dermatológicos,Racel Glicerina 130 ml,https://www.soriana.com/dw/image/v2/BGBD_PRD/on/demandware.static/-/Sites-soriana-grocery-master-catalog/default/dw1d1ed97e/images/product/7501044204025_A.jpg?sw=473&sh=473&sm=fit,https://www.soriana.com/farmacia/,/racel-glicerina-130-ml/11594271.html,$75.50,vacio,vacio,vacio,Puntos 'dobles' al pagar con 'FALABELLA',vacio,2026-07-02
Farmacia,Dermatológicos,Bioderma PhotoDerm Max 50+ FPS Tono Dorado 40 ml,https://www.soriana.com/dw/image/v2/BGBD_PRD/on/demandware.static/-/Sites-soriana-grocery-master-catalog/default/dw6a3c712e/images/product/3701129804391_A.jpg?sw=473&sh=473&sm=fit,https://www.soriana.com/farmacia/,/bioderma-photoderm-max-50-fps-tono-dorado-40-ml/11658080.html,$775.00,vacio,vacio,vacio,Puntos 'dobles' al pagar con 'FALABELLA',vacio,2026-07-02
Farmacia,Dermatológicos,Protector de Labios Golba Cereza 4.5 g,https://www.soriana.com/dw/image/v2/BGBD_PRD/on/demandware.static/-/Sites-soriana-grocery-master-catalog/default/dwd2cc04b3/images/product/7501006871722_A.jpg?sw=473&sh=473&sm=fit,https://www.soriana.com/farmacia/,/protector-de-labios-golba-cereza-4.5-g/1252715.html,$29.90,vacio,vacio,vacio,Puntos 'dobles' al pagar con 'FALABELLA',vacio,2026-07-02
Farmacia,Dermatológicos,Gel corporal Golba Solar 400 ml,https://www.soriana.com/dw/image/v2/BGBD_PRD/on/demandware.static/-/Sites-soriana-grocery-master-catalog/default/dwae49b094/images/product/7501006870992_A.jpg?sw=473&sh=473&sm=fit,https://www.soriana.com/farmacia/,/gel-corporal-golba-solar-400-ml/1376504.html,$95.00,vacio,vacio,vacio,Puntos 'dobles' al pagar con 'FALABELLA',vacio,2026-07-02
Farmacia,Dermatológicos,Crema facial Eucerin Hyaluron-Filler 50 ml,https://www.soriana.com/dw/image/v2/BGBD_PRD/on/demandware.static/-/Sites-soriana-grocery-master-catalog/default/dwc34fc018/images/product/4005800634864_A.jpg?sw=473&sh=473&sm=fit,https://www.soriana.com/farmacia/,/crema-facial-eucerin-hyaluron-filler-50-ml/1584479.html,"$1,415.00",vacio,vacio,vacio,Puntos 'dobles' al pagar con 'FALABELLA',vacio,2026-07-02
Farmacia,Dermatológicos,Bálsamo Labial Eucerin Lip Active Protector Labial FPS 15 4.8 g,https://www.soriana.com/dw/image/v2/BGBD_PRD/on/demandware.static/-/Sites-soriana-grocery-master-catalog/default/dw9d1d4f32/images/product/4005800631702_A.jpg?sw=473&sh=473&sm=fit,https://www.soriana.com/farmacia/,/balsamo-labial-eucerin-lip-active-protector-labial-fps-15-4.8-g/1901040.html,$160.00,vacio,vacio,vacio,Puntos 'dobles' al pagar con 'FALABELLA',vacio,2026-07-02
Farmacia,Dermatológicos,Solución Picosend 11 ml,https://www.soriana.com/dw/image/v2/BGBD_PRD/on/demandware.static/-/Sites-soriana-grocery-master-catalog/default/dw76e36144/images/product/7501089810526_A.jpg?sw=473&sh=473&sm=fit,https://www.soriana.com/farmacia/,/solucion-picosend-11-ml/2804766.html,$105.58,vacio,vacio,vacio,Puntos 'dobles' al pagar con 'FALABELLA',vacio,2026-07-02
Farmacia,Dermatológicos,Shampoo Folcress Control Caspa 260 ml,https://www.soriana.com/dw/image/v2/BGBD_PRD/on/demandware.static/-/Sites-soriana-grocery-master-catalog/default/v1783043242787/images/product/7501022101995_A.png?sw=473&sh=473&sm=fit,https://www.soriana.com/farmacia/,/shampoo-folcress-control-caspa-260-ml/2847358.html,$151.50,vacio,vacio,vacio,Puntos 'dobles' al pagar con 'FALABELLA',vacio,2026-07-02
Farmacia,Dermatológicos,Cetaphil Protec Solar Fps50 Crema con 50ml,https://www.soriana.com/dw/image/v2/BGBD_PRD/on/demandware.static/-/Sites-soriana-grocery-master-catalog/default/dw1d24ad16/images/product/3499320003001_A.jpg?sw=473&sh=473&sm=fit,https://www.soriana.com/farmacia/,/cetaphil-protec-solar-fps50-crema-con-50ml/3052956.html,$616.00,vacio,vacio,vacio,Puntos 'dobles' al pagar con 'FALABELLA',vacio,2026-07-02
Farmacia,Dermatológicos,Sebryl Shampoo 150g,https://www.soriana.com/dw/image/v2/BGBD_PRD/on/demandware.static/-/Sites-soriana-grocery-master-catalog/default/dwb16f528c/images/product/7501101649653_A.jpg?sw=473&sh=473&sm=fit,https://www.soriana.com/farmacia/,/sebryl-shampoo-150g/3071133.html,$475.00,vacio,vacio,vacio,Puntos 'dobles' al pagar con 'FALABELLA',vacio,2026-07-02
Farmacia,Dermatológicos,Latisse Gts 60 Aplicadores Sol C/60,https://www.soriana.com/dw/image/v2/BGBD_PRD/on/demandware.static/-/Sites-soriana-grocery-master-catalog/default/dwe5d1377a/images/product/7501201400741_A.jpg?sw=473&sh=473&sm=fit,https://www.soriana.com/farmacia/,/latisse-gts-60-aplicadores-sol-c-60/3076794.html,"$2,932.00",vacio,vacio,vacio,Puntos 'dobles' al pagar con 'FALABELLA',vacio,2026-07-02
Farmacia,Dermatológicos,Agua micelar Bioderma Sébium H2O 100 ml,https://www.soriana.com/dw/image/v2/BGBD_PRD/on/demandware.static/-/Sites-soriana-grocery-master-catalog/default/dwa25a8c45/images/product/3401395376935_A.jpg?sw=473&sh=473&sm=fit,https://www.soriana.com/farmacia/,/agua-micelar-bioderma-sebium-h2o-100-ml/2199672.html,$269.00,vacio,Hasta 5 MSI,vacio,Puntos 'dobles' al pagar con 'FALABELLA',vacio,2026-07-02
Farmacia,Dermatológicos,Zaxcell Gel C/30g,https://www.soriana.com/dw/image/v2/BGBD_PRD/on/demandware.static/-/Sites-soriana-grocery-master-catalog/default/dwa2a4f688/images/product/7502224227131_A.jpg?sw=473&sh=473&sm=fit,https://www.soriana.com/farmacia/,/zaxcell-gel-c-30g/2348193.html,"$1,141.00",vacio,vacio,vacio,Puntos 'dobles' al pagar con 'FALABELLA',vacio,2026-07-02
Farmacia,Dermatológicos,Jabón Grisi de Azufre 100 g,https://www.soriana.com/dw/image/v2/BGBD_PRD/on/demandware.static/-/Sites-soriana-grocery-master-catalog/default/dwdcc6389d/images/product/7501022101209_A.jpg?sw=473&sh=473&sm=fit,https://www.soriana.com/farmacia/,/jabon-grisi-de-azufre-100-g/553598.html,$59.90,vacio,vacio,vacio,Puntos 'dobles' al pagar con 'FALABELLA',vacio,2026-07-02
Farmacia,Dermatológicos,Tratamiento corporal Andrómaco Pasta de lassar 125 g,https://www.soriana.com/dw/image/v2/BGBD_PRD/on/demandware.static/-/Sites-soriana-grocery-master-catalog/default/dw803a0385/images/product/7501289511407_A.jpg?sw=473&sh=473&sm=fit,https://www.soriana.com/farmacia/,/tratamiento-corporal-andromaco-pasta-de-lassar-125-g/561810.html,$154.00,vacio,vacio,vacio,Puntos 'dobles' al pagar con 'FALABELLA',vacio,2026-07-02
Farmacia,Dermatológicos,Carmex Balsamo con 7.5 Gr,https://www.soriana.com/dw/image/v2/BGBD_PRD/on/demandware.static/-/Sites-soriana-grocery-master-catalog/default/dw990e6c6b/images/product/0083078003630_A.jpg?sw=473&sh=473&sm=fit,https://www.soriana.com/farmacia/,/carmex-balsamo-con-7.5-gr/2611107.html,$60.90,vacio,vacio,vacio,Puntos 'dobles' al pagar con 'FALABELLA',vacio,2026-07-02
Farmacia,Dermatológicos,Crema corporal Medihealth Glicolic 60 g,https://www.soriana.com/dw/image/v2/BGBD_PRD/on/demandware.static/-/Sites-soriana-grocery-master-catalog/default/dw2efc41df/images/product/7705849004013_A.jpg?sw=473&sh=473&sm=fit,https://www.soriana.com/farmacia/,/crema-corporal-medihealth-glicolic-60-g/577673.html,"$1,035.00",vacio,vacio,vacio,Puntos 'dobles' al pagar con 'FALABELLA',vacio,2026-07-02
Farmacia,Dermatológicos,Barra Dermolimpiadora Alergibón 120 Gr,https://www.soriana.com/dw/image/v2/BGBD_PRD/on/demandware.static/-/Sites-soriana-grocery-master-catalog/default/dwa7951799/images/product/7502003560367_A.jpg?sw=473&sh=473&sm=fit,https://www.soriana.com/farmacia/,/barra-dermolimpiadora-alergibon-120-gr/627681.html,$110.00,vacio,vacio,vacio,Puntos 'dobles' al pagar con 'FALABELLA',vacio,2026-07-02
Farmacia,Dermatológicos,Blistex Labial Crema con 6g,https://www.soriana.com/dw/image/v2/BGBD_PRD/on/demandware.static/-/Sites-soriana-grocery-master-catalog/default/dw1fffff60/images/product/7501070617417_A.jpg?sw=473&sh=473&sm=fit,https://www.soriana.com/farmacia/,/blistex-labial-crema-con-6g/700253.html,$89.90,vacio,vacio,vacio,Puntos 'dobles' al pagar con 'FALABELLA',vacio,2026-07-02
Farmacia,Dermatológicos,Photoderm Aquafl Claro Spf50+ 40Ml,https://www.soriana.com/dw/image/v2/BGBD_PRD/on/demandware.static/-/Sites-soriana-grocery-master-catalog/default/dw0b306b7d/images/product/3701129804384_A.jpg?sw=473&sh=473&sm=fit,https://www.soriana.com/farmacia/,/photoderm-aquafl-claro-spf50-40ml/11833794.html,$625.00,vacio,vacio,vacio,Puntos 'dobles' al pagar con 'FALABELLA',vacio,2026-07-02
Farmacia,Dermatológicos,Cerave Bálsamo Reparador Avanzado 50Ml S,https://www.soriana.com/dw/image/v2/BGBD_PRD/on/demandware.static/-/Sites-soriana-grocery-master-catalog/default/dw36e523ff/images/product/3337875848473_A.jpg?sw=473&sh=473&sm=fit,https://www.soriana.com/farmacia/,/cerave-balsamo-reparador-avanzado-50ml-s/11870918.html,$299.00,vacio,vacio,vacio,Puntos 'dobles' al pagar con 'FALABELLA',vacio,2026-07-02
Farmacia,Dermatológicos,Vichy Bloq Cap Sol Uv-Clear Spf50+ 40Ml,https://www.soriana.com/dw/image/v2/BGBD_PRD/on/demandware.static/-/Sites-soriana-grocery-master-catalog/default/dwc9b36bf6/images/product/3337875837149_A.jpg?sw=473&sh=473&sm=fit,https://www.soriana.com/farmacia/,/vichy-bloq-cap-sol-uv-clear-spf50-40ml/11818681.html,$731.00,vacio,vacio,vacio,Puntos 'dobles' al pagar con 'FALABELLA',vacio,2026-07-02
Farmacia,Dermatológicos,Eucerin Anti-Pigment Hand Crema 75Ml Sin,https://www.soriana.com/dw/image/v2/BGBD_PRD/on/demandware.static/-/Sites-soriana-grocery-master-catalog/default/dw81009d8a/images/product/4005900838841_A.jpg?sw=473&sh=473&sm=fit,https://www.soriana.com/farmacia/,/eucerin-anti-pigment-hand-crema-75ml-sin/11819121.html,$635.00,vacio,vacio,vacio,Puntos 'dobles' al pagar con 'FALABELLA',vacio,2026-07-02
Farmacia,Dermatológicos,La Roche Posay Anthelios Uvmune Flu Colo,https://www.soriana.com/dw/image/v2/BGBD_PRD/on/demandware.static/-/Sites-soriana-grocery-master-catalog/default/dw71b493a6/images/product/7509552935585_A.jpg?sw=473&sh=473&sm=fit,https://www.soriana.com/farmacia/,/la-roche-posay-anthelios-uvmune-flu-colo/11789583.html,$599.00,vacio,vacio,vacio,Puntos 'dobles' al pagar con 'FALABELLA',vacio,2026-07-02
Farmacia,Dermatológicos,Crema facial La Roche-Posay Redermic R 15 ml,https://www.soriana.com/dw/image/v2/BGBD_PRD/on/demandware.static/-/Sites-soriana-grocery-master-catalog/default/dwa3853870/images/product/3337872414039_A.jpg?sw=473&sh=473&sm=fit,https://www.soriana.com/farmacia/,/crema-facial-la-roche-posay-redermic-r-15-ml/8001216.html,"$1,549.00",vacio,Hasta 5 MSI,vacio,Puntos 'dobles' al pagar con 'FALABELLA',vacio,2026-07-02
Farmacia,Dermatológicos,La Roche Eau Therm P Sens Aerosol 150 Gr,https://www.soriana.com/dw/image/v2/BGBD_PRD/on/demandware.static/-/Sites-soriana-grocery-master-catalog/default/dwba3ab578/images/product/3433422404397_A.jpg?sw=473&sh=473&sm=fit,https://www.soriana.com/farmacia/,/la-roche-eau-therm-p-sens-aerosol-150-gr/8001189.html,$555.00,vacio,Hasta 5 MSI,vacio,Puntos 'dobles' al pagar con 'FALABELLA',vacio,2026-07-02
Farmacia,Dermatológicos,"Avene Leche, 50 Crem 250 ml",https://www.soriana.com/dw/image/v2/BGBD_PRD/on/demandware.static/-/Sites-soriana-grocery-master-catalog/default/dw12f2c9ea/images/product/3282770049510_A.jpg?sw=473&sh=473&sm=fit,https://www.soriana.com/farmacia/,/avene-leche-50-crem-250-ml/8002792.html,$715.00,vacio,Hasta 5 MSI,vacio,Puntos 'dobles' al pagar con 'FALABELLA',vacio,2026-07-02
Farmacia,Dermatológicos,La Roche Posay Lipikar Limpiador en Aceite 400 ml,https://www.soriana.com/dw/image/v2/BGBD_PRD/on/demandware.static/-/Sites-soriana-grocery-master-catalog/default/dw83403ab5/images/product/3337875656764_A.jpg?sw=473&sh=473&sm=fit,https://www.soriana.com/farmacia/,/la-roche-posay-lipikar-limpiador-en-aceite-400-ml/8011673.html,$759.00,vacio,Hasta 5 MSI,vacio,Puntos 'dobles' al pagar con 'FALABELLA',vacio,2026-07-02
Farmacia,Dermatológicos,Isdinceutics Essential Cleansing 200 ml,https://www.soriana.com/dw/image/v2/BGBD_PRD/on/demandware.static/-/Sites-soriana-grocery-master-catalog/default/dw915c216f/images/product/8429420218758_A.jpg?sw=473&sh=473&sm=fit,https://www.soriana.com/farmacia/,/isdinceutics-essential-cleansing-200-ml/11929274.html,$773.00,vacio,vacio,vacio,Puntos 'dobles' al pagar con 'FALABELLA',vacio,2026-07-02
Farmacia,Dermatológicos,Vitascom Loción Repe De Piojos 120 Ml Vi,https://www.soriana.com/dw/image/v2/BGBD_PRD/on/demandware.static/-/Sites-soriana-grocery-master-catalog/default/dw509efbec/images/product/7500525398949_A.jpg?sw=473&sh=473&sm=fit,https://www.soriana.com/farmacia/,/vitascom-locion-repe-de-piojos-120-ml-vi/11618931.html,$67.00,vacio,vacio,vacio,Puntos 'dobles' al pagar con 'FALABELLA',vacio,2026-07-02
Farmacia,Dermatológicos,Crema Contorno de Ojos y Labios Collagenic,https://www.soriana.com/dw/image/v2/BGBD_PRD/on/demandware.static/-/Sites-soriana-grocery-master-catalog/default/dw0e319583/images/product/7503036605957_A.jpg?sw=473&sh=473&sm=fit,https://www.soriana.com/farmacia/,/crema-contorno-de-ojos-y-labios-collagenic/11696583.html,$259.00,vacio,vacio,vacio,Puntos 'dobles' al pagar con 'FALABELLA',vacio,2026-07-02
Farmacia,Dermatológicos,Eucerin Dermo Pure Fluido Facial Matificante 40ml,https://www.soriana.com/dw/image/v2/BGBD_PRD/on/demandware.static/-/Sites-soriana-grocery-master-catalog/default/dwa0dae2e5/images/product/4006000183602_A.jpg?sw=473&sh=473&sm=fit,https://www.soriana.com/farmacia/,/eucerin-dermo-pure-fluido-facial-matificante-40ml/11899259.html,$742.00,vacio,vacio,vacio,Puntos 'dobles' al pagar con 'FALABELLA',vacio,2026-07-02
Farmacia,Dermatológicos,Kit dermatológico LA ROCHE-POSAY Pure Niacinamide 10 Serum concentrado,https://www.soriana.com/dw/image/v2/BGBD_PRD/on/demandware.static/-/Sites-soriana-grocery-master-catalog/default/dw6de3cf50/images/product/7509552883213_A.jpg?sw=473&sh=473&sm=fit,https://www.soriana.com/farmacia/,/kit-dermatologico-la-roche-posay-pure-niacinamide-10-serum-concentrado/11736230.html,"$1,120.00",vacio,vacio,vacio,Puntos 'dobles' al pagar con 'FALABELLA',vacio,2026-07-02
Farmacia,Dermatológicos,Vichy Liftactiv Collagen Specialist Tratamiento de Ojos 5%- Complejo Pro-Collagen con 15 mililitros,https://www.soriana.com/dw/image/v2/BGBD_PRD/on/demandware.static/-/Sites-soriana-grocery-master-catalog/default/dwe83e337b/images/product/3337875873048_A.jpg?sw=473&sh=473&sm=fit,https://www.soriana.com/farmacia/,/vichy-liftactiv-collagen-specialist-tratamiento-de-ojos-5---complejo-pro-collagen-con-15-mililitros/11926910.html,"$1,079.00",vacio,vacio,vacio,Puntos 'dobles' al pagar con 'FALABELLA',vacio,2026-07-02
Farmacia,Dermatológicos,Isdin Fotop Fusion Water Pediatric 50 Ml,https://www.soriana.com/dw/image/v2/BGBD_PRD/on/demandware.static/-/Sites-soriana-grocery-master-catalog/default/dwfc8c8842/images/product/8429420196377_A.jpg?sw=473&sh=473&sm=fit,https://www.soriana.com/farmacia/,/isdin-fotop-fusion-water-pediatric-50-ml/8008296.html,$813.00,vacio,Hasta 5 MSI,vacio,Puntos 'dobles' al pagar con 'FALABELLA',vacio,2026-07-02
Farmacia,Dermatológicos,Britesun Bloqueador Kids 150 Ml,https://www.soriana.com/dw/image/v2/BGBD_PRD/on/demandware.static/-/Sites-soriana-grocery-master-catalog/default/dw0bd545fa/images/product/7502284670083_A.jpg?sw=473&sh=473&sm=fit,https://www.soriana.com/farmacia/,/britesun-bloqueador-kids-150-ml/8008456.html,$163.00,vacio,vacio,vacio,Puntos 'dobles' al pagar con 'FALABELLA',vacio,2026-07-02
Farmacia,Dermatológicos,Maya Solar Bloqueador 125 Ml,https://www.soriana.com/dw/image/v2/BGBD_PRD/on/demandware.static/-/Sites-soriana-grocery-master-catalog/default/dw5b59d852/images/product/7503007641540_A.jpg?sw=473&sh=473&sm=fit,https://www.soriana.com/farmacia/,/maya-solar-bloqueador-125-ml/11583607.html,$385.00,vacio,vacio,vacio,Puntos 'dobles' al pagar con 'FALABELLA',vacio,2026-07-02
Farmacia,Dermatológicos,Ungüento Neomicina/Retinol 28 g,https://www.soriana.com/dw/image/v2/BGBD_PRD/on/demandware.static/-/Sites-soriana-grocery-master-catalog/default/dw1b4310bf/images/product/7502001165724_A.jpg?sw=473&sh=473&sm=fit,https://www.soriana.com/farmacia/,/unguento-neomicina-retinol-28-g/11670525.html,$50.50,vacio,vacio,vacio,Puntos 'dobles' al pagar con 'FALABELLA',vacio,2026-07-02
Farmacia,Dermatológicos,Delicate Menta Barra 12 g,https://www.soriana.com/dw/image/v2/BGBD_PRD/on/demandware.static/-/Sites-soriana-grocery-master-catalog/default/dw5d00ce3f/images/product/7500462314538_A.jpg?sw=473&sh=473&sm=fit,https://www.soriana.com/farmacia/,/delicate-menta-barra-12-g/11679463.html,$75.50,vacio,vacio,vacio,Puntos 'dobles' al pagar con 'FALABELLA',vacio,2026-07-02
Farmacia,Dermatológicos,AAA UNG 25 G,https://www.soriana.com/on/demandware.static/-/Library-Sites-SorianaSharedLib/default/dw1c729079/images/noimagelarge.png,https://www.soriana.com/farmacia/,/aaa-ung-25-g/582986.html,$36.50,vacio,vacio,vacio,Puntos 'dobles' al pagar con 'FALABELLA',vacio,2026-07-02
Farmacia,Dermatológicos,Vichy Liftactiv B3 Eyes SPF 50+ con 15 mililitros,https://www.soriana.com/dw/image/v2/BGBD_PRD/on/demandware.static/-/Sites-soriana-grocery-master-catalog/default/dw6580b6cc/images/product/3337875918534_A.jpg?sw=473&sh=473&sm=fit,https://www.soriana.com/farmacia/,/vichy-liftactiv-b3-eyes-spf-50-con-15-mililitros/11926893.html,"$1,079.00",vacio,vacio,vacio,Puntos 'dobles' al pagar con 'FALABELLA',vacio,2026-07-02
Farmacia,Dermatológicos,Off Defense Gel 100 ml,https://www.soriana.com/dw/image/v2/BGBD_PRD/on/demandware.static/-/Sites-soriana-grocery-master-catalog/default/dwea0bae42/images/product/7503051868146_A.jpg?sw=473&sh=473&sm=fit,https://www.soriana.com/farmacia/,/off-defense-gel-100-ml/11904080.html,$147.00,vacio,vacio,vacio,Puntos 'dobles' al pagar con 'FALABELLA',vacio,2026-07-02
Farmacia,Dermatológicos,Bioderma Sensibio H2O Bomba Inversa 500 ml,https://www.soriana.com/dw/image/v2/BGBD_PRD/on/demandware.static/-/Sites-soriana-grocery-master-catalog/default/dw590444b7/images/product/3701129812129_A.jpg?sw=473&sh=473&sm=fit,https://www.soriana.com/farmacia/,/bioderma-sensibio-h2o-bomba-inversa-500-ml/11902705.html,$815.00,vacio,vacio,vacio,Puntos 'dobles' al pagar con 'FALABELLA',vacio,2026-07-02
Farmacia,Dermatológicos,Vaseline Balsamo Liquido Para Labios Berry Bisous,https://www.soriana.com/dw/image/v2/BGBD_PRD/on/demandware.static/-/Sites-soriana-grocery-master-catalog/default/dw9e27800d/images/product/8886304601233_A.jpg?sw=473&sh=473&sm=fit,https://www.soriana.com/farmacia/,/vaseline-balsamo-liquido-para-labios-berry-bisous/11917497.html,$219.00,vacio,vacio,vacio,Puntos 'dobles' al pagar con 'FALABELLA',vacio,2026-07-02
Farmacia,Dermatológicos,Kit Effaclar Para Piel Adulta con Tendencia Acneica con 1 pieza,https://www.soriana.com/dw/image/v2/BGBD_PRD/on/demandware.static/-/Sites-soriana-grocery-master-catalog/default/dwa275c36a/images/product/7509552999587_A.jpg?sw=473&sh=473&sm=fit,https://www.soriana.com/farmacia/,/kit-effaclar-para-piel-adulta-con-tendencia-acneica-con-1-pieza/11926860.html,$734.30,vacio,vacio,vacio,Puntos 'dobles' al pagar con 'FALABELLA',vacio,2026-07-02
Farmacia,Dermatológicos,Heliocare 360 SPF50 gel con 50 mililitros,https://www.soriana.com/dw/image/v2/BGBD_PRD/on/demandware.static/-/Sites-soriana-grocery-master-catalog/default/dw7df40006/images/product/8470001724137_A.jpg?sw=473&sh=473&sm=fit,https://www.soriana.com/farmacia/,/heliocare-360-spf50-gel-con-50-mililitros/11928144.html,$819.00,vacio,vacio,vacio,Puntos 'dobles' al pagar con 'FALABELLA',vacio,2026-07-02
Farmacia,Dermatológicos,Kit Piel Grasa M89 Aqua Gel + Gel Normader + UV Clear + M89 Booster 1 pieza,https://www.soriana.com/dw/image/v2/BGBD_PRD/on/demandware.static/-/Sites-soriana-grocery-master-catalog/default/dwae93ed31/images/product/7509552998986_A.jpg?sw=473&sh=473&sm=fit,https://www.soriana.com/farmacia/,/kit-piel-grasa-m89-aqua-gel-gel-normader-uv-clear-m89-booster-1-pieza/11926863.html,$679.00,vacio,vacio,vacio,Puntos 'dobles' al pagar con 'FALABELLA',vacio,2026-07-02
Farmacia,Dermatológicos,Eucerin Dermo Pure Triple Effect Crema,https://www.soriana.com/dw/image/v2/BGBD_PRD/on/demandware.static/-/Sites-soriana-grocery-master-catalog/default/dw1fbc1287/images/product/4006000077734_A.jpg?sw=473&sh=473&sm=fit,https://www.soriana.com/farmacia/,/eucerin-dermo-pure-triple-effect-crema/11856571.html,$687.00,vacio,vacio,vacio,Puntos 'dobles' al pagar con 'FALABELLA',vacio,2026-07-02
Farmacia,Dermatológicos,Eucerin Dermopure Exfoliante Oil Control,https://www.soriana.com/dw/image/v2/BGBD_PRD/on/demandware.static/-/Sites-soriana-grocery-master-catalog/default/dw0f83658f/images/product/4005900436993_A.jpg?sw=473&sh=473&sm=fit,https://www.soriana.com/farmacia/,/eucerin-dermopure-exfoliante-oil-control/11819130.html,$609.00,vacio,vacio,vacio,Puntos 'dobles' al pagar con 'FALABELLA',vacio,2026-07-02
Farmacia,Dermatológicos,Vichy Normaderm Limpiad +Mini+Bloq 3Pack,https://www.soriana.com/dw/image/v2/BGBD_PRD/on/demandware.static/-/Sites-soriana-grocery-master-catalog/default/dwab2a1d0e/images/product/7509552886597_A.jpg?sw=473&sh=473&sm=fit,https://www.soriana.com/farmacia/,/vichy-normaderm-limpiad-minibloq-3pack/11716755.html,$669.00,vacio,vacio,vacio,Puntos 'dobles' al pagar con 'FALABELLA',vacio,2026-07-02
Farmacia,Dermatológicos,Nodrim Aciclovir 5% Crema con 5 Gr,https://www.soriana.com/dw/image/v2/BGBD_PRD/on/demandware.static/-/Sites-soriana-grocery-master-catalog/default/dw3451f3a2/images/product/7500093754086_A.jpg?sw=473&sh=473&sm=fit,https://www.soriana.com/farmacia/,/nodrim-aciclovir-5--crema-con-5-gr/11187868.html,$54.00,vacio,vacio,Aplica cupón,Puntos 'dobles' al pagar con 'FALABELLA',vacio,2026-07-02
Farmacia,Dermatológicos,Nodrim Ketoconazol 0.02 Shp 120 ml,https://www.soriana.com/dw/image/v2/BGBD_PRD/on/demandware.static/-/Sites-soriana-grocery-master-catalog/default/dw9e37531d/images/product/7500093852379_A.jpg?sw=473&sh=473&sm=fit,https://www.soriana.com/farmacia/,/nodrim-ketoconazol-0.02-shp-120-ml/11305381.html,$97.00,vacio,vacio,Aplica cupón,Puntos 'dobles' al pagar con 'FALABELLA',vacio,2026-07-02
Farmacia,Vitaminas y suplementos,Suplemento alimenticio Belabear Colágeno + Biotina 20 pza,https://www.soriana.com/dw/image/v2/BGBD_PRD/on/demandware.static/-/Sites-soriana-grocery-master-catalog/default/dw60280ab7/images/product/7503031003147_A.jpg?sw=473&sh=473&sm=fit,https://www.soriana.com/farmacia/,/suplemento-alimenticio-belabear-colageno-biotina-20-pza/11604592.html,$49.00,vacio,vacio,vacio,Puntos 'dobles' al pagar con 'FALABELLA',vacio,2026-07-02
Farmacia,Vitaminas y suplementos,Suplemento alimenticio Protein World Slender té de día 1.26 kg,https://www.soriana.com/dw/image/v2/BGBD_PRD/on/demandware.static/-/Sites-soriana-grocery-master-catalog/default/dw85f9cd9d/images/product/5056142607725_A.jpg?sw=473&sh=473&sm=fit,https://www.soriana.com/farmacia/,/suplemento-alimenticio-protein-world-slender-te-de-dia-1.26-kg/11634493.html,$524.00,vacio,vacio,vacio,Puntos 'dobles' al pagar con 'FALABELLA',vacio,2026-07-02
Farmacia,Vitaminas y suplementos,Suplemento alimenticio Nestlé Boost Fresa 330 ml,https://www.soriana.com/dw/image/v2/BGBD_PRD/on/demandware.static/-/Sites-soriana-grocery-master-catalog/default/dw6b060065/images/product/7506475113052_A.jpg?sw=473&sh=473&sm=fit,https://www.soriana.com/farmacia/,/suplemento-alimenticio-nestle-boost-fresa-330-ml/11714290.html,$60.90,vacio,vacio,vacio,Puntos 'dobles' al pagar con 'FALABELLA',vacio,2026-07-02
Farmacia,Vitaminas y suplementos,Belabear F.Rojos Colag Resv con 100 Pzas,https://www.soriana.com/dw/image/v2/BGBD_PRD/on/demandware.static/-/Sites-soriana-grocery-master-catalog/default/dw1dd545f1/images/product/7503023641449_A.jpg?sw=473&sh=473&sm=fit,https://www.soriana.com/farmacia/,/belabear-f.rojos-colag-resv-con-100-pzas/11395330.html,$315.00,vacio,vacio,vacio,Puntos 'dobles' al pagar con 'FALABELLA',vacio,2026-07-02
Farmacia,Vitaminas y suplementos,Belabear Colágeno Con 100 Gomitas,https://www.soriana.com/dw/image/v2/BGBD_PRD/on/demandware.static/-/Sites-soriana-grocery-master-catalog/default/dwc76a02b8/images/product/7503023641203_A.jpg?sw=473&sh=473&sm=fit,https://www.soriana.com/farmacia/,/belabear-colageno-con-100-gomitas/11395356.html,$295.00,vacio,vacio,vacio,Puntos 'dobles' al pagar con 'FALABELLA',vacio,2026-07-02
Farmacia,Vitaminas y suplementos,Solanum Pharma Colágeno + Biotina Con 180 Cápsulas,https://www.soriana.com/dw/image/v2/BGBD_PRD/on/demandware.static/-/Sites-soriana-grocery-master-catalog/default/dwf2e79084/images/product/7503006548772_A.jpg?sw=473&sh=473&sm=fit,https://www.soriana.com/farmacia/,/solanum-pharma-colageno-biotina-con-180-capsulas/11395351.html,$279.00,vacio,vacio,vacio,Puntos 'dobles' al pagar con 'FALABELLA',vacio,2026-07-02
Farmacia,Vitaminas y suplementos,Solanum Pharma Zinc 45 Cápsulas,https://www.soriana.com/dw/image/v2/BGBD_PRD/on/demandware.static/-/Sites-soriana-grocery-master-catalog/default/dw7b0126e2/images/product/7503023641975_A.jpg?sw=473&sh=473&sm=fit,https://www.soriana.com/farmacia/,/solanum-pharma-zinc-45-capsulas/11526149.html,$119.00,vacio,vacio,vacio,Puntos 'dobles' al pagar con 'FALABELLA',vacio,2026-07-02
Farmacia,Vitaminas y suplementos,Redustat 60mg Cap con 30,https://www.soriana.com/dw/image/v2/BGBD_PRD/on/demandware.static/-/Sites-soriana-grocery-master-catalog/default/dwd18e1332/images/product/7501299308172_A.jpg?sw=473&sh=473&sm=fit,https://www.soriana.com/farmacia/,/redustat-60mg-cap-con-30/1801920.html,$379.00,vacio,vacio,vacio,Puntos 'dobles' al pagar con 'FALABELLA',vacio,2026-07-02
Farmacia,Vitaminas y suplementos,Nodrim Vitamina D3 30 Cap,https://www.soriana.com/dw/image/v2/BGBD_PRD/on/demandware.static/-/Sites-soriana-grocery-master-catalog/default/dw5f5016bb/images/product/7500525285096_A.jpg?sw=473&sh=473&sm=fit,https://www.soriana.com/farmacia/,/nodrim-vitamina-d3-30-cap/11539284.html,$125.00,vacio,vacio,Aplica cupón,Puntos 'dobles' al pagar con 'FALABELLA',vacio,2026-07-02
Farmacia,Vitaminas y suplementos,Nodrim Biotina/Ácido Hialurónico 60 Cápsulas,https://www.soriana.com/dw/image/v2/BGBD_PRD/on/demandware.static/-/Sites-soriana-grocery-master-catalog/default/dw8da6d08a/images/product/7500525270177_A.jpg?sw=473&sh=473&sm=fit,https://www.soriana.com/farmacia/,/nodrim-biotina-acido-hialuronico-60-capsulas/11538084.html,$135.00,vacio,vacio,Aplica cupón,Puntos 'dobles' al pagar con 'FALABELLA',vacio,2026-07-02
Farmacia,Vitaminas y suplementos,Nodrim Colágeno/Vit Y Minerales 70 Cápsulas,https://www.soriana.com/dw/image/v2/BGBD_PRD/on/demandware.static/-/Sites-soriana-grocery-master-catalog/default/dw1233a46e/images/product/7500525270191_A.jpg?sw=473&sh=473&sm=fit,https://www.soriana.com/farmacia/,/nodrim-colageno-vit-y-minerales-70-capsulas/11538085.html,$125.00,vacio,vacio,Aplica cupón,Puntos 'dobles' al pagar con 'FALABELLA',vacio,2026-07-02
Farmacia,Vitaminas y suplementos,Nodrim Complejo B/Jalea Real 45 Cap,https://www.soriana.com/dw/image/v2/BGBD_PRD/on/demandware.static/-/Sites-soriana-grocery-master-catalog/default/dw06c1b38e/images/product/7500525270160_A.jpg?sw=473&sh=473&sm=fit,https://www.soriana.com/farmacia/,/nodrim-complejo-b-jalea-real-45-cap/11538081.html,$125.00,vacio,vacio,Aplica cupón,Puntos 'dobles' al pagar con 'FALABELLA',vacio,2026-07-02
Farmacia,Vitaminas y suplementos,Nodrim Omega 3 Aceite De Salmon 30 Cápsulas,https://www.soriana.com/dw/image/v2/BGBD_PRD/on/demandware.static/-/Sites-soriana-grocery-master-catalog/default/dw7621be9e/images/product/7500525270139_A.jpg?sw=473&sh=473&sm=fit,https://www.soriana.com/farmacia/,/nodrim-omega-3-aceite-de-salmon-30-capsulas/11538077.html,$135.00,vacio,vacio,Aplica cupón,Puntos 'dobles' al pagar con 'FALABELLA',vacio,2026-07-02
Farmacia,Vitaminas y suplementos,Nodrim Ajo Negro 40 Cápsulas,https://www.soriana.com/dw/image/v2/BGBD_PRD/on/demandware.static/-/Sites-soriana-grocery-master-catalog/default/dw199ccece/images/product/7500525270153_A.jpg?sw=473&sh=473&sm=fit,https://www.soriana.com/farmacia/,/nodrim-ajo-negro-40-capsulas/11538078.html,$125.00,vacio,vacio,Aplica cupón,Puntos 'dobles' al pagar con 'FALABELLA',vacio,2026-07-02
Farmacia,Vitaminas y suplementos,"Nodrim Vit con Vit A, D, E/Acerola 90 Cap",https://www.soriana.com/dw/image/v2/BGBD_PRD/on/demandware.static/-/Sites-soriana-grocery-master-catalog/default/dwd1c760a0/images/product/7500525270214_A.jpg?sw=473&sh=473&sm=fit,https://www.soriana.com/farmacia/,/nodrim-vit-con-vit-a-d-e-acerola-90-cap/11538083.html,$135.00,vacio,vacio,Aplica cupón,Puntos 'dobles' al pagar con 'FALABELLA',vacio,2026-07-02
Farmacia,Vitaminas y suplementos,"Nodrim Colág/Vit A,E/Biot/Selenio 70cap",https://www.soriana.com/dw/image/v2/BGBD_PRD/on/demandware.static/-/Sites-soriana-grocery-master-catalog/default/dw40ad4f0a/images/product/7500525270207_A.jpg?sw=473&sh=473&sm=fit,https://www.soriana.com/farmacia/,/nodrim-colag-vit-ae-biot-selenio-70cap/11538086.html,$125.00,vacio,vacio,Aplica cupón,Puntos 'dobles' al pagar con 'FALABELLA',vacio,2026-07-02
Farmacia,Vitaminas y suplementos,Suplemento alimenticio Ensure Clásico Vainilla 237 ml,https://www.soriana.com/dw/image/v2/BGBD_PRD/on/demandware.static/-/Sites-soriana-grocery-master-catalog/default/dwe37ecc72/images/product/7501033954085_A.jpg?sw=473&sh=473&sm=fit,https://www.soriana.com/farmacia/,/suplemento-alimenticio-ensure-clasico-vainilla-237-ml/1408713.html,$65.50,vacio,vacio,vacio,Puntos 'dobles' al pagar con 'FALABELLA',vacio,2026-07-02
Farmacia,Vitaminas y suplementos,Suplemento alimenticio Abbott Nepro-HP 237 ml,https://www.soriana.com/dw/image/v2/BGBD_PRD/on/demandware.static/-/Sites-soriana-grocery-master-catalog/default/dw3e8924e3/images/product/7501033950636_A.jpg?sw=473&sh=473&sm=fit,https://www.soriana.com/farmacia/,/suplemento-alimenticio-abbott-nepro-hp-237-ml/553941.html,$92.75,vacio,3 x 2,vacio,Puntos 'dobles' al pagar con 'FALABELLA',vacio,2026-07-02
Farmacia,Vitaminas y suplementos,Suplemento alimenticio Ensure Clásico Fresa 237 ml,https://www.soriana.com/dw/image/v2/BGBD_PRD/on/demandware.static/-/Sites-soriana-grocery-master-catalog/default/dw6e999a4d/images/product/7501033954078_A.jpg?sw=473&sh=473&sm=fit,https://www.soriana.com/farmacia/,/suplemento-alimenticio-ensure-clasico-fresa-237-ml/1408711.html,$65.50,vacio,vacio,vacio,Puntos 'dobles' al pagar con 'FALABELLA',vacio,2026-07-02
Farmacia,Vitaminas y suplementos,Suplemento alimenticio Ensure Advance Vainilla 237 ml,https://www.soriana.com/dw/image/v2/BGBD_PRD/on/demandware.static/-/Sites-soriana-grocery-master-catalog/default/dwa4127f14/images/product/7501033958717_A.jpg?sw=473&sh=473&sm=fit,https://www.soriana.com/farmacia/,/suplemento-alimenticio-ensure-advance-vainilla-237-ml/2605684.html,$71.50,vacio,vacio,vacio,Puntos 'dobles' al pagar con 'FALABELLA',vacio,2026-07-02
Farmacia,Vitaminas y suplementos,Suplemento alimenticio Ensure Advance - Active Chocolate 237 ml,https://www.soriana.com/dw/image/v2/BGBD_PRD/on/demandware.static/-/Sites-soriana-grocery-master-catalog/default/dw19e43670/images/product/7501033960468_A.jpg?sw=473&sh=473&sm=fit,https://www.soriana.com/farmacia/,/suplemento-alimenticio-ensure-advance---active-chocolate-237-ml/11223546.html,$71.50,vacio,vacio,vacio,Puntos 'dobles' al pagar con 'FALABELLA',vacio,2026-07-02
Farmacia,Vitaminas y suplementos,Yuyo hidratación uva c/10 pzas,https://www.soriana.com/dw/image/v2/BGBD_PRD/on/demandware.static/-/Sites-soriana-grocery-master-catalog/default/dw21996314/images/product/7503034980216_A.jpg?sw=473&sh=473&sm=fit,https://www.soriana.com/farmacia/,/yuyo-hidratacion-uva-c-10-pzas/11715505.html,$88.00,vacio,vacio,vacio,Puntos 'dobles' al pagar con 'FALABELLA',vacio,2026-07-02
Farmacia,Vitaminas y suplementos,Yuyo hidratación naranjada c/10 pzas,https://www.soriana.com/dw/image/v2/BGBD_PRD/on/demandware.static/-/Sites-soriana-grocery-master-catalog/default/dw286aea17/images/product/7503034980230_A.jpg?sw=473&sh=473&sm=fit,https://www.soriana.com/farmacia/,/yuyo-hidratacion-naranjada-c-10-pzas/11715506.html,$88.00,vacio,vacio,vacio,Puntos 'dobles' al pagar con 'FALABELLA',vacio,2026-07-02
Farmacia,Vitaminas y suplementos,Electrolitos Yuyo Hidratación Sabor Mora Azul 10 Sobres,https://www.soriana.com/dw/image/v2/BGBD_PRD/on/demandware.static/-/Sites-soriana-grocery-master-catalog/default/dw4cedea30/images/product/7503034980063_A.jpg?sw=473&sh=473&sm=fit,https://www.soriana.com/farmacia/,/electrolitos-yuyo-hidratacion-sabor-mora-azul-10-sobres/11654409.html,$88.00,vacio,vacio,vacio,Puntos 'dobles' al pagar con 'FALABELLA',vacio,2026-07-02
Farmacia,Vitaminas y suplementos,NODRIM COLAGENO/BIOTINA 60 GOMITAS,https://www.soriana.com/dw/image/v2/BGBD_PRD/on/demandware.static/-/Sites-soriana-grocery-master-catalog/default/dwb588f807/images/product/7500525398277_A.jpg?sw=473&sh=473&sm=fit,https://www.soriana.com/farmacia/,/nodrim-colageno-biotina-60-gomitas/11607723.html,$145.00,vacio,vacio,Aplica cupón,Puntos 'dobles' al pagar con 'FALABELLA',vacio,2026-07-02
Farmacia,Vitaminas y suplementos,Omega 3 Y Vitaminas Kids C/60 pzas,https://www.soriana.com/dw/image/v2/BGBD_PRD/on/demandware.static/-/Sites-soriana-grocery-master-catalog/default/dw3000f106/images/product/7503018047737_A.jpg?sw=473&sh=473&sm=fit,https://www.soriana.com/farmacia/,/omega-3-y-vitaminas-kids-c-60-pzas/11584645.html,$149.00,vacio,vacio,vacio,Puntos 'dobles' al pagar con 'FALABELLA',vacio,2026-07-02
Farmacia,Vitaminas y suplementos,Emulsion Scott Naranja Sol con 200ml,https://www.soriana.com/dw/image/v2/BGBD_PRD/on/demandware.static/-/Sites-soriana-grocery-master-catalog/default/dw4f024695/images/product/7501065053121_A.JPG?sw=473&sh=473&sm=fit,https://www.soriana.com/farmacia/,/emulsion-scott-naranja-sol-con-200ml/1025800.html,$129.00,vacio,vacio,vacio,Puntos 'dobles' al pagar con 'FALABELLA',vacio,2026-07-02
Farmacia,Vitaminas y suplementos,Suplemento alimenticio PediaSure Plus Fresa 237 ml,https://www.soriana.com/dw/image/v2/BGBD_PRD/on/demandware.static/-/Sites-soriana-grocery-master-catalog/default/dw9c7bb544/images/product/7501033956331_A.jpg?sw=473&sh=473&sm=fit,https://www.soriana.com/farmacia/,/suplemento-alimenticio-pediasure-plus-fresa-237-ml/1801836.html,$64.00,vacio,vacio,vacio,Puntos 'dobles' al pagar con 'FALABELLA',vacio,2026-07-02
Farmacia,Vitaminas y suplementos,Suplemento alimenticio Nestlé Casec 100 g,https://www.soriana.com/dw/image/v2/BGBD_PRD/on/demandware.static/-/Sites-soriana-grocery-master-catalog/default/dwa171373c/images/product/7501059242609_A.jpg?sw=473&sh=473&sm=fit,https://www.soriana.com/farmacia/,/suplemento-alimenticio-nestle-casec-100-g/3081800.html,$236.00,vacio,vacio,vacio,Puntos 'dobles' al pagar con 'FALABELLA',vacio,2026-07-02
Farmacia,Vitaminas y suplementos,Suplemento alimenticio Ocudrive Advanced 50 pza,https://www.soriana.com/dw/image/v2/BGBD_PRD/on/demandware.static/-/Sites-soriana-grocery-master-catalog/default/dwc4971436/images/product/0324208465509_A.jpg?sw=473&sh=473&sm=fit,https://www.soriana.com/farmacia/,/suplemento-alimenticio-ocudrive-advanced-50-pza/8003487.html,$852.00,vacio,vacio,vacio,Puntos 'dobles' al pagar con 'FALABELLA',vacio,2026-07-02
Farmacia,Vitaminas y suplementos,Suplemento alimenticio Essential Nutrition Omega 3-6-9 1000 mg 40 pza,https://www.soriana.com/dw/image/v2/BGBD_PRD/on/demandware.static/-/Sites-soriana-grocery-master-catalog/default/dw68b771d1/images/product/7503006073755_A.jpg?sw=473&sh=473&sm=fit,https://www.soriana.com/farmacia/,/suplemento-alimenticio-essential-nutrition-omega-3-6-9-1000-mg-40-pza/11262679.html,$194.00,vacio,vacio,vacio,Puntos 'dobles' al pagar con 'FALABELLA',vacio,2026-07-02
Farmacia,Vitaminas y suplementos,Suplemento alimenticio Minergium Aspartato de Arginina 20 pza,https://www.soriana.com/dw/image/v2/BGBD_PRD/on/demandware.static/-/Sites-soriana-grocery-master-catalog/default/dw16ac74b4/images/product/8436024611199_A.jpg?sw=473&sh=473&sm=fit,https://www.soriana.com/farmacia/,/suplemento-alimenticio-minergium-aspartato-de-arginina-20-pza/11291645.html,$435.00,vacio,vacio,vacio,Puntos 'dobles' al pagar con 'FALABELLA',vacio,2026-07-02
Farmacia,Vitaminas y suplementos,Suplemento alimenticio Forzagen Vegan Pro-360 907 g,https://www.soriana.com/dw/image/v2/BGBD_PRD/on/demandware.static/-/Sites-soriana-grocery-master-catalog/default/dw46498346/images/product/7503018110080_A.jpg?sw=473&sh=473&sm=fit,https://www.soriana.com/farmacia/,/suplemento-alimenticio-forzagen-vegan-pro-360-907-g/11476337.html,$879.00,vacio,vacio,vacio,Puntos 'dobles' al pagar con 'FALABELLA',vacio,2026-07-02
Farmacia,Vitaminas y suplementos,Suplemento alimenticio Ensure Fresa 237 ml 6 Piezas,https://www.soriana.com/dw/image/v2/BGBD_PRD/on/demandware.static/-/Sites-soriana-grocery-master-catalog/default/dw68fd2cac/images/product/7501033954016_A.jpg?sw=473&sh=473&sm=fit,https://www.soriana.com/farmacia/,/suplemento-alimenticio-ensure-fresa-237-ml-6-piezas/1306803.html,$329.00,vacio,vacio,vacio,Puntos 'dobles' al pagar con 'FALABELLA',vacio,2026-07-02
Farmacia,Vitaminas y suplementos,Suplemento alimenticio Nestlé Boost Vainilla 330 ml,https://www.soriana.com/dw/image/v2/BGBD_PRD/on/demandware.static/-/Sites-soriana-grocery-master-catalog/default/dw6d6b0fd1/images/product/7506475108669_A.jpg?sw=473&sh=473&sm=fit,https://www.soriana.com/farmacia/,/suplemento-alimenticio-nestle-boost-vainilla-330-ml/11680443.html,$68.50,vacio,vacio,vacio,Puntos 'dobles' al pagar con 'FALABELLA',vacio,2026-07-02
Farmacia,Vitaminas y suplementos,Suplemento alimenticio Glucerna Chocolate 237 ml,https://www.soriana.com/dw/image/v2/BGBD_PRD/on/demandware.static/-/Sites-soriana-grocery-master-catalog/default/dw36856409/images/product/7501033956133_A.jpg?sw=473&sh=473&sm=fit,https://www.soriana.com/farmacia/,/suplemento-alimenticio-glucerna-chocolate-237-ml/1832849.html,$71.50,vacio,vacio,vacio,Puntos 'dobles' al pagar con 'FALABELLA',vacio,2026-07-02
Farmacia,Vitaminas y suplementos,Emulsion Scott Cereza Sol con 200ml,https://www.soriana.com/dw/image/v2/BGBD_PRD/on/demandware.static/-/Sites-soriana-grocery-master-catalog/default/dw56af7363/images/product/7501065053138_A.JPG?sw=473&sh=473&sm=fit,https://www.soriana.com/farmacia/,/emulsion-scott-cereza-sol-con-200ml/1025801.html,$129.00,vacio,vacio,vacio,Puntos 'dobles' al pagar con 'FALABELLA',vacio,2026-07-02
Farmacia,Vitaminas y suplementos,Pharmaton Multivitamínico para Adultos 100 Cápsulas.,https://www.soriana.com/dw/image/v2/BGBD_PRD/on/demandware.static/-/Sites-soriana-grocery-master-catalog/default/dwf6c43654/images/product/7501165011830_A.jpg?sw=473&sh=473&sm=fit,https://www.soriana.com/farmacia/,/pharmaton-multivitaminico-para-adultos-100-capsulas./11472424.html,$505.00,vacio,vacio,vacio,Puntos 'dobles' al pagar con 'FALABELLA',vacio,2026-07-02
Farmacia,Vitaminas y suplementos,Vidamil Amp con Pzas,https://www.soriana.com/dw/image/v2/BGBD_PRD/on/demandware.static/-/Sites-soriana-grocery-master-catalog/default/dwa97d5bd8/images/product/7502226290041_A.jpg?sw=473&sh=473&sm=fit,https://www.soriana.com/farmacia/,/vidamil-amp-con-pzas/1268203.html,$135.00,vacio,vacio,vacio,Puntos 'dobles' al pagar con 'FALABELLA',vacio,2026-07-02
Farmacia,Vitaminas y suplementos,"Aderogyl vitaminas A, C y D fortalece el sistema inmune, 1 Ampolla de 3 ml.",https://www.soriana.com/dw/image/v2/BGBD_PRD/on/demandware.static/-/Sites-soriana-grocery-master-catalog/default/dwe285a954/images/product/7501174600117_A.jpg?sw=473&sh=473&sm=fit,https://www.soriana.com/farmacia/,/aderogyl-vitaminas-a-c-y-d-fortalece-el-sistema-inmune-1-ampolla-de-3-ml./559168.html,$34.40,vacio,vacio,vacio,Puntos 'dobles' al pagar con 'FALABELLA',vacio,2026-07-02
Farmacia,Vitaminas y suplementos,Centrum formula balanceada TAB100,https://www.soriana.com/dw/image/v2/BGBD_PRD/on/demandware.static/-/Sites-soriana-grocery-master-catalog/default/dw142fce0a/images/product/7501065095930_A.jpg?sw=473&sh=473&sm=fit,https://www.soriana.com/farmacia/,/centrum-formula-balanceada-tab100/8011708.html,$595.00,vacio,vacio,vacio,Puntos 'dobles' al pagar con 'FALABELLA',vacio,2026-07-02
Farmacia,Vitaminas y suplementos,MULTIBLUE COMPLEJO B 30 CAP,https://www.soriana.com/dw/image/v2/BGBD_PRD/on/demandware.static/-/Sites-soriana-grocery-master-catalog/default/dw6bce336a/images/product/7502293530255_A.jpg?sw=473&sh=473&sm=fit,https://www.soriana.com/farmacia/,/multiblue-complejo-b-30-cap/11721332.html,$387.00,vacio,vacio,vacio,Puntos 'dobles' al pagar con 'FALABELLA',vacio,2026-07-02
Farmacia,Vitaminas y suplementos,Suplemento alimenticio S Supplement Whey 90 Cookies & Cream 900 g,https://www.soriana.com/dw/image/v2/BGBD_PRD/on/demandware.static/-/Sites-soriana-grocery-master-catalog/default/dw4c9e1444/images/product/7503034489023_A.jpg?sw=473&sh=473&sm=fit,https://www.soriana.com/farmacia/,/suplemento-alimenticio-s-supplement-whey-90-cookies-cream-900-g/11693772.html,$999.00,vacio,vacio,vacio,Puntos 'dobles' al pagar con 'FALABELLA',vacio,2026-07-02
Farmacia,Vitaminas y suplementos,Suplemento alimenticio S Supplement Protein 90 Zucaritas 1.05 kg,https://www.soriana.com/dw/image/v2/BGBD_PRD/on/demandware.static/-/Sites-soriana-grocery-master-catalog/default/dw311f89a7/images/product/7503036829315_A.jpg?sw=473&sh=473&sm=fit,https://www.soriana.com/farmacia/,/suplemento-alimenticio-s-supplement-protein-90-zucaritas-1.05-kg/11693769.html,$949.00,vacio,vacio,vacio,Puntos 'dobles' al pagar con 'FALABELLA',vacio,2026-07-02
Farmacia,Vitaminas y suplementos,Suplemento Elevit 3 Luteina 30 Cápsulas,https://www.soriana.com/dw/image/v2/BGBD_PRD/on/demandware.static/-/Sites-soriana-grocery-master-catalog/default/dw03d19fed/images/product/7501008499580_A.jpg?sw=473&sh=473&sm=fit,https://www.soriana.com/farmacia/,/suplemento-elevit-3-luteina-30-capsulas/11732868.html,$605.00,vacio,vacio,vacio,Puntos 'dobles' al pagar con 'FALABELLA',vacio,2026-07-02
Farmacia,Vitaminas y suplementos,Redustat 60mg Capsulas Blister Liomont 1,https://www.soriana.com/dw/image/v2/BGBD_PRD/on/demandware.static/-/Sites-soriana-grocery-master-catalog/default/dw3a810538/images/product/7501299368244_A.jpg?sw=473&sh=473&sm=fit,https://www.soriana.com/farmacia/,/redustat-60mg-capsulas-blister-liomont-1/11291683.html,$379.00,vacio,vacio,vacio,Puntos 'dobles' al pagar con 'FALABELLA',vacio,2026-07-02
Farmacia,Vitaminas y suplementos,Redustat 60mg Cap con 60,https://www.soriana.com/dw/image/v2/BGBD_PRD/on/demandware.static/-/Sites-soriana-grocery-master-catalog/default/dw9d9aeb22/images/product/7501299308189_A.jpg?sw=473&sh=473&sm=fit,https://www.soriana.com/farmacia/,/redustat-60mg-cap-con-60/1801919.html,$655.00,vacio,vacio,vacio,Puntos 'dobles' al pagar con 'FALABELLA',vacio,2026-07-02
Farmacia,Vitaminas y suplementos,Redustat Boost 200/60mg Cap con 21 Pza,https://www.soriana.com/dw/image/v2/BGBD_PRD/on/demandware.static/-/Sites-soriana-grocery-master-catalog/default/dwf98f35e6/images/product/7501299308868_A.jpg?sw=473&sh=473&sm=fit,https://www.soriana.com/farmacia/,/redustat-boost-200-60mg-cap-con-21-pza/9103771.html,$305.00,vacio,vacio,vacio,Puntos 'dobles' al pagar con 'FALABELLA',vacio,2026-07-02
Farmacia,Vitaminas y suplementos,Suplemento alimenticio Nutribaby Poly-Vi-Gomis 60 pza,https://www.soriana.com/dw/image/v2/BGBD_PRD/on/demandware.static/-/Sites-soriana-grocery-master-catalog/default/dw8c329a5d/images/product/7501300420909_A.jpg?sw=473&sh=473&sm=fit,https://www.soriana.com/farmacia/,/suplemento-alimenticio-nutribaby-poly-vi-gomis-60-pza/8008334.html,$230.00,vacio,3 x 2,vacio,Puntos 'dobles' al pagar con 'FALABELLA',vacio,2026-07-02
Farmacia,Vitaminas y suplementos,Seltz Multivitaminas Para Niños Con 20 Tabletas,https://www.soriana.com/dw/image/v2/BGBD_PRD/on/demandware.static/-/Sites-soriana-grocery-master-catalog/default/dwa9c187d3/images/product/7500326151002_A.jpg?sw=473&sh=473&sm=fit,https://www.soriana.com/farmacia/,/seltz-multivitaminas-para-ninos-con-20-tabletas/11545548.html,$114.00,vacio,vacio,vacio,Puntos 'dobles' al pagar con 'FALABELLA',vacio,2026-07-02
Farmacia,Vitaminas y suplementos,Pisavit-Rdx Solución Oral Ampolletas 3ml Con 5 Piezas,https://www.soriana.com/dw/image/v2/BGBD_PRD/on/demandware.static/-/Sites-soriana-grocery-master-catalog/default/dw0f0086db/images/product/7502268541743_A.jpg?sw=473&sh=473&sm=fit,https://www.soriana.com/farmacia/,/pisavit-rdx-solucion-oral-ampolletas-3ml-con-5-piezas/11581807.html,$119.00,vacio,vacio,vacio,Puntos 'dobles' al pagar con 'FALABELLA',vacio,2026-07-02
Farmacia,Vitaminas y suplementos,Vitamina D3 + C + Zinc C/30 Pzas,https://www.soriana.com/dw/image/v2/BGBD_PRD/on/demandware.static/-/Sites-soriana-grocery-master-catalog/default/dw7f5b548b/images/product/7503030222365_A.jpg?sw=473&sh=473&sm=fit,https://www.soriana.com/farmacia/,/vitamina-d3-c-zinc-c-30-pzas/11584699.html,$162.00,vacio,vacio,vacio,Puntos 'dobles' al pagar con 'FALABELLA',vacio,2026-07-02
Farmacia,Vitaminas y suplementos,Suplemento alimenticio Birdman BCAAs & Glutamina Mora Limón 405 g,https://www.soriana.com/dw/image/v2/BGBD_PRD/on/demandware.static/-/Sites-soriana-grocery-master-catalog/default/dwfb60a1c9/images/product/7503025737591_A.jpg?sw=473&sh=473&sm=fit,https://www.soriana.com/farmacia/,/suplemento-alimenticio-birdman-bcaas-glutamina-mora-limon-405-g/11672246.html,$639.00,vacio,vacio,vacio,Puntos 'dobles' al pagar con 'FALABELLA',vacio,2026-07-02
Farmacia,Vitaminas y suplementos,Suplemento alimenticio Ensure FOS Vainilla 400 g,https://www.soriana.com/dw/image/v2/BGBD_PRD/on/demandware.static/-/Sites-soriana-grocery-master-catalog/default/dwacbc1507/images/product/7501033953354_A.jpg?sw=473&sh=473&sm=fit,https://www.soriana.com/farmacia/,/suplemento-alimenticio-ensure-fos-vainilla-400-g/1153968.html,$353.50,vacio,vacio,vacio,Puntos 'dobles' al pagar con 'FALABELLA',vacio,2026-07-02
Farmacia,Vitaminas y suplementos,Suplemento alimenticio Ensure Advance Vainilla 400 g,https://www.soriana.com/dw/image/v2/BGBD_PRD/on/demandware.static/-/Sites-soriana-grocery-master-catalog/default/dw24aa6015/images/product/7501033957420_A.jpg?sw=473&sh=473&sm=fit,https://www.soriana.com/farmacia/,/suplemento-alimenticio-ensure-advance-vainilla-400-g/3092840.html,$415.00,vacio,vacio,vacio,Puntos 'dobles' al pagar con 'FALABELLA',vacio,2026-07-02
Farmacia,Vitaminas y suplementos,Suplemento alimenticio Gerber Vitagummies 180 g,https://www.soriana.com/dw/image/v2/BGBD_PRD/on/demandware.static/-/Sites-soriana-grocery-master-catalog/default/dw11365a02/images/product/7506475116183_A.jpg?sw=473&sh=473&sm=fit,https://www.soriana.com/farmacia/,/suplemento-alimenticio-gerber-vitagummies-180-g/11740764.html,$435.00,vacio,vacio,vacio,Puntos 'dobles' al pagar con 'FALABELLA',vacio,2026-07-02
Farmacia,Vitaminas y suplementos,Suplemento alimenticio Delisure Chocolate 237 ml,https://www.soriana.com/dw/image/v2/BGBD_PRD/on/demandware.static/-/Sites-soriana-grocery-master-catalog/default/dw531d966d/images/product/7503011998166_A.jpg?sw=473&sh=473&sm=fit,https://www.soriana.com/farmacia/,/suplemento-alimenticio-delisure-chocolate-237-ml/11714439.html,$45.00,vacio,vacio,vacio,Puntos 'dobles' al pagar con 'FALABELLA',vacio,2026-07-02
Farmacia,Vitaminas y suplementos,Cesardrink Sobr C/20 Pzas,https://www.soriana.com/dw/image/v2/BGBD_PRD/on/demandware.static/-/Sites-soriana-grocery-master-catalog/default/dw9e31399b/images/product/8435538403733_A.jpg?sw=473&sh=473&sm=fit,https://www.soriana.com/farmacia/,/cesardrink-sobr-c-20-pzas/8011231.html,$320.00,vacio,vacio,vacio,Puntos 'dobles' al pagar con 'FALABELLA',vacio,2026-07-02
Farmacia,Vitaminas y suplementos,Solidenat 150mg/2400 UI Con 1 Tableta,https://www.soriana.com/dw/image/v2/BGBD_PRD/on/demandware.static/-/Sites-soriana-grocery-master-catalog/default/dw0091dd77/images/product/7501124184100_A.jpg?sw=473&sh=473&sm=fit,https://www.soriana.com/farmacia/,/solidenat-150mg-2400-ui-con-1-tableta/8011293.html,"$1,639.00",vacio,3 x 2,vacio,Puntos 'dobles' al pagar con 'FALABELLA',vacio,2026-07-02
Farmacia,Vitaminas y suplementos,Suplemento alimenticio PediaSure Plus Vainilla 400 g,https://www.soriana.com/dw/image/v2/BGBD_PRD/on/demandware.static/-/Sites-soriana-grocery-master-catalog/default/dw2087c7e4/images/product/7501033955693_A.jpg?sw=473&sh=473&sm=fit,https://www.soriana.com/farmacia/,/suplemento-alimenticio-pediasure-plus-vainilla-400-g/1684595.html,$423.00,vacio,vacio,vacio,Puntos 'dobles' al pagar con 'FALABELLA',vacio,2026-07-02
Farmacia,Vitaminas y suplementos,Suplemento alimenticio Nature's Life Aceite de pescado 65 pza,https://www.soriana.com/dw/image/v2/BGBD_PRD/on/demandware.static/-/Sites-soriana-grocery-master-catalog/default/dw9b082647/images/product/7502262360098_A.jpg?sw=473&sh=473&sm=fit,https://www.soriana.com/farmacia/,/suplemento-alimenticio-natures-life-aceite-de-pescado-65-pza/2375105.html,$226.50,vacio,vacio,vacio,Puntos 'dobles' al pagar con 'FALABELLA',vacio,2026-07-02
Farmacia,Vitaminas y suplementos,Suplemento alimenticio Limagal Lactato de magnesio 30 pza,https://www.soriana.com/dw/image/v2/BGBD_PRD/on/demandware.static/-/Sites-soriana-grocery-master-catalog/default/dw32a5e850/images/product/7501101660948_A.jpg?sw=473&sh=473&sm=fit,https://www.soriana.com/farmacia/,/suplemento-alimenticio-limagal-lactato-de-magnesio-30-pza/2375827.html,$253.00,vacio,3 x 2,vacio,Puntos 'dobles' al pagar con 'FALABELLA',vacio,2026-07-02
Farmacia,Vitaminas y suplementos,Cacao Valley Foods En Polvo 100gr Pza,https://www.soriana.com/dw/image/v2/BGBD_PRD/on/demandware.static/-/Sites-soriana-grocery-master-catalog/default/dwb2e1106c/images/product/7500525373779_A.jpg?sw=473&sh=473&sm=fit,https://www.soriana.com/farmacia/,/cacao-valley-foods-en-polvo-100gr-pza/11632365.html,$87.90,vacio,vacio,vacio,Puntos 'dobles' al pagar con 'FALABELLA',vacio,2026-07-02
Farmacia,Vitaminas y suplementos,Seltz Vitamina D3 K2 con 20 Tab,https://www.soriana.com/dw/image/v2/BGBD_PRD/on/demandware.static/-/Sites-soriana-grocery-master-catalog/default/dwea53fe42/images/product/4022679143525_A.jpg?sw=473&sh=473&sm=fit,https://www.soriana.com/farmacia/,/seltz-vitamina-d3-k2-con-20-tab/11545557.html,$146.00,vacio,vacio,vacio,Puntos 'dobles' al pagar con 'FALABELLA',vacio,2026-07-02
Farmacia,Vitaminas y suplementos,Acido Hialuronico C/30 pzas,https://www.soriana.com/dw/image/v2/BGBD_PRD/on/demandware.static/-/Sites-soriana-grocery-master-catalog/default/dw9eae515b/images/product/7503018047805_A.jpg?sw=473&sh=473&sm=fit,https://www.soriana.com/farmacia/,/acido-hialuronico-c-30-pzas/11584701.html,$194.00,vacio,vacio,vacio,Puntos 'dobles' al pagar con 'FALABELLA',vacio,2026-07-02
Farmacia,Vitaminas y suplementos,Centrum Silver 50 100 Tabletas,https://www.soriana.com/dw/image/v2/BGBD_PRD/on/demandware.static/-/Sites-soriana-grocery-master-catalog/default/dw9d914e79/images/product/7501108762140_A.jpg?sw=473&sh=473&sm=fit,https://www.soriana.com/farmacia/,/centrum-silver-50-100-tabletas/3007927.html,$469.00,vacio,vacio,vacio,Puntos 'dobles' al pagar con 'FALABELLA',vacio,2026-07-02
Farmacia,Vitaminas y suplementos,Centrum Kids 60 Tabletas,https://www.soriana.com/dw/image/v2/BGBD_PRD/on/demandware.static/-/Sites-soriana-grocery-master-catalog/default/v1783043242787/images/product/7501287655653_A.JPG?sw=473&sh=473&sm=fit,https://www.soriana.com/farmacia/,/centrum-kids-60-tabletas/2851114.html,$401.50,vacio,vacio,vacio,Puntos 'dobles' al pagar con 'FALABELLA',vacio,2026-07-02
Farmacia,Vitaminas y suplementos,Vitamina C Redoxon Sabor Limón 10 Tabletas Efervescentes,https://www.soriana.com/dw/image/v2/BGBD_PRD/on/demandware.static/-/Sites-soriana-grocery-master-catalog/default/dw279d950e/images/product/7501008409510_A.jpg?sw=473&sh=473&sm=fit,https://www.soriana.com/farmacia/,/vitamina-c-redoxon-sabor-limon-10-tabletas-efervescentes/3045658.html,$95.50,vacio,vacio,vacio,Puntos 'dobles' al pagar con 'FALABELLA',vacio,2026-07-02
Farmacia,Vitaminas y suplementos,Vitamina C Redoxon 100 Tabletas Orales,https://www.soriana.com/dw/image/v2/BGBD_PRD/on/demandware.static/-/Sites-soriana-grocery-master-catalog/default/dw6dc9b38e/images/product/7501008498842_A.jpg?sw=473&sh=473&sm=fit,https://www.soriana.com/farmacia/,/vitamina-c-redoxon-100-tabletas-orales/8002722.html,$245.00,vacio,vacio,vacio,Puntos 'dobles' al pagar con 'FALABELLA',vacio,2026-07-02
Farmacia,Vitaminas y suplementos,Pharmaton 50+ Senior Multivitamínico 60 Cápsulas 750mg c/u.,https://www.soriana.com/dw/image/v2/BGBD_PRD/on/demandware.static/-/Sites-soriana-grocery-master-catalog/default/dwf2ae2597/images/product/7501165011755_A.jpg?sw=473&sh=473&sm=fit,https://www.soriana.com/farmacia/,/pharmaton-50-senior-multivitaminico-60-capsulas-750mg-c-u./8002858.html,$415.00,vacio,vacio,vacio,Puntos 'dobles' al pagar con 'FALABELLA',vacio,2026-07-02
Farmacia,Vitaminas y suplementos,Upn Protein Shake Plus Vainilla Rtd 325M,https://www.soriana.com/dw/image/v2/BGBD_PRD/on/demandware.static/-/Sites-soriana-grocery-master-catalog/default/dw4dd9841f/images/product/7501639313217_A.jpg?sw=473&sh=473&sm=fit,https://www.soriana.com/farmacia/,/upn-protein-shake-plus-vainilla-rtd-325m/11854436.html,$44.90,vacio,vacio,vacio,Puntos 'dobles' al pagar con 'FALABELLA',vacio,2026-07-02
Farmacia,Vitaminas y suplementos,CENTRUM GENDER 50 M TAB C/60 PZAS,https://www.soriana.com/dw/image/v2/BGBD_PRD/on/demandware.static/-/Sites-soriana-grocery-master-catalog/default/dw55a77cb4/images/product/7501065004000_A.jpg?sw=473&sh=473&sm=fit,https://www.soriana.com/farmacia/,/centrum-gender-50-m-tab-c-60-pzas/8011706.html,$475.00,vacio,vacio,vacio,Puntos 'dobles' al pagar con 'FALABELLA',vacio,2026-07-02
Farmacia,Vitaminas y suplementos,Suplemento alimenticio Habits Cacao 488 g,https://www.soriana.com/dw/image/v2/BGBD_PRD/on/demandware.static/-/Sites-soriana-grocery-master-catalog/default/dwa86e242f/images/product/7501468148738_A.jpg?sw=473&sh=473&sm=fit,https://www.soriana.com/farmacia/,/suplemento-alimenticio-habits-cacao-488-g/11738506.html,$619.00,vacio,vacio,vacio,Puntos 'dobles' al pagar con 'FALABELLA',vacio,2026-07-02
Farmacia,Vitaminas y suplementos,Tk Minis Snack Bar Adventurefuls 26 Grs,https://www.soriana.com/dw/image/v2/BGBD_PRD/on/demandware.static/-/Sites-soriana-grocery-master-catalog/default/dw1520ecc7/images/product/753656720555_A.jpg?sw=473&sh=473&sm=fit,https://www.soriana.com/farmacia/,/tk-minis-snack-bar-adventurefuls-26-grs/11850120.html,$34.90,vacio,vacio,vacio,Puntos 'dobles' al pagar con 'FALABELLA',vacio,2026-07-02
Farmacia,Vitaminas y suplementos,Suplemento deportivo S Supplement FC 90 Gel Pre-Entrenamiento Limón 700 g,https://www.soriana.com/dw/image/v2/BGBD_PRD/on/demandware.static/-/Sites-soriana-grocery-master-catalog/default/dw7ca80b7f/images/product/7503034489061_A.jpg?sw=473&sh=473&sm=fit,https://www.soriana.com/farmacia/,/suplemento-deportivo-s-supplement-fc-90-gel-pre-entrenamiento-limon-700-g/11693774.html,$420.00,vacio,vacio,vacio,Puntos 'dobles' al pagar con 'FALABELLA',vacio,2026-07-02
Farmacia,Vitaminas y suplementos,Suplemento deportivo S Supplement FC 90 Gel Pre-Entrenamiento Frutos rojos 700 g,https://www.soriana.com/dw/image/v2/BGBD_PRD/on/demandware.static/-/Sites-soriana-grocery-master-catalog/default/dwbca3e347/images/product/7503034489054_A.jpg?sw=473&sh=473&sm=fit,https://www.soriana.com/farmacia/,/suplemento-deportivo-s-supplement-fc-90-gel-pre-entrenamiento-frutos-rojos-700-g/11693773.html,$420.00,vacio,vacio,vacio,Puntos 'dobles' al pagar con 'FALABELLA',vacio,2026-07-02
Farmacia,Vitaminas y suplementos,Magfor Suplemento Alimenticio 30 Caps,https://www.soriana.com/dw/image/v2/BGBD_PRD/on/demandware.static/-/Sites-soriana-grocery-master-catalog/default/dw0436673d/images/product/7502253073815_A.jpg?sw=473&sh=473&sm=fit,https://www.soriana.com/farmacia/,/magfor-suplemento-alimenticio-30-caps/8012352.html,$526.00,vacio,vacio,vacio,Puntos 'dobles' al pagar con 'FALABELLA',vacio,2026-07-02
Farmacia,Vitaminas y suplementos,Birdman Fitmingo Blueberry 1.02 Kg,https://www.soriana.com/dw/image/v2/BGBD_PRD/on/demandware.static/-/Sites-soriana-grocery-master-catalog/default/dw22ab8d91/images/product/7503037273391_A.jpg?sw=473&sh=473&sm=fit,https://www.soriana.com/farmacia/,/birdman-fitmingo-blueberry-1.02-kg/11734532.html,$965.00,vacio,vacio,vacio,Puntos 'dobles' al pagar con 'FALABELLA',vacio,2026-07-02
Farmacia,Vitaminas y suplementos,Calm Magnesio Polvo 226 G,https://www.soriana.com/dw/image/v2/BGBD_PRD/on/demandware.static/-/Sites-soriana-grocery-master-catalog/default/dwd54ffd55/images/product/183405043497_A.jpg?sw=473&sh=473&sm=fit,https://www.soriana.com/farmacia/,/calm-magnesio-polvo-226-g/11741044.html,$514.00,vacio,vacio,vacio,Puntos 'dobles' al pagar con 'FALABELLA',vacio,2026-07-02
Farmacia,Vitaminas y suplementos,Healthaddiction Electrolitos Frambu 120G,https://www.soriana.com/dw/image/v2/BGBD_PRD/on/demandware.static/-/Sites-soriana-grocery-master-catalog/default/dw28c28ee4/images/product/7503037757419_A.jpg?sw=473&sh=473&sm=fit,https://www.soriana.com/farmacia/,/healthaddiction-electrolitos-frambu-120g/11803818.html,$299.00,vacio,vacio,vacio,Puntos 'dobles' al pagar con 'FALABELLA',vacio,2026-07-02
Farmacia,Vitaminas y suplementos,Centrum Silver 60 TABS,https://www.soriana.com/dw/image/v2/BGBD_PRD/on/demandware.static/-/Sites-soriana-grocery-master-catalog/default/dw5a5cd1b3/images/product/7501065095954_A.jpg?sw=473&sh=473&sm=fit,https://www.soriana.com/farmacia/,/centrum-silver-60-tabs/11720380.html,$404.00,vacio,vacio,vacio,Puntos 'dobles' al pagar con 'FALABELLA',vacio,2026-07-02
Farmacia,Vitaminas y suplementos,Vitaminas Biomiral M-vit For Him 60 Tabletas,https://www.soriana.com/dw/image/v2/BGBD_PRD/on/demandware.static/-/Sites-soriana-grocery-master-catalog/default/dw9a431246/images/product/7502266030904_A.jpg?sw=473&sh=473&sm=fit,https://www.soriana.com/farmacia/,/vitaminas-biomiral-m-vit-for-him-60-tabletas/11656885.html,$299.00,vacio,vacio,vacio,Puntos 'dobles' al pagar con 'FALABELLA',vacio,2026-07-02
Farmacia,Vitaminas y suplementos,On Amin.O. Energy + Electrolytes Peach B,https://www.soriana.com/dw/image/v2/BGBD_PRD/on/demandware.static/-/Sites-soriana-grocery-master-catalog/default/dw4b1d8d6f/images/product/748927063486_A.jpg?sw=473&sh=473&sm=fit,https://www.soriana.com/farmacia/,/on-amin.o.-energy-electrolytes-peach-b/11750072.html,$69.90,vacio,vacio,vacio,Puntos 'dobles' al pagar con 'FALABELLA',vacio,2026-07-02
Farmacia,Vitaminas y suplementos,Stresstabs Multivitamínico con Zinc Frasco con 30 tabletas,https://www.soriana.com/dw/image/v2/BGBD_PRD/on/demandware.static/-/Sites-soriana-grocery-master-catalog/default/dw8c45f467/images/product/7501065095992_A.jpg?sw=473&sh=473&sm=fit,https://www.soriana.com/farmacia/,/stresstabs-multivitaminico-con-zinc-frasco-con-30-tabletas/11720379.html,$302.00,vacio,vacio,vacio,Puntos 'dobles' al pagar con 'FALABELLA',vacio,2026-07-02
Farmacia,Vitaminas y suplementos,Birdman Fitmingo Blueberry 510 Gr,https://www.soriana.com/dw/image/v2/BGBD_PRD/on/demandware.static/-/Sites-soriana-grocery-master-catalog/default/dwd64a1c19/images/product/7503037273360_A.jpg?sw=473&sh=473&sm=fit,https://www.soriana.com/farmacia/,/birdman-fitmingo-blueberry-510-gr/11734356.html,$659.00,vacio,vacio,vacio,Puntos 'dobles' al pagar con 'FALABELLA',vacio,2026-07-02
Farmacia,Vitaminas y suplementos,Evervital Redntense Cap con 30 Pzas,https://www.soriana.com/dw/image/v2/BGBD_PRD/on/demandware.static/-/Sites-soriana-grocery-master-catalog/default/dwc9c4b1db/images/product/7501587000146_A.jpg?sw=473&sh=473&sm=fit,https://www.soriana.com/farmacia/,/evervital-redntense-cap-con-30-pzas/11472466.html,$229.00,vacio,vacio,vacio,Puntos 'dobles' al pagar con 'FALABELLA',vacio,2026-07-02
Farmacia,Vitaminas y suplementos,Evervital Zuckont con 45 Cápsulas,https://www.soriana.com/dw/image/v2/BGBD_PRD/on/demandware.static/-/Sites-soriana-grocery-master-catalog/default/dw8d6adbd8/images/product/7501587000511_A.jpg?sw=473&sh=473&sm=fit,https://www.soriana.com/farmacia/,/evervital-zuckont-con-45-capsulas/11541331.html,$335.00,vacio,vacio,vacio,Puntos 'dobles' al pagar con 'FALABELLA',vacio,2026-07-02
Farmacia,Vitaminas y suplementos,Suplemento alimenticio Nestlé Boost Original Fresa 330 ml,https://www.soriana.com/dw/image/v2/BGBD_PRD/on/demandware.static/-/Sites-soriana-grocery-master-catalog/default/dw68447ca4/images/product/7506475113021_A.jpg?sw=473&sh=473&sm=fit,https://www.soriana.com/farmacia/,/suplemento-alimenticio-nestle-boost-original-fresa-330-ml/11714294.html,$56.90,vacio,vacio,vacio,Puntos 'dobles' al pagar con 'FALABELLA',vacio,2026-07-02
Farmacia,Vitaminas y suplementos,Suplemento alimenticio Forzagen BCAA+Glutamine 330 g,https://www.soriana.com/dw/image/v2/BGBD_PRD/on/demandware.static/-/Sites-soriana-grocery-master-catalog/default/dwff36ffa1/images/product/7503013595707_A.jpg?sw=473&sh=473&sm=fit,https://www.soriana.com/farmacia/,/suplemento-alimenticio-forzagen-bcaaglutamine-330-g/11476538.html,$599.00,vacio,vacio,vacio,Puntos 'dobles' al pagar con 'FALABELLA',vacio,2026-07-02
Farmacia,Vitaminas y suplementos,Suplemento alimenticio Nestlé Boost Original Chocolate 237 ml,https://www.soriana.com/dw/image/v2/BGBD_PRD/on/demandware.static/-/Sites-soriana-grocery-master-catalog/default/dw4873f0c9/images/product/7501058622921_A.jpg?sw=473&sh=473&sm=fit,https://www.soriana.com/farmacia/,/suplemento-alimenticio-nestle-boost-original-chocolate-237-ml/11557811.html,$39.20,vacio,vacio,vacio,Puntos 'dobles' al pagar con 'FALABELLA',vacio,2026-07-02
Farmacia,Vitaminas y suplementos,Suplemento alimenticio Nestlé Boost Original Fresa 237 ml,https://www.soriana.com/dw/image/v2/BGBD_PRD/on/demandware.static/-/Sites-soriana-grocery-master-catalog/default/dw76d18de2/images/product/7501058622945_A.jpg?sw=473&sh=473&sm=fit,https://www.soriana.com/farmacia/,/suplemento-alimenticio-nestle-boost-original-fresa-237-ml/11557871.html,$39.50,vacio,vacio,vacio,Puntos 'dobles' al pagar con 'FALABELLA',vacio,2026-07-02
Farmacia,Vitaminas y suplementos,"Rebiot I, Suplemento Alimenticio, 7 Frascos con 10ml",https://www.soriana.com/dw/image/v2/BGBD_PRD/on/demandware.static/-/Sites-soriana-grocery-master-catalog/default/dw773e3384/images/product/7501086301553_A.jpg?sw=473&sh=473&sm=fit,https://www.soriana.com/farmacia/,/rebiot-i-suplemento-alimenticio-7-frascos-con-10ml/8008205.html,"$1,072.00",vacio,vacio,vacio,Puntos 'dobles' al pagar con 'FALABELLA',vacio,2026-07-02
Farmacia,Vitaminas y suplementos,C Boost Gummies Kids con 90 Pzas,https://www.soriana.com/dw/image/v2/BGBD_PRD/on/demandware.static/-/Sites-soriana-grocery-master-catalog/default/dw94123a61/images/product/7506295800170_A.jpg?sw=473&sh=473&sm=fit,https://www.soriana.com/farmacia/,/c-boost-gummies-kids-con-90-pzas/11330916.html,$229.50,vacio,vacio,vacio,Puntos 'dobles' al pagar con 'FALABELLA',vacio,2026-07-02
Farmacia,Vitaminas y suplementos,Vitamina C Redoxon Sabor Naranja Caja con 3 sobres con 2 Tabletas Efervescentes,https://www.soriana.com/dw/image/v2/BGBD_PRD/on/demandware.static/-/Sites-soriana-grocery-master-catalog/default/dwe531d8b6/images/product/7501008499030_A.jpg?sw=473&sh=473&sm=fit,https://www.soriana.com/farmacia/,/vitamina-c-redoxon-sabor-naranja-caja-con-3-sobres-con-2-tabletas-efervescentes/11617516.html,$50.00,vacio,vacio,vacio,Puntos 'dobles' al pagar con 'FALABELLA',vacio,2026-07-02
Farmacia,Vitaminas y suplementos,Sukrol Inf Jbe con 240 ml,https://www.soriana.com/dw/image/v2/BGBD_PRD/on/demandware.static/-/Sites-soriana-grocery-master-catalog/default/dwc91a52d6/images/product/0714706300400_A.jpg?sw=473&sh=473&sm=fit,https://www.soriana.com/farmacia/,/sukrol-inf-jbe-con-240-ml/545254.html,$182.00,vacio,vacio,vacio,Puntos 'dobles' al pagar con 'FALABELLA',vacio,2026-07-02
Farmacia,Vitaminas y suplementos,Lagenbach 8.60mg Tab C/25,https://www.soriana.com/dw/image/v2/BGBD_PRD/on/demandware.static/-/Sites-soriana-grocery-master-catalog/default/dwf21c11ef/images/product/7501273500035_A.jpg?sw=473&sh=473&sm=fit,https://www.soriana.com/farmacia/,/lagenbach-8.60mg-tab-c-25/561548.html,$151.00,vacio,vacio,vacio,Puntos 'dobles' al pagar con 'FALABELLA',vacio,2026-07-02
Farmacia,Vitaminas y suplementos,Iberogast Solución Oral para Colitis y síntomas gastrointestinales Frasco con gotero 50 ml,https://www.soriana.com/dw/image/v2/BGBD_PRD/on/demandware.static/-/Sites-soriana-grocery-master-catalog/default/dwfc820fd4/images/product/7501008499115_A.jpg?sw=473&sh=473&sm=fit,https://www.soriana.com/farmacia/,/iberogast-solucion-oral-para-colitis-y-sintomas-gastrointestinales-frasco-con-gotero-50-ml/8011246.html,$335.00,vacio,vacio,vacio,Puntos 'dobles' al pagar con 'FALABELLA',vacio,2026-07-02
Farmacia,Vitaminas y suplementos,Suplemento alimenticio Enutre Prebióticos Vainilla 237 ml,https://www.soriana.com/dw/image/v2/BGBD_PRD/on/demandware.static/-/Sites-soriana-grocery-master-catalog/default/dw7f19ca0c/images/product/7501109768097_A.jpg?sw=473&sh=473&sm=fit,https://www.soriana.com/farmacia/,/suplemento-alimenticio-enutre-prebioticos-vainilla-237-ml/11526111.html,$45.00,vacio,vacio,vacio,Puntos 'dobles' al pagar con 'FALABELLA',vacio,2026-07-02
Farmacia,Vitaminas y suplementos,Suplemento alimenticio Isopure Zero Carb Protein Cookies and Cream 454 g,https://www.soriana.com/dw/image/v2/BGBD_PRD/on/demandware.static/-/Sites-soriana-grocery-master-catalog/default/dw7e0ee42a/images/product/0089094024314_A.jpg?sw=473&sh=473&sm=fit,https://www.soriana.com/farmacia/,/suplemento-alimenticio-isopure-zero-carb-protein-cookies-and-cream-454-g/11573964.html,$699.90,vacio,vacio,vacio,Puntos 'dobles' al pagar con 'FALABELLA',vacio,2026-07-02
Farmacia,Vitaminas y suplementos,Cloruro De Magnesio C/60 Pzas,https://www.soriana.com/dw/image/v2/BGBD_PRD/on/demandware.static/-/Sites-soriana-grocery-master-catalog/default/dw2e62dfac/images/product/7503018047812_A.jpg?sw=473&sh=473&sm=fit,https://www.soriana.com/farmacia/,/cloruro-de-magnesio-c-60-pzas/11584703.html,$145.00,vacio,vacio,vacio,Puntos 'dobles' al pagar con 'FALABELLA',vacio,2026-07-02
Farmacia,Vitaminas y suplementos,Suplemento alimenticio Ensure Chocolate 237 ml 6 Piezas,https://www.soriana.com/dw/image/v2/BGBD_PRD/on/demandware.static/-/Sites-soriana-grocery-master-catalog/default/dw88a50813/images/product/7501033954009_A.jpg?sw=473&sh=473&sm=fit,https://www.soriana.com/farmacia/,/suplemento-alimenticio-ensure-chocolate-237-ml-6-piezas/1306801.html,$329.00,vacio,vacio,vacio,Puntos 'dobles' al pagar con 'FALABELLA',vacio,2026-07-02
Farmacia,Vitaminas y suplementos,Suplemento alimenticio Ensure Clásico Chocolate 237 ml,https://www.soriana.com/dw/image/v2/BGBD_PRD/on/demandware.static/-/Sites-soriana-grocery-master-catalog/default/dw2b406072/images/product/7501033954061_A.jpg?sw=473&sh=473&sm=fit,https://www.soriana.com/farmacia/,/suplemento-alimenticio-ensure-clasico-chocolate-237-ml/1408709.html,$65.50,vacio,vacio,vacio,Puntos 'dobles' al pagar con 'FALABELLA',vacio,2026-07-02
Farmacia,Vitaminas y suplementos,Suplemento alimenticio PediaSure Plus Fresa 400 g,https://www.soriana.com/dw/image/v2/BGBD_PRD/on/demandware.static/-/Sites-soriana-grocery-master-catalog/default/dw75fc05ac/images/product/7501033957239_A.jpg?sw=473&sh=473&sm=fit,https://www.soriana.com/farmacia/,/suplemento-alimenticio-pediasure-plus-fresa-400-g/2124139.html,$423.00,vacio,vacio,vacio,Puntos 'dobles' al pagar con 'FALABELLA',vacio,2026-07-02
Farmacia,Vitaminas y suplementos,Suplemento alimenticio Solanum Pharma Omega 3 Salmón 60 pza,https://www.soriana.com/dw/image/v2/BGBD_PRD/on/demandware.static/-/Sites-soriana-grocery-master-catalog/default/dw779f3b61/images/product/7503006545177_A.jpg?sw=473&sh=473&sm=fit,https://www.soriana.com/farmacia/,/suplemento-alimenticio-solanum-pharma-omega-3-salmon-60-pza/2553760.html,$209.00,vacio,vacio,vacio,Puntos 'dobles' al pagar con 'FALABELLA',vacio,2026-07-02
Farmacia,Vitaminas y suplementos,Pharmaton Kiddi Jarabe Naranja - Mandarina 200 ml.,https://www.soriana.com/dw/image/v2/BGBD_PRD/on/demandware.static/-/Sites-soriana-grocery-master-catalog/default/dw34f04ad0/images/product/7501165011724_A.jpg?sw=473&sh=473&sm=fit,https://www.soriana.com/farmacia/,/pharmaton-kiddi-jarabe-naranja---mandarina-200-ml./11464327.html,$485.00,vacio,vacio,vacio,Puntos 'dobles' al pagar con 'FALABELLA',vacio,2026-07-02
Farmacia,Vitaminas y suplementos,Multivitaminico Berocca Sabor Naranja 10 Comprimidos Efervescentes,https://www.soriana.com/dw/image/v2/BGBD_PRD/on/demandware.static/-/Sites-soriana-grocery-master-catalog/default/dwb5787dee/images/product/7501008409572_A.jpg?sw=473&sh=473&sm=fit,https://www.soriana.com/farmacia/,/multivitaminico-berocca-sabor-naranja-10-comprimidos-efervescentes/1328302.html,$229.00,vacio,vacio,vacio,Puntos 'dobles' al pagar con 'FALABELLA',vacio,2026-07-02
Farmacia,Vitaminas y suplementos,Emergen-C Vitamina C En Polvo Sabor Naranja 10 Piezas,https://www.soriana.com/dw/image/v2/BGBD_PRD/on/demandware.static/-/Sites-soriana-grocery-master-catalog/default/dwf4e6797a/images/product/7501287679505_A.jpg?sw=473&sh=473&sm=fit,https://www.soriana.com/farmacia/,/emergen-c-vitamina-c-en-polvo-sabor-naranja-10-piezas/8002629.html,$105.00,vacio,vacio,vacio,Puntos 'dobles' al pagar con 'FALABELLA',vacio,2026-07-02
Farmacia,Vitaminas y suplementos,Suplemento Alimenticio X-Ray Sistema Óseo 30 Capsulas,https://www.soriana.com/dw/image/v2/BGBD_PRD/on/demandware.static/-/Sites-soriana-grocery-master-catalog/default/dw2dd0f4a0/images/product/0650240016967_A.jpg?sw=473&sh=473&sm=fit,https://www.soriana.com/farmacia/,/suplemento-alimenticio-x-ray-sistema-oseo-30-capsulas/2153636.html,$375.00,vacio,vacio,vacio,Puntos 'dobles' al pagar con 'FALABELLA',vacio,2026-07-02
Farmacia,Vitaminas y suplementos,Tk Minis Snack Bar Chocolate Chip 26 Grs,https://www.soriana.com/dw/image/v2/BGBD_PRD/on/demandware.static/-/Sites-soriana-grocery-master-catalog/default/dw00364e28/images/product/753656720661_A.jpg?sw=473&sh=473&sm=fit,https://www.soriana.com/farmacia/,/tk-minis-snack-bar-chocolate-chip-26-grs/11850118.html,$34.90,vacio,vacio,vacio,Puntos 'dobles' al pagar con 'FALABELLA',vacio,2026-07-02
Farmacia,Vitaminas y suplementos,CBD life farma tintura 250mg 30 ml,https://www.soriana.com/dw/image/v2/BGBD_PRD/on/demandware.static/-/Sites-soriana-grocery-master-catalog/default/dw4e1f068d/images/product/7503024957600_A.jpg?sw=473&sh=473&sm=fit,https://www.soriana.com/farmacia/,/cbd-life-farma-tintura-250mg-30-ml/11703413.html,$591.00,vacio,vacio,vacio,Puntos 'dobles' al pagar con 'FALABELLA',vacio,2026-07-02
Farmacia,Vitaminas y suplementos,Ensure Adv Hmb Chocolate 400,https://www.soriana.com/dw/image/v2/BGBD_PRD/on/demandware.static/-/Sites-soriana-grocery-master-catalog/default/dw144b5f28/images/product/7501033960888_A.jpg?sw=473&sh=473&sm=fit,https://www.soriana.com/farmacia/,/ensure-adv-hmb-chocolate-400/11657994.html,$415.00,vacio,vacio,vacio,Puntos 'dobles' al pagar con 'FALABELLA',vacio,2026-07-02
Farmacia,Vitaminas y suplementos,Floratil 250 Mg Pvo Sob C/6 Pzas,https://www.soriana.com/dw/image/v2/BGBD_PRD/on/demandware.static/-/Sites-soriana-grocery-master-catalog/default/dw91d6da2b/images/product/7500327050236_A.jpg?sw=473&sh=473&sm=fit,https://www.soriana.com/farmacia/,/floratil-250-mg-pvo-sob-c-6-pzas/8012565.html,$459.00,vacio,3 x 2,vacio,Puntos 'dobles' al pagar con 'FALABELLA',vacio,2026-07-02
Farmacia,Vitaminas y suplementos,Flexakocs 200 Mg C/10 Capsulas,https://www.soriana.com/dw/image/v2/BGBD_PRD/on/demandware.static/-/Sites-soriana-grocery-master-catalog/default/dwcbd89ba9/images/product/7501088505560_A.jpg?sw=473&sh=473&sm=fit,https://www.soriana.com/farmacia/,/flexakocs-200-mg-c-10-capsulas/8012520.html,$471.00,vacio,3 x 2,vacio,Puntos 'dobles' al pagar con 'FALABELLA',vacio,2026-07-02
Farmacia,Vitaminas y suplementos,Upn Protein Shake 10 Gr Choc Rtd 325 Ml,https://www.soriana.com/dw/image/v2/BGBD_PRD/on/demandware.static/-/Sites-soriana-grocery-master-catalog/default/dw02792cb5/images/product/7501639313224_A.jpg?sw=473&sh=473&sm=fit,https://www.soriana.com/farmacia/,/upn-protein-shake-10-gr-choc-rtd-325-ml/11854433.html,$34.90,vacio,vacio,vacio,Puntos 'dobles' al pagar con 'FALABELLA',vacio,2026-07-02
Farmacia,Vitaminas y suplementos,Jengibre 120 Capsulas,https://www.soriana.com/dw/image/v2/BGBD_PRD/on/demandware.static/-/Sites-soriana-grocery-master-catalog/default/dw6ed82706/images/product/7503007208569_A.jpg?sw=473&sh=473&sm=fit,https://www.soriana.com/farmacia/,/jengibre-120-capsulas/11704402.html,$250.00,vacio,vacio,vacio,Puntos 'dobles' al pagar con 'FALABELLA',vacio,2026-07-02
Farmacia,Vitaminas y suplementos,Suplemento alimenticio CBD Life Tintura con Cannabis Naranja 30 ml,https://www.soriana.com/dw/image/v2/BGBD_PRD/on/demandware.static/-/Sites-soriana-grocery-master-catalog/default/dwa899da17/images/product/7503024957594_A.jpg?sw=473&sh=473&sm=fit,https://www.soriana.com/farmacia/,/suplemento-alimenticio-cbd-life-tintura-con-cannabis-naranja-30-ml/11703412.html,$399.00,vacio,vacio,vacio,Puntos 'dobles' al pagar con 'FALABELLA',vacio,2026-07-02
Farmacia,Vitaminas y suplementos,Emulsion Scott Cereza 400 Ml,https://www.soriana.com/dw/image/v2/BGBD_PRD/on/demandware.static/-/Sites-soriana-grocery-master-catalog/default/dw5ce0f71e/images/product/7501065054678_A.jpg?sw=473&sh=473&sm=fit,https://www.soriana.com/farmacia/,/emulsion-scott-cereza-400-ml/8012398.html,$199.00,vacio,vacio,vacio,Puntos 'dobles' al pagar con 'FALABELLA',vacio,2026-07-02
Farmacia,Vitaminas y suplementos,Pharmaton Kiddi Jarabe Naranja - Mandarina 100 ml.,https://www.soriana.com/dw/image/v2/BGBD_PRD/on/demandware.static/-/Sites-soriana-grocery-master-catalog/default/dw5bcbfc65/images/product/7501165011717_A.jpg?sw=473&sh=473&sm=fit,https://www.soriana.com/farmacia/,/pharmaton-kiddi-jarabe-naranja---mandarina-100-ml./11465334.html,$295.00,vacio,vacio,vacio,Puntos 'dobles' al pagar con 'FALABELLA',vacio,2026-07-02
Farmacia,Vitaminas y suplementos,Pharmaton Woman 50+ Suplemento 30 Cápsulas de 750 mg.,https://www.soriana.com/dw/image/v2/BGBD_PRD/on/demandware.static/-/Sites-soriana-grocery-master-catalog/default/dw184ee1b5/images/product/3664798027525_A.jpg?sw=473&sh=473&sm=fit,https://www.soriana.com/farmacia/,/pharmaton-woman-50-suplemento-30-capsulas-de-750-mg./11507374.html,$235.00,vacio,vacio,vacio,Puntos 'dobles' al pagar con 'FALABELLA',vacio,2026-07-02
Farmacia,Vitaminas y suplementos,Multivitamínico Shot B Diabético 30 Tabletas,https://www.soriana.com/dw/image/v2/BGBD_PRD/on/demandware.static/-/Sites-soriana-grocery-master-catalog/default/dw03cdd91f/images/product/0650240011429_A.jpg?sw=473&sh=473&sm=fit,https://www.soriana.com/farmacia/,/multivitaminico-shot-b-diabetico-30-tabletas/1791347.html,$239.00,vacio,vacio,vacio,Puntos 'dobles' al pagar con 'FALABELLA',vacio,2026-07-02
Farmacia,Vitaminas y suplementos,Multivitamínico Para El Embarazo Elevit 30 tabletas,https://www.soriana.com/dw/image/v2/BGBD_PRD/on/demandware.static/-/Sites-soriana-grocery-master-catalog/default/dwf2f909b3/images/product/7501008497623_A.jpg?sw=473&sh=473&sm=fit,https://www.soriana.com/farmacia/,/multivitaminico-para-el-embarazo-elevit-30-tabletas/2357057.html,$519.00,vacio,vacio,vacio,Puntos 'dobles' al pagar con 'FALABELLA',vacio,2026-07-02
Farmacia,Vitaminas y suplementos,Vitamina C + Zinc Redoxon Plus 10 Tabletas Efervescentes,https://www.soriana.com/dw/image/v2/BGBD_PRD/on/demandware.static/-/Sites-soriana-grocery-master-catalog/default/dw4cb6f23f/images/product/7501008453780_A.jpg?sw=473&sh=473&sm=fit,https://www.soriana.com/farmacia/,/vitamina-c-zinc-redoxon-plus-10-tabletas-efervescentes/2376272.html,$127.00,vacio,vacio,vacio,Puntos 'dobles' al pagar con 'FALABELLA',vacio,2026-07-02
Farmacia,Vitaminas y suplementos,Vitamina C Redoxon Sabor Naranja 10 Tabletas Efervescentes,https://www.soriana.com/dw/image/v2/BGBD_PRD/on/demandware.static/-/Sites-soriana-grocery-master-catalog/default/dw2a4644ea/images/product/7501008409527_A.jpg?sw=473&sh=473&sm=fit,https://www.soriana.com/farmacia/,/vitamina-c-redoxon-sabor-naranja-10-tabletas-efervescentes/3042885.html,$148.00,vacio,vacio,vacio,Puntos 'dobles' al pagar con 'FALABELLA',vacio,2026-07-02
Farmacia,Vitaminas y suplementos,Tri-Vi-Sol Ped Sol con 50ml,https://www.soriana.com/dw/image/v2/BGBD_PRD/on/demandware.static/-/Sites-soriana-grocery-master-catalog/default/dw25540c03/images/product/7501300407283_A.jpg?sw=473&sh=473&sm=fit,https://www.soriana.com/farmacia/,/tri-vi-sol-ped-sol-con-50ml/2843656.html,$259.00,vacio,vacio,vacio,Puntos 'dobles' al pagar con 'FALABELLA',vacio,2026-07-02
Farmacia,Vitaminas y suplementos,Vivioptal Sup Alime Cap con 30,https://www.soriana.com/dw/image/v2/BGBD_PRD/on/demandware.static/-/Sites-soriana-grocery-master-catalog/default/dwfe8ca056/images/product/7501587010404_A.jpg?sw=473&sh=473&sm=fit,https://www.soriana.com/farmacia/,/vivioptal-sup-alime-cap-con-30/604955.html,$225.00,vacio,vacio,vacio,Puntos 'dobles' al pagar con 'FALABELLA',vacio,2026-07-02
Farmacia,Vitaminas y suplementos,Pharmaton Multivitamínico para Adultos 30+ 30 Cápsulas.,https://www.soriana.com/dw/image/v2/BGBD_PRD/on/demandware.static/-/Sites-soriana-grocery-master-catalog/default/dw816c895d/images/product/7501165011380_A.jpg?sw=473&sh=473&sm=fit,https://www.soriana.com/farmacia/,/pharmaton-multivitaminico-para-adultos-30-30-capsulas./9110360.html,$309.00,vacio,vacio,vacio,Puntos 'dobles' al pagar con 'FALABELLA',vacio,2026-07-02
Farmacia,Vitaminas y suplementos,Complejo Vitaminico + Co Q10,https://www.soriana.com/dw/image/v2/BGBD_PRD/on/demandware.static/-/Sites-soriana-grocery-master-catalog/default/dw1beba106/images/product/7503007208927_A.jpg?sw=473&sh=473&sm=fit,https://www.soriana.com/farmacia/,/complejo-vitaminico-co-q10/11704399.html,$335.00,vacio,vacio,vacio,Puntos 'dobles' al pagar con 'FALABELLA',vacio,2026-07-02
Farmacia,Vitaminas y suplementos,Birdman Treona Mag 72.6Gr,https://www.soriana.com/dw/image/v2/BGBD_PRD/on/demandware.static/-/Sites-soriana-grocery-master-catalog/default/dw206eb657/images/product/7503038209245_A.jpg?sw=473&sh=473&sm=fit,https://www.soriana.com/farmacia/,/birdman-treona-mag-72.6gr/11867735.html,$499.00,vacio,vacio,vacio,Puntos 'dobles' al pagar con 'FALABELLA',vacio,2026-07-02
Farmacia,Vitaminas y suplementos,Lisefex 1.5 g suplemento alimenticio 30 sobres,https://www.soriana.com/dw/image/v2/BGBD_PRD/on/demandware.static/-/Sites-soriana-grocery-master-catalog/default/dw3a4a022d/images/product/7501124184766_A.jpg?sw=473&sh=473&sm=fit,https://www.soriana.com/farmacia/,/lisefex-1.5-g-suplemento-alimenticio-30-sobres/11717649.html,$625.00,vacio,3 x 2,vacio,Puntos 'dobles' al pagar con 'FALABELLA',vacio,2026-07-02
Farmacia,Vitaminas y suplementos,Suplemento alimenticio Habits High Performance Vainilla 578 g,https://www.soriana.com/dw/image/v2/BGBD_PRD/on/demandware.static/-/Sites-soriana-grocery-master-catalog/default/dw2d20f582/images/product/7501468149629_A.jpg?sw=473&sh=473&sm=fit,https://www.soriana.com/farmacia/,/suplemento-alimenticio-habits-high-performance-vainilla-578-g/11738699.html,$729.00,vacio,vacio,vacio,Puntos 'dobles' al pagar con 'FALABELLA',vacio,2026-07-02
Farmacia,Vitaminas y suplementos,Centrum Silver +50 100 Tabletas,https://www.soriana.com/dw/image/v2/BGBD_PRD/on/demandware.static/-/Sites-soriana-grocery-master-catalog/default/dw4ea97554/images/product/7501065095961_A.jpg?sw=473&sh=473&sm=fit,https://www.soriana.com/farmacia/,/centrum-silver-50-100-tabletas/8012407.html,$539.00,vacio,vacio,vacio,Puntos 'dobles' al pagar con 'FALABELLA',vacio,2026-07-02
Farmacia,Vitaminas y suplementos,Ablazor Suplemento 30 Sobres,https://www.soriana.com/dw/image/v2/BGBD_PRD/on/demandware.static/-/Sites-soriana-grocery-master-catalog/default/dwd8c63411/images/product/7502253073679_A.jpg?sw=473&sh=473&sm=fit,https://www.soriana.com/farmacia/,/ablazor-suplemento-30-sobres/8012351.html,"$1,205.00",vacio,vacio,vacio,Puntos 'dobles' al pagar con 'FALABELLA',vacio,2026-07-02
Farmacia,Vitaminas y suplementos,T.L. Lean Shake 25 Swiss Choc Rtd 414 Ml,https://www.soriana.com/dw/image/v2/BGBD_PRD/on/demandware.static/-/Sites-soriana-grocery-master-catalog/default/dwa6abca73/images/product/48107226756_A.jpg?sw=473&sh=473&sm=fit,https://www.soriana.com/farmacia/,/t.l.-lean-shake-25-swiss-choc-rtd-414-ml/11850106.html,$79.90,vacio,vacio,vacio,Puntos 'dobles' al pagar con 'FALABELLA',vacio,2026-07-02
Farmacia,Vitaminas y suplementos,Suplemento alimenticio Caltrate 600+M 30 pza,https://www.soriana.com/dw/image/v2/BGBD_PRD/on/demandware.static/-/Sites-soriana-grocery-master-catalog/default/dw95c5f1f9/images/product/7501065002334_A.jpg?sw=473&sh=473&sm=fit,https://www.soriana.com/farmacia/,/suplemento-alimenticio-caltrate-600m-30-pza/8012493.html,$239.00,vacio,vacio,vacio,Puntos 'dobles' al pagar con 'FALABELLA',vacio,2026-07-02
Farmacia,Vitaminas y suplementos,Suplemento alimenticio Raíces Verdes Vinagre de Manzana 90 pza,https://www.soriana.com/dw/image/v2/BGBD_PRD/on/demandware.static/-/Sites-soriana-grocery-master-catalog/default/dw2d3995ca/images/product/7500462434786_A.jpg?sw=473&sh=473&sm=fit,https://www.soriana.com/farmacia/,/suplemento-alimenticio-raices-verdes-vinagre-de-manzana-90-pza/11831476.html,$235.00,vacio,vacio,vacio,Puntos 'dobles' al pagar con 'FALABELLA',vacio,2026-07-02
Farmacia,Vitaminas y suplementos,Tk Minis Snack Bar Choco Almobrow 26Grs,https://www.soriana.com/dw/image/v2/BGBD_PRD/on/demandware.static/-/Sites-soriana-grocery-master-catalog/default/dw110387c7/images/product/753656720609_A.jpg?sw=473&sh=473&sm=fit,https://www.soriana.com/farmacia/,/tk-minis-snack-bar-choco-almobrow-26grs/11850115.html,$34.90,vacio,vacio,vacio,Puntos 'dobles' al pagar con 'FALABELLA',vacio,2026-07-02
Farmacia,Vitaminas y suplementos,Tk Snack Bar Salted Caramel 40 Grs,https://www.soriana.com/dw/image/v2/BGBD_PRD/on/demandware.static/-/Sites-soriana-grocery-master-catalog/default/dw6924091d/images/product/753656710969_A.jpg?sw=473&sh=473&sm=fit,https://www.soriana.com/farmacia/,/tk-snack-bar-salted-caramel-40-grs/11850109.html,$54.90,vacio,vacio,vacio,Puntos 'dobles' al pagar con 'FALABELLA',vacio,2026-07-02
Farmacia,Vitaminas y suplementos,"Pharmaton Complete Kids Suplemento Alimenticio en Jarabe, 100 ml",https://www.soriana.com/dw/image/v2/BGBD_PRD/on/demandware.static/-/Sites-soriana-grocery-master-catalog/default/dwdbe0f98e/images/product/3664798064711_A.jpg?sw=473&sh=473&sm=fit,https://www.soriana.com/farmacia/,/pharmaton-complete-kids-suplemento-alimenticio-en-jarabe-100-ml/11886519.html,$455.00,vacio,vacio,vacio,Puntos 'dobles' al pagar con 'FALABELLA',vacio,2026-07-02
Farmacia,Vitaminas y suplementos,"Pharmaton Complete Suplemento Alimenticio para Adultos, 60 Tabletas",https://www.soriana.com/dw/image/v2/BGBD_PRD/on/demandware.static/-/Sites-soriana-grocery-master-catalog/default/dwf3b0d711/images/product/3664798062236_A.jpg?sw=473&sh=473&sm=fit,https://www.soriana.com/farmacia/,/pharmaton-complete-suplemento-alimenticio-para-adultos-60-tabletas/11886517.html,$369.00,vacio,vacio,vacio,Puntos 'dobles' al pagar con 'FALABELLA',vacio,2026-07-02
Farmacia,Vitaminas y suplementos,"Pharmaton Complete Kids Suplemento Alimenticio en Jarabe, 100 ml",https://www.soriana.com/dw/image/v2/BGBD_PRD/on/demandware.static/-/Sites-soriana-grocery-master-catalog/default/dw3b4ea247/images/product/3664798064704_A.jpg?sw=473&sh=473&sm=fit,https://www.soriana.com/farmacia/,/pharmaton-complete-kids-suplemento-alimenticio-en-jarabe-100-ml/11886520.html,$249.00,vacio,vacio,vacio,Puntos 'dobles' al pagar con 'FALABELLA',vacio,2026-07-02
Farmacia,Vitaminas y suplementos,"Pharmaton Complete Suplemento Alimenticio para Adultos, 100 Tabletas",https://www.soriana.com/dw/image/v2/BGBD_PRD/on/demandware.static/-/Sites-soriana-grocery-master-catalog/default/dw355f390c/images/product/3664798062243_A.jpg?sw=473&sh=473&sm=fit,https://www.soriana.com/farmacia/,/pharmaton-complete-suplemento-alimenticio-para-adultos-100-tabletas/11886518.html,$519.00,vacio,vacio,vacio,Puntos 'dobles' al pagar con 'FALABELLA',vacio,2026-07-02
Farmacia,Vitaminas y suplementos,Birdman Fitmingo Vainilla 1.02 Kg,https://www.soriana.com/dw/image/v2/BGBD_PRD/on/demandware.static/-/Sites-soriana-grocery-master-catalog/default/dw33b13e17/images/product/7503037273414_A.jpg?sw=473&sh=473&sm=fit,https://www.soriana.com/farmacia/,/birdman-fitmingo-vainilla-1.02-kg/11734534.html,$965.00,vacio,vacio,vacio,Puntos 'dobles' al pagar con 'FALABELLA',vacio,2026-07-02
Farmacia,Vitaminas y suplementos,Suplemento alimenticio Wonu Colágeno sabor mandarina 345 g,https://www.soriana.com/dw/image/v2/BGBD_PRD/on/demandware.static/-/Sites-soriana-grocery-master-catalog/default/dw8995e21d/images/product/7503028029754_A.jpg?sw=473&sh=473&sm=fit,https://www.soriana.com/farmacia/,/suplemento-alimenticio-wonu-colageno-sabor-mandarina-345-g/11629599.html,$589.00,vacio,vacio,vacio,Puntos 'dobles' al pagar con 'FALABELLA',vacio,2026-07-02
Farmacia,Vitaminas y suplementos,Suplemento alimenticio Delisure Vainilla 237 ml,https://www.soriana.com/dw/image/v2/BGBD_PRD/on/demandware.static/-/Sites-soriana-grocery-master-catalog/default/dw441cec5d/images/product/7503011998753_A.jpg?sw=473&sh=473&sm=fit,https://www.soriana.com/farmacia/,/suplemento-alimenticio-delisure-vainilla-237-ml/11714063.html,$45.00,vacio,vacio,vacio,Puntos 'dobles' al pagar con 'FALABELLA',vacio,2026-07-02
Farmacia,Vitaminas y suplementos,Suplemento alimenticio Delisure Fresa 237 ml,https://www.soriana.com/dw/image/v2/BGBD_PRD/on/demandware.static/-/Sites-soriana-grocery-master-catalog/default/dw251200e7/images/product/7503011998159_A.jpg?sw=473&sh=473&sm=fit,https://www.soriana.com/farmacia/,/suplemento-alimenticio-delisure-fresa-237-ml/11714440.html,$45.00,vacio,vacio,vacio,Puntos 'dobles' al pagar con 'FALABELLA',vacio,2026-07-02
Farmacia,Vitaminas y suplementos,"Healthaddiction Mel, Cordy, Reishi 60Cap",https://www.soriana.com/dw/image/v2/BGBD_PRD/on/demandware.static/-/Sites-soriana-grocery-master-catalog/default/dw094389f5/images/product/7503011360949_A.jpg?sw=473&sh=473&sm=fit,https://www.soriana.com/farmacia/,/healthaddiction-mel-cordy-reishi-60cap/11803703.html,$349.00,vacio,vacio,vacio,Puntos 'dobles' al pagar con 'FALABELLA',vacio,2026-07-02
Farmacia,Vitaminas y suplementos,Tk Snack Bar Chunky Choco Peanut 40Grs,https://www.soriana.com/dw/image/v2/BGBD_PRD/on/demandware.static/-/Sites-soriana-grocery-master-catalog/default/dw71b264e0/images/product/753656710990_A.jpg?sw=473&sh=473&sm=fit,https://www.soriana.com/farmacia/,/tk-snack-bar-chunky-choco-peanut-40grs/11850110.html,$54.90,vacio,vacio,vacio,Puntos 'dobles' al pagar con 'FALABELLA',vacio,2026-07-02
Farmacia,Vitaminas y suplementos,On Glutamine Powder 300 Grs,https://www.soriana.com/dw/image/v2/BGBD_PRD/on/demandware.static/-/Sites-soriana-grocery-master-catalog/default/dw75edb447/images/product/748927022810_A.jpg?sw=473&sh=473&sm=fit,https://www.soriana.com/farmacia/,/on-glutamine-powder-300-grs/11854967.html,$899.00,vacio,vacio,vacio,Puntos 'dobles' al pagar con 'FALABELLA',vacio,2026-07-02
Farmacia,Vitaminas y suplementos,Curucma 60 pzas,https://www.soriana.com/on/demandware.static/-/Library-Sites-SorianaSharedLib/default/dw1c729079/images/noimagelarge.png,https://www.soriana.com/farmacia/,/curucma-60-pzas/11584705.html,$149.00,vacio,vacio,vacio,Puntos 'dobles' al pagar con 'FALABELLA',vacio,2026-07-02
Farmacia,Vitaminas y suplementos,Emulsion-Scott Cereza Sol con 369ml,https://www.soriana.com/dw/image/v2/BGBD_PRD/on/demandware.static/-/Sites-soriana-grocery-master-catalog/default/dw0132989e/images/product/7501065053350_A.jpg?sw=473&sh=473&sm=fit,https://www.soriana.com/farmacia/,/emulsion-scott-cereza-sol-con-369ml/2027275.html,$127.00,vacio,vacio,vacio,Puntos 'dobles' al pagar con 'FALABELLA',vacio,2026-07-02
Farmacia,Vitaminas y suplementos,Snelvit 90 Cápsulas 3/2 mg,https://www.soriana.com/dw/image/v2/BGBD_PRD/on/demandware.static/-/Sites-soriana-grocery-master-catalog/default/dwcab70b98/images/product/0008400004123_A.jpg?sw=473&sh=473&sm=fit,https://www.soriana.com/farmacia/,/snelvit-90-capsulas-3-2-mg/3022706.html,$833.00,vacio,vacio,vacio,Puntos 'dobles' al pagar con 'FALABELLA',vacio,2026-07-02
Farmacia,Vitaminas y suplementos,Suplemento alimenticio Gelicart Action 600 g,https://www.soriana.com/dw/image/v2/BGBD_PRD/on/demandware.static/-/Sites-soriana-grocery-master-catalog/default/dw121e5255/images/product/7501165010819_A.jpg?sw=473&sh=473&sm=fit,https://www.soriana.com/farmacia/,/suplemento-alimenticio-gelicart-action-600-g/8001670.html,"$1,567.00",vacio,vacio,vacio,Puntos 'dobles' al pagar con 'FALABELLA',vacio,2026-07-02
Farmacia,Vitaminas y suplementos,Evervital Men con 30 Cap,https://www.soriana.com/dw/image/v2/BGBD_PRD/on/demandware.static/-/Sites-soriana-grocery-master-catalog/default/dwfebc275c/images/product/7501587000283_A.jpg?sw=473&sh=473&sm=fit,https://www.soriana.com/farmacia/,/evervital-men-con-30-cap/11472514.html,$245.00,vacio,vacio,vacio,Puntos 'dobles' al pagar con 'FALABELLA',vacio,2026-07-02
Farmacia,Vitaminas y suplementos,Vitamina C Redoxon Infantil Sabor Cereza Limón y Lima-Limón 100 Tabletas Masticables,https://www.soriana.com/dw/image/v2/BGBD_PRD/on/demandware.static/-/Sites-soriana-grocery-master-catalog/default/dw61f2358d/images/product/7501008498439_A.jpg?sw=473&sh=473&sm=fit,https://www.soriana.com/farmacia/,/vitamina-c-redoxon-infantil-sabor-cereza-limon-y-lima-limon-100-tabletas-masticables/8001401.html,$151.00,vacio,vacio,vacio,Puntos 'dobles' al pagar con 'FALABELLA',vacio,2026-07-02
Farmacia,Vitaminas y suplementos,Adekon-C Gts Sol con 15ml,https://www.soriana.com/dw/image/v2/BGBD_PRD/on/demandware.static/-/Sites-soriana-grocery-master-catalog/default/dwb9efad53/images/product/7501072350039_A.jpg?sw=473&sh=473&sm=fit,https://www.soriana.com/farmacia/,/adekon-c-gts-sol-con-15ml/383411.html,$111.00,vacio,vacio,vacio,Puntos 'dobles' al pagar con 'FALABELLA',vacio,2026-07-02
Farmacia,Vitaminas y suplementos,Suplemento Alimenticio D-Vi-Sol Gotas 10ml,https://www.soriana.com/dw/image/v2/BGBD_PRD/on/demandware.static/-/Sites-soriana-grocery-master-catalog/default/dwda27ea71/images/product/7501300421197_A.jpg?sw=473&sh=473&sm=fit,https://www.soriana.com/farmacia/,/suplemento-alimenticio-d-vi-sol-gotas-10ml/8011291.html,$445.00,vacio,3 x 2,vacio,Puntos 'dobles' al pagar con 'FALABELLA',vacio,2026-07-02
Farmacia,Vitaminas y suplementos,Suplemento alimenticio Ultrac 30 pza,https://www.soriana.com/dw/image/v2/BGBD_PRD/on/demandware.static/-/Sites-soriana-grocery-master-catalog/default/dw787b7a96/images/product/7501871721450_A.jpg?sw=473&sh=473&sm=fit,https://www.soriana.com/farmacia/,/suplemento-alimenticio-ultrac-30-pza/9075868.html,$445.00,vacio,3 x 2,vacio,Puntos 'dobles' al pagar con 'FALABELLA',vacio,2026-07-02
Farmacia,Vitaminas y suplementos,Bedoyecta + G Tab Orl con 30 Valeant 1 Pz,https://www.soriana.com/dw/image/v2/BGBD_PRD/on/demandware.static/-/Sites-soriana-grocery-master-catalog/default/dw9169d13d/images/product/7501123001231_A.jpg?sw=473&sh=473&sm=fit,https://www.soriana.com/farmacia/,/bedoyecta-g-tab-orl-con-30--valeant-1-pz/11291692.html,$475.00,vacio,vacio,vacio,Puntos 'dobles' al pagar con 'FALABELLA',vacio,2026-07-02
Farmacia,Vitaminas y suplementos,Solanum Pharma Vitamina D3 Caja 45 Caps,https://www.soriana.com/dw/image/v2/BGBD_PRD/on/demandware.static/-/Sites-soriana-grocery-master-catalog/default/dw2708fb88/images/product/7503023641913_A.jpg?sw=473&sh=473&sm=fit,https://www.soriana.com/farmacia/,/solanum-pharma-vitamina-d3--caja-45-caps/11526148.html,$121.00,vacio,vacio,vacio,Puntos 'dobles' al pagar con 'FALABELLA',vacio,2026-07-02
Farmacia,Vitaminas y suplementos,Vitamina C + Vitaminas Ade Y Acerola Caj,https://www.soriana.com/dw/image/v2/BGBD_PRD/on/demandware.static/-/Sites-soriana-grocery-master-catalog/default/dwa96ac320/images/product/7503023641883_A.jpg?sw=473&sh=473&sm=fit,https://www.soriana.com/farmacia/,/vitamina-c-vitaminas-ade-y-acerola-caj/11512781.html,$127.00,vacio,vacio,vacio,Puntos 'dobles' al pagar con 'FALABELLA',vacio,2026-07-02
Farmacia,Vitaminas y suplementos,Seltz Vitamina C + Hierro Con 20 Tabletas,https://www.soriana.com/dw/image/v2/BGBD_PRD/on/demandware.static/-/Sites-soriana-grocery-master-catalog/default/dw5189a18b/images/product/4022679146168_A.jpg?sw=473&sh=473&sm=fit,https://www.soriana.com/farmacia/,/seltz-vitamina-c-hierro-con-20-tabletas/11606660.html,$147.00,vacio,vacio,vacio,Puntos 'dobles' al pagar con 'FALABELLA',vacio,2026-07-02
Farmacia,Vitaminas y suplementos,Vitalaif 625mg Cap con 60,https://www.soriana.com/dw/image/v2/BGBD_PRD/on/demandware.static/-/Sites-soriana-grocery-master-catalog/default/dw1ad051c7/images/product/7501293200540_A.jpg?sw=473&sh=473&sm=fit,https://www.soriana.com/farmacia/,/vitalaif-625mg-cap-con-60/561874.html,$328.00,vacio,vacio,vacio,Puntos 'dobles' al pagar con 'FALABELLA',vacio,2026-07-02
Farmacia,Vitaminas y suplementos,Prowinner Protein Chocolate Barrav/65 G,https://www.soriana.com/dw/image/v2/BGBD_PRD/on/demandware.static/-/Sites-soriana-grocery-master-catalog/default/dwd684517e/images/product/7501062913428_A.jpg?sw=473&sh=473&sm=fit,https://www.soriana.com/farmacia/,/prowinner-protein-chocolate-barrav-65-g/2568412.html,$67.00,vacio,vacio,vacio,Puntos 'dobles' al pagar con 'FALABELLA',vacio,2026-07-02
Farmacia,Vitaminas y suplementos,Tabletas Efervecentes Adriphel Humvit Acido Absórbico 1 g Naranja 10 pz,https://www.soriana.com/dw/image/v2/BGBD_PRD/on/demandware.static/-/Sites-soriana-grocery-master-catalog/default/dw3eef2e7e/images/product/7503031994353_A.jpg?sw=473&sh=473&sm=fit,https://www.soriana.com/farmacia/,/tabletas-efervecentes-adriphel-humvit-acido-absorbico-1-g-naranja-10-pz/11629602.html,$95.00,vacio,vacio,vacio,Puntos 'dobles' al pagar con 'FALABELLA',vacio,2026-07-02
Farmacia,Vitaminas y suplementos,CENTRUM PERFORMANCE TAB 30,https://www.soriana.com/dw/image/v2/BGBD_PRD/on/demandware.static/-/Sites-soriana-grocery-master-catalog/default/dw62b163df/images/product/7501065095978_D.jpg?sw=473&sh=473&sm=fit,https://www.soriana.com/farmacia/,/centrum-performance-tab-30/8012408.html,$245.00,vacio,vacio,vacio,Puntos 'dobles' al pagar con 'FALABELLA',vacio,2026-07-02
Farmacia,Vitaminas y suplementos,Suplemento alimenticio S Supplement Pro Whey 90 Dragon Ball Z Vainilla 900 g,https://www.soriana.com/dw/image/v2/BGBD_PRD/on/demandware.static/-/Sites-soriana-grocery-master-catalog/default/dwa3bd8651/images/product/7503038819048_A.jpg?sw=473&sh=473&sm=fit,https://www.soriana.com/farmacia/,/suplemento-alimenticio-s-supplement-pro-whey-90-dragon-ball-z-vainilla-900-g/11693770.html,$745.00,vacio,vacio,vacio,Puntos 'dobles' al pagar con 'FALABELLA',vacio,2026-07-02
Farmacia,Vitaminas y suplementos,Tabletas Efervescentes Adriphel Humvit Acido Absórbico 2 g Naranja 10 pz,https://www.soriana.com/dw/image/v2/BGBD_PRD/on/demandware.static/-/Sites-soriana-grocery-master-catalog/default/dw9b88294c/images/product/7503031994384_A.jpg?sw=473&sh=473&sm=fit,https://www.soriana.com/farmacia/,/tabletas-efervescentes-adriphel-humvit-acido-absorbico-2-g-naranja-10-pz/11629603.html,$135.00,vacio,vacio,vacio,Puntos 'dobles' al pagar con 'FALABELLA',vacio,2026-07-02
Farmacia,Vitaminas y suplementos,Suplemento alimenticio Raíces verdes Vitamina C Vitamina D3 & Zinc 90 pza,https://www.soriana.com/dw/image/v2/BGBD_PRD/on/demandware.static/-/Sites-soriana-grocery-master-catalog/default/dwc7c830ca/images/product/7500464326775_A.jpg?sw=473&sh=473&sm=fit,https://www.soriana.com/farmacia/,/suplemento-alimenticio-raices-verdes-vitamina-c-vitamina-d3-zinc-90-pza/11796027.html,$290.00,vacio,vacio,vacio,Puntos 'dobles' al pagar con 'FALABELLA',vacio,2026-07-02
Farmacia,Vitaminas y suplementos,Gpp Vitamina D3 5000 Ui C/60 Caps,https://www.soriana.com/dw/image/v2/BGBD_PRD/on/demandware.static/-/Sites-soriana-grocery-master-catalog/default/dwfed46ffd/images/product/7502227427330_A.jpg?sw=473&sh=473&sm=fit,https://www.soriana.com/farmacia/,/gpp-vitamina-d3-5000-ui-c-60-caps/11744939.html,$265.90,vacio,vacio,vacio,Puntos 'dobles' al pagar con 'FALABELLA',vacio,2026-07-02
Farmacia,Vitaminas y suplementos,Birdman Omega 3 Full Spectrum 90Gr,https://www.soriana.com/dw/image/v2/BGBD_PRD/on/demandware.static/-/Sites-soriana-grocery-master-catalog/default/dw63fc44dd/images/product/7503038209030_A.jpg?sw=473&sh=473&sm=fit,https://www.soriana.com/farmacia/,/birdman-omega-3-full-spectrum-90gr/11867729.html,$599.00,vacio,vacio,vacio,Puntos 'dobles' al pagar con 'FALABELLA',vacio,2026-07-02
Farmacia,Vitaminas y suplementos,Amino Energy Blueberry Mojito 270 Grs,https://www.soriana.com/dw/image/v2/BGBD_PRD/on/demandware.static/-/Sites-soriana-grocery-master-catalog/default/dwd86166d7/images/product/748927054002_A.jpg?sw=473&sh=473&sm=fit,https://www.soriana.com/farmacia/,/amino-energy-blueberry-mojito-270-grs/11854969.html,$779.00,vacio,vacio,vacio,Puntos 'dobles' al pagar con 'FALABELLA',vacio,2026-07-02
Farmacia,Vitaminas y suplementos,Healthaddiction Electrolitos Naranj 120G,https://www.soriana.com/dw/image/v2/BGBD_PRD/on/demandware.static/-/Sites-soriana-grocery-master-catalog/default/dw9da38d72/images/product/7503037757501_A.jpg?sw=473&sh=473&sm=fit,https://www.soriana.com/farmacia/,/healthaddiction-electrolitos-naranj-120g/11803817.html,$299.00,vacio,vacio,vacio,Puntos 'dobles' al pagar con 'FALABELLA',vacio,2026-07-02
Farmacia,Vitaminas y suplementos,Birdman Citra Pure 117.6Gr,https://www.soriana.com/dw/image/v2/BGBD_PRD/on/demandware.static/-/Sites-soriana-grocery-master-catalog/default/dwff82dadd/images/product/7503038209061_A.jpg?sw=473&sh=473&sm=fit,https://www.soriana.com/farmacia/,/birdman-citra-pure-117.6gr/11867730.html,$329.00,vacio,vacio,vacio,Puntos 'dobles' al pagar con 'FALABELLA',vacio,2026-07-02
Farmacia,Vitaminas y suplementos,Suplemento alimenticio Protein World Slender té de noche 1.26 kg,https://www.soriana.com/dw/image/v2/BGBD_PRD/on/demandware.static/-/Sites-soriana-grocery-master-catalog/default/dw4e752b90/images/product/5056142607732_A.jpg?sw=473&sh=473&sm=fit,https://www.soriana.com/farmacia/,/suplemento-alimenticio-protein-world-slender-te-de-noche-1.26-kg/11634494.html,$524.00,vacio,vacio,vacio,Puntos 'dobles' al pagar con 'FALABELLA',vacio,2026-07-02
Farmacia,Vitaminas y suplementos,Suplemento alimenticio Protein World Vegan Slender Blend Chocolate 1.20 kg,https://www.soriana.com/dw/image/v2/BGBD_PRD/on/demandware.static/-/Sites-soriana-grocery-master-catalog/default/dwf783b290/images/product/5056142600740_A.jpg?sw=473&sh=473&sm=fit,https://www.soriana.com/farmacia/,/suplemento-alimenticio-protein-world-vegan-slender-blend-chocolate-1.20-kg/11634496.html,"$1,849.00",vacio,vacio,vacio,Puntos 'dobles' al pagar con 'FALABELLA',vacio,2026-07-02
Farmacia,Vitaminas y suplementos,Evervital Women Cap con 30 Pzas,https://www.soriana.com/dw/image/v2/BGBD_PRD/on/demandware.static/-/Sites-soriana-grocery-master-catalog/default/dw52b30f99/images/product/7501587000115_A.jpg?sw=473&sh=473&sm=fit,https://www.soriana.com/farmacia/,/evervital-women-cap-con-30-pzas/11488657.html,$279.00,vacio,vacio,vacio,Puntos 'dobles' al pagar con 'FALABELLA',vacio,2026-07-02
Farmacia,Vitaminas y suplementos,Vivioptal Multivitaminico 90 Cap,https://www.soriana.com/dw/image/v2/BGBD_PRD/on/demandware.static/-/Sites-soriana-grocery-master-catalog/default/dw500ba49a/images/product/7501587010497_A.jpg?sw=473&sh=473&sm=fit,https://www.soriana.com/farmacia/,/vivioptal-multivitaminico-90-cap/1201648.html,$599.00,vacio,vacio,vacio,Puntos 'dobles' al pagar con 'FALABELLA',vacio,2026-07-02
Farmacia,Vitaminas y suplementos,Neurobion 100/5/5mg Tab con 30,https://www.soriana.com/dw/image/v2/BGBD_PRD/on/demandware.static/-/Sites-soriana-grocery-master-catalog/default/dwe58a7e20/images/product/7501298221397_A.jpg?sw=473&sh=473&sm=fit,https://www.soriana.com/farmacia/,/neurobion-100-5-5mg-tab-con-30/2646838.html,$379.00,vacio,vacio,vacio,Puntos 'dobles' al pagar con 'FALABELLA',vacio,2026-07-02
Farmacia,Vitaminas y suplementos,Alga Espirulina 60 Caps De 500 Sin Marca,https://www.soriana.com/dw/image/v2/BGBD_PRD/on/demandware.static/-/Sites-soriana-grocery-master-catalog/default/dwc83210f2/images/product/7503006073830_A.jpg?sw=473&sh=473&sm=fit,https://www.soriana.com/farmacia/,/alga-espirulina-60-caps-de-500-sin-marca/11262680.html,$159.00,vacio,vacio,vacio,Puntos 'dobles' al pagar con 'FALABELLA',vacio,2026-07-02
Farmacia,Vitaminas y suplementos,C Boost Mandarina Pvo P/Efer con 10 Sob,https://www.soriana.com/dw/image/v2/BGBD_PRD/on/demandware.static/-/Sites-soriana-grocery-master-catalog/default/dw969f764e/images/product/7506295800057_A.jpg?sw=473&sh=473&sm=fit,https://www.soriana.com/farmacia/,/c-boost-mandarina-pvo-p-efer-con-10-sob/11262699.html,$131.00,vacio,vacio,vacio,Puntos 'dobles' al pagar con 'FALABELLA',vacio,2026-07-02
Farmacia,Vitaminas y suplementos,Moringa 60 Piezas,https://www.soriana.com/dw/image/v2/BGBD_PRD/on/demandware.static/-/Sites-soriana-grocery-master-catalog/default/dw8861d043/images/product/7503018047447_A.jpg?sw=473&sh=473&sm=fit,https://www.soriana.com/farmacia/,/moringa-60-piezas/11584698.html,$149.00,vacio,vacio,vacio,Puntos 'dobles' al pagar con 'FALABELLA',vacio,2026-07-02
Farmacia,Vitaminas y suplementos,Vivioptal Cap con 15 Pzas,https://www.soriana.com/dw/image/v2/BGBD_PRD/on/demandware.static/-/Sites-soriana-grocery-master-catalog/default/dw8a44a518/images/product/7501587000153_A.jpg?sw=473&sh=473&sm=fit,https://www.soriana.com/farmacia/,/vivioptal-cap-con-15-pzas/11541756.html,$118.00,vacio,vacio,vacio,Puntos 'dobles' al pagar con 'FALABELLA',vacio,2026-07-02
Farmacia,Vitaminas y suplementos,Suplemento alimenticio Birdman BCAAs & Glutamina Fresa 405 g,https://www.soriana.com/dw/image/v2/BGBD_PRD/on/demandware.static/-/Sites-soriana-grocery-master-catalog/default/dw0bee8c1c/images/product/7503025737584_A.jpg?sw=473&sh=473&sm=fit,https://www.soriana.com/farmacia/,/suplemento-alimenticio-birdman-bcaas-glutamina-fresa-405-g/11672244.html,$669.00,vacio,vacio,vacio,Puntos 'dobles' al pagar con 'FALABELLA',vacio,2026-07-02
Farmacia,Vitaminas y suplementos,Vit-E-Eternal 400mg 99 Cápsulas,https://www.soriana.com/dw/image/v2/BGBD_PRD/on/demandware.static/-/Sites-soriana-grocery-master-catalog/default/dw65c3476d/images/product/7501008448243_A.jpg?sw=473&sh=473&sm=fit,https://www.soriana.com/farmacia/,/vit-e-eternal-400mg-99-capsulas/655870.html,$286.00,vacio,vacio,vacio,Puntos 'dobles' al pagar con 'FALABELLA',vacio,2026-07-02
Farmacia,Vitaminas y suplementos,Tk Snack Bar S'Mores 40 Grs,https://www.soriana.com/dw/image/v2/BGBD_PRD/on/demandware.static/-/Sites-soriana-grocery-master-catalog/default/dwf2caf8b2/images/product/753656713021_A.jpg?sw=473&sh=473&sm=fit,https://www.soriana.com/farmacia/,/tk-snack-bar-smores-40-grs/11850113.html,$54.90,vacio,vacio,vacio,Puntos 'dobles' al pagar con 'FALABELLA',vacio,2026-07-02
Farmacia,Vitaminas y suplementos,"Pharmaton Complete Suplemento Alimenticio para Adultos, 30 Tabletas",https://www.soriana.com/dw/image/v2/BGBD_PRD/on/demandware.static/-/Sites-soriana-grocery-master-catalog/default/dw4b969d30/images/product/3664798062229_A.jpg?sw=473&sh=473&sm=fit,https://www.soriana.com/farmacia/,/pharmaton-complete-suplemento-alimenticio-para-adultos-30-tabletas/11886416.html,$209.00,vacio,vacio,vacio,Puntos 'dobles' al pagar con 'FALABELLA',vacio,2026-07-02
Farmacia,Vitaminas y suplementos,Suplemento alimenticio Habits Vainilla 488 g,https://www.soriana.com/dw/image/v2/BGBD_PRD/on/demandware.static/-/Sites-soriana-grocery-master-catalog/default/dwe21e5798/images/product/7501468148721_A.jpg?sw=473&sh=473&sm=fit,https://www.soriana.com/farmacia/,/suplemento-alimenticio-habits-vainilla-488-g/11738505.html,$619.00,vacio,vacio,vacio,Puntos 'dobles' al pagar con 'FALABELLA',vacio,2026-07-02
Farmacia,Vitaminas y suplementos,Ob Vision Plus 30Caps / 632Mg,https://www.soriana.com/dw/image/v2/BGBD_PRD/on/demandware.static/-/Sites-soriana-grocery-master-catalog/default/dwb2430e09/images/product/7503007208415_A.jpg?sw=473&sh=473&sm=fit,https://www.soriana.com/farmacia/,/ob-vision-plus-30caps-632mg/11704403.html,$299.00,vacio,vacio,vacio,Puntos 'dobles' al pagar con 'FALABELLA',vacio,2026-07-02
Farmacia,Vitaminas y suplementos,Weshine Be-Ll Collagen Sobres 20 Pz,https://www.soriana.com/dw/image/v2/BGBD_PRD/on/demandware.static/-/Sites-soriana-grocery-master-catalog/default/dw25f59732/images/product/7500464403445_A.jpg?sw=473&sh=473&sm=fit,https://www.soriana.com/farmacia/,/weshine-be-ll-collagen-sobres-20-pz/11721540.html,$476.00,vacio,vacio,vacio,Puntos 'dobles' al pagar con 'FALABELLA',vacio,2026-07-02
Farmacia,Vitaminas y suplementos,Fitboost Slim Fit Chocolate 450G Sin Mar,https://www.soriana.com/dw/image/v2/BGBD_PRD/on/demandware.static/-/Sites-soriana-grocery-master-catalog/default/dw1564feaf/images/product/7503028351206_A.jpg?sw=473&sh=473&sm=fit,https://www.soriana.com/farmacia/,/fitboost-slim-fit-chocolate-450g-sin-mar/11744134.html,$450.00,vacio,vacio,vacio,Puntos 'dobles' al pagar con 'FALABELLA',vacio,2026-07-02
Farmacia,Vitaminas y suplementos,Centrum Balance 30 TAB,https://www.soriana.com/dw/image/v2/BGBD_PRD/on/demandware.static/-/Sites-soriana-grocery-master-catalog/default/dw2bbb3f84/images/product/7501065095718_A.jpg?sw=473&sh=473&sm=fit,https://www.soriana.com/farmacia/,/centrum-balance-30-tab/8011710.html,$225.00,vacio,vacio,vacio,Puntos 'dobles' al pagar con 'FALABELLA',vacio,2026-07-02
Farmacia,Vitaminas y suplementos,Seltz Electrolitos Fresa Kiwi 13 Tabletas,https://www.soriana.com/dw/image/v2/BGBD_PRD/on/demandware.static/-/Sites-soriana-grocery-master-catalog/default/dw817c906d/images/product/4022679148841_A.jpg?sw=473&sh=473&sm=fit,https://www.soriana.com/farmacia/,/seltz-electrolitos-fresa-kiwi-13-tabletas/11690542.html,$122.00,vacio,vacio,vacio,Puntos 'dobles' al pagar con 'FALABELLA',vacio,2026-07-02
Farmacia,Vitaminas y suplementos,Suplemento alimenticio Avoil Luteina Aguacate 30 pza,https://www.soriana.com/dw/image/v2/BGBD_PRD/on/demandware.static/-/Sites-soriana-grocery-master-catalog/default/dw909282ce/images/product/7500462314576_A.jpg?sw=473&sh=473&sm=fit,https://www.soriana.com/farmacia/,/suplemento-alimenticio-avoil-luteina-aguacate-30-pza/11679464.html,$145.00,vacio,vacio,vacio,Puntos 'dobles' al pagar con 'FALABELLA',vacio,2026-07-02
Farmacia,Vitaminas y suplementos,T.L. Lean Shake 25 Van Bean Rtd 414 Ml,https://www.soriana.com/dw/image/v2/BGBD_PRD/on/demandware.static/-/Sites-soriana-grocery-master-catalog/default/dw82923bb8/images/product/48107226800_A.jpg?sw=473&sh=473&sm=fit,https://www.soriana.com/farmacia/,/t.l.-lean-shake-25-van-bean-rtd-414-ml/11850107.html,$79.90,vacio,vacio,vacio,Puntos 'dobles' al pagar con 'FALABELLA',vacio,2026-07-02
Farmacia,Vitaminas y suplementos,Tk Minis Snack Bar Chunky Choc Pean 26Gr,https://www.soriana.com/dw/image/v2/BGBD_PRD/on/demandware.static/-/Sites-soriana-grocery-master-catalog/default/dwbf0a03e5/images/product/753656720715_A.jpg?sw=473&sh=473&sm=fit,https://www.soriana.com/farmacia/,/tk-minis-snack-bar-chunky-choc-pean-26gr/11850116.html,$34.90,vacio,vacio,vacio,Puntos 'dobles' al pagar con 'FALABELLA',vacio,2026-07-02
Farmacia,Vitaminas y suplementos,Calcio De Coral 30 Capsulas,https://www.soriana.com/dw/image/v2/BGBD_PRD/on/demandware.static/-/Sites-soriana-grocery-master-catalog/default/dwa1df8af1/images/product/7506493600022_A.jpg?sw=473&sh=473&sm=fit,https://www.soriana.com/farmacia/,/calcio-de-coral-30-capsulas/11704397.html,$249.00,vacio,vacio,vacio,Puntos 'dobles' al pagar con 'FALABELLA',vacio,2026-07-02
Farmacia,Vitaminas y suplementos,Tk Minis Snack Bar S'Mores 26 Grs,https://www.soriana.com/dw/image/v2/BGBD_PRD/on/demandware.static/-/Sites-soriana-grocery-master-catalog/default/dwfb79e7a8/images/product/753656720807_A.jpg?sw=473&sh=473&sm=fit,https://www.soriana.com/farmacia/,/tk-minis-snack-bar-smores-26-grs/11850119.html,$34.90,vacio,vacio,vacio,Puntos 'dobles' al pagar con 'FALABELLA',vacio,2026-07-02
Farmacia,Vitaminas y suplementos,Recover Manzana 630Ml Pza,https://www.soriana.com/dw/image/v2/BGBD_PRD/on/demandware.static/-/Sites-soriana-grocery-master-catalog/default/dw4198398c/images/product/7501090800035_A.jpg?sw=473&sh=473&sm=fit,https://www.soriana.com/farmacia/,/recover-manzana-630ml-pza/11663251.html,$20.00,vacio,vacio,vacio,Puntos 'dobles' al pagar con 'FALABELLA',vacio,2026-07-02
Farmacia,Vitaminas y suplementos,Goli Kids Multivitaminas Gomitas 80 Pz,https://www.soriana.com/dw/image/v2/BGBD_PRD/on/demandware.static/-/Sites-soriana-grocery-master-catalog/default/dw650c6796/images/product/7502293530262_A.jpg?sw=473&sh=473&sm=fit,https://www.soriana.com/farmacia/,/goli-kids-multivitaminas-gomitas-80-pz/11754878.html,$399.00,vacio,vacio,vacio,Puntos 'dobles' al pagar con 'FALABELLA',vacio,2026-07-02
Farmacia,Vitaminas y suplementos,Suplemento alimenticio Habits High Performance Cacao 578 g,https://www.soriana.com/dw/image/v2/BGBD_PRD/on/demandware.static/-/Sites-soriana-grocery-master-catalog/default/dw347ae569/images/product/7501468149636_A.jpg?sw=473&sh=473&sm=fit,https://www.soriana.com/farmacia/,/suplemento-alimenticio-habits-high-performance-cacao-578-g/11738700.html,$729.00,vacio,vacio,vacio,Puntos 'dobles' al pagar con 'FALABELLA',vacio,2026-07-02
Farmacia,Vitaminas y suplementos,Suplemento alimenticio Protein World Slender Blend Chocolate 1.20 kg,https://www.soriana.com/dw/image/v2/BGBD_PRD/on/demandware.static/-/Sites-soriana-grocery-master-catalog/default/dwc2b6b7c7/images/product/5056142600412_A.jpg?sw=473&sh=473&sm=fit,https://www.soriana.com/farmacia/,/suplemento-alimenticio-protein-world-slender-blend-chocolate-1.20-kg/11634499.html,"$1,799.00",vacio,vacio,vacio,Puntos 'dobles' al pagar con 'FALABELLA',vacio,2026-07-02
Farmacia,Vitaminas y suplementos,Domeboro 1.1352/0.8008g Pvo con 12,https://www.soriana.com/dw/image/v2/BGBD_PRD/on/demandware.static/-/Sites-soriana-grocery-master-catalog/default/dw687025c8/images/product/7501258200028_A.jpg?sw=473&sh=473&sm=fit,https://www.soriana.com/farmacia/,/domeboro-1.1352-0.8008g-pvo-con-12/437298.html,$395.00,vacio,vacio,vacio,Puntos 'dobles' al pagar con 'FALABELLA',vacio,2026-07-02
Farmacia,Vitaminas y suplementos,Lisefex 1.5 g suplemento alimenticio 14 sobres,https://www.soriana.com/dw/image/v2/BGBD_PRD/on/demandware.static/-/Sites-soriana-grocery-master-catalog/default/dw2346d007/images/product/7501124184759_A.jpg?sw=473&sh=473&sm=fit,https://www.soriana.com/farmacia/,/lisefex-1.5-g-suplemento-alimenticio-14-sobres/11717648.html,$325.00,vacio,3 x 2,vacio,Puntos 'dobles' al pagar con 'FALABELLA',vacio,2026-07-02
Farmacia,Vitaminas y suplementos,Floratil 250 Mg Pvo Sob C/12 Pzas,https://www.soriana.com/dw/image/v2/BGBD_PRD/on/demandware.static/-/Sites-soriana-grocery-master-catalog/default/dwde2e9c5c/images/product/7500327050243_A.jpg?sw=473&sh=473&sm=fit,https://www.soriana.com/farmacia/,/floratil-250-mg-pvo-sob-c-12-pzas/8012566.html,$575.83,vacio,3 x 2,vacio,Puntos 'dobles' al pagar con 'FALABELLA',vacio,2026-07-02
Farmacia,Vitaminas y suplementos,Lactofaes 1G S. Ali Vnilla C/10 Sob,https://www.soriana.com/dw/image/v2/BGBD_PRD/on/demandware.static/-/Sites-soriana-grocery-master-catalog/default/dw3dca0f3a/images/product/8436024612974_A.jpg?sw=473&sh=473&sm=fit,https://www.soriana.com/farmacia/,/lactofaes-1g-s.-ali-vnilla-c-10-sob/8012545.html,$658.00,vacio,3 x 2,vacio,Puntos 'dobles' al pagar con 'FALABELLA',vacio,2026-07-02
Farmacia,Vitaminas y suplementos,On Amin.O. Energy + Electrolytes Orange,https://www.soriana.com/dw/image/v2/BGBD_PRD/on/demandware.static/-/Sites-soriana-grocery-master-catalog/default/dwf3898909/images/product/748927066005_A.jpg?sw=473&sh=473&sm=fit,https://www.soriana.com/farmacia/,/on-amin.o.-energy-electrolytes-orange/11750071.html,$59.90,vacio,vacio,vacio,Puntos 'dobles' al pagar con 'FALABELLA',vacio,2026-07-02
Farmacia,Vitaminas y suplementos,Cdb Life Farma 25Mg C/15 Cap,https://www.soriana.com/dw/image/v2/BGBD_PRD/on/demandware.static/-/Sites-soriana-grocery-master-catalog/default/dw20bfeb4a/images/product/7503024957686_A.jpg?sw=473&sh=473&sm=fit,https://www.soriana.com/farmacia/,/cdb-life-farma-25mg-c-15-cap/11703415.html,$749.00,vacio,vacio,vacio,Puntos 'dobles' al pagar con 'FALABELLA',vacio,2026-07-02
Farmacia,Vitaminas y suplementos,Weshine Bf-Lex Nem 30 Cap,https://www.soriana.com/dw/image/v2/BGBD_PRD/on/demandware.static/-/Sites-soriana-grocery-master-catalog/default/dw91084ffe/images/product/7500464403469_A.jpg?sw=473&sh=473&sm=fit,https://www.soriana.com/farmacia/,/weshine-bf-lex-nem-30-cap/11721542.html,$599.00,vacio,vacio,vacio,Puntos 'dobles' al pagar con 'FALABELLA',vacio,2026-07-02
Farmacia,Vitaminas y suplementos,D'Gari Colageno Hidrolizado Verisol 150G,https://www.soriana.com/dw/image/v2/BGBD_PRD/on/demandware.static/-/Sites-soriana-grocery-master-catalog/default/dwe35e669e/images/product/735257003725_A.jpg?sw=473&sh=473&sm=fit,https://www.soriana.com/farmacia/,/dgari-colageno-hidrolizado-verisol-150g/11755120.html,$315.00,vacio,vacio,vacio,Puntos 'dobles' al pagar con 'FALABELLA',vacio,2026-07-02
Farmacia,Vitaminas y suplementos,Ginseng Rojo 10X10,https://www.soriana.com/dw/image/v2/BGBD_PRD/on/demandware.static/-/Sites-soriana-grocery-master-catalog/default/dwc42a5472/images/product/6921165530314_A.jpg?sw=473&sh=473&sm=fit,https://www.soriana.com/farmacia/,/ginseng-rojo-10x10/11794102.html,$160.00,vacio,vacio,vacio,Puntos 'dobles' al pagar con 'FALABELLA',vacio,2026-07-02
Farmacia,Vitaminas y suplementos,Suplemento alimenticio Sportfeed Cross Functional 635.60 g,https://www.soriana.com/dw/image/v2/BGBD_PRD/on/demandware.static/-/Sites-soriana-grocery-master-catalog/default/dwe893ad84/images/product/7503033359600_A.jpg?sw=473&sh=473&sm=fit,https://www.soriana.com/farmacia/,/suplemento-alimenticio-sportfeed-cross-functional-635.60-g/11704591.html,$629.00,vacio,vacio,vacio,Puntos 'dobles' al pagar con 'FALABELLA',vacio,2026-07-02
Farmacia,Vitaminas y suplementos,Suplemento alimenticio Delisure D Chocolate 237 ml,https://www.soriana.com/dw/image/v2/BGBD_PRD/on/demandware.static/-/Sites-soriana-grocery-master-catalog/default/dw535463d2/images/product/7503011998821_A.jpg?sw=473&sh=473&sm=fit,https://www.soriana.com/farmacia/,/suplemento-alimenticio-delisure-d-chocolate-237-ml/11714066.html,$45.00,vacio,vacio,vacio,Puntos 'dobles' al pagar con 'FALABELLA',vacio,2026-07-02
Farmacia,Vitaminas y suplementos,Suplemento alimenticio Delisure Fresa 237 ml,https://www.soriana.com/dw/image/v2/BGBD_PRD/on/demandware.static/-/Sites-soriana-grocery-master-catalog/default/dw50b5734f/images/product/7503011998814_A.jpg?sw=473&sh=473&sm=fit,https://www.soriana.com/farmacia/,/suplemento-alimenticio-delisure-fresa-237-ml/11714437.html,$45.00,vacio,vacio,vacio,Puntos 'dobles' al pagar con 'FALABELLA',vacio,2026-07-02
Farmacia,Vitaminas y suplementos,Upn Amino 2800 C/120 Tabletas,https://www.soriana.com/dw/image/v2/BGBD_PRD/on/demandware.static/-/Sites-soriana-grocery-master-catalog/default/dw0f6460eb/images/product/856021003267_A.jpg?sw=473&sh=473&sm=fit,https://www.soriana.com/farmacia/,/upn-amino-2800-c-120-tabletas/11701962.html,$189.00,vacio,vacio,vacio,Puntos 'dobles' al pagar con 'FALABELLA',vacio,2026-07-02
Farmacia,Vitaminas y suplementos,Gomitas Sugarbear Pro Collagen,https://www.soriana.com/dw/image/v2/BGBD_PRD/on/demandware.static/-/Sites-soriana-grocery-master-catalog/default/dwec76bbed/images/product/850000320499_A.jpg?sw=473&sh=473&sm=fit,https://www.soriana.com/farmacia/,/gomitas-sugarbear-pro-collagen/11744332.html,$732.00,vacio,vacio,vacio,Puntos 'dobles' al pagar con 'FALABELLA',vacio,2026-07-02
Farmacia,Vitaminas y suplementos,Belabear Colg + Bio+ A Hialu C/100 Pzas,https://www.soriana.com/dw/image/v2/BGBD_PRD/on/demandware.static/-/Sites-soriana-grocery-master-catalog/default/dw5050ea66/images/product/7503031003741_A.jpg?sw=473&sh=473&sm=fit,https://www.soriana.com/farmacia/,/belabear-colg-bio-a-hialu-c-100-pzas/11730947.html,$299.00,vacio,vacio,vacio,Puntos 'dobles' al pagar con 'FALABELLA',vacio,2026-07-02
Farmacia,Vitaminas y suplementos,T.L. Lean Shake 25 Stby & Cr Rtd 414 Ml,https://www.soriana.com/dw/image/v2/BGBD_PRD/on/demandware.static/-/Sites-soriana-grocery-master-catalog/default/dwc7fddc34/images/product/48107226831_A.jpg?sw=473&sh=473&sm=fit,https://www.soriana.com/farmacia/,/t.l.-lean-shake-25-stby-cr-rtd-414-ml/11850105.html,$79.90,vacio,vacio,vacio,Puntos 'dobles' al pagar con 'FALABELLA',vacio,2026-07-02
Farmacia,Vitaminas y suplementos,Suplemento alimenticio Protein World Slender Blend Vainilla 1.20 kg,https://www.soriana.com/dw/image/v2/BGBD_PRD/on/demandware.static/-/Sites-soriana-grocery-master-catalog/default/dw099c98e0/images/product/5056142600405_A.jpg?sw=473&sh=473&sm=fit,https://www.soriana.com/farmacia/,/suplemento-alimenticio-protein-world-slender-blend-vainilla-1.20-kg/11634501.html,"$1,371.00",vacio,vacio,vacio,Puntos 'dobles' al pagar con 'FALABELLA',vacio,2026-07-02
Farmacia,Vitaminas y suplementos,Vitaminas Biomiral M-vit For Her 60 Tabletas,https://www.soriana.com/dw/image/v2/BGBD_PRD/on/demandware.static/-/Sites-soriana-grocery-master-catalog/default/dw166e6c27/images/product/7502266030898_A.jpg?sw=473&sh=473&sm=fit,https://www.soriana.com/farmacia/,/vitaminas-biomiral-m-vit-for-her-60-tabletas/11656886.html,$299.90,vacio,vacio,vacio,Puntos 'dobles' al pagar con 'FALABELLA',vacio,2026-07-02
Farmacia,Vitaminas y suplementos,Suplemento alimenticio Protein World Super Man Blend 1.20 kg,https://www.soriana.com/dw/image/v2/BGBD_PRD/on/demandware.static/-/Sites-soriana-grocery-master-catalog/default/dw3a63b834/images/product/5056142601990_A.jpg?sw=473&sh=473&sm=fit,https://www.soriana.com/farmacia/,/suplemento-alimenticio-protein-world-super-man-blend-1.20-kg/11634488.html,"$1,849.00",vacio,vacio,vacio,Puntos 'dobles' al pagar con 'FALABELLA',vacio,2026-07-02
Farmacia,Vitaminas y suplementos,Calcigenol Doble 18 mg Susp con 340 ml,https://www.soriana.com/dw/image/v2/BGBD_PRD/on/demandware.static/-/Sites-soriana-grocery-master-catalog/default/dwed110097/images/product/7501174601022_A.jpg?sw=473&sh=473&sm=fit,https://www.soriana.com/farmacia/,/calcigenol-doble-18-mg-susp-con-340-ml/559173.html,$325.00,vacio,vacio,vacio,Puntos 'dobles' al pagar con 'FALABELLA',vacio,2026-07-02
Farmacia,Vitaminas y suplementos,Suplemento alimenticio Essential Nutrition L-Carnitina 500 mg 50 pza,https://www.soriana.com/dw/image/v2/BGBD_PRD/on/demandware.static/-/Sites-soriana-grocery-master-catalog/default/dw1e875f26/images/product/7503006073373_A.jpg?sw=473&sh=473&sm=fit,https://www.soriana.com/farmacia/,/suplemento-alimenticio-essential-nutrition-l-carnitina-500-mg-50-pza/11262673.html,$307.00,vacio,vacio,vacio,Puntos 'dobles' al pagar con 'FALABELLA',vacio,2026-07-02
Farmacia,Vitaminas y suplementos,Belabear Acido Hialuronico Cap con 60 Pzas,https://www.soriana.com/dw/image/v2/BGBD_PRD/on/demandware.static/-/Sites-soriana-grocery-master-catalog/default/dwc7909984/images/product/7503023641463_A.jpg?sw=473&sh=473&sm=fit,https://www.soriana.com/farmacia/,/belabear-acido-hialuronico-cap-con-60-pzas/11468129.html,$118.00,vacio,vacio,vacio,Puntos 'dobles' al pagar con 'FALABELLA',vacio,2026-07-02
Farmacia,Vitaminas y suplementos,Suplemento alimenticio Stamino Labs Isolate Whey Protein Vainilla 908 g,https://www.soriana.com/dw/image/v2/BGBD_PRD/on/demandware.static/-/Sites-soriana-grocery-master-catalog/default/dw48598fc0/images/product/7503029402037_A.jpg?sw=473&sh=473&sm=fit,https://www.soriana.com/farmacia/,/suplemento-alimenticio-stamino-labs-isolate-whey-protein-vainilla-908-g/11634709.html,"$1,394.00",vacio,vacio,vacio,Puntos 'dobles' al pagar con 'FALABELLA',vacio,2026-07-02
Farmacia,Vitaminas y suplementos,"ADerogyl 5 Ampolletas de 3 ml. Con Vitaminas A, C y D",https://www.soriana.com/dw/image/v2/BGBD_PRD/on/demandware.static/-/Sites-soriana-grocery-master-catalog/default/dwad879832/images/product/7501165003040_A.jpg?sw=473&sh=473&sm=fit,https://www.soriana.com/farmacia/,/aderogyl-5-ampolletas-de-3-ml.-con-vitaminas-a-c-y-d/1122588.html,$170.00,vacio,vacio,vacio,Puntos 'dobles' al pagar con 'FALABELLA',vacio,2026-07-02
Farmacia,Vitaminas y suplementos,Vitamina C Kids C/60 pzas,https://www.soriana.com/dw/image/v2/BGBD_PRD/on/demandware.static/-/Sites-soriana-grocery-master-catalog/default/dw82b36db3/images/product/7503018047881_A.jpg?sw=473&sh=473&sm=fit,https://www.soriana.com/farmacia/,/vitamina-c-kids-c-60-pzas/11584646.html,$138.00,vacio,vacio,vacio,Puntos 'dobles' al pagar con 'FALABELLA',vacio,2026-07-02
Farmacia,Vitaminas y suplementos,Suplemento alimenticio Yuyo Multivita Limonada 60 g,https://www.soriana.com/dw/image/v2/BGBD_PRD/on/demandware.static/-/Sites-soriana-grocery-master-catalog/default/dwc7ff3172/images/product/7503034980049_A.jpg?sw=473&sh=473&sm=fit,https://www.soriana.com/farmacia/,/suplemento-alimenticio-yuyo-multivita-limonada-60-g/11654407.html,$70.00,vacio,vacio,vacio,Puntos 'dobles' al pagar con 'FALABELLA',vacio,2026-07-02
Farmacia,Vitaminas y suplementos,Vidamil Amp con 1pza De 3ml,https://www.soriana.com/dw/image/v2/BGBD_PRD/on/demandware.static/-/Sites-soriana-grocery-master-catalog/default/dw875182d3/images/product/7502226290058_A.jpg?sw=473&sh=473&sm=fit,https://www.soriana.com/farmacia/,/vidamil-amp-con-1pza-de-3ml/1268202.html,$29.00,vacio,vacio,vacio,Puntos 'dobles' al pagar con 'FALABELLA',vacio,2026-07-02
Farmacia,Vitaminas y suplementos,Sukrol Hombre Suple Alim Tab con 30,https://www.soriana.com/dw/image/v2/BGBD_PRD/on/demandware.static/-/Sites-soriana-grocery-master-catalog/default/dw0ae46cfa/images/product/0675873002057_A.jpg?sw=473&sh=473&sm=fit,https://www.soriana.com/farmacia/,/sukrol-hombre-suple-alim-tab-con-30/2235069.html,$182.00,vacio,vacio,vacio,Puntos 'dobles' al pagar con 'FALABELLA',vacio,2026-07-02
Farmacia,Vitaminas y suplementos,Fer-In-Sol Ped Sol con 50ml,https://www.soriana.com/dw/image/v2/BGBD_PRD/on/demandware.static/-/Sites-soriana-grocery-master-catalog/default/dw9990f6de/images/product/7501300407276_A.jpg?sw=473&sh=473&sm=fit,https://www.soriana.com/farmacia/,/fer-in-sol-ped-sol-con-50ml/2843684.html,$424.00,vacio,vacio,vacio,Puntos 'dobles' al pagar con 'FALABELLA',vacio,2026-07-02
Farmacia,Vitaminas y suplementos,Sukrol 200/25/25/20 mg Cap con 100,https://www.soriana.com/dw/image/v2/BGBD_PRD/on/demandware.static/-/Sites-soriana-grocery-master-catalog/default/dwd58f3a60/images/product/0714706100901_A.jpg?sw=473&sh=473&sm=fit,https://www.soriana.com/farmacia/,/sukrol-200-25-25-20-mg-cap-con-100/545251.html,$209.00,vacio,vacio,vacio,Puntos 'dobles' al pagar con 'FALABELLA',vacio,2026-07-02
Farmacia,Vitaminas y suplementos,Vitamina C Redoxon Forte Sabor Naranja 10 Tabletas Efervescentes,https://www.soriana.com/dw/image/v2/BGBD_PRD/on/demandware.static/-/Sites-soriana-grocery-master-catalog/default/dw01a99005/images/product/7501008409503_A.jpg?sw=473&sh=473&sm=fit,https://www.soriana.com/farmacia/,/vitamina-c-redoxon-forte-sabor-naranja-10-tabletas-efervescentes/3041503.html,$166.00,vacio,vacio,vacio,Puntos 'dobles' al pagar con 'FALABELLA',vacio,2026-07-02
Farmacia,Vitaminas y suplementos,Sukrol Bebible Sol 10 Pzas,https://www.soriana.com/dw/image/v2/BGBD_PRD/on/demandware.static/-/Sites-soriana-grocery-master-catalog/default/dw894ff0cf/images/product/0675873002125_A.jpg?sw=473&sh=473&sm=fit,https://www.soriana.com/farmacia/,/sukrol-bebible-sol-10-pzas/8002725.html,$204.00,vacio,vacio,vacio,Puntos 'dobles' al pagar con 'FALABELLA',vacio,2026-07-02
Farmacia,Vitaminas y suplementos,Tk Minis Snack Bar Cupcake Batter 26 Grs,https://www.soriana.com/dw/image/v2/BGBD_PRD/on/demandware.static/-/Sites-soriana-grocery-master-catalog/default/dwa3d59cbe/images/product/753656720746_A.jpg?sw=473&sh=473&sm=fit,https://www.soriana.com/farmacia/,/tk-minis-snack-bar-cupcake-batter-26-grs/11850117.html,$34.90,vacio,vacio,vacio,Puntos 'dobles' al pagar con 'FALABELLA',vacio,2026-07-02
Farmacia,Vitaminas y suplementos,Suplemento alimenticio S Supplement Pro Whey 90 Dragon Ball Z Chocolate 900 g,https://www.soriana.com/dw/image/v2/BGBD_PRD/on/demandware.static/-/Sites-soriana-grocery-master-catalog/default/dw7479fef4/images/product/7503038819055_A.jpg?sw=473&sh=473&sm=fit,https://www.soriana.com/farmacia/,/suplemento-alimenticio-s-supplement-pro-whey-90-dragon-ball-z-chocolate-900-g/11693771.html,$745.00,vacio,vacio,vacio,Puntos 'dobles' al pagar con 'FALABELLA',vacio,2026-07-02
Farmacia,Vitaminas y suplementos,Suplemento alimenticio Nestlé Boost Original Chocolate 330 ml,https://www.soriana.com/dw/image/v2/BGBD_PRD/on/demandware.static/-/Sites-soriana-grocery-master-catalog/default/dwc7594c75/images/product/7506475113038_A.jpg?sw=473&sh=473&sm=fit,https://www.soriana.com/farmacia/,/suplemento-alimenticio-nestle-boost-original-chocolate-330-ml/11714293.html,$56.90,vacio,vacio,vacio,Puntos 'dobles' al pagar con 'FALABELLA',vacio,2026-07-02
Farmacia,Vitaminas y suplementos,Suplemento alimenticio Protein World Fat Metaboliser Boost 90 pza,https://www.soriana.com/dw/image/v2/BGBD_PRD/on/demandware.static/-/Sites-soriana-grocery-master-catalog/default/dw2d072085/images/product/5056142600139_A.jpg?sw=473&sh=473&sm=fit,https://www.soriana.com/farmacia/,/suplemento-alimenticio-protein-world-fat-metaboliser-boost-90-pza/11634491.html,"$1,099.00",vacio,vacio,vacio,Puntos 'dobles' al pagar con 'FALABELLA',vacio,2026-07-02
Farmacia,Vitaminas y suplementos,Solanum Biotina Cap con 100 Pzas,https://www.soriana.com/dw/image/v2/BGBD_PRD/on/demandware.static/-/Sites-soriana-grocery-master-catalog/default/dwfd60d8d7/images/product/7503023654081_A.jpg?sw=473&sh=473&sm=fit,https://www.soriana.com/farmacia/,/solanum-biotina-cap-con-100-pzas/11356592.html,$265.00,vacio,vacio,vacio,Puntos 'dobles' al pagar con 'FALABELLA',vacio,2026-07-02
Farmacia,Vitaminas y suplementos,Suplemento alimenticio Wago Lab Gummies Paw Patrol 60 pza,https://www.soriana.com/dw/image/v2/BGBD_PRD/on/demandware.static/-/Sites-soriana-grocery-master-catalog/default/dwdf4a4a19/images/product/7502263741957_A.jpg?sw=473&sh=473&sm=fit,https://www.soriana.com/farmacia/,/suplemento-alimenticio-wago-lab-gummies-paw-patrol-60-pza/11704406.html,$135.00,vacio,vacio,vacio,Puntos 'dobles' al pagar con 'FALABELLA',vacio,2026-07-02
Farmacia,Vitaminas y suplementos,Suplemento alimenticio Regenesis Max Omega 3 60 pza,https://www.soriana.com/dw/image/v2/BGBD_PRD/on/demandware.static/-/Sites-soriana-grocery-master-catalog/default/dw507d652e/images/product/7502235760184_A.jpg?sw=473&sh=473&sm=fit,https://www.soriana.com/farmacia/,/suplemento-alimenticio-regenesis-max-omega-3-60-pza/8008251.html,$829.00,vacio,vacio,vacio,Puntos 'dobles' al pagar con 'FALABELLA',vacio,2026-07-02
Farmacia,Vitaminas y suplementos,Gomitas C Boost Multivitaminas y Minerales 90 piezas,https://www.soriana.com/dw/image/v2/BGBD_PRD/on/demandware.static/-/Sites-soriana-grocery-master-catalog/default/dwdf1ad929/images/product/7506295800200_A.jpg?sw=473&sh=473&sm=fit,https://www.soriana.com/farmacia/,/gomitas-c-boost-multivitaminas-y-minerales-90-piezas/11330915.html,$209.00,vacio,vacio,vacio,Puntos 'dobles' al pagar con 'FALABELLA',vacio,2026-07-02
Farmacia,Vitaminas y suplementos,Seltz + Vitamina C Con 20 Tableta,https://www.soriana.com/dw/image/v2/BGBD_PRD/on/demandware.static/-/Sites-soriana-grocery-master-catalog/default/dw58b27031/images/product/4022679145383_A.jpg?sw=473&sh=473&sm=fit,https://www.soriana.com/farmacia/,/seltz-vitamina-c-con-20-tableta/11606659.html,$139.00,vacio,vacio,vacio,Puntos 'dobles' al pagar con 'FALABELLA',vacio,2026-07-02
Farmacia,Vitaminas y suplementos,Gpp Acido Ascorbico 100 mg 20 Tab,https://www.soriana.com/dw/image/v2/BGBD_PRD/on/demandware.static/-/Sites-soriana-grocery-master-catalog/default/dwf6b1e29b/images/product/7501573900399_A.jpg?sw=473&sh=473&sm=fit,https://www.soriana.com/farmacia/,/gpp-acido-ascorbico-100-mg-20-tab/11545233.html,$27.50,vacio,vacio,vacio,Puntos 'dobles' al pagar con 'FALABELLA',vacio,2026-07-02
Farmacia,Vitaminas y suplementos,Suplemento alimenticio Birdman Falcon Performance Vainilla 722 g,https://www.soriana.com/dw/image/v2/BGBD_PRD/on/demandware.static/-/Sites-soriana-grocery-master-catalog/default/dwac9b48b1/images/product/7503025737300_A.jpg?sw=473&sh=473&sm=fit,https://www.soriana.com/farmacia/,/suplemento-alimenticio-birdman-falcon-performance-vainilla-722-g/11650318.html,$589.00,vacio,vacio,vacio,Puntos 'dobles' al pagar con 'FALABELLA',vacio,2026-07-02
Farmacia,Vitaminas y suplementos,Suplemento alimenticio Protein World Carb Blockers 90 pza,https://www.soriana.com/dw/image/v2/BGBD_PRD/on/demandware.static/-/Sites-soriana-grocery-master-catalog/default/dw6d903232/images/product/5056142600160_A.jpg?sw=473&sh=473&sm=fit,https://www.soriana.com/farmacia/,/suplemento-alimenticio-protein-world-carb-blockers-90-pza/11634489.html,$979.00,vacio,vacio,vacio,Puntos 'dobles' al pagar con 'FALABELLA',vacio,2026-07-02
Farmacia,Vitaminas y suplementos,Vivioptal Cap con 60,https://www.soriana.com/dw/image/v2/BGBD_PRD/on/demandware.static/-/Sites-soriana-grocery-master-catalog/default/dwd58bd6b8/images/product/7501587010602_A.jpg?sw=473&sh=473&sm=fit,https://www.soriana.com/farmacia/,/vivioptal-cap-con-60/2449957.html,$359.00,vacio,vacio,vacio,Puntos 'dobles' al pagar con 'FALABELLA',vacio,2026-07-02
Farmacia,Vitaminas y suplementos,"Ginseng Sanjing Royal, 10 Piezas",https://www.soriana.com/dw/image/v2/BGBD_PRD/on/demandware.static/-/Sites-soriana-grocery-master-catalog/default/dwe892a986/images/product/7501060818343_A.jpg?sw=473&sh=473&sm=fit,https://www.soriana.com/farmacia/,/ginseng-sanjing-royal-10-piezas/380505.html,$138.71,vacio,vacio,vacio,Puntos 'dobles' al pagar con 'FALABELLA',vacio,2026-07-02
Farmacia,Vitaminas y suplementos,Gelcap Vitamina E 400mg Cap con 90,https://www.soriana.com/dw/image/v2/BGBD_PRD/on/demandware.static/-/Sites-soriana-grocery-master-catalog/default/dw99ad4511/images/product/7501130713684_A.jpg?sw=473&sh=473&sm=fit,https://www.soriana.com/farmacia/,/gelcap-vitamina-e-400mg-cap-con-90/557419.html,$159.00,vacio,vacio,vacio,Puntos 'dobles' al pagar con 'FALABELLA',vacio,2026-07-02
Farmacia,Vitaminas y suplementos,Bedoyecta con 30 Cap,https://www.soriana.com/dw/image/v2/BGBD_PRD/on/demandware.static/-/Sites-soriana-grocery-master-catalog/default/dwcf80c81f/images/product/7501123013340_A.jpg?sw=473&sh=473&sm=fit,https://www.soriana.com/farmacia/,/bedoyecta-con-30-cap/625037.html,$385.00,vacio,vacio,vacio,Puntos 'dobles' al pagar con 'FALABELLA',vacio,2026-07-02
Farmacia,Vitaminas y suplementos,Duocap Vitamina-E-400 Gelcaps Con 30/90,https://www.soriana.com/dw/image/v2/BGBD_PRD/on/demandware.static/-/Sites-soriana-grocery-master-catalog/default/dw37ac8eb0/images/product/7501130704422_A.jpg?sw=473&sh=473&sm=fit,https://www.soriana.com/farmacia/,/duocap-vitamina-e-400-gelcaps-con-30-90/741163.html,$199.00,vacio,vacio,vacio,Puntos 'dobles' al pagar con 'FALABELLA',vacio,2026-07-02
Farmacia,Vitaminas y suplementos,Stresstabs 600 Zinc Grag Con 30,https://www.soriana.com/dw/image/v2/BGBD_PRD/on/demandware.static/-/Sites-soriana-grocery-master-catalog/default/v1783043242787/images/product/7501228300406_A.JPG?sw=473&sh=473&sm=fit,https://www.soriana.com/farmacia/,/stresstabs-600-zinc-grag-con-30/431087.html,$299.00,vacio,vacio,vacio,Puntos 'dobles' al pagar con 'FALABELLA',vacio,2026-07-02
Farmacia,Vitaminas y suplementos,Suplemento alimenticio Enterex Plus Vainilla 237 ml,https://www.soriana.com/dw/image/v2/BGBD_PRD/on/demandware.static/-/Sites-soriana-grocery-master-catalog/default/dwfb565430/images/product/0612197210157_A.jpg?sw=473&sh=473&sm=fit,https://www.soriana.com/farmacia/,/suplemento-alimenticio-enterex-plus-vainilla-237-ml/11308183.html,$62.90,vacio,vacio,vacio,Puntos 'dobles' al pagar con 'FALABELLA',vacio,2026-07-02
Farmacia,Vitaminas y suplementos,Suplemento alimenticio Essential Nutrition Omega 3 Forte 40 pza,https://www.soriana.com/dw/image/v2/BGBD_PRD/on/demandware.static/-/Sites-soriana-grocery-master-catalog/default/dw207f8d1c/images/product/7503006073106_A.jpg?sw=473&sh=473&sm=fit,https://www.soriana.com/farmacia/,/suplemento-alimenticio-essential-nutrition-omega-3-forte-40-pza/11262671.html,$194.00,vacio,vacio,vacio,Puntos 'dobles' al pagar con 'FALABELLA',vacio,2026-07-02
Farmacia,Vitaminas y suplementos,Suplemento alimenticio Enutre Prebióticos Fresa 237 ml,https://www.soriana.com/dw/image/v2/BGBD_PRD/on/demandware.static/-/Sites-soriana-grocery-master-catalog/default/dw221ee503/images/product/7501109768103_A.jpg?sw=473&sh=473&sm=fit,https://www.soriana.com/farmacia/,/suplemento-alimenticio-enutre-prebioticos-fresa-237-ml/11526110.html,$45.00,vacio,vacio,vacio,Puntos 'dobles' al pagar con 'FALABELLA',vacio,2026-07-02
Farmacia,Vitaminas y suplementos,Suplemento alimenticio Protein World Cla Protein 90 pza,https://www.soriana.com/dw/image/v2/BGBD_PRD/on/demandware.static/-/Sites-soriana-grocery-master-catalog/default/dwb6c9cf4c/images/product/5056142600184_A.jpg?sw=473&sh=473&sm=fit,https://www.soriana.com/farmacia/,/suplemento-alimenticio-protein-world-cla-protein-90-pza/11634490.html,$949.00,vacio,vacio,vacio,Puntos 'dobles' al pagar con 'FALABELLA',vacio,2026-07-02
Farmacia,Vitaminas y suplementos,Suplemento alimenticio Glucerna Fresa 237 ml,https://www.soriana.com/dw/image/v2/BGBD_PRD/on/demandware.static/-/Sites-soriana-grocery-master-catalog/default/dw0f404954/images/product/7501033956140_A.jpg?sw=473&sh=473&sm=fit,https://www.soriana.com/farmacia/,/suplemento-alimenticio-glucerna-fresa-237-ml/1800893.html,$71.50,vacio,vacio,vacio,Puntos 'dobles' al pagar con 'FALABELLA',vacio,2026-07-02
Farmacia,Vitaminas y suplementos,Suplemento alimenticio Dieters Drink Herbal Tea Hojas de Sen y Malva 30 pza,https://www.soriana.com/dw/image/v2/BGBD_PRD/on/demandware.static/-/Sites-soriana-grocery-master-catalog/default/dwcf91cf9c/images/product/7501730100518_A.jpg?sw=473&sh=473&sm=fit,https://www.soriana.com/farmacia/,/suplemento-alimenticio-dieters-drink-herbal-tea-hojas-de-sen-y-malva-30-pza/2204427.html,$120.00,vacio,vacio,vacio,Puntos 'dobles' al pagar con 'FALABELLA',vacio,2026-07-02
Farmacia,Vitaminas y suplementos,Bellafem Tab con 60,https://www.soriana.com/dw/image/v2/BGBD_PRD/on/demandware.static/-/Sites-soriana-grocery-master-catalog/default/dw6c6c5cb6/images/product/7502235760115_A.jpg?sw=473&sh=473&sm=fit,https://www.soriana.com/farmacia/,/bellafem-tab-con-60/2605528.html,$875.00,vacio,vacio,vacio,Puntos 'dobles' al pagar con 'FALABELLA',vacio,2026-07-02
Farmacia,Vitaminas y suplementos,Suplemento alimenticio Delisure Vainilla 237 ml,https://www.soriana.com/dw/image/v2/BGBD_PRD/on/demandware.static/-/Sites-soriana-grocery-master-catalog/default/dwb0bcf954/images/product/7503011998807_A.jpg?sw=473&sh=473&sm=fit,https://www.soriana.com/farmacia/,/suplemento-alimenticio-delisure-vainilla-237-ml/11714438.html,$45.00,vacio,vacio,vacio,Puntos 'dobles' al pagar con 'FALABELLA',vacio,2026-07-02
Farmacia,Vitaminas y suplementos,Suplemento alimenticio Golí Vinagre de Manzana 30 pza,https://www.soriana.com/dw/image/v2/BGBD_PRD/on/demandware.static/-/Sites-soriana-grocery-master-catalog/default/dw3249915b/images/product/7502293530095_A.jpg?sw=473&sh=473&sm=fit,https://www.soriana.com/farmacia/,/suplemento-alimenticio-goli-vinagre-de-manzana-30-pza/11721996.html,$225.00,vacio,vacio,vacio,Puntos 'dobles' al pagar con 'FALABELLA',vacio,2026-07-02
Farmacia,Vitaminas y suplementos,Iberogast Solución Oral para Colitis y síntomas gastrointetsinales Frasco con gotero 20 ml,https://www.soriana.com/dw/image/v2/BGBD_PRD/on/demandware.static/-/Sites-soriana-grocery-master-catalog/default/dwa7e99b39/images/product/7501008499139_A.jpg?sw=473&sh=473&sm=fit,https://www.soriana.com/farmacia/,/iberogast-solucion-oral-para-colitis-y-sintomas-gastrointetsinales-frasco-con-gotero-20-ml/8011245.html,$225.00,vacio,vacio,vacio,Puntos 'dobles' al pagar con 'FALABELLA',vacio,2026-07-02
Farmacia,Vitaminas y suplementos,"Nestlé Materna Tabletas, Vitaminas y Minerales 40g",https://www.soriana.com/dw/image/v2/BGBD_PRD/on/demandware.static/-/Sites-soriana-grocery-master-catalog/default/dw1e7eacda/images/product/7501058625281_A.jpg?sw=473&sh=473&sm=fit,https://www.soriana.com/farmacia/,/nestle-materna-tabletas-vitaminas-y-minerales-40g/8002643.html,$565.00,vacio,vacio,vacio,Puntos 'dobles' al pagar con 'FALABELLA',vacio,2026-07-02
Farmacia,Vitaminas y suplementos,Slender 1 Orlistat 120mg Con 120 Cápsulas,https://www.soriana.com/dw/image/v2/BGBD_PRD/on/demandware.static/-/Sites-soriana-grocery-master-catalog/default/dw9cb96fa0/images/product/7503017193404_A.jpg?sw=473&sh=473&sm=fit,https://www.soriana.com/farmacia/,/slender-1--orlistat-120mg-con-120-capsulas/11291647.html,"$1,300.00",vacio,vacio,vacio,Puntos 'dobles' al pagar con 'FALABELLA',vacio,2026-07-02
Farmacia,Vitaminas y suplementos,Suplemento alimenticio Enutre Prebióticos Chocolate 237 ml,https://www.soriana.com/dw/image/v2/BGBD_PRD/on/demandware.static/-/Sites-soriana-grocery-master-catalog/default/dwd8356dc7/images/product/7501109768080_A.jpg?sw=473&sh=473&sm=fit,https://www.soriana.com/farmacia/,/suplemento-alimenticio-enutre-prebioticos-chocolate-237-ml/11526112.html,$45.00,vacio,vacio,vacio,Puntos 'dobles' al pagar con 'FALABELLA',vacio,2026-07-02
Farmacia,Vitaminas y suplementos,Suplemento alimenticio Isopure Zero Carb Protein Cookies and Cream 1.36 kg,https://www.soriana.com/dw/image/v2/BGBD_PRD/on/demandware.static/-/Sites-soriana-grocery-master-catalog/default/dwfd7c0d59/images/product/0089094024253_A.jpg?sw=473&sh=473&sm=fit,https://www.soriana.com/farmacia/,/suplemento-alimenticio-isopure-zero-carb-protein-cookies-and-cream-1.36-kg/11573958.html,"$1,659.00",vacio,vacio,vacio,Puntos 'dobles' al pagar con 'FALABELLA',vacio,2026-07-02
Farmacia,Vitaminas y suplementos,Suplemento alimenticio Protein World Omega 3 1000 mg 90 pza,https://www.soriana.com/dw/image/v2/BGBD_PRD/on/demandware.static/-/Sites-soriana-grocery-master-catalog/default/dwcfdd8af9/images/product/5056142600269_A.jpg?sw=473&sh=473&sm=fit,https://www.soriana.com/farmacia/,/suplemento-alimenticio-protein-world-omega-3-1000-mg-90-pza/11634436.html,$799.00,vacio,vacio,vacio,Puntos 'dobles' al pagar con 'FALABELLA',vacio,2026-07-02
Farmacia,Vitaminas y suplementos,Suplemento alimenticio Stamino Labs Zero Carbs Latte 908 g,https://www.soriana.com/dw/image/v2/BGBD_PRD/on/demandware.static/-/Sites-soriana-grocery-master-catalog/default/dwf14a50c6/images/product/7503029402099_A.jpg?sw=473&sh=473&sm=fit,https://www.soriana.com/farmacia/,/suplemento-alimenticio-stamino-labs-zero-carbs-latte-908-g/11634713.html,$799.00,vacio,vacio,vacio,Puntos 'dobles' al pagar con 'FALABELLA',vacio,2026-07-02
Farmacia,Vitaminas y suplementos,Suplemento alimenticio Stamino Labs Creatine Sin sabor 400 g,https://www.soriana.com/dw/image/v2/BGBD_PRD/on/demandware.static/-/Sites-soriana-grocery-master-catalog/default/dwa9d959f2/images/product/7503029402075_A.jpg?sw=473&sh=473&sm=fit,https://www.soriana.com/farmacia/,/suplemento-alimenticio-stamino-labs-creatine-sin-sabor-400-g/11634719.html,$499.00,vacio,vacio,vacio,Puntos 'dobles' al pagar con 'FALABELLA',vacio,2026-07-02
Farmacia,Vitaminas y suplementos,Suplemento alimenticio Nestlé Boost Fresa 330 ml,https://www.soriana.com/dw/image/v2/BGBD_PRD/on/demandware.static/-/Sites-soriana-grocery-master-catalog/default/dw9c3e36b1/images/product/7506475108676_A.jpg?sw=473&sh=473&sm=fit,https://www.soriana.com/farmacia/,/suplemento-alimenticio-nestle-boost-fresa-330-ml/11680442.html,$63.50,vacio,vacio,vacio,Puntos 'dobles' al pagar con 'FALABELLA',vacio,2026-07-02
Farmacia,Vitaminas y suplementos,Suplemento alimenticio Catalysis Viusid 84 g,https://www.soriana.com/dw/image/v2/BGBD_PRD/on/demandware.static/-/Sites-soriana-grocery-master-catalog/default/dwb3315633/images/product/8414200215508_A.jpg?sw=473&sh=473&sm=fit,https://www.soriana.com/farmacia/,/suplemento-alimenticio-catalysis-viusid-84-g/1203779.html,"$1,300.00",vacio,vacio,vacio,Puntos 'dobles' al pagar con 'FALABELLA',vacio,2026-07-02
Farmacia,Vitaminas y suplementos,Suplemento alimenticio Ensure Vainilla 237 ml 6 Piezas,https://www.soriana.com/dw/image/v2/BGBD_PRD/on/demandware.static/-/Sites-soriana-grocery-master-catalog/default/dw71941075/images/product/7501033954023_A.jpg?sw=473&sh=473&sm=fit,https://www.soriana.com/farmacia/,/suplemento-alimenticio-ensure-vainilla-237-ml-6-piezas/1306805.html,$329.00,vacio,vacio,vacio,Puntos 'dobles' al pagar con 'FALABELLA',vacio,2026-07-02
Farmacia,Vitaminas y suplementos,Liquido L-Carnitin 250 ml Jasa,https://www.soriana.com/dw/image/v2/BGBD_PRD/on/demandware.static/-/Sites-soriana-grocery-master-catalog/default/dwe94991f4/images/product/7501062912834_A.jpg?sw=473&sh=473&sm=fit,https://www.soriana.com/farmacia/,/liquido-l-carnitin-250-ml-jasa/2176579.html,$235.00,vacio,vacio,vacio,Puntos 'dobles' al pagar con 'FALABELLA',vacio,2026-07-02
Farmacia,Vitaminas y suplementos,Suplemento alimenticio Solanum Pharma Omega 3 6 9 Triplex 60 pza,https://www.soriana.com/dw/image/v2/BGBD_PRD/on/demandware.static/-/Sites-soriana-grocery-master-catalog/default/dw31dad2c1/images/product/7503006545580_A.jpg?sw=473&sh=473&sm=fit,https://www.soriana.com/farmacia/,/suplemento-alimenticio-solanum-pharma-omega-3-6-9-triplex-60-pza/2553761.html,$209.00,vacio,vacio,vacio,Puntos 'dobles' al pagar con 'FALABELLA',vacio,2026-07-02
Farmacia,Vitaminas y suplementos,Seltz Multivitaminas + Vitamina C 20 Tabletas Efervescentes 90 g,https://www.soriana.com/dw/image/v2/BGBD_PRD/on/demandware.static/-/Sites-soriana-grocery-master-catalog/default/dwc37302ce/images/product/7500326150999_A.jpg?sw=473&sh=473&sm=fit,https://www.soriana.com/farmacia/,/seltz-multivitaminas-vitamina-c-20-tabletas-efervescentes-90-g/11545547.html,$90.90,vacio,vacio,vacio,Puntos 'dobles' al pagar con 'FALABELLA',vacio,2026-07-02
Farmacia,Vitaminas y suplementos,Seltz Vitamina C con 20 Tab,https://www.soriana.com/dw/image/v2/BGBD_PRD/on/demandware.static/-/Sites-soriana-grocery-master-catalog/default/dwbb48f386/images/product/4022679137708_A.jpg?sw=473&sh=473&sm=fit,https://www.soriana.com/farmacia/,/seltz-vitamina-c-con-20-tab/11545555.html,$120.00,vacio,vacio,vacio,Puntos 'dobles' al pagar con 'FALABELLA',vacio,2026-07-02
Farmacia,Vitaminas y suplementos,Multivitaminico Capsulas 700 mg con 90 Capsulas,https://www.soriana.com/dw/image/v2/BGBD_PRD/on/demandware.static/-/Sites-soriana-grocery-master-catalog/default/dw5fd1d073/images/product/5056142600245_A.jpg?sw=473&sh=473&sm=fit,https://www.soriana.com/farmacia/,/multivitaminico-capsulas-700-mg-con-90-capsulas/11634435.html,$849.00,vacio,vacio,vacio,Puntos 'dobles' al pagar con 'FALABELLA',vacio,2026-07-02
Farmacia,Vitaminas y suplementos,Multivitaminico Berocca 30 comprimidos,https://www.soriana.com/dw/image/v2/BGBD_PRD/on/demandware.static/-/Sites-soriana-grocery-master-catalog/default/dwf9fdc1cf/images/product/7501008497074_A.jpg?sw=473&sh=473&sm=fit,https://www.soriana.com/farmacia/,/multivitaminico-berocca-30-comprimidos/2382784.html,$379.00,vacio,vacio,vacio,Puntos 'dobles' al pagar con 'FALABELLA',vacio,2026-07-02
Farmacia,Vitaminas y suplementos,Suplemento alimenticio Elevit 2-Omegas 28 pza,https://www.soriana.com/dw/image/v2/BGBD_PRD/on/demandware.static/-/Sites-soriana-grocery-master-catalog/default/dw98f21c76/images/product/7501008499177_A.jpg?sw=473&sh=473&sm=fit,https://www.soriana.com/farmacia/,/suplemento-alimenticio-elevit-2-omegas-28-pza/11651500.html,$495.00,vacio,vacio,vacio,Puntos 'dobles' al pagar con 'FALABELLA',vacio,2026-07-02
Farmacia,Vitaminas y suplementos,Carbonato De Magnesio Sup Alim Pvo con 7 G,https://www.soriana.com/dw/image/v2/BGBD_PRD/on/demandware.static/-/Sites-soriana-grocery-master-catalog/default/dwb1edea24/images/product/7501417010253_A.jpg?sw=473&sh=473&sm=fit,https://www.soriana.com/farmacia/,/carbonato-de-magnesio-sup-alim-pvo-con-7-g/562994.html,$42.13,vacio,vacio,vacio,Puntos 'dobles' al pagar con 'FALABELLA',vacio,2026-07-02
Farmacia,Vitaminas y suplementos,Vitalica Kids Jbe con 250ml,https://www.soriana.com/dw/image/v2/BGBD_PRD/on/demandware.static/-/Sites-soriana-grocery-master-catalog/default/dw1c014215/images/product/7501587010732_A.jpg?sw=473&sh=473&sm=fit,https://www.soriana.com/farmacia/,/vitalica-kids-jbe-con-250ml/3078077.html,$239.00,vacio,vacio,vacio,Puntos 'dobles' al pagar con 'FALABELLA',vacio,2026-07-02
Farmacia,Vitaminas y suplementos,Suplemento alimenticio Nestlé Boost Alto en Proteína Vainilla 237 ml,https://www.soriana.com/dw/image/v2/BGBD_PRD/on/demandware.static/-/Sites-soriana-grocery-master-catalog/default/dwa4c00f2f/images/product/7501058646873_A.jpg?sw=473&sh=473&sm=fit,https://www.soriana.com/farmacia/,/suplemento-alimenticio-nestle-boost-alto-en-proteina-vainilla-237-ml/11558049.html,$56.90,vacio,vacio,vacio,Puntos 'dobles' al pagar con 'FALABELLA',vacio,2026-07-02
Farmacia,Vitaminas y suplementos,Suplemento alimenticio Birdman Minerales Traza 300 ml,https://www.soriana.com/dw/image/v2/BGBD_PRD/on/demandware.static/-/Sites-soriana-grocery-master-catalog/default/dwaac98f58/images/product/7503025737386_A.jpg?sw=473&sh=473&sm=fit,https://www.soriana.com/farmacia/,/suplemento-alimenticio-birdman-minerales-traza-300-ml/11672243.html,$489.00,vacio,vacio,vacio,Puntos 'dobles' al pagar con 'FALABELLA',vacio,2026-07-02
Farmacia,Vitaminas y suplementos,Dabeon Caps con 60 Pzas,https://www.soriana.com/dw/image/v2/BGBD_PRD/on/demandware.static/-/Sites-soriana-grocery-master-catalog/default/dw1f8c3436/images/product/7501298224459_A.jpg?sw=473&sh=473&sm=fit,https://www.soriana.com/farmacia/,/dabeon-caps-con-60-pzas/8003512.html,"$1,232.00",vacio,vacio,vacio,Puntos 'dobles' al pagar con 'FALABELLA',vacio,2026-07-02
Farmacia,Vitaminas y suplementos,Suplemento alimenticio Birdman Falcon Performance Choco Bronze 42 g,https://www.soriana.com/dw/image/v2/BGBD_PRD/on/demandware.static/-/Sites-soriana-grocery-master-catalog/default/dw949c0206/images/product/7503025737447_A.jpg?sw=473&sh=473&sm=fit,https://www.soriana.com/farmacia/,/suplemento-alimenticio-birdman-falcon-performance-choco-bronze-42-g/11688959.html,$46.00,vacio,vacio,vacio,Puntos 'dobles' al pagar con 'FALABELLA',vacio,2026-07-02
Farmacia,Vitaminas y suplementos,Suplemento alimenticio Enterex DBT Vainilla 237 ml,https://www.soriana.com/dw/image/v2/BGBD_PRD/on/demandware.static/-/Sites-soriana-grocery-master-catalog/default/dw4037ece5/images/product/0612197630160_A.jpg?sw=473&sh=473&sm=fit,https://www.soriana.com/farmacia/,/suplemento-alimenticio-enterex-dbt-vainilla-237-ml/11380840.html,$51.90,vacio,vacio,vacio,Puntos 'dobles' al pagar con 'FALABELLA',vacio,2026-07-02
Farmacia,Vitaminas y suplementos,Suplemento alimenticio Ensure Fresa 400 g,https://www.soriana.com/dw/image/v2/BGBD_PRD/on/demandware.static/-/Sites-soriana-grocery-master-catalog/default/dwe9928e12/images/product/7501033953347_A.jpg?sw=473&sh=473&sm=fit,https://www.soriana.com/farmacia/,/suplemento-alimenticio-ensure-fresa-400-g/1171061.html,$353.50,vacio,vacio,vacio,Puntos 'dobles' al pagar con 'FALABELLA',vacio,2026-07-02
Farmacia,Vitaminas y suplementos,Suplemento alimenticio Delisure Vainilla 237 ml,https://www.soriana.com/dw/image/v2/BGBD_PRD/on/demandware.static/-/Sites-soriana-grocery-master-catalog/default/dwd24d04c6/images/product/7503011998142_A.jpg?sw=473&sh=473&sm=fit,https://www.soriana.com/farmacia/,/suplemento-alimenticio-delisure-vainilla-237-ml/11714441.html,$45.00,vacio,vacio,vacio,Puntos 'dobles' al pagar con 'FALABELLA',vacio,2026-07-02
Farmacia,Vitaminas y suplementos,Suplemento alimenticio Ensure Advance - Active Fresa 237 ml,https://www.soriana.com/dw/image/v2/BGBD_PRD/on/demandware.static/-/Sites-soriana-grocery-master-catalog/default/dw31fd22db/images/product/7501033960499_A.jpg?sw=473&sh=473&sm=fit,https://www.soriana.com/farmacia/,/suplemento-alimenticio-ensure-advance---active-fresa-237-ml/11223824.html,$71.50,vacio,vacio,vacio,Puntos 'dobles' al pagar con 'FALABELLA',vacio,2026-07-02
Farmacia,Vitaminas y suplementos,Birdman Falcon Proteina en Polvo Sabor Chocolate 510 g,https://www.soriana.com/dw/image/v2/BGBD_PRD/on/demandware.static/-/Sites-soriana-grocery-master-catalog/default/dw8c3dd52f/images/product/7500326818202_A.jpg?sw=473&sh=473&sm=fit,https://www.soriana.com/farmacia/,/birdman-falcon-proteina-en-polvo-sabor-chocolate-510-g/11433192.html,$705.00,vacio,vacio,vacio,Puntos 'dobles' al pagar con 'FALABELLA',vacio,2026-07-02
Farmacia,Vitaminas y suplementos,Belabear Colag + Biotina Cap con 60 Pzas,https://www.soriana.com/dw/image/v2/BGBD_PRD/on/demandware.static/-/Sites-soriana-grocery-master-catalog/default/dwe16e855a/images/product/7503023641470_A.jpg?sw=473&sh=473&sm=fit,https://www.soriana.com/farmacia/,/belabear-colag-biotina-cap-con-60-pzas/11468130.html,$118.00,vacio,vacio,vacio,Puntos 'dobles' al pagar con 'FALABELLA',vacio,2026-07-02
Farmacia,Vitaminas y suplementos,Suplemento alimenticio Optimum Nutrition Gold Standard 100% Whey Cookies & Cream 907 g,https://www.soriana.com/dw/image/v2/BGBD_PRD/on/demandware.static/-/Sites-soriana-grocery-master-catalog/default/dw49f2a03f/images/product/0748927051148_A.jpg?sw=473&sh=473&sm=fit,https://www.soriana.com/farmacia/,/suplemento-alimenticio-optimum-nutrition-gold-standard-100--whey-cookies-cream-907-g/11573956.html,$999.90,vacio,vacio,vacio,Puntos 'dobles' al pagar con 'FALABELLA',vacio,2026-07-02
Farmacia,Vitaminas y suplementos,Suplemento alimenticio Forzagen Lean Gainer Chocolate 1.81 kg,https://www.soriana.com/dw/image/v2/BGBD_PRD/on/demandware.static/-/Sites-soriana-grocery-master-catalog/default/dw7969d604/images/product/7503029522339_A.jpg?sw=473&sh=473&sm=fit,https://www.soriana.com/farmacia/,/suplemento-alimenticio-forzagen-lean-gainer-chocolate-1.81-kg/11606452.html,$635.00,vacio,vacio,vacio,Puntos 'dobles' al pagar con 'FALABELLA',vacio,2026-07-02
Farmacia,Vitaminas y suplementos,Suplemento alimenticio Protein World Hot Hair 90 pza,https://www.soriana.com/dw/image/v2/BGBD_PRD/on/demandware.static/-/Sites-soriana-grocery-master-catalog/default/dw7080dbc0/images/product/5056142600221_A.jpg?sw=473&sh=473&sm=fit,https://www.soriana.com/farmacia/,/suplemento-alimenticio-protein-world-hot-hair-90-pza/11634434.html,$899.00,vacio,vacio,vacio,Puntos 'dobles' al pagar con 'FALABELLA',vacio,2026-07-02
Farmacia,Vitaminas y suplementos,Suplemento alimenticio Protein World Toner Protein 90 pza,https://www.soriana.com/dw/image/v2/BGBD_PRD/on/demandware.static/-/Sites-soriana-grocery-master-catalog/default/dw0eb79f5a/images/product/5056142600207_A.jpg?sw=473&sh=473&sm=fit,https://www.soriana.com/farmacia/,/suplemento-alimenticio-protein-world-toner-protein-90-pza/11634487.html,$849.00,vacio,vacio,vacio,Puntos 'dobles' al pagar con 'FALABELLA',vacio,2026-07-02
Farmacia,Vitaminas y suplementos,Suplemento alimenticio Nestlé Boost Chocolate 330 ml,https://www.soriana.com/dw/image/v2/BGBD_PRD/on/demandware.static/-/Sites-soriana-grocery-master-catalog/default/dw875f28fd/images/product/7506475108614_A.jpg?sw=473&sh=473&sm=fit,https://www.soriana.com/farmacia/,/suplemento-alimenticio-nestle-boost-chocolate-330-ml/11680441.html,$67.90,vacio,vacio,vacio,Puntos 'dobles' al pagar con 'FALABELLA',vacio,2026-07-02
Farmacia,Vitaminas y suplementos,Suplemento alimenticio PediaSure Plus Chocolate 400 g,https://www.soriana.com/dw/image/v2/BGBD_PRD/on/demandware.static/-/Sites-soriana-grocery-master-catalog/default/dw7ba6fc88/images/product/7501033957215_A.jpg?sw=473&sh=473&sm=fit,https://www.soriana.com/farmacia/,/suplemento-alimenticio-pediasure-plus-chocolate-400-g/2124138.html,$423.00,vacio,vacio,vacio,Puntos 'dobles' al pagar con 'FALABELLA',vacio,2026-07-02
Farmacia,Vitaminas y suplementos,Bellafem Maternal Tab con 60,https://www.soriana.com/dw/image/v2/BGBD_PRD/on/demandware.static/-/Sites-soriana-grocery-master-catalog/default/dw86d71577/images/product/7502235760108_A.jpg?sw=473&sh=473&sm=fit,https://www.soriana.com/farmacia/,/bellafem-maternal-tab-con-60/2605527.html,$441.00,vacio,vacio,vacio,Puntos 'dobles' al pagar con 'FALABELLA',vacio,2026-07-02
Farmacia,Vitaminas y suplementos,Pharmaton Multivitamínico para Adultos 30 Cápsulas.,https://www.soriana.com/dw/image/v2/BGBD_PRD/on/demandware.static/-/Sites-soriana-grocery-master-catalog/default/dw963c1108/images/product/7501165011786_A.jpg?sw=473&sh=473&sm=fit,https://www.soriana.com/farmacia/,/pharmaton-multivitaminico-para-adultos-30-capsulas./11412055.html,$180.00,vacio,vacio,vacio,Puntos 'dobles' al pagar con 'FALABELLA',vacio,2026-07-02
Farmacia,Vitaminas y suplementos,Vita Fem C/60 pzas,https://www.soriana.com/dw/image/v2/BGBD_PRD/on/demandware.static/-/Sites-soriana-grocery-master-catalog/default/dw0c69f032/images/product/7503018047683_A.jpg?sw=473&sh=473&sm=fit,https://www.soriana.com/farmacia/,/vita-fem-c-60-pzas/11584697.html,$149.00,vacio,vacio,vacio,Puntos 'dobles' al pagar con 'FALABELLA',vacio,2026-07-02
Farmacia,Vitaminas y suplementos,Suplemento alimenticio Yuyo Multivita Naranjada 60 g,https://www.soriana.com/dw/image/v2/BGBD_PRD/on/demandware.static/-/Sites-soriana-grocery-master-catalog/default/dwb5ad8f64/images/product/7503034980056_A.jpg?sw=473&sh=473&sm=fit,https://www.soriana.com/farmacia/,/suplemento-alimenticio-yuyo-multivita-naranjada-60-g/11654408.html,$70.00,vacio,vacio,vacio,Puntos 'dobles' al pagar con 'FALABELLA',vacio,2026-07-02
Farmacia,Vitaminas y suplementos,Poly-Vi-Sol Ped Sol con 50ml,https://www.soriana.com/dw/image/v2/BGBD_PRD/on/demandware.static/-/Sites-soriana-grocery-master-catalog/default/dwb159c986/images/product/7501300407290_A.jpg?sw=473&sh=473&sm=fit,https://www.soriana.com/farmacia/,/poly-vi-sol-ped-sol-con-50ml/2843657.html,$355.00,vacio,vacio,vacio,Puntos 'dobles' al pagar con 'FALABELLA',vacio,2026-07-02
Farmacia,Vitaminas y suplementos,Stresstabs 600 Hierro 30 Tabletas,https://www.soriana.com/dw/image/v2/BGBD_PRD/on/demandware.static/-/Sites-soriana-grocery-master-catalog/default/v1783043242787/images/product/7501228300390_A.JPG?sw=473&sh=473&sm=fit,https://www.soriana.com/farmacia/,/stresstabs-600-hierro-30-tabletas/431086.html,$299.00,vacio,vacio,vacio,Puntos 'dobles' al pagar con 'FALABELLA',vacio,2026-07-02
Farmacia,Vitaminas y suplementos,Hydrolit Fresa 625Ml,https://www.soriana.com/dw/image/v2/BGBD_PRD/on/demandware.static/-/Sites-soriana-grocery-master-catalog/default/dw6c92b5a5/images/product/7501013101928_A.jpg?sw=473&sh=473&sm=fit,https://www.soriana.com/farmacia/,/hydrolit-fresa-625ml/11847418.html,$20.90,vacio,vacio,vacio,Puntos 'dobles' al pagar con 'FALABELLA',vacio,2026-07-02
Farmacia,Vitaminas y suplementos,Suplemento alimenticio Nestlé Boost Original Vainilla 330 ml,https://www.soriana.com/dw/image/v2/BGBD_PRD/on/demandware.static/-/Sites-soriana-grocery-master-catalog/default/dwad763646/images/product/7506475113045_A.jpg?sw=473&sh=473&sm=fit,https://www.soriana.com/farmacia/,/suplemento-alimenticio-nestle-boost-original-vainilla-330-ml/11714295.html,$56.90,vacio,vacio,vacio,Puntos 'dobles' al pagar con 'FALABELLA',vacio,2026-07-02
Farmacia,Vitaminas y suplementos,Ramico Vitamina C 500 MG C/30 Cap,https://www.soriana.com/dw/image/v2/BGBD_PRD/on/demandware.static/-/Sites-soriana-grocery-master-catalog/default/dw714c2835/images/product/7502227427156_A.jpg?sw=473&sh=473&sm=fit,https://www.soriana.com/farmacia/,/ramico-vitamina-c-500-mg-c-30-cap/11585307.html,$200.00,vacio,vacio,vacio,Puntos 'dobles' al pagar con 'FALABELLA',vacio,2026-07-02
Farmacia,Vitaminas y suplementos,Suplemento Alimenticio CarnotviD 3 ml,https://www.soriana.com/dw/image/v2/BGBD_PRD/on/demandware.static/-/Sites-soriana-grocery-master-catalog/default/dwabb1c3f5/images/product/7501124184735_A.jpg?sw=473&sh=473&sm=fit,https://www.soriana.com/farmacia/,/suplemento-alimenticio-carnotvid-3-ml/8012498.html,$467.00,vacio,3 x 2,vacio,Puntos 'dobles' al pagar con 'FALABELLA',vacio,2026-07-02
Farmacia,Vitaminas y suplementos,Bevodinix Gel 60 Gramos Tubo,https://www.soriana.com/dw/image/v2/BGBD_PRD/on/demandware.static/-/Sites-soriana-grocery-master-catalog/default/dwefdfd144/images/product/7502253073792_A.jpg?sw=473&sh=473&sm=fit,https://www.soriana.com/farmacia/,/bevodinix-gel-60-gramos-tubo/8012353.html,$592.00,vacio,3 x 2,vacio,Puntos 'dobles' al pagar con 'FALABELLA',vacio,2026-07-02
Farmacia,Vitaminas y suplementos,CENTRUM PERFORMANCE TAB 100,https://www.soriana.com/dw/image/v2/BGBD_PRD/on/demandware.static/-/Sites-soriana-grocery-master-catalog/default/dw7faa2593/images/product/7501065095985_A.jpg?sw=473&sh=473&sm=fit,https://www.soriana.com/farmacia/,/centrum-performance-tab-100/8012409.html,$545.00,vacio,vacio,vacio,Puntos 'dobles' al pagar con 'FALABELLA',vacio,2026-07-02
Farmacia,Vitaminas y suplementos,Fitboost Ibcaa Frutos Rojos 450G Sin Mar,https://www.soriana.com/dw/image/v2/BGBD_PRD/on/demandware.static/-/Sites-soriana-grocery-master-catalog/default/dwc8d2c43e/images/product/7503028351244_A.jpg?sw=473&sh=473&sm=fit,https://www.soriana.com/farmacia/,/fitboost-ibcaa-frutos-rojos-450g-sin-mar/11744328.html,$450.00,vacio,vacio,vacio,Puntos 'dobles' al pagar con 'FALABELLA',vacio,2026-07-02
Farmacia,Vitaminas y suplementos,Omega 3 + Coq10 30 Capsulas,https://www.soriana.com/dw/image/v2/BGBD_PRD/on/demandware.static/-/Sites-soriana-grocery-master-catalog/default/dw17e07082/images/product/7503007208972_A.jpg?sw=473&sh=473&sm=fit,https://www.soriana.com/farmacia/,/omega-3-coq10-30-capsulas/11704404.html,$299.00,vacio,vacio,vacio,Puntos 'dobles' al pagar con 'FALABELLA',vacio,2026-07-02
Farmacia,Vitaminas y suplementos,"MULTIBLUE SKIN, HAIR & NAILS 60 CAP",https://www.soriana.com/dw/image/v2/BGBD_PRD/on/demandware.static/-/Sites-soriana-grocery-master-catalog/default/dwbb052836/images/product/7500462815875_A.jpeg?sw=473&sh=473&sm=fit,https://www.soriana.com/farmacia/,/multiblue--skin-hair-nails-60-cap/11721331.html,$387.00,vacio,vacio,vacio,Puntos 'dobles' al pagar con 'FALABELLA',vacio,2026-07-02
Farmacia,Vitaminas y suplementos,Birdman Berberina 54Gr,https://www.soriana.com/dw/image/v2/BGBD_PRD/on/demandware.static/-/Sites-soriana-grocery-master-catalog/default/dw66192338/images/product/7503038209412_A.jpg?sw=473&sh=473&sm=fit,https://www.soriana.com/farmacia/,/birdman-berberina-54gr/11867736.html,$539.00,vacio,vacio,vacio,Puntos 'dobles' al pagar con 'FALABELLA',vacio,2026-07-02
Farmacia,Vitaminas y suplementos,Suplemento alimenticio PediaSure Plus Vainilla 900 g,https://www.soriana.com/dw/image/v2/BGBD_PRD/on/demandware.static/-/Sites-soriana-grocery-master-catalog/default/dw621cde14/images/product/7501033955709_A.jpg?sw=473&sh=473&sm=fit,https://www.soriana.com/farmacia/,/suplemento-alimenticio-pediasure-plus-vainilla-900-g/3052939.html,$866.00,vacio,vacio,vacio,Puntos 'dobles' al pagar con 'FALABELLA',vacio,2026-07-02
Farmacia,Vitaminas y suplementos,Suplemento alimenticio Forzagen Amino Fire Durazno Mango 360 g,https://www.soriana.com/dw/image/v2/BGBD_PRD/on/demandware.static/-/Sites-soriana-grocery-master-catalog/default/dwa91b0efb/images/product/7503029522315_A.jpg?sw=473&sh=473&sm=fit,https://www.soriana.com/farmacia/,/suplemento-alimenticio-forzagen-amino-fire-durazno-mango-360-g/11606453.html,$549.00,vacio,vacio,vacio,Puntos 'dobles' al pagar con 'FALABELLA',vacio,2026-07-02
Farmacia,Vitaminas y suplementos,Suplemento alimenticio Stamino Labs Zero Carbs Chocolate 908 g,https://www.soriana.com/dw/image/v2/BGBD_PRD/on/demandware.static/-/Sites-soriana-grocery-master-catalog/default/dw5c62cccc/images/product/7503029402204_A.jpg?sw=473&sh=473&sm=fit,https://www.soriana.com/farmacia/,/suplemento-alimenticio-stamino-labs-zero-carbs-chocolate-908-g/11634711.html,$799.00,vacio,vacio,vacio,Puntos 'dobles' al pagar con 'FALABELLA',vacio,2026-07-02
Farmacia,Vitaminas y suplementos,Suplemento alimenticio PediaSure Plus Vainilla 237 ml,https://www.soriana.com/dw/image/v2/BGBD_PRD/on/demandware.static/-/Sites-soriana-grocery-master-catalog/default/dw5284ffa2/images/product/7501033956294_A.jpg?sw=473&sh=473&sm=fit,https://www.soriana.com/farmacia/,/suplemento-alimenticio-pediasure-plus-vainilla-237-ml/1801834.html,$64.00,vacio,vacio,vacio,Puntos 'dobles' al pagar con 'FALABELLA',vacio,2026-07-02
Farmacia,Vitaminas y suplementos,Suplemento alimenticio PediaSure Plus Chocolate 237 ml,https://www.soriana.com/dw/image/v2/BGBD_PRD/on/demandware.static/-/Sites-soriana-grocery-master-catalog/default/dw9368daf1/images/product/7501033956317_A.jpg?sw=473&sh=473&sm=fit,https://www.soriana.com/farmacia/,/suplemento-alimenticio-pediasure-plus-chocolate-237-ml/1801835.html,$64.00,vacio,vacio,vacio,Puntos 'dobles' al pagar con 'FALABELLA',vacio,2026-07-02
Farmacia,Vitaminas y suplementos,Seltz Electrolitos Naranja 13 Tabletas,https://www.soriana.com/dw/image/v2/BGBD_PRD/on/demandware.static/-/Sites-soriana-grocery-master-catalog/default/dwe3616cbe/images/product/4022679147004_A.jpg?sw=473&sh=473&sm=fit,https://www.soriana.com/farmacia/,/seltz-electrolitos-naranja-13-tabletas/11690537.html,$122.00,vacio,vacio,vacio,Puntos 'dobles' al pagar con 'FALABELLA',vacio,2026-07-02
Farmacia,Vitaminas y suplementos,Suplemento alimenticio Sportfeed Gym 795 g,https://www.soriana.com/dw/image/v2/BGBD_PRD/on/demandware.static/-/Sites-soriana-grocery-master-catalog/default/dw2def11b8/images/product/7503033359617_A.jpg?sw=473&sh=473&sm=fit,https://www.soriana.com/farmacia/,/suplemento-alimenticio-sportfeed-gym-795-g/11704593.html,$629.00,vacio,vacio,vacio,Puntos 'dobles' al pagar con 'FALABELLA',vacio,2026-07-02
Farmacia,Vitaminas y suplementos,Aderogyl Efe vitamina C para prevención del resfriado común. 10 tabletas de 1 g.,https://www.soriana.com/dw/image/v2/BGBD_PRD/on/demandware.static/-/Sites-soriana-grocery-master-catalog/default/dwb2c7305a/images/product/3664798027549_A.jpg?sw=473&sh=473&sm=fit,https://www.soriana.com/farmacia/,/aderogyl-efe-vitamina-c-para-prevencion-del-resfriado-comun.-10-tabletas-de-1-g./11516752.html,$93.50,vacio,vacio,vacio,Puntos 'dobles' al pagar con 'FALABELLA',vacio,2026-07-02
Farmacia,Vitaminas y suplementos,Suplemento alimenticio Elevit 2-Omegas 7 pza,https://www.soriana.com/dw/image/v2/BGBD_PRD/on/demandware.static/-/Sites-soriana-grocery-master-catalog/default/dwa5df6285/images/product/7501008499160_A.jpg?sw=473&sh=473&sm=fit,https://www.soriana.com/farmacia/,/suplemento-alimenticio-elevit-2-omegas-7-pza/11651499.html,$111.00,vacio,vacio,vacio,Puntos 'dobles' al pagar con 'FALABELLA',vacio,2026-07-02
Farmacia,Vitaminas y suplementos,Vitamina C Redoxon Efervescentes Sabor Naranja 2 Cajas Con 10 Tabletas,https://www.soriana.com/dw/image/v2/BGBD_PRD/on/demandware.static/-/Sites-soriana-grocery-master-catalog/default/dw17173fe5/images/product/7501008421321_A.jpg?sw=473&sh=473&sm=fit,https://www.soriana.com/farmacia/,/vitamina-c-redoxon-efervescentes-sabor-naranja-2-cajas-con-10-tabletas/2152370.html,$270.00,vacio,vacio,vacio,Puntos 'dobles' al pagar con 'FALABELLA',vacio,2026-07-02
Farmacia,Vitaminas y suplementos,Citrus C Tabletas Efervesentes C/12 pzas,https://www.soriana.com/dw/image/v2/BGBD_PRD/on/demandware.static/-/Sites-soriana-grocery-master-catalog/default/dwdd986e06/images/product/7502270750607_A.jpg?sw=473&sh=473&sm=fit,https://www.soriana.com/farmacia/,/citrus-c-tabletas-efervesentes-c-12-pzas/8011049.html,$152.00,vacio,vacio,vacio,Puntos 'dobles' al pagar con 'FALABELLA',vacio,2026-07-02
Farmacia,Vitaminas y suplementos,Emergen-C Limon Sob con 10 Pzas,https://www.soriana.com/dw/image/v2/BGBD_PRD/on/demandware.static/-/Sites-soriana-grocery-master-catalog/default/dw6017d8fb/images/product/7501287679512_A.jpg?sw=473&sh=473&sm=fit,https://www.soriana.com/farmacia/,/emergen-c-limon-sob-con-10-pzas/8002630.html,$105.00,vacio,vacio,vacio,Puntos 'dobles' al pagar con 'FALABELLA',vacio,2026-07-02
Farmacia,Vitaminas y suplementos,Seltz Calcio 20 Tabletas Efervescentes 90 g,https://www.soriana.com/dw/image/v2/BGBD_PRD/on/demandware.static/-/Sites-soriana-grocery-master-catalog/default/dwde69520c/images/product/7500326150975_A.jpg?sw=473&sh=473&sm=fit,https://www.soriana.com/farmacia/,/seltz-calcio-20-tabletas-efervescentes-90-g/11545550.html,$122.00,vacio,vacio,vacio,Puntos 'dobles' al pagar con 'FALABELLA',vacio,2026-07-02
Farmacia,Vitaminas y suplementos,Recover Fresa-Kiwi 630Ml Pza,https://www.soriana.com/dw/image/v2/BGBD_PRD/on/demandware.static/-/Sites-soriana-grocery-master-catalog/default/dw8ec23479/images/product/7501090800042_A.jpg?sw=473&sh=473&sm=fit,https://www.soriana.com/farmacia/,/recover-fresa-kiwi-630ml-pza/11663250.html,$20.00,vacio,vacio,vacio,Puntos 'dobles' al pagar con 'FALABELLA',vacio,2026-07-02
Farmacia,Vitaminas y suplementos,Suplemento alimenticio Honey Land Citri Ositos 120 pza,https://www.soriana.com/dw/image/v2/BGBD_PRD/on/demandware.static/-/Sites-soriana-grocery-master-catalog/default/dwc68f61dc/images/product/0873360001082_A.jpg?sw=473&sh=473&sm=fit,https://www.soriana.com/farmacia/,/suplemento-alimenticio-honey-land-citri-ositos-120-pza/11704407.html,$100.00,vacio,vacio,vacio,Puntos 'dobles' al pagar con 'FALABELLA',vacio,2026-07-02
Farmacia,Vitaminas y suplementos,Tk Minis Snack Bar Chocolate Pb 26 Grs S,https://www.soriana.com/dw/image/v2/BGBD_PRD/on/demandware.static/-/Sites-soriana-grocery-master-catalog/default/dw3eef3632/images/product/753656719900_A.jpg?sw=473&sh=473&sm=fit,https://www.soriana.com/farmacia/,/tk-minis-snack-bar-chocolate-pb-26-grs-s/11850114.html,$34.90,vacio,vacio,vacio,Puntos 'dobles' al pagar con 'FALABELLA',vacio,2026-07-02
Farmacia,Vitaminas y suplementos,Emulsion Scott Naranja 400 Ml,https://www.soriana.com/dw/image/v2/BGBD_PRD/on/demandware.static/-/Sites-soriana-grocery-master-catalog/default/dwf1a55bdb/images/product/7501065054661_A.jpg?sw=473&sh=473&sm=fit,https://www.soriana.com/farmacia/,/emulsion-scott-naranja-400-ml/8012400.html,$205.00,vacio,vacio,vacio,Puntos 'dobles' al pagar con 'FALABELLA',vacio,2026-07-02
Farmacia,Vitaminas y suplementos,Suplemento alimenticio Caltrate 600+D 30 pza,https://www.soriana.com/dw/image/v2/BGBD_PRD/on/demandware.static/-/Sites-soriana-grocery-master-catalog/default/dw34aecfe1/images/product/7501065001337_A.jpg?sw=473&sh=473&sm=fit,https://www.soriana.com/farmacia/,/suplemento-alimenticio-caltrate-600d-30-pza/8012404.html,$196.00,vacio,vacio,vacio,Puntos 'dobles' al pagar con 'FALABELLA',vacio,2026-07-02
Farmacia,Vitaminas y suplementos,Birdman Omega 3 Premium 90Gr,https://www.soriana.com/dw/image/v2/BGBD_PRD/on/demandware.static/-/Sites-soriana-grocery-master-catalog/default/dwe300b343/images/product/7503037273995_A.jpg?sw=473&sh=473&sm=fit,https://www.soriana.com/farmacia/,/birdman-omega-3-premium-90gr/11867728.html,$839.00,vacio,vacio,vacio,Puntos 'dobles' al pagar con 'FALABELLA',vacio,2026-07-02
Farmacia,Vitaminas y suplementos,Birdman Myo & D Chiro Inositol 81.9Gr,https://www.soriana.com/dw/image/v2/BGBD_PRD/on/demandware.static/-/Sites-soriana-grocery-master-catalog/default/dw35654e36/images/product/7503038209108_A.jpg?sw=473&sh=473&sm=fit,https://www.soriana.com/farmacia/,/birdman-myo-d-chiro-inositol-81.9gr/11867731.html,$479.00,vacio,vacio,vacio,Puntos 'dobles' al pagar con 'FALABELLA',vacio,2026-07-02
Farmacia,Vitaminas y suplementos,Fremalt Sup Alim Cero Azucar Sob C/30Pza,https://www.soriana.com/dw/image/v2/BGBD_PRD/on/demandware.static/-/Sites-soriana-grocery-master-catalog/default/dwe8b49b81/images/product/7501089804570_A.jpg?sw=473&sh=473&sm=fit,https://www.soriana.com/farmacia/,/fremalt-sup-alim-cero-azucar-sob-c-30pza/8012552.html,"$1,019.00",vacio,3 x 2,vacio,Puntos 'dobles' al pagar con 'FALABELLA',vacio,2026-07-02
Farmacia,Vitaminas y suplementos,Seltz Electrolitos Uva 13 Tabletas,https://www.soriana.com/dw/image/v2/BGBD_PRD/on/demandware.static/-/Sites-soriana-grocery-master-catalog/default/dwea4454ff/images/product/4022679146991_A.jpg?sw=473&sh=473&sm=fit,https://www.soriana.com/farmacia/,/seltz--electrolitos-uva-13-tabletas/11690541.html,$122.00,vacio,vacio,vacio,Puntos 'dobles' al pagar con 'FALABELLA',vacio,2026-07-02
Farmacia,Vitaminas y suplementos,Suplemento alimenticio Nestlé G Balance 160.80 g,https://www.soriana.com/dw/image/v2/BGBD_PRD/on/demandware.static/-/Sites-soriana-grocery-master-catalog/default/dw155e3c3a/images/product/7501058624185_A.jpg?sw=473&sh=473&sm=fit,https://www.soriana.com/farmacia/,/suplemento-alimenticio-nestle-g-balance-160.80-g/11740763.html,"$1,099.00",vacio,vacio,vacio,Puntos 'dobles' al pagar con 'FALABELLA',vacio,2026-07-02
Farmacia,Vitaminas y suplementos,Creatine Electrolyte Golden Peach 300Gr,https://www.soriana.com/dw/image/v2/BGBD_PRD/on/demandware.static/-/Sites-soriana-grocery-master-catalog/default/dw68d0596c/images/product/7503037273940_A.jpg?sw=473&sh=473&sm=fit,https://www.soriana.com/farmacia/,/creatine-electrolyte-golden-peach-300gr/11872550.html,$479.00,vacio,vacio,vacio,Puntos 'dobles' al pagar con 'FALABELLA',vacio,2026-07-02
Farmacia,Vitaminas y suplementos,Suplemento Alimenticio Gomitas Sabi Osi,https://www.soriana.com/dw/image/v2/BGBD_PRD/on/demandware.static/-/Sites-soriana-grocery-master-catalog/default/dw894c9d91/images/product/873360001105_A.jpg?sw=473&sh=473&sm=fit,https://www.soriana.com/farmacia/,/suplemento-alimenticio-gomitas-sabi-osi/11704408.html,$100.00,vacio,vacio,vacio,Puntos 'dobles' al pagar con 'FALABELLA',vacio,2026-07-02
Farmacia,Vitaminas y suplementos,Suplemento alimenticio Forzagen CLA 2K 60 pza,https://www.soriana.com/dw/image/v2/BGBD_PRD/on/demandware.static/-/Sites-soriana-grocery-master-catalog/default/dw88072bb0/images/product/7503018110066_A.jpg?sw=473&sh=473&sm=fit,https://www.soriana.com/farmacia/,/suplemento-alimenticio-forzagen-cla-2k-60-pza/11476542.html,$349.00,vacio,vacio,vacio,Puntos 'dobles' al pagar con 'FALABELLA',vacio,2026-07-02
Farmacia,Vitaminas y suplementos,Suplemento alimenticio Nestlé Boost Original Vainilla 237 ml,https://www.soriana.com/dw/image/v2/BGBD_PRD/on/demandware.static/-/Sites-soriana-grocery-master-catalog/default/dw958e35b0/images/product/7501058622938_A.jpg?sw=473&sh=473&sm=fit,https://www.soriana.com/farmacia/,/suplemento-alimenticio-nestle-boost-original-vainilla-237-ml/11558032.html,$39.50,vacio,vacio,vacio,Puntos 'dobles' al pagar con 'FALABELLA',vacio,2026-07-02
Farmacia,Vitaminas y suplementos,Suplemento alimenticio Nestlé Boost Alto en Proteína Chocolate 237 ml,https://www.soriana.com/dw/image/v2/BGBD_PRD/on/demandware.static/-/Sites-soriana-grocery-master-catalog/default/dwdd6a5b35/images/product/7501058646866_A.jpg?sw=473&sh=473&sm=fit,https://www.soriana.com/farmacia/,/suplemento-alimenticio-nestle-boost-alto-en-proteina-chocolate-237-ml/11558038.html,$56.90,vacio,vacio,vacio,Puntos 'dobles' al pagar con 'FALABELLA',vacio,2026-07-02
Farmacia,Vitaminas y suplementos,Vitamina E- 1000 mg 40 Caps N Sin Marca,https://www.soriana.com/dw/image/v2/BGBD_PRD/on/demandware.static/-/Sites-soriana-grocery-master-catalog/default/dw5438171f/images/product/7503006073625_A.jpg?sw=473&sh=473&sm=fit,https://www.soriana.com/farmacia/,/vitamina-e--1000-mg-40-caps--n-sin-marca/11262676.html,$177.00,vacio,vacio,vacio,Puntos 'dobles' al pagar con 'FALABELLA',vacio,2026-07-02
Farmacia,Vitaminas y suplementos,Ginko Biloba 500 mg 60 Cap+S Sin Marca P,https://www.soriana.com/dw/image/v2/BGBD_PRD/on/demandware.static/-/Sites-soriana-grocery-master-catalog/default/dw00948abe/images/product/7503006073748_A.jpg?sw=473&sh=473&sm=fit,https://www.soriana.com/farmacia/,/ginko-biloba-500-mg-60-caps-sin-marca-p/11262678.html,$175.00,vacio,vacio,vacio,Puntos 'dobles' al pagar con 'FALABELLA',vacio,2026-07-02
Farmacia,Vitaminas y suplementos,Luteina 1000 mg 40 Caps Naturaleza En T,https://www.soriana.com/dw/image/v2/BGBD_PRD/on/demandware.static/-/Sites-soriana-grocery-master-catalog/default/dwf03b68f9/images/product/7503006073632_A.jpg?sw=473&sh=473&sm=fit,https://www.soriana.com/farmacia/,/luteina-1000-mg-40-caps--naturaleza-en-t/11292275.html,$175.00,vacio,vacio,vacio,Puntos 'dobles' al pagar con 'FALABELLA',vacio,2026-07-02
Farmacia,Vitaminas y suplementos,Seltz Complejo B Con 20 Tabletas,https://www.soriana.com/dw/image/v2/BGBD_PRD/on/demandware.static/-/Sites-soriana-grocery-master-catalog/default/dwc5daef31/images/product/4022679137692_A.jpg?sw=473&sh=473&sm=fit,https://www.soriana.com/farmacia/,/seltz-complejo-b-con-20-tabletas/11545553.html,$120.00,vacio,vacio,vacio,Puntos 'dobles' al pagar con 'FALABELLA',vacio,2026-07-02
Farmacia,Vitaminas y suplementos,Suplemento alimenticio Protein World Vegan Slender Blend Vainilla 1.20 kg,https://www.soriana.com/dw/image/v2/BGBD_PRD/on/demandware.static/-/Sites-soriana-grocery-master-catalog/default/dw6890e8cf/images/product/5056142600726_A.jpg?sw=473&sh=473&sm=fit,https://www.soriana.com/farmacia/,/suplemento-alimenticio-protein-world-vegan-slender-blend-vainilla-1.20-kg/11634495.html,"$1,849.00",vacio,vacio,vacio,Puntos 'dobles' al pagar con 'FALABELLA',vacio,2026-07-02
Farmacia,Vitaminas y suplementos,Suplemento alimenticio Birdman Falcon Fresa 510 g,https://www.soriana.com/dw/image/v2/BGBD_PRD/on/demandware.static/-/Sites-soriana-grocery-master-catalog/default/dw09b58266/images/product/7503025737522_A.jpg?sw=473&sh=473&sm=fit,https://www.soriana.com/farmacia/,/suplemento-alimenticio-birdman-falcon-fresa-510-g/11650319.html,$599.00,vacio,vacio,vacio,Puntos 'dobles' al pagar con 'FALABELLA',vacio,2026-07-02
Farmacia,Vitaminas y suplementos,Suplemento alimenticio Birdman Falcon Performance Chocolate 722 g,https://www.soriana.com/dw/image/v2/BGBD_PRD/on/demandware.static/-/Sites-soriana-grocery-master-catalog/default/dw4b9b582b/images/product/7503025737294_A.jpg?sw=473&sh=473&sm=fit,https://www.soriana.com/farmacia/,/suplemento-alimenticio-birdman-falcon-performance-chocolate-722-g/11650317.html,$785.00,vacio,vacio,vacio,Puntos 'dobles' al pagar con 'FALABELLA',vacio,2026-07-02
Farmacia,Vitaminas y suplementos,Neurobión Oral 100/ 5/50 mg Con 60 Tabletas,https://www.soriana.com/dw/image/v2/BGBD_PRD/on/demandware.static/-/Sites-soriana-grocery-master-catalog/default/dw6dc00353/images/product/7501298265100_A.jpg?sw=473&sh=473&sm=fit,https://www.soriana.com/farmacia/,/neurobion-oral-100--5-50-mg-con-60-tabletas/561948.html,$775.00,vacio,vacio,vacio,Puntos 'dobles' al pagar con 'FALABELLA',vacio,2026-07-02
Farmacia,Vitaminas y suplementos,Dabeon Caps con 30 Pzas,https://www.soriana.com/dw/image/v2/BGBD_PRD/on/demandware.static/-/Sites-soriana-grocery-master-catalog/default/dwcbbc5b24/images/product/7501298224442_A.jpg?sw=473&sh=473&sm=fit,https://www.soriana.com/farmacia/,/dabeon-caps-con-30-pzas/8003511.html,$792.00,vacio,vacio,vacio,Puntos 'dobles' al pagar con 'FALABELLA',vacio,2026-07-02
Farmacia,Vitaminas y suplementos,Suplemento alimenticio Enterex DBT Fresa 237 ml,https://www.soriana.com/dw/image/v2/BGBD_PRD/on/demandware.static/-/Sites-soriana-grocery-master-catalog/default/dw71d1037d/images/product/0612197602167_A.jpg?sw=473&sh=473&sm=fit,https://www.soriana.com/farmacia/,/suplemento-alimenticio-enterex-dbt-fresa-237-ml/11380742.html,$51.90,vacio,vacio,vacio,Puntos 'dobles' al pagar con 'FALABELLA',vacio,2026-07-02
Farmacia,Vitaminas y suplementos,Suplemento alimenticio Ensure Chocolate 400 g,https://www.soriana.com/dw/image/v2/BGBD_PRD/on/demandware.static/-/Sites-soriana-grocery-master-catalog/default/dwfb55b05f/images/product/7501033953361_A.jpg?sw=473&sh=473&sm=fit,https://www.soriana.com/farmacia/,/suplemento-alimenticio-ensure-chocolate-400-g/3022066.html,$353.50,vacio,vacio,vacio,Puntos 'dobles' al pagar con 'FALABELLA',vacio,2026-07-02
Farmacia,Vitaminas y suplementos,Seltz Electrolitos Lima Limón 13 Tabletas,https://www.soriana.com/dw/image/v2/BGBD_PRD/on/demandware.static/-/Sites-soriana-grocery-master-catalog/default/dw2bcf569a/images/product/4022679148834_A.jpg?sw=473&sh=473&sm=fit,https://www.soriana.com/farmacia/,/seltz-electrolitos-lima-limon-13-tabletas/11690365.html,$122.00,vacio,vacio,vacio,Puntos 'dobles' al pagar con 'FALABELLA',vacio,2026-07-02
Farmacia,Vitaminas y suplementos,Suplemento alimenticio Delisure Fresa 237 ml,https://www.soriana.com/dw/image/v2/BGBD_PRD/on/demandware.static/-/Sites-soriana-grocery-master-catalog/default/dwd2d63520/images/product/7503011998746_A.jpg?sw=473&sh=473&sm=fit,https://www.soriana.com/farmacia/,/suplemento-alimenticio-delisure-fresa-237-ml/11714064.html,$45.00,vacio,vacio,vacio,Puntos 'dobles' al pagar con 'FALABELLA',vacio,2026-07-02
Farmacia,Vitaminas y suplementos,Tk Snack Bar Chocolate Chip 40 Grs,https://www.soriana.com/dw/image/v2/BGBD_PRD/on/demandware.static/-/Sites-soriana-grocery-master-catalog/default/dwc62130af/images/product/753656718224_A.jpg?sw=473&sh=473&sm=fit,https://www.soriana.com/farmacia/,/tk-snack-bar-chocolate-chip-40-grs/11850111.html,$54.90,vacio,vacio,vacio,Puntos 'dobles' al pagar con 'FALABELLA',vacio,2026-07-02
Farmacia,Vitaminas y suplementos,Pediasure Fresa 900Gramos,https://www.soriana.com/dw/image/v2/BGBD_PRD/on/demandware.static/-/Sites-soriana-grocery-master-catalog/default/dwb845de6e/images/product/7501033957246_A.jpg?sw=473&sh=473&sm=fit,https://www.soriana.com/farmacia/,/pediasure-fresa-900gramos/11672268.html,$866.00,vacio,vacio,vacio,Puntos 'dobles' al pagar con 'FALABELLA',vacio,2026-07-02
Farmacia,Vitaminas y suplementos,Suplemento alimenticio Nestlé Boost Alto en Proteína Fresa 237 ml,https://www.soriana.com/dw/image/v2/BGBD_PRD/on/demandware.static/-/Sites-soriana-grocery-master-catalog/default/dw7aec682b/images/product/7501058646880_A.jpg?sw=473&sh=473&sm=fit,https://www.soriana.com/farmacia/,/suplemento-alimenticio-nestle-boost-alto-en-proteina-fresa-237-ml/11558016.html,$56.90,vacio,vacio,vacio,Puntos 'dobles' al pagar con 'FALABELLA',vacio,2026-07-02
Farmacia,Vitaminas y suplementos,Vitamina C Redoxon AOX Sabor Naranja Sin Azúcar 10 Tabletas Efervescentes,https://www.soriana.com/dw/image/v2/BGBD_PRD/on/demandware.static/-/Sites-soriana-grocery-master-catalog/default/dwb2e256b5/images/product/7501008499023_A.jpg?sw=473&sh=473&sm=fit,https://www.soriana.com/farmacia/,/vitamina-c-redoxon-aox-sabor-naranja-sin-azucar-10-tabletas-efervescentes/8008247.html,$183.00,vacio,vacio,vacio,Puntos 'dobles' al pagar con 'FALABELLA',vacio,2026-07-02
Farmacia,Vitaminas y suplementos,Plenafem 30 Cápsulas,https://www.soriana.com/dw/image/v2/BGBD_PRD/on/demandware.static/-/Sites-soriana-grocery-master-catalog/default/dw8792ce5b/images/product/8436043011024_A.jpg?sw=473&sh=473&sm=fit,https://www.soriana.com/farmacia/,/plenafem-30-capsulas/8011100.html,$365.00,vacio,vacio,vacio,Puntos 'dobles' al pagar con 'FALABELLA',vacio,2026-07-02
Farmacia,Vitaminas y suplementos,Suplemento alimenticio Protein World Hunger Buster 90 pza,https://www.soriana.com/dw/image/v2/BGBD_PRD/on/demandware.static/-/Sites-soriana-grocery-master-catalog/default/dwd61bfb11/images/product/5056142600146_A.jpg?sw=473&sh=473&sm=fit,https://www.soriana.com/farmacia/,/suplemento-alimenticio-protein-world-hunger-buster-90-pza/11634492.html,$949.00,vacio,vacio,vacio,Puntos 'dobles' al pagar con 'FALABELLA',vacio,2026-07-02
Farmacia,Vitaminas y suplementos,Suplemento alimenticio Protein World Slender Blend Fresa 1.20 kg,https://www.soriana.com/dw/image/v2/BGBD_PRD/on/demandware.static/-/Sites-soriana-grocery-master-catalog/default/dwd23c60ad/images/product/5056142600429_A.jpg?sw=473&sh=473&sm=fit,https://www.soriana.com/farmacia/,/suplemento-alimenticio-protein-world-slender-blend-fresa-1.20-kg/11634500.html,"$1,799.00",vacio,vacio,vacio,Puntos 'dobles' al pagar con 'FALABELLA',vacio,2026-07-02
Farmacia,Vitaminas y suplementos,Garlic & Vitamina E 500 mg 60 Sin Marca,https://www.soriana.com/dw/image/v2/BGBD_PRD/on/demandware.static/-/Sites-soriana-grocery-master-catalog/default/dwa0c2fc50/images/product/7503006073663_A.jpg?sw=473&sh=473&sm=fit,https://www.soriana.com/farmacia/,/garlic-vitamina-e-500-mg-60-sin-marca/11262677.html,$119.00,vacio,vacio,vacio,Puntos 'dobles' al pagar con 'FALABELLA',vacio,2026-07-02
Farmacia,Vitaminas y suplementos,Suplemento alimenticio Birdman Creatina Monohidratada 450 g,https://www.soriana.com/dw/image/v2/BGBD_PRD/on/demandware.static/-/Sites-soriana-grocery-master-catalog/default/dwe3bc498d/images/product/7503025737355_A.jpg?sw=473&sh=473&sm=fit,https://www.soriana.com/farmacia/,/suplemento-alimenticio-birdman-creatina-monohidratada-450-g/11650256.html,$559.00,vacio,vacio,vacio,Puntos 'dobles' al pagar con 'FALABELLA',vacio,2026-07-02
Farmacia,Vitaminas y suplementos,Gelcap Vitamina E 400mg Cap con 30,https://www.soriana.com/dw/image/v2/BGBD_PRD/on/demandware.static/-/Sites-soriana-grocery-master-catalog/default/dwf418fe4e/images/product/7501130713523_A.jpg?sw=473&sh=473&sm=fit,https://www.soriana.com/farmacia/,/gelcap-vitamina-e-400mg-cap-con-30/650029.html,$103.00,vacio,vacio,vacio,Puntos 'dobles' al pagar con 'FALABELLA',vacio,2026-07-02
Farmacia,Vitaminas y suplementos,Nbi Zero Carb Isopure Van 3 Lb,https://www.soriana.com/dw/image/v2/BGBD_PRD/on/demandware.static/-/Sites-soriana-grocery-master-catalog/default/dw7c765ba7/images/product/89094025953_A.jpg?sw=473&sh=473&sm=fit,https://www.soriana.com/farmacia/,/nbi-zero-carb-isopure-van-3-lb/11742637.html,"$1,599.90",vacio,vacio,vacio,Puntos 'dobles' al pagar con 'FALABELLA',vacio,2026-07-02
Farmacia,Vitaminas y suplementos,Vitamina D3 +Vitamina C +Zinc 60 Caps,https://www.soriana.com/dw/image/v2/BGBD_PRD/on/demandware.static/-/Sites-soriana-grocery-master-catalog/default/dw9c0a8dfc/images/product/7506493600039_A.jpg?sw=473&sh=473&sm=fit,https://www.soriana.com/farmacia/,/vitamina-d3-vitamina-c-zinc-60-caps/11704410.html,$299.00,vacio,vacio,vacio,Puntos 'dobles' al pagar con 'FALABELLA',vacio,2026-07-02
Farmacia,Vitaminas y suplementos,Gpp Meto/Meloxi 215Mg/15Mg Tab C/10 Pzas,https://www.soriana.com/dw/image/v2/BGBD_PRD/on/demandware.static/-/Sites-soriana-grocery-master-catalog/default/dw13cd8bd3/images/product/7502216792197_A.jpg?sw=473&sh=473&sm=fit,https://www.soriana.com/farmacia/,/gpp-meto-meloxi-215mg-15mg-tab-c-10-pzas/2651755.html,$49.00,vacio,3 x 2,vacio,Puntos 'dobles' al pagar con 'FALABELLA',vacio,2026-07-02
Farmacia,Vitaminas y suplementos,Suplemento alimenticio Nestlé Boost Vainilla 330 ml,https://www.soriana.com/dw/image/v2/BGBD_PRD/on/demandware.static/-/Sites-soriana-grocery-master-catalog/default/dwbdfa225b/images/product/7506475113076_A.jpg?sw=473&sh=473&sm=fit,https://www.soriana.com/farmacia/,/suplemento-alimenticio-nestle-boost-vainilla-330-ml/11714291.html,$64.50,vacio,vacio,vacio,Puntos 'dobles' al pagar con 'FALABELLA',vacio,2026-07-02
Farmacia,Vitaminas y suplementos,Ajo + Vitamina E 30 Capsulas,https://www.soriana.com/dw/image/v2/BGBD_PRD/on/demandware.static/-/Sites-soriana-grocery-master-catalog/default/dw09d5c678/images/product/7503007208897_A.jpg?sw=473&sh=473&sm=fit,https://www.soriana.com/farmacia/,/ajo-vitamina-e-30-capsulas/11704345.html,$199.00,vacio,vacio,vacio,Puntos 'dobles' al pagar con 'FALABELLA',vacio,2026-07-02
Farmacia,Vitaminas y suplementos,Zinc 30 Caps Sin Marca Pza,https://www.soriana.com/dw/image/v2/BGBD_PRD/on/demandware.static/-/Sites-soriana-grocery-master-catalog/default/dw6bbb519c/images/product/7506493600008_A.jpg?sw=473&sh=473&sm=fit,https://www.soriana.com/farmacia/,/zinc-30-caps-sin-marca-pza/11704412.html,$199.00,vacio,vacio,vacio,Puntos 'dobles' al pagar con 'FALABELLA',vacio,2026-07-02
Farmacia,Vitaminas y suplementos,D'Gari Colageno Hidrolizado 500 G,https://www.soriana.com/dw/image/v2/BGBD_PRD/on/demandware.static/-/Sites-soriana-grocery-master-catalog/default/dw567c9cfd/images/product/735257003718_A.jpg?sw=473&sh=473&sm=fit,https://www.soriana.com/farmacia/,/dgari-colageno-hidrolizado-500-g/11755121.html,$755.00,vacio,vacio,vacio,Puntos 'dobles' al pagar con 'FALABELLA',vacio,2026-07-02
Farmacia,Vitaminas y suplementos,Healthaddiction Miner Complex 60 Cap,https://www.soriana.com/dw/image/v2/BGBD_PRD/on/demandware.static/-/Sites-soriana-grocery-master-catalog/default/dwf671f480/images/product/7503037757389_A.jpg?sw=473&sh=473&sm=fit,https://www.soriana.com/farmacia/,/healthaddiction-miner-complex-60-cap/11803705.html,$305.00,vacio,vacio,vacio,Puntos 'dobles' al pagar con 'FALABELLA',vacio,2026-07-02
Farmacia,Vitaminas y suplementos,Suplemento alimenticio Birdman Falcon Performance Golden Vainilla 42g,https://www.soriana.com/dw/image/v2/BGBD_PRD/on/demandware.static/-/Sites-soriana-grocery-master-catalog/default/dwf63e5741/images/product/7503025737430_A.jpg?sw=473&sh=473&sm=fit,https://www.soriana.com/farmacia/,/suplemento-alimenticio-birdman-falcon-performance-golden-vainilla-42g/11688960.html,$46.00,vacio,vacio,vacio,Puntos 'dobles' al pagar con 'FALABELLA',vacio,2026-07-02
Farmacia,Vitaminas y suplementos,Suplemento alimenticio Delisure Chocolate 237 ml,https://www.soriana.com/dw/image/v2/BGBD_PRD/on/demandware.static/-/Sites-soriana-grocery-master-catalog/default/dwc046e422/images/product/7503011998760_A.jpg?sw=473&sh=473&sm=fit,https://www.soriana.com/farmacia/,/suplemento-alimenticio-delisure-chocolate-237-ml/11714065.html,$45.00,vacio,vacio,vacio,Puntos 'dobles' al pagar con 'FALABELLA',vacio,2026-07-02
Farmacia,Vitaminas y suplementos,Upn Protein Shake 10 Gr Van Rtd 325 Ml,https://www.soriana.com/dw/image/v2/BGBD_PRD/on/demandware.static/-/Sites-soriana-grocery-master-catalog/default/dwb8961f15/images/product/7501639313231_A.jpg?sw=473&sh=473&sm=fit,https://www.soriana.com/farmacia/,/upn-protein-shake-10-gr-van-rtd-325-ml/11854434.html,$34.90,vacio,vacio,vacio,Puntos 'dobles' al pagar con 'FALABELLA',vacio,2026-07-02
Farmacia,Vitaminas y suplementos,Cdb Life Farma 15Mg C/15 Cap,https://www.soriana.com/dw/image/v2/BGBD_PRD/on/demandware.static/-/Sites-soriana-grocery-master-catalog/default/dw479fef4b/images/product/7503024957693_A.jpg?sw=473&sh=473&sm=fit,https://www.soriana.com/farmacia/,/cdb-life-farma-15mg-c-15-cap/11703416.html,$649.00,vacio,vacio,vacio,Puntos 'dobles' al pagar con 'FALABELLA',vacio,2026-07-02
Farmacia,Vitaminas y suplementos,Tk Snack Bar Chocolate Almo Brown 40Grs,https://www.soriana.com/dw/image/v2/BGBD_PRD/on/demandware.static/-/Sites-soriana-grocery-master-catalog/default/dw21e41570/images/product/753656710938_A.jpg?sw=473&sh=473&sm=fit,https://www.soriana.com/farmacia/,/tk-snack-bar-chocolate-almo-brown-40grs/11850112.html,$54.90,vacio,vacio,vacio,Puntos 'dobles' al pagar con 'FALABELLA',vacio,2026-07-02
Farmacia,Vitaminas y suplementos,Upn Protein Shake Plus Choco Rtd 325Ml,https://www.soriana.com/dw/image/v2/BGBD_PRD/on/demandware.static/-/Sites-soriana-grocery-master-catalog/default/dwbcf9ed29/images/product/7501639313200_A.jpg?sw=473&sh=473&sm=fit,https://www.soriana.com/farmacia/,/upn-protein-shake-plus-choco-rtd-325ml/11854435.html,$44.90,vacio,vacio,vacio,Puntos 'dobles' al pagar con 'FALABELLA',vacio,2026-07-02
Farmacia,Vitaminas y suplementos,Birdman Fitmingo Moka 1.02 Kg,https://www.soriana.com/dw/image/v2/BGBD_PRD/on/demandware.static/-/Sites-soriana-grocery-master-catalog/default/dw9bbba436/images/product/7503037273407_A.jpg?sw=473&sh=473&sm=fit,https://www.soriana.com/farmacia/,/birdman-fitmingo-moka-1.02-kg/11734533.html,$965.00,vacio,vacio,vacio,Puntos 'dobles' al pagar con 'FALABELLA',vacio,2026-07-02
Farmacia,Vitaminas y suplementos,Suplemento alimenticio Raíces verdes Citrato de magnesio 90 pza,https://www.soriana.com/dw/image/v2/BGBD_PRD/on/demandware.static/-/Sites-soriana-grocery-master-catalog/default/dw99104977/images/product/7500464326768_A.jpg?sw=473&sh=473&sm=fit,https://www.soriana.com/farmacia/,/suplemento-alimenticio-raices-verdes-citrato-de-magnesio-90-pza/11796029.html,$290.00,vacio,vacio,vacio,Puntos 'dobles' al pagar con 'FALABELLA',vacio,2026-07-02
Farmacia,Vitaminas y suplementos,Suplemento alimenticio Protein World Slender Blend Plátano 1.20 kg,https://www.soriana.com/dw/image/v2/BGBD_PRD/on/demandware.static/-/Sites-soriana-grocery-master-catalog/default/dwbecdeb65/images/product/5056142600436_A.jpg?sw=473&sh=473&sm=fit,https://www.soriana.com/farmacia/,/suplemento-alimenticio-protein-world-slender-blend-platano-1.20-kg/11634497.html,"$1,799.00",vacio,vacio,vacio,Puntos 'dobles' al pagar con 'FALABELLA',vacio,2026-07-02
Farmacia,Vitaminas y suplementos,Bevodinix 25/215/0.75Mg Caps 20,https://www.soriana.com/dw/image/v2/BGBD_PRD/on/demandware.static/-/Sites-soriana-grocery-master-catalog/default/dwcd8a5f81/images/product/7502209851634_A.jpg?sw=473&sh=473&sm=fit,https://www.soriana.com/farmacia/,/bevodinix-25-215-0.75mg-caps-20/8002569.html,$790.00,vacio,3 x 2,vacio,Puntos 'dobles' al pagar con 'FALABELLA',vacio,2026-07-02
Farmacia,Vitaminas y suplementos,Lactofaes 600Mg C/20 Tab Masticables,https://www.soriana.com/dw/image/v2/BGBD_PRD/on/demandware.static/-/Sites-soriana-grocery-master-catalog/default/dw8dbae019/images/product/8436024612943_A.jpg?sw=473&sh=473&sm=fit,https://www.soriana.com/farmacia/,/lactofaes-600mg-c-20-tab-masticables/8012543.html,$654.00,vacio,3 x 2,vacio,Puntos 'dobles' al pagar con 'FALABELLA',vacio,2026-07-02
Farmacia,Vitaminas y suplementos,Jalea Real Con Tiamina 30 Capsulas,https://www.soriana.com/dw/image/v2/BGBD_PRD/on/demandware.static/-/Sites-soriana-grocery-master-catalog/default/dwd858ff7c/images/product/7506493600046_A.jpg?sw=473&sh=473&sm=fit,https://www.soriana.com/farmacia/,/jalea-real-con-tiamina-30-capsulas/11704401.html,$279.00,vacio,vacio,vacio,Puntos 'dobles' al pagar con 'FALABELLA',vacio,2026-07-02
Farmacia,Vitaminas y suplementos,Suplemento alimenticio Nestlé Boost Chocolate 330 ml,https://www.soriana.com/dw/image/v2/BGBD_PRD/on/demandware.static/-/Sites-soriana-grocery-master-catalog/default/dwf0de15b3/images/product/7506475113069_A.jpg?sw=473&sh=473&sm=fit,https://www.soriana.com/farmacia/,/suplemento-alimenticio-nestle-boost-chocolate-330-ml/11714292.html,$67.90,vacio,vacio,vacio,Puntos 'dobles' al pagar con 'FALABELLA',vacio,2026-07-02
Farmacia,Vitaminas y suplementos,Acido Glutamico + Vit B1(Tiamina) 90 Cap,https://www.soriana.com/dw/image/v2/BGBD_PRD/on/demandware.static/-/Sites-soriana-grocery-master-catalog/default/dw221e7422/images/product/7503007208866_A.jpg?sw=473&sh=473&sm=fit,https://www.soriana.com/farmacia/,/acido-glutamico-vit-b1tiamina-90-cap/11704344.html,$299.00,vacio,vacio,vacio,Puntos 'dobles' al pagar con 'FALABELLA',vacio,2026-07-02
Farmacia,Vitaminas y suplementos,CENTRUM SILVER TB 30,https://www.soriana.com/dw/image/v2/BGBD_PRD/on/demandware.static/-/Sites-soriana-grocery-master-catalog/default/dw5da74ead/images/product/7501065095947_A.jpg?sw=473&sh=473&sm=fit,https://www.soriana.com/farmacia/,/centrum-silver-tb-30/8012406.html,$259.00,vacio,vacio,vacio,Puntos 'dobles' al pagar con 'FALABELLA',vacio,2026-07-02
Farmacia,Vitaminas y suplementos,Suplemento alimenticio Wonu Colágeno natural 330 g,https://www.soriana.com/dw/image/v2/BGBD_PRD/on/demandware.static/-/Sites-soriana-grocery-master-catalog/default/dwb08b4fbc/images/product/7503028029747_A.jpg?sw=473&sh=473&sm=fit,https://www.soriana.com/farmacia/,/suplemento-alimenticio-wonu-colageno-natural-330-g/11629598.html,$635.00,vacio,vacio,vacio,Puntos 'dobles' al pagar con 'FALABELLA',vacio,2026-07-02
Farmacia,Vitaminas y suplementos,Suplemento alimenticio S Supplement Protein 90 Zucaritas Chocolate 1.05 kg,https://www.soriana.com/dw/image/v2/BGBD_PRD/on/demandware.static/-/Sites-soriana-grocery-master-catalog/default/dw5753f045/images/product/7503036829285_A.jpg?sw=473&sh=473&sm=fit,https://www.soriana.com/farmacia/,/suplemento-alimenticio-s-supplement-protein-90-zucaritas-chocolate-1.05-kg/11693768.html,$949.00,vacio,vacio,vacio,Puntos 'dobles' al pagar con 'FALABELLA',vacio,2026-07-02
Farmacia,Vitaminas y suplementos,CENTRUM GENDER 50 H TAB C/60 PZAS,https://www.soriana.com/dw/image/v2/BGBD_PRD/on/demandware.static/-/Sites-soriana-grocery-master-catalog/default/dw9a9e946c/images/product/7501065003973_A.jpg?sw=473&sh=473&sm=fit,https://www.soriana.com/farmacia/,/centrum-gender-50-h-tab-c-60-pzas/8011707.html,$489.00,vacio,vacio,vacio,Puntos 'dobles' al pagar con 'FALABELLA',vacio,2026-07-02
Farmacia,Vitaminas y suplementos,Suplemento alimenticio Ascenda Vainilla 400 g,https://www.soriana.com/dw/image/v2/BGBD_PRD/on/demandware.static/-/Sites-soriana-grocery-master-catalog/default/dw91362af3/images/product/7506475118323_A.jpg?sw=473&sh=473&sm=fit,https://www.soriana.com/farmacia/,/suplemento-alimenticio-ascenda-vainilla-400-g/11740765.html,$390.00,vacio,vacio,vacio,Puntos 'dobles' al pagar con 'FALABELLA',vacio,2026-07-02
Farmacia,Vitaminas y suplementos,Birdman Fitmingo Moka 510 Gr,https://www.soriana.com/dw/image/v2/BGBD_PRD/on/demandware.static/-/Sites-soriana-grocery-master-catalog/default/dw527f855b/images/product/7503037273377_A.jpg?sw=473&sh=473&sm=fit,https://www.soriana.com/farmacia/,/birdman-fitmingo-moka-510-gr/11734527.html,$659.00,vacio,vacio,vacio,Puntos 'dobles' al pagar con 'FALABELLA',vacio,2026-07-02
Farmacia,Vitaminas y suplementos,On Gold Standard 100% Whey Choc 1.47 Lbs,https://www.soriana.com/dw/image/v2/BGBD_PRD/on/demandware.static/-/Sites-soriana-grocery-master-catalog/default/dwc3fbf0d8/images/product/748927069532_A.jpg?sw=473&sh=473&sm=fit,https://www.soriana.com/farmacia/,/on-gold-standard-100--whey-choc-1.47-lbs/11849515.html,"$1,035.00",vacio,vacio,vacio,Puntos 'dobles' al pagar con 'FALABELLA',vacio,2026-07-02
Farmacia,Vitaminas y suplementos,Seltz Colágeno 20 Tabletas Efervescentes 86 g,https://www.soriana.com/dw/image/v2/BGBD_PRD/on/demandware.static/-/Sites-soriana-grocery-master-catalog/default/dw5818dfd4/images/product/4022679137685_A.jpg?sw=473&sh=473&sm=fit,https://www.soriana.com/farmacia/,/seltz-colageno-20-tabletas-efervescentes-86-g/11545552.html,$142.00,vacio,vacio,vacio,Puntos 'dobles' al pagar con 'FALABELLA',vacio,2026-07-02
Farmacia,Vitaminas y suplementos,Gpp Revitare 400mg 30 Cápsulas,https://www.soriana.com/dw/image/v2/BGBD_PRD/on/demandware.static/-/Sites-soriana-grocery-master-catalog/default/dw4ed3a648/images/product/7502227427842_A.jpg?sw=473&sh=473&sm=fit,https://www.soriana.com/farmacia/,/gpp-revitare-400mg-30-capsulas/11884776.html,$75.90,vacio,vacio,vacio,Puntos 'dobles' al pagar con 'FALABELLA',vacio,2026-07-02
Farmacia,Vitaminas y suplementos,Birdman Fitmingo Vainilla 510 Gr Sin Mar,https://www.soriana.com/dw/image/v2/BGBD_PRD/on/demandware.static/-/Sites-soriana-grocery-master-catalog/default/dw25a7be2d/images/product/7503037273384_A.jpg?sw=473&sh=473&sm=fit,https://www.soriana.com/farmacia/,/birdman-fitmingo-vainilla-510-gr-sin-mar/11734528.html,$605.00,vacio,vacio,vacio,Puntos 'dobles' al pagar con 'FALABELLA',vacio,2026-07-02
Farmacia,Vitaminas y suplementos,Ensure Advance Café 237Ml,https://www.soriana.com/dw/image/v2/BGBD_PRD/on/demandware.static/-/Sites-soriana-grocery-master-catalog/default/dw2a1c2bb4/images/product/7501033962530_A.jpg?sw=473&sh=473&sm=fit,https://www.soriana.com/farmacia/,/ensure-advance-cafe-237ml/11792099.html,$71.50,vacio,vacio,vacio,Puntos 'dobles' al pagar con 'FALABELLA',vacio,2026-07-02
Farmacia,Vitaminas y suplementos,Birdman Glici Mag 105.12Gr,https://www.soriana.com/dw/image/v2/BGBD_PRD/on/demandware.static/-/Sites-soriana-grocery-master-catalog/default/dwa16d2049/images/product/7503038209153_A.jpg?sw=473&sh=473&sm=fit,https://www.soriana.com/farmacia/,/birdman-glici-mag-105.12gr/11867733.html,$329.00,vacio,vacio,vacio,Puntos 'dobles' al pagar con 'FALABELLA',vacio,2026-07-02
Farmacia,Vitaminas y suplementos,On Amin.O. Energy + Electrolytes Blue Le,https://www.soriana.com/dw/image/v2/BGBD_PRD/on/demandware.static/-/Sites-soriana-grocery-master-catalog/default/dwb583e145/images/product/748927060638_A.jpg?sw=473&sh=473&sm=fit,https://www.soriana.com/farmacia/,/on-amin.o.-energy-electrolytes-blue-le/11750070.html,$59.90,vacio,vacio,vacio,Puntos 'dobles' al pagar con 'FALABELLA',vacio,2026-07-02
Farmacia,Vitaminas y suplementos,Birdman Mag Trifecta 78.3Gr,https://www.soriana.com/dw/image/v2/BGBD_PRD/on/demandware.static/-/Sites-soriana-grocery-master-catalog/default/dw27648de0/images/product/7503038209214_A.jpg?sw=473&sh=473&sm=fit,https://www.soriana.com/farmacia/,/birdman-mag-trifecta-78.3gr/11867734.html,$349.00,vacio,vacio,vacio,Puntos 'dobles' al pagar con 'FALABELLA',vacio,2026-07-02
Farmacia,Vitaminas y suplementos,Birdman Myo Inositol 81.9Gr,https://www.soriana.com/dw/image/v2/BGBD_PRD/on/demandware.static/-/Sites-soriana-grocery-master-catalog/default/dw1ec8d8d8/images/product/7503038209122_A.jpg?sw=473&sh=473&sm=fit,https://www.soriana.com/farmacia/,/birdman-myo-inositol-81.9gr/11867732.html,$329.00,vacio,vacio,vacio,Puntos 'dobles' al pagar con 'FALABELLA',vacio,2026-07-02
Farmacia,Vitaminas y suplementos,Recover Coco 630 Ml,https://www.soriana.com/dw/image/v2/BGBD_PRD/on/demandware.static/-/Sites-soriana-grocery-master-catalog/default/dw5daed7cc/images/product/7501090800011_A.jpg?sw=473&sh=473&sm=fit,https://www.soriana.com/farmacia/,/recover-coco-630-ml/11727868.html,$20.90,vacio,vacio,vacio,Puntos 'dobles' al pagar con 'FALABELLA',vacio,2026-07-02
Farmacia,Vitaminas y suplementos,Pediasure 10+ Vainilla 220Ml,https://www.soriana.com/dw/image/v2/BGBD_PRD/on/demandware.static/-/Sites-soriana-grocery-master-catalog/default/dwb223aaad/images/product/7501033963292_A.jpg?sw=473&sh=473&sm=fit,https://www.soriana.com/farmacia/,/pediasure-10-vainilla-220ml/11865760.html,$64.00,vacio,vacio,vacio,Puntos 'dobles' al pagar con 'FALABELLA',vacio,2026-07-02
Farmacia,Vitaminas y suplementos,Suplemento alimenticio Raíces verdes T3 Mango africano Café verde Acaí 60 pza,https://www.soriana.com/dw/image/v2/BGBD_PRD/on/demandware.static/-/Sites-soriana-grocery-master-catalog/default/dw56edb692/images/product/7500463616600_A.jpg?sw=473&sh=473&sm=fit,https://www.soriana.com/farmacia/,/suplemento-alimenticio-raices-verdes-t3-mango-africano-cafe-verde-acai-60-pza/11796031.html,$359.00,vacio,vacio,vacio,Puntos 'dobles' al pagar con 'FALABELLA',vacio,2026-07-02
Farmacia,Vitaminas y suplementos,Nodrim Complejo B Cap Gb con 30,https://www.soriana.com/dw/image/v2/BGBD_PRD/on/demandware.static/-/Sites-soriana-grocery-master-catalog/default/dw37d9b3fe/images/product/7500093752853_A.jpg?sw=473&sh=473&sm=fit,https://www.soriana.com/farmacia/,/nodrim-complejo-b-cap-gb-con-30/11189266.html,$69.90,vacio,vacio,Aplica cupón,Puntos 'dobles' al pagar con 'FALABELLA',vacio,2026-07-02
Farmacia,Vitaminas y suplementos,Nodrim Ácido Ascorbico 1G Con 10 Tabletas Efervescentes,https://www.soriana.com/dw/image/v2/BGBD_PRD/on/demandware.static/-/Sites-soriana-grocery-master-catalog/default/dw116d29fe/images/product/7500093753287_A.jpg?sw=473&sh=473&sm=fit,https://www.soriana.com/farmacia/,/nodrim-acido-ascorbico-1g-con-10-tabletas-efervescentes/11187028.html,$79.00,vacio,vacio,Aplica cupón,Puntos 'dobles' al pagar con 'FALABELLA',vacio,2026-07-02
Farmacia,Vitaminas y suplementos,Nodrim Vitamina E 400mg Cap Gb con 90,https://www.soriana.com/dw/image/v2/BGBD_PRD/on/demandware.static/-/Sites-soriana-grocery-master-catalog/default/dwfabae292/images/product/7500093752952_A.jpg?sw=473&sh=473&sm=fit,https://www.soriana.com/farmacia/,/nodrim-vitamina-e-400mg-cap-gb-con-90/11186224.html,$119.00,vacio,vacio,Aplica cupón,Puntos 'dobles' al pagar con 'FALABELLA',vacio,2026-07-02
Farmacia,Vitaminas y suplementos,Nodrim Ácido Ascorbico 2G Con 10 10 Tabletas Efervescentes,https://www.soriana.com/dw/image/v2/BGBD_PRD/on/demandware.static/-/Sites-soriana-grocery-master-catalog/default/dwee79b8fa/images/product/7500093754475_A.jpg?sw=473&sh=473&sm=fit,https://www.soriana.com/farmacia/,/nodrim-acido-ascorbico-2g-con-10-10-tabletas-efervescentes/11187029.html,$89.00,vacio,vacio,Aplica cupón,Puntos 'dobles' al pagar con 'FALABELLA',vacio,2026-07-02
Farmacia,Vitaminas y suplementos,Nodrim Zinc Con 50 Cápsulas,https://www.soriana.com/dw/image/v2/BGBD_PRD/on/demandware.static/-/Sites-soriana-grocery-master-catalog/default/dw348c7973/images/product/7500525309877_A.jpg?sw=473&sh=473&sm=fit,https://www.soriana.com/farmacia/,/nodrim-zinc-con-50-capsulas/11551949.html,$135.00,vacio,vacio,Aplica cupón,Puntos 'dobles' al pagar con 'FALABELLA',vacio,2026-07-02
Farmacia,Vitaminas y suplementos,Nodrim Multi 50+ Vitaminas y Minerales,https://www.soriana.com/dw/image/v2/BGBD_PRD/on/demandware.static/-/Sites-soriana-grocery-master-catalog/default/dw24f244e5/images/product/7500525360359_A.jpg?sw=473&sh=473&sm=fit,https://www.soriana.com/farmacia/,/nodrim-multi-50-vitaminas-y-minerales/11605035.html,$145.00,vacio,vacio,Aplica cupón,Puntos 'dobles' al pagar con 'FALABELLA',vacio,2026-07-02
Farmacia,Vitaminas y suplementos,"Nodrim Omega 3,6,9 Oils C/30 Capsulas",https://www.soriana.com/dw/image/v2/BGBD_PRD/on/demandware.static/-/Sites-soriana-grocery-master-catalog/default/dw6482864d/images/product/7500525360342_A.jpg?sw=473&sh=473&sm=fit,https://www.soriana.com/farmacia/,/nodrim-omega-369-oils-c-30-capsulas/11605363.html,$125.00,vacio,vacio,Aplica cupón,Puntos 'dobles' al pagar con 'FALABELLA',vacio,2026-07-02
Farmacia,Vitaminas y suplementos,Nodrim Multivitaminico C/Ginseng 30 Cap,https://www.soriana.com/dw/image/v2/BGBD_PRD/on/demandware.static/-/Sites-soriana-grocery-master-catalog/default/dw2c90bcdd/images/product/7500525270221_A.jpg?sw=473&sh=473&sm=fit,https://www.soriana.com/farmacia/,/nodrim-multivitaminico-c-ginseng-30-cap/11543839.html,$161.90,vacio,vacio,Aplica cupón,Puntos 'dobles' al pagar con 'FALABELLA',vacio,2026-07-02
Farmacia,Vitaminas y suplementos,Nodrim Vitaminas y Minerales Hombres 60 Gomitas,https://www.soriana.com/dw/image/v2/BGBD_PRD/on/demandware.static/-/Sites-soriana-grocery-master-catalog/default/dw356b5095/images/product/7500525398291_A.jpg?sw=473&sh=473&sm=fit,https://www.soriana.com/farmacia/,/nodrim-vitaminas-y-minerales-hombres-60-gomitas/11607725.html,$145.00,vacio,vacio,Aplica cupón,Puntos 'dobles' al pagar con 'FALABELLA',vacio,2026-07-02
Farmacia,Vitaminas y suplementos,Nodrim Mujer Vitaminas y Minerales 60 Gomitas,https://www.soriana.com/dw/image/v2/BGBD_PRD/on/demandware.static/-/Sites-soriana-grocery-master-catalog/default/dw0225b600/images/product/7500525398284_A.jpg?sw=473&sh=473&sm=fit,https://www.soriana.com/farmacia/,/nodrim-mujer-vitaminas-y-minerales-60-gomitas/11607724.html,$145.00,vacio,vacio,Aplica cupón,Puntos 'dobles' al pagar con 'FALABELLA',vacio,2026-07-02
Farmacia,Vitaminas y suplementos,Nodrim Vitamina C + Zinc Infantil 60 Gomitas,https://www.soriana.com/dw/image/v2/BGBD_PRD/on/demandware.static/-/Sites-soriana-grocery-master-catalog/default/dw23b4e324/images/product/7500525398253_A.jpg?sw=473&sh=473&sm=fit,https://www.soriana.com/farmacia/,/nodrim-vitamina-c-zinc-infantil-60-gomitas/11607721.html,$135.00,vacio,vacio,Aplica cupón,Puntos 'dobles' al pagar con 'FALABELLA',vacio,2026-07-02
Farmacia,Vitaminas y suplementos,Suplemento alimenticio Nodrim Omega-3 + Vitaminas 60 pza,https://www.soriana.com/dw/image/v2/BGBD_PRD/on/demandware.static/-/Sites-soriana-grocery-master-catalog/default/dwaf066ac8/images/product/7500525398260_A.jpg?sw=473&sh=473&sm=fit,https://www.soriana.com/farmacia/,/suplemento-alimenticio-nodrim-omega-3-vitaminas-60-pza/11607722.html,$145.00,vacio,vacio,Aplica cupón,Puntos 'dobles' al pagar con 'FALABELLA',vacio,2026-07-02
Farmacia,Vitaminas y suplementos,Suplemento alimenticio Nodrim Vinagre de manzana 60 pza,https://www.soriana.com/dw/image/v2/BGBD_PRD/on/demandware.static/-/Sites-soriana-grocery-master-catalog/default/dwdf8a35a7/images/product/7500525398314_A.jpg?sw=473&sh=473&sm=fit,https://www.soriana.com/farmacia/,/suplemento-alimenticio-nodrim-vinagre-de-manzana-60-pza/11607767.html,$145.00,vacio,vacio,Aplica cupón,Puntos 'dobles' al pagar con 'FALABELLA',vacio,2026-07-02
Farmacia,Vitaminas y suplementos,Suplemento alimenticio Nodrim Pasiflora 168 g,https://www.soriana.com/dw/image/v2/BGBD_PRD/on/demandware.static/-/Sites-soriana-grocery-master-catalog/default/dw160e83fb/images/product/7500525398321_A.jpg?sw=473&sh=473&sm=fit,https://www.soriana.com/farmacia/,/suplemento-alimenticio-nodrim-pasiflora-168-g/11607768.html,$149.00,vacio,vacio,Aplica cupón,Puntos 'dobles' al pagar con 'FALABELLA',vacio,2026-07-02
Farmacia,Vitaminas y suplementos,Suplemento alimenticio Nodrim Original Vainilla 237 ml,https://www.soriana.com/dw/image/v2/BGBD_PRD/on/demandware.static/-/Sites-soriana-grocery-master-catalog/default/dw3a78a8dd/images/product/7500525533821_A.jpg?sw=473&sh=473&sm=fit,https://www.soriana.com/farmacia/,/suplemento-alimenticio-nodrim-original-vainilla-237-ml/11684568.html,$47.90,vacio,vacio,Aplica cupón,Puntos 'dobles' al pagar con 'FALABELLA',vacio,2026-07-02
Farmacia,Vitaminas y suplementos,Suplemento alimenticio Nodrim Pediátrico Vainilla 237 ml,https://www.soriana.com/dw/image/v2/BGBD_PRD/on/demandware.static/-/Sites-soriana-grocery-master-catalog/default/dwc3b7fdc3/images/product/7500525533883_A.jpg?sw=473&sh=473&sm=fit,https://www.soriana.com/farmacia/,/suplemento-alimenticio-nodrim-pediatrico-vainilla-237-ml/11684574.html,$47.90,vacio,vacio,Aplica cupón,Puntos 'dobles' al pagar con 'FALABELLA',vacio,2026-07-02
Farmacia,Vitaminas y suplementos,Suplemento alimenticio Nodrim Sin Azúcar Vainilla 237 ml,https://www.soriana.com/dw/image/v2/BGBD_PRD/on/demandware.static/-/Sites-soriana-grocery-master-catalog/default/dwa75adff1/images/product/7500525533852_A.jpg?sw=473&sh=473&sm=fit,https://www.soriana.com/farmacia/,/suplemento-alimenticio-nodrim-sin-azucar-vainilla-237-ml/11684571.html,$47.90,vacio,vacio,Aplica cupón,Puntos 'dobles' al pagar con 'FALABELLA',vacio,2026-07-02
Farmacia,Vitaminas y suplementos,Suplemento alimenticio Nodrim Pediátrico Fresa 237 ml,https://www.soriana.com/dw/image/v2/BGBD_PRD/on/demandware.static/-/Sites-soriana-grocery-master-catalog/default/dwd544eb33/images/product/7500525533906_A.jpg?sw=473&sh=473&sm=fit,https://www.soriana.com/farmacia/,/suplemento-alimenticio-nodrim-pediatrico-fresa-237-ml/11684573.html,$47.90,vacio,vacio,Aplica cupón,Puntos 'dobles' al pagar con 'FALABELLA',vacio,2026-07-02
Farmacia,Vitaminas y suplementos,Suplemento alimenticio Nodrim Original Adulto Fresa 237 ml,https://www.soriana.com/dw/image/v2/BGBD_PRD/on/demandware.static/-/Sites-soriana-grocery-master-catalog/default/dw941e1c46/images/product/7500525533845_A.jpg?sw=473&sh=473&sm=fit,https://www.soriana.com/farmacia/,/suplemento-alimenticio-nodrim-original-adulto-fresa-237-ml/11684567.html,$47.90,vacio,vacio,Aplica cupón,Puntos 'dobles' al pagar con 'FALABELLA',vacio,2026-07-02
Farmacia,Vitaminas y suplementos,Suplemento alimenticio Nodrim Sin Azúcar Fresa 237 ml,https://www.soriana.com/dw/image/v2/BGBD_PRD/on/demandware.static/-/Sites-soriana-grocery-master-catalog/default/dwe4b1693a/images/product/7500525533876_A.jpg?sw=473&sh=473&sm=fit,https://www.soriana.com/farmacia/,/suplemento-alimenticio-nodrim-sin-azucar-fresa-237-ml/11684570.html,$47.90,vacio,vacio,Aplica cupón,Puntos 'dobles' al pagar con 'FALABELLA',vacio,2026-07-02
Farmacia,Vitaminas y suplementos,Suplemento alimenticio Nodrim Original Adulto Chocolate 237 ml,https://www.soriana.com/dw/image/v2/BGBD_PRD/on/demandware.static/-/Sites-soriana-grocery-master-catalog/default/dwf15d7631/images/product/7500525533838_A.jpg?sw=473&sh=473&sm=fit,https://www.soriana.com/farmacia/,/suplemento-alimenticio-nodrim-original-adulto-chocolate-237-ml/11684556.html,$47.90,vacio,vacio,Aplica cupón,Puntos 'dobles' al pagar con 'FALABELLA',vacio,2026-07-02
Farmacia,Vitaminas y suplementos,Suplemento alimenticio Nodrim Sin Azúcar Chocolate 237 ml,https://www.soriana.com/dw/image/v2/BGBD_PRD/on/demandware.static/-/Sites-soriana-grocery-master-catalog/default/dwf1ab421a/images/product/7500525533869_A.jpg?sw=473&sh=473&sm=fit,https://www.soriana.com/farmacia/,/suplemento-alimenticio-nodrim-sin-azucar-chocolate-237-ml/11684569.html,$47.90,vacio,vacio,Aplica cupón,Puntos 'dobles' al pagar con 'FALABELLA',vacio,2026-07-02
Farmacia,Vitaminas y suplementos,Suplemento alimenticio Nodrim Pediátrico Chocolate 237 ml,https://www.soriana.com/dw/image/v2/BGBD_PRD/on/demandware.static/-/Sites-soriana-grocery-master-catalog/default/dw8d303278/images/product/7500525533890_A.jpg?sw=473&sh=473&sm=fit,https://www.soriana.com/farmacia/,/suplemento-alimenticio-nodrim-pediatrico-chocolate-237-ml/11684572.html,$47.90,vacio,vacio,Aplica cupón,Puntos 'dobles' al pagar con 'FALABELLA',vacio,2026-07-02
Farmacia,Vitaminas y suplementos,Nodrim Café + Guaraná 60 Gomitas,https://www.soriana.com/dw/image/v2/BGBD_PRD/on/demandware.static/-/Sites-soriana-grocery-master-catalog/default/dwc27a25e3/images/product/7500525398307_A.jpg?sw=473&sh=473&sm=fit,https://www.soriana.com/farmacia/,/nodrim-cafe-guarana-60-gomitas/11607726.html,$135.00,vacio,vacio,Aplica cupón,Puntos 'dobles' al pagar con 'FALABELLA',vacio,2026-07-02
