categoria,sub_categoria,nombre_product,sku,url_general,url_product,price_original,precio_oferta,promo_producto,type_promo_by_product,bonus_product,type_bonus_by_product,time_update
Jugos y bebidas,Refrescos,Refresco Coca Cola Original 2.75 L,7501055335060_A,https://www.soriana.com/jugos-y-bebidas/,/refresco-coca-cola-original-2.75-l/11617522.html,44.90,0.0,,,Gratis con 400 Puntos,Puntos 'dobles' al pagar con 'FALABELLA',2026-07-01
Jugos y bebidas,Refrescos,Refresco Pepsi 2.5 lt,7501031310258_A,https://www.soriana.com/jugos-y-bebidas/,/refresco-pepsi-2.5-lt/1110896.html,39.90,0.0,4 x 3,,Gratis con 400 Puntos,Puntos 'dobles' al pagar con 'FALABELLA',2026-07-01
Jugos y bebidas,Refrescos,Refresco Squirt 2 L Botella,7501071120077_A,https://www.soriana.com/jugos-y-bebidas/,/refresco-squirt-2-l-botella/383193.html,36.50,0.0,4 x 3,,Gratis con 300 Puntos,Puntos 'dobles' al pagar con 'FALABELLA',2026-07-01
Jugos y bebidas,Refrescos,Refresco Pepsi 3 Lt,7501031310098_A,https://www.soriana.com/jugos-y-bebidas/,/refresco-pepsi-3-lt/1116456.html,49.50,0.0,4 x 3,,Gratis con 400 Puntos,Puntos 'dobles' al pagar con 'FALABELLA',2026-07-01
Jugos y bebidas,Refrescos,Refresco Pepsi Light 2.5 Lt,7501031312771_A,https://www.soriana.com/jugos-y-bebidas/,/refresco-pepsi-light-2.5-lt/1130904.html,41.50,0.0,4 x 3,,Gratis con 400 Puntos,Puntos 'dobles' al pagar con 'FALABELLA',2026-07-01
Jugos y bebidas,Refrescos,Refresco Pepsi 600 Ml Botella,7501031310012_A,https://www.soriana.com/jugos-y-bebidas/,/refresco-pepsi-600-ml-botella/553832.html,18.00,0.0,4 x 3,,Gratis con 160 Puntos,Puntos 'dobles' al pagar con 'FALABELLA',2026-07-01
Jugos y bebidas,Refrescos,Refresco Squirt 3 L,7501071120305_A,https://www.soriana.com/jugos-y-bebidas/,/refresco-squirt-3-l/1111693.html,45.90,0.0,4 x 3,,Gratis con 400 Puntos,Puntos 'dobles' al pagar con 'FALABELLA',2026-07-01
Jugos y bebidas,Refrescos,Refresco Squirt 600 Ml,7501071120183_A,https://www.soriana.com/jugos-y-bebidas/,/refresco-squirt-600-ml/555320.html,19.00,0.0,4 x 3,,Gratis con 160 Puntos,Puntos 'dobles' al pagar con 'FALABELLA',2026-07-01
Jugos y bebidas,Refrescos,Refresco Pepsi 2L,7501031311606_A,https://www.soriana.com/jugos-y-bebidas/,/refresco-pepsi-2l/370615.html,36.90,0.0,4 x 3,,Gratis con 300 Puntos,Puntos 'dobles' al pagar con 'FALABELLA',2026-07-01
Jugos y bebidas,Refrescos,Refresco 7 Up sabor Lima Limón 3 L,7501022014646_A,https://www.soriana.com/jugos-y-bebidas/,/refresco-7-up-sabor-lima-limon-3-l/11561968.html,47.90,0.0,4 x 3,,Gratis con 400 Puntos,Puntos 'dobles' al pagar con 'FALABELLA',2026-07-01
Jugos y bebidas,Refrescos,Refresco Pepsi Light 2L,7501031312405_A,https://www.soriana.com/jugos-y-bebidas/,/refresco-pepsi-light-2l/370633.html,36.50,0.0,4 x 3,,Gratis con 300 Puntos,Puntos 'dobles' al pagar con 'FALABELLA',2026-07-01
Jugos y bebidas,Refrescos,Refresco 7Up 2 L Botella,7501022014622_A,https://www.soriana.com/jugos-y-bebidas/,/refresco-7up-2-l-botella/11559916.html,34.50,0.0,4 x 3,,Puntos 'dobles' al pagar con 'FALABELLA',,2026-07-01
Jugos y bebidas,Refrescos,Refresco Squirt Light 2 L Botella,7501071140075_A,https://www.soriana.com/jugos-y-bebidas/,/refresco-squirt-light-2-l-botella/383197.html,36.90,0.0,4 x 3,,Gratis con 300 Puntos,Puntos 'dobles' al pagar con 'FALABELLA',2026-07-01
Jugos y bebidas,Refrescos,Refresco Pepsi Light 600 Ml Botella,7501031312559_A,https://www.soriana.com/jugos-y-bebidas/,/refresco-pepsi-light-600-ml-botella/630617.html,17.50,0.0,4 x 3,,Gratis con 160 Puntos,Puntos 'dobles' al pagar con 'FALABELLA',2026-07-01
Jugos y bebidas,Refrescos,Refresco Coca Cola Original 3 lts,7501055304745_A,https://www.soriana.com/jugos-y-bebidas/,/refresco-coca-cola-original-3-lts/1041251.html,50.90,0.0,20% en Dinero electrónico,,Gratis con 400 Puntos,Puntos 'dobles' al pagar con 'FALABELLA',2026-07-01
Jugos y bebidas,Refrescos,Refresco Coca Cola 4 Pack 600 ml,7501055307043_A,https://www.soriana.com/jugos-y-bebidas/,/refresco-coca-cola-4-pack-600-ml/1014294.html,78.90,73.50,20% en Dinero electrónico,Aplica cupón,Puntos 'dobles' al pagar con 'FALABELLA',,2026-07-01
Jugos y bebidas,Refrescos,Refresco Coca Cola Original 2 Pack 3 L,7501055372126_A,https://www.soriana.com/jugos-y-bebidas/,/refresco-coca-cola-original-2-pack-3-l/11530598.html,102.00,0.0,,Aplica cupón,Puntos 'dobles' al pagar con 'FALABELLA',,2026-07-01
Jugos y bebidas,Refrescos,Agua Mineral Peñafiel 2 L,7501073800908_A,https://www.soriana.com/jugos-y-bebidas/,/agua-mineral-penafiel-2-l/383939.html,31.00,26.00,3 x 2,,Gratis con 300 Puntos,Puntos 'dobles' al pagar con 'FALABELLA',2026-07-01
Jugos y bebidas,Refrescos,Refresco Coca Cola Original PET 12/355 ml,7501055356188_A,https://www.soriana.com/jugos-y-bebidas/,/refresco-coca-cola-original-pet-12-355-ml/11314202.html,160.00,0.0,,,Puntos 'dobles' al pagar con 'FALABELLA',,2026-07-01
Jugos y bebidas,Refrescos,Refresco Pepsi 1.5 L Botella,7501031311682_A,https://www.soriana.com/jugos-y-bebidas/,/refresco-pepsi-1.5-l-botella/370619.html,32.00,0.0,4 x 3,,Gratis con 300 Puntos,Puntos 'dobles' al pagar con 'FALABELLA',2026-07-01
Jugos y bebidas,Refrescos,Agua Mineral Peñafiel 600 ml,7501073830509_A,https://www.soriana.com/jugos-y-bebidas/,/agua-mineral-penafiel-600-ml/1017013.html,19.90,0.0,3 x 2,,Gratis con 160 Puntos,Puntos 'dobles' al pagar con 'FALABELLA',2026-07-01
Jugos y bebidas,Refrescos,Refresco Coca-Cola 2 Lt Pack con 2 Piezas,7501055302222_A,https://www.soriana.com/jugos-y-bebidas/,/refresco-coca-cola-2-lt-pack-con-2-piezas/1118009.html,80.90,0.0,20% en Dinero electrónico,Aplica cupón,Puntos 'dobles' al pagar con 'FALABELLA',,2026-07-01
Jugos y bebidas,Refrescos,Agua Mineral Peñafiel Sifón 1.75 L,7501073840843_A,https://www.soriana.com/jugos-y-bebidas/,/agua-mineral-penafiel-sifon-1.75-l/11143883.html,31.90,0.0,3 x 2,,Gratis con 300 Puntos,Puntos 'dobles' al pagar con 'FALABELLA',2026-07-01
Jugos y bebidas,Refrescos,6 pack de Agua Mineral Peñafiel 355 ml,7501073843066_A,https://www.soriana.com/jugos-y-bebidas/,/6-pack-de-agua-mineral-penafiel-355-ml/11658661.html,63.50,0.0,3 x 2,,Puntos 'dobles' al pagar con 'FALABELLA',,2026-07-01
Jugos y bebidas,Refrescos,Refresco Coca Cola Original 1.35 L,7501055371655_A,https://www.soriana.com/jugos-y-bebidas/,/refresco-coca-cola-original-1.35-l/11509030.html,35.90,0.0,,,Gratis con 300 Puntos,Puntos 'dobles' al pagar con 'FALABELLA',2026-07-01
Jugos y bebidas,Refrescos,Refresco Coca Cola 8 Pack Lata 235 ml,7501055349425_A,https://www.soriana.com/jugos-y-bebidas/,/refresco-coca-cola-8-pack-lata-235-ml/11079036.html,152.00,0.0,20% en Dinero electrónico,,Puntos 'dobles' al pagar con 'FALABELLA',,2026-07-01
Jugos y bebidas,Refrescos,Refresco Coca Cola Zero 3 lt,7501055329465_A,https://www.soriana.com/jugos-y-bebidas/,/refresco-coca-cola-zero-3-lt/11233953.html,35.00,0.0,,,Gratis con 400 Puntos,Puntos 'dobles' al pagar con 'FALABELLA',2026-07-01
Jugos y bebidas,Refrescos,Refresco Mirinda 0 Calorias 2.5 lt,7501022016022_A,https://www.soriana.com/jugos-y-bebidas/,/refresco-mirinda-0-calorias-2.5-lt/11882273.html,39.00,0.0,4 x 3,,Gratis con 400 Puntos,Puntos 'dobles' al pagar con 'FALABELLA',2026-07-01
Jugos y bebidas,Refrescos,8 Pack Coca-Cola 355 ml + Playera Edición Especial México (Talla sujeta a disponibilidad),7501055391295_A,https://www.soriana.com/jugos-y-bebidas/,/8-pack-coca-cola-355-ml-playera-edicion-especial-mexico-talla-sujeta-a-disponibilidad/11923449.html,250.00,0.0,20% en Dinero electrónico,Aplica cupón,Puntos 'dobles' al pagar con 'FALABELLA',,2026-07-01
Jugos y bebidas,Refrescos,Refresco Coca Cola Zero 12 pack de 355 ml,7501055356263_A,https://www.soriana.com/jugos-y-bebidas/,/refresco--coca-cola-zero-12-pack-de-355-ml/11580134.html,91.00,0.0,,,Puntos 'dobles' al pagar con 'FALABELLA',,2026-07-01
Jugos y bebidas,Refrescos,Agua Mineral Topo Chico 600 ml,0021136010541_A,https://www.soriana.com/jugos-y-bebidas/,/agua-mineral-topo-chico-600-ml/254347.html,23.00,0.0,,,Gratis con 160 Puntos,Puntos 'dobles' al pagar con 'FALABELLA',2026-07-01
Jugos y bebidas,Refrescos,Agua Mineral Peñafiel 1 L Botella,7501073830028_A,https://www.soriana.com/jugos-y-bebidas/,/agua-mineral-penafiel-1-l-botella/658232.html,20.90,0.0,3 x 2,,Puntos 'dobles' al pagar con 'FALABELLA',,2026-07-01
Jugos y bebidas,Refrescos,Refresco Coca Cola Light 8 Pack Lata 235 ml,7501055349890_A,https://www.soriana.com/jugos-y-bebidas/,/refresco-coca-cola-light-8-pack-lata-235-ml/11079045.html,143.00,0.0,20% en Dinero electrónico,,Puntos 'dobles' al pagar con 'FALABELLA',,2026-07-01
Jugos y bebidas,Refrescos,Refresco Coca Cola Original 600 ml,0000075007614_A,https://www.soriana.com/jugos-y-bebidas/,/refresco-coca-cola-original-600-ml/245837.html,23.00,0.0,20% en Dinero electrónico,,Gratis con 160 Puntos,Puntos 'dobles' al pagar con 'FALABELLA',2026-07-01
Jugos y bebidas,Refrescos,Refresco Squirt 2.5 lt,7501071120411_A,https://www.soriana.com/jugos-y-bebidas/,/refresco-squirt-2.5-lt/1110937.html,41.50,0.0,4 x 3,,Gratis con 400 Puntos,Puntos 'dobles' al pagar con 'FALABELLA',2026-07-01
Jugos y bebidas,Refrescos,Refresco 7 Up sabor Lima Limón 2.5 L,7501022014639_A,https://www.soriana.com/jugos-y-bebidas/,/refresco-7-up-sabor-lima-limon-2.5-l/11561967.html,38.50,0.0,4 x 3,,Gratis con 400 Puntos,Puntos 'dobles' al pagar con 'FALABELLA',2026-07-01
Jugos y bebidas,Refrescos,Refresco Casera Sangria 600 ml,7501505630073_A,https://www.soriana.com/jugos-y-bebidas/,/refresco-casera-sangria-600-ml/1036281.html,18.00,0.0,4 x 3,,Gratis con 160 Puntos,Puntos 'dobles' al pagar con 'FALABELLA',2026-07-01
Jugos y bebidas,Refrescos,Refresco Coca Cola Zero 600 ml,7501055320639_A,https://www.soriana.com/jugos-y-bebidas/,/refresco-coca-cola-zero-600-ml/3040115.html,17.50,0.0,20% en Dinero electrónico,,Gratis con 160 Puntos,Puntos 'dobles' al pagar con 'FALABELLA',2026-07-01
Jugos y bebidas,Refrescos,Refresco 7 Up sabor Lima Limón 600 ml,7501022014585_A,https://www.soriana.com/jugos-y-bebidas/,/refresco-7-up-sabor-lima-limon-600-ml/11528152.html,18.00,0.0,4 x 3,,Gratis con 160 Puntos,Puntos 'dobles' al pagar con 'FALABELLA',2026-07-01
Jugos y bebidas,Refrescos,Refresco Pepsi Black sin Azúcar 355 ml,7501022013861_A,https://www.soriana.com/jugos-y-bebidas/,/refresco-pepsi-black-sin-azucar-355-ml/11425965.html,7.30,0.0,,,Puntos 'dobles' al pagar con 'FALABELLA',,2026-07-01
Jugos y bebidas,Refrescos,Refresco Red Cola Original 3 L,0793573950079_A,https://www.soriana.com/jugos-y-bebidas/,/refresco-red-cola-original-3-l/3102227.html,35.00,0.0,,,Gratis con 400 Puntos,Puntos 'dobles' al pagar con 'FALABELLA',2026-07-01
Jugos y bebidas,Refrescos,Refresco Manzanita Sol Botella 2.50 L,7501022015551_A,https://www.soriana.com/jugos-y-bebidas/,/refresco-manzanita-sol-botella-2.50-l/11803354.html,39.00,0.0,4 x 3,,Gratis con 400 Puntos,Puntos 'dobles' al pagar con 'FALABELLA',2026-07-01
Jugos y bebidas,Refrescos,Refresco Coca Cola Sin Azúcar 8 Pack Lata 235 ml,7501055349913_A,https://www.soriana.com/jugos-y-bebidas/,/refresco-coca-cola-sin-azucar-8-pack-lata-235-ml/11079055.html,145.00,0.0,20% en Dinero electrónico,,Puntos 'dobles' al pagar con 'FALABELLA',,2026-07-01
Jugos y bebidas,Refrescos,Agua Mineral Topo Chico 1.5 lts,0021136010480_A,https://www.soriana.com/jugos-y-bebidas/,/agua-mineral-topo-chico-1.5-lts/1001405.html,34.90,0.0,,,Gratis con 300 Puntos,Puntos 'dobles' al pagar con 'FALABELLA',2026-07-01
Jugos y bebidas,Refrescos,Refresco Coca-Cola 1 L Botella,7501055302451_A,https://www.soriana.com/jugos-y-bebidas/,/refresco-coca-cola-1-l-botella/598231.html,31.90,0.0,20% en Dinero electrónico,,Puntos 'dobles' al pagar con 'FALABELLA',,2026-07-01
Jugos y bebidas,Refrescos,Agua Mineral Topo Chico 6 Pack PET 600 ml,0021136663426_A,https://www.soriana.com/jugos-y-bebidas/,/agua-mineral-topo-chico-6-pack-pet-600-ml/2169759.html,139.00,0.0,,,Puntos 'dobles' al pagar con 'FALABELLA',,2026-07-01
Jugos y bebidas,Refrescos,Agua Mineral Canada Dry 2 L Botella,7501198333565_A,https://www.soriana.com/jugos-y-bebidas/,/agua-mineral-canada-dry-2-l-botella/559891.html,22.90,0.0,3 x 2,,Gratis con 300 Puntos,Puntos 'dobles' al pagar con 'FALABELLA',2026-07-01
Jugos y bebidas,Refrescos,Refresco Pepsi Black sin Azúcar 600 ml,7501022013052_A,https://www.soriana.com/jugos-y-bebidas/,/refresco-pepsi-black-sin-azucar-600-ml/11425966.html,17.50,0.0,4 x 3,,Gratis con 160 Puntos,Puntos 'dobles' al pagar con 'FALABELLA',2026-07-01
Jugos y bebidas,Refrescos,Agua Mineral Peñafiel Twist Limón 600 ml,7501073831469_A,https://www.soriana.com/jugos-y-bebidas/,/agua-mineral-penafiel-twist-limon-600-ml/1239284.html,21.90,0.0,,,Gratis con 160 Puntos,Puntos 'dobles' al pagar con 'FALABELLA',2026-07-01
Jugos y bebidas,Refrescos,Refresco Coca Cola Original 6 Pack Lata 355 ml,7501055365333_A,https://www.soriana.com/jugos-y-bebidas/,/refresco-coca-cola-original-6-pack-lata-355-ml/11425252.html,140.00,0.0,,,Puntos 'dobles' al pagar con 'FALABELLA',,2026-07-01
Jugos y bebidas,Refrescos,Refresco Pepsi Black Botella 2.50 L,7501022015414_A,https://www.soriana.com/jugos-y-bebidas/,/refresco-pepsi-black-botella-2.50-l/11772430.html,43.90,0.0,4 x 3,,Gratis con 400 Puntos,Puntos 'dobles' al pagar con 'FALABELLA',2026-07-01
Jugos y bebidas,Refrescos,Agua Mineral Peñafiel Tónica 6 Pack Botella 296 ml,7501073841635_A,https://www.soriana.com/jugos-y-bebidas/,/agua-mineral-penafiel-tonica-6-pack-botella-296-ml/11188890.html,105.00,0.0,,,Puntos 'dobles' al pagar con 'FALABELLA',,2026-07-01
Jugos y bebidas,Refrescos,Refresco Sangria Casera 2 L Botella,7501505630028_A,https://www.soriana.com/jugos-y-bebidas/,/refresco-sangria-casera-2-l-botella/598241.html,34.90,0.0,4 x 3,,Gratis con 300 Puntos,Puntos 'dobles' al pagar con 'FALABELLA',2026-07-01
Jugos y bebidas,Refrescos,Refresco Joya Ponche 2.5 Lt,7501055314171_A,https://www.soriana.com/jugos-y-bebidas/,/refresco-joya-ponche-2.5-lt/1124029.html,23.00,0.0,,,Gratis con 400 Puntos,Puntos 'dobles' al pagar con 'FALABELLA',2026-07-01
Jugos y bebidas,Refrescos,Refresco Coca-Cola/Light 2 Lt Pack con 2 Piezas,7501055311712_A,https://www.soriana.com/jugos-y-bebidas/,/refresco-coca-cola-light-2-lt-pack-con-2-piezas/1250982.html,85.90,0.0,,,Puntos 'dobles' al pagar con 'FALABELLA',,2026-07-01
Jugos y bebidas,Refrescos,Refresco Fresca 600 Ml Botella,7501055303786_A,https://www.soriana.com/jugos-y-bebidas/,/refresco-fresca-600-ml-botella/554549.html,21.00,0.0,,,Gratis con 160 Puntos,Puntos 'dobles' al pagar con 'FALABELLA',2026-07-01
Jugos y bebidas,Refrescos,Refresco Coca-Cola Light 600 Ml Botella,7501055305339_A,https://www.soriana.com/jugos-y-bebidas/,/refresco-coca-cola-light-600-ml-botella/567840.html,20.90,0.0,20% en Dinero electrónico,,Gratis con 160 Puntos,Puntos 'dobles' al pagar con 'FALABELLA',2026-07-01
Jugos y bebidas,Refrescos,Refresco Manzanita Sol 0 Calorías 2 L,7501022015544_A,https://www.soriana.com/jugos-y-bebidas/,/refresco-manzanita-sol-0-calorias-2-l/11803353.html,35.00,0.0,4 x 3,,Gratis con 300 Puntos,Puntos 'dobles' al pagar con 'FALABELLA',2026-07-01
Jugos y bebidas,Refrescos,Refresco Pepsi Original 400 ml,7501031302741_A,https://www.soriana.com/jugos-y-bebidas/,/refresco-pepsi-original-400-ml/3069713.html,12.60,0.0,3 x 30.00,,Puntos 'dobles' al pagar con 'FALABELLA',,2026-07-01
Jugos y bebidas,Refrescos,Refresco Pepsi Light 1.5 L,7501022008584_A,https://www.soriana.com/jugos-y-bebidas/,/refresco-pepsi-light-1.5-l/11155903.html,30.00,0.0,4 x 3,,Gratis con 300 Puntos,Puntos 'dobles' al pagar con 'FALABELLA',2026-07-01
Jugos y bebidas,Refrescos,Refresco Coca Cola Original 12 Pack Botella 235 ml,7501055355587_A,https://www.soriana.com/jugos-y-bebidas/,/refresco-coca-cola-original-12-pack-botella-235-ml/11174225.html,188.00,0.0,,,Puntos 'dobles' al pagar con 'FALABELLA',,2026-07-01
Jugos y bebidas,Refrescos,Refresco Sprite 600 ml,7501055305629_A,https://www.soriana.com/jugos-y-bebidas/,/refresco-sprite-600-ml/621317.html,21.00,0.0,,,Gratis con 160 Puntos,Puntos 'dobles' al pagar con 'FALABELLA',2026-07-01
Jugos y bebidas,Refrescos,Refresco Manzanita Sol Sin calorías Botella 3 L,7501022015445_A,https://www.soriana.com/jugos-y-bebidas/,/refresco-manzanita-sol-sin-calorias-botella-3-l/11791981.html,49.00,0.0,4 x 3,,Gratis con 300 Puntos,Puntos 'dobles' al pagar con 'FALABELLA',2026-07-01
Jugos y bebidas,Refrescos,Agua Mineral Topo Chico 4 Pack Botella 355 ml,0021136020373_A,https://www.soriana.com/jugos-y-bebidas/,/agua-mineral-topo-chico-4-pack-botella-355-ml/11496979.html,91.50,0.0,,,Puntos 'dobles' al pagar con 'FALABELLA',,2026-07-01
Jugos y bebidas,Refrescos,Refresco Sidral Mundet Manzana 600 ml,7501055339983_A,https://www.soriana.com/jugos-y-bebidas/,/refresco-sidral-mundet-manzana-600-ml/2326004.html,21.00,0.0,,,Gratis con 160 Puntos,Puntos 'dobles' al pagar con 'FALABELLA',2026-07-01
Jugos y bebidas,Refrescos,Refresco Mirinda Naranja Botella 600 ml,7501022014912_A,https://www.soriana.com/jugos-y-bebidas/,/refresco-mirinda-naranja-botella-600-ml/11726501.html,18.00,0.0,4 x 3,,Gratis con 160 Puntos,Puntos 'dobles' al pagar con 'FALABELLA',2026-07-01
Jugos y bebidas,Refrescos,Agua Mineral Peñafiel Natural 6 Pack Botella 296 ml,7501073841642_A,https://www.soriana.com/jugos-y-bebidas/,/agua-mineral-penafiel-natural-6-pack-botella-296-ml/11188881.html,87.00,0.0,3 x 2,,Puntos 'dobles' al pagar con 'FALABELLA',,2026-07-01
Jugos y bebidas,Refrescos,Refresco Jarritos Tuti Fruti 2 Lt,0744886405053_A,https://www.soriana.com/jugos-y-bebidas/,/refresco-jarritos-tuti-fruti-2-lt/1238832.html,24.90,0.0,,,Gratis con 300 Puntos,Puntos 'dobles' al pagar con 'FALABELLA',2026-07-01
Jugos y bebidas,Refrescos,Refresco Jarritos Mandarina 2 L,0744886375059_A,https://www.soriana.com/jugos-y-bebidas/,/refresco-jarritos-mandarina-2-l/1067086.html,24.90,0.0,,,Gratis con 300 Puntos,Puntos 'dobles' al pagar con 'FALABELLA',2026-07-01
Jugos y bebidas,Refrescos,Refresco Coca Cola Original Bipack 1.75 lts,7501055372133_A,https://www.soriana.com/jugos-y-bebidas/,/refresco-coca-cola-original-bipack-1.75-lts/11520740.html,43.00,0.0,,,Puntos 'dobles' al pagar con 'FALABELLA',,2026-07-01
Jugos y bebidas,Refrescos,Agua Mineral Peñafiel Adas Naranjada 2 Litros,7501073839861_A,https://www.soriana.com/jugos-y-bebidas/,/agua-mineral-penafiel-adas-naranjada-2-litros/2523936.html,37.90,0.0,,,Gratis con 300 Puntos,Puntos 'dobles' al pagar con 'FALABELLA',2026-07-01
Jugos y bebidas,Refrescos,Refresco Coca-Cola 1.75 Lt,7501055313532_A,https://www.soriana.com/jugos-y-bebidas/,/refresco-coca-cola-1.75-lt/2051621.html,41.00,0.0,,,Gratis con 300 Puntos,Puntos 'dobles' al pagar con 'FALABELLA',2026-07-01
Jugos y bebidas,Refrescos,Refresco Sprite 3 Lt,7501055304806_A,https://www.soriana.com/jugos-y-bebidas/,/refresco-sprite-3-lt/1111692.html,44.00,0.0,,,Gratis con 400 Puntos,Puntos 'dobles' al pagar con 'FALABELLA',2026-07-01
Jugos y bebidas,Refrescos,Refresco Pepsi Black 1.5 L Botella,7501022013069_A,https://www.soriana.com/jugos-y-bebidas/,/refresco-pepsi-black-1.5-l-botella/11582519.html,30.90,0.0,4 x 3,,Gratis con 300 Puntos,Puntos 'dobles' al pagar con 'FALABELLA',2026-07-01
Jugos y bebidas,Refrescos,Refresco Sangria Casera 2.5 Lt,7501505630080_A,https://www.soriana.com/jugos-y-bebidas/,/refresco-sangria-casera-2.5-lt/1206662.html,33.00,0.0,4 x 3,,Gratis con 400 Puntos,Puntos 'dobles' al pagar con 'FALABELLA',2026-07-01
Jugos y bebidas,Refrescos,Agua Mineral Ciel 8 Pack Lata 235 ml,7501055350438_A,https://www.soriana.com/jugos-y-bebidas/,/agua-mineral-ciel-8-pack-lata-235-ml/3124617.html,123.00,0.0,,,Puntos 'dobles' al pagar con 'FALABELLA',,2026-07-01
Jugos y bebidas,Refrescos,Refresco Coca Cola sin Azúcar 355 ml,7501055356256_A,https://www.soriana.com/jugos-y-bebidas/,/refresco-coca-cola-sin-azucar-355-ml/11229562.html,8.50,0.0,,,Puntos 'dobles' al pagar con 'FALABELLA',,2026-07-01
Jugos y bebidas,Refrescos,Agua Mineral Peñafiel Adas Naranjada sin Calorías 2 L,7501073840348_A,https://www.soriana.com/jugos-y-bebidas/,/agua-mineral-penafiel-adas-naranjada-sin-calorias-2-l/11060231.html,35.50,0.0,,,Gratis con 300 Puntos,Puntos 'dobles' al pagar con 'FALABELLA',2026-07-01
Jugos y bebidas,Refrescos,Refresco Pepsi Black sin Azúcar 6 Pack Lata 237ml,7501022014707_A,https://www.soriana.com/jugos-y-bebidas/,/refresco-pepsi-black-sin-azucar-6-pack-lata-237ml/11546075.html,69.90,0.0,,,Puntos 'dobles' al pagar con 'FALABELLA',,2026-07-01
Jugos y bebidas,Refrescos,Refresco Jarritos Piña 2 Lt,0744886385058_A,https://www.soriana.com/jugos-y-bebidas/,/refresco-jarritos-pina-2-lt/1238833.html,24.90,0.0,,,Gratis con 300 Puntos,Puntos 'dobles' al pagar con 'FALABELLA',2026-07-01
Jugos y bebidas,Refrescos,Refresco Coca Cola Original Botella 235 ml,7501055354672_A,https://www.soriana.com/jugos-y-bebidas/,/refresco-coca-cola-original-botella-235-ml/11171190.html,19.10,0.0,20% en Dinero electrónico,,Puntos 'dobles' al pagar con 'FALABELLA',,2026-07-01
Jugos y bebidas,Refrescos,Refresco Coca Cola Light 12 Pack PET 355 ml,7501055356195_A,https://www.soriana.com/jugos-y-bebidas/,/refresco-coca-cola-light-12-pack-pet-355-ml/11315161.html,166.00,0.0,,,Puntos 'dobles' al pagar con 'FALABELLA',,2026-07-01
Jugos y bebidas,Refrescos,Refresco Coca Cola Zero 2 lt,7501055320660_A,https://www.soriana.com/jugos-y-bebidas/,/refresco-coca-cola-zero-2-lt/3040116.html,34.50,0.0,20% en Dinero electrónico,,Gratis con 300 Puntos,Puntos 'dobles' al pagar con 'FALABELLA',2026-07-01
Jugos y bebidas,Refrescos,Agua Mineral Peñafiel Adas sabor Piñada 2 L,7501073841949_A,https://www.soriana.com/jugos-y-bebidas/,/agua-mineral-penafiel-adas-sabor-pinada-2-l/11185294.html,38.90,0.0,,,Puntos 'dobles' al pagar con 'FALABELLA',,2026-07-01
Jugos y bebidas,Refrescos,Refresco Coca-Cola 2 L Botella,7501055302925_A,https://www.soriana.com/jugos-y-bebidas/,/refresco-coca-cola-2-l-botella/377116.html,45.90,0.0,20% en Dinero electrónico,,Gratis con 300 Puntos,Puntos 'dobles' al pagar con 'FALABELLA',2026-07-01
Jugos y bebidas,Refrescos,Agua Mineral Peñafiel Adas Limonada sin Calorias 2 L,7501073840362_A,https://www.soriana.com/jugos-y-bebidas/,/agua-mineral-penafiel-adas-limonada-sin-calorias-2-l/11060177.html,35.50,0.0,,,Gratis con 300 Puntos,Puntos 'dobles' al pagar con 'FALABELLA',2026-07-01
Jugos y bebidas,Refrescos,Refresco Sidral Mundet sabor Manzana 3 L,7501055340422_A,https://www.soriana.com/jugos-y-bebidas/,/refresco-sidral-mundet-sabor-manzana-3-l/11109006.html,44.00,0.0,,,Gratis con 400 Puntos,Puntos 'dobles' al pagar con 'FALABELLA',2026-07-01
Jugos y bebidas,Refrescos,Refresco Coca Cola Zero en Lata 355 ml,7501055361557_A,https://www.soriana.com/jugos-y-bebidas/,/refresco-coca-cola-zero-en-lata-355-ml/11346872.html,23.90,0.0,20% en Dinero electrónico,,Puntos 'dobles' al pagar con 'FALABELLA',,2026-07-01
Jugos y bebidas,Refrescos,Refresco Mirinda Naranja Sin calorías Botella 3 L,7501022015704_A,https://www.soriana.com/jugos-y-bebidas/,/refresco-mirinda-naranja-sin-calorias-botella-3-l/11852047.html,49.00,0.0,4 x 3,,Gratis con 400 Puntos,Puntos 'dobles' al pagar con 'FALABELLA',2026-07-01
Jugos y bebidas,Refrescos,Refresco Coca-Cola Light 600 ml Pack con 4 Piezas Pet,7501055307067_A,https://www.soriana.com/jugos-y-bebidas/,/refresco-coca-cola-light-600-ml-pack-con-4-piezas-pet/1027733.html,84.90,0.0,,,Puntos 'dobles' al pagar con 'FALABELLA',,2026-07-01
Jugos y bebidas,Refrescos,Refresco Schweppes Ginger Ale 600 ml,7501073833722_A,https://www.soriana.com/jugos-y-bebidas/,/refresco-schweppes-ginger-ale-600-ml/1523073.html,20.50,0.0,,,Gratis con 160 Puntos,Puntos 'dobles' al pagar con 'FALABELLA',2026-07-01
Jugos y bebidas,Refrescos,Refresco Coca-Cola 355 ml,7501055332175_A,https://www.soriana.com/jugos-y-bebidas/,/refresco-coca-cola-355-ml/2092810.html,15.00,0.0,,,Puntos 'dobles' al pagar con 'FALABELLA',,2026-07-01
Jugos y bebidas,Refrescos,Agua Tonica Schweppes 296 ml 6 Pack,7501073825208_A,https://www.soriana.com/jugos-y-bebidas/,/agua-tonica-schweppes-296-ml-6-pack/1439087.html,116.00,0.0,,,Puntos 'dobles' al pagar con 'FALABELLA',,2026-07-01
Jugos y bebidas,Refrescos,Refresco Coca Cola Light 355 ml,7501055365395_A,https://www.soriana.com/jugos-y-bebidas/,/refresco-coca-cola-light-355-ml/11395824.html,23.90,0.0,20% en Dinero electrónico,,Puntos 'dobles' al pagar con 'FALABELLA',,2026-07-01
Jugos y bebidas,Refrescos,Refresco Squirt Toronja 6 Pack Lata 237 ml,7501071121364_A,https://www.soriana.com/jugos-y-bebidas/,/refresco-squirt-toronja-6-pack-lata-237-ml/2388017.html,60.50,0.0,4 x 3,,Puntos 'dobles' al pagar con 'FALABELLA',,2026-07-01
Jugos y bebidas,Refrescos,Refresco sin Gas Delaware Punch sabor Uva 2 L,7501055304691_A,https://www.soriana.com/jugos-y-bebidas/,/refresco-sin-gas-delaware-punch-sabor-uva-2-l/11545046.html,32.90,0.0,,,Gratis con 300 Puntos,Puntos 'dobles' al pagar con 'FALABELLA',2026-07-01
Jugos y bebidas,Refrescos,Refresco Ameyal sabor Fresa Kiwi 2 L,7501055327317_A,https://www.soriana.com/jugos-y-bebidas/,/refresco-ameyal-sabor-fresa-kiwi-2-l/11200741.html,28.90,0.0,,,Gratis con 300 Puntos,Puntos 'dobles' al pagar con 'FALABELLA',2026-07-01
Jugos y bebidas,Refrescos,Peñafiel Agua Mineral Limonada 2 lt,7501073839892_A,https://www.soriana.com/jugos-y-bebidas/,/penafiel-agua-mineral-limonada-2-lt/2523938.html,37.90,0.0,,,Gratis con 300 Puntos,Puntos 'dobles' al pagar con 'FALABELLA',2026-07-01
Jugos y bebidas,Refrescos,Refresco Fresca 3 Lt,7501055304813_A,https://www.soriana.com/jugos-y-bebidas/,/refresco-fresca-3-lt/1122346.html,44.00,0.0,,,Gratis con 400 Puntos,Puntos 'dobles' al pagar con 'FALABELLA',2026-07-01
Jugos y bebidas,Refrescos,Refresco Peñafiel Sangria 2 L Botella,7501073831995_A,https://www.soriana.com/jugos-y-bebidas/,/refresco-penafiel-sangria-2-l-botella/383966.html,37.50,0.0,,,Gratis con 300 Puntos,Puntos 'dobles' al pagar con 'FALABELLA',2026-07-01
Jugos y bebidas,Refrescos,Refresco Pepsi 237 ml 6 Pack,7501031306176_A,https://www.soriana.com/jugos-y-bebidas/,/refresco-pepsi-237-ml-6-pack/2095504.html,71.50,0.0,,,Puntos 'dobles' al pagar con 'FALABELLA',,2026-07-01
Jugos y bebidas,Refrescos,Refresco Jarritos Tamarindo 2 Lt,0744886365050_A,https://www.soriana.com/jugos-y-bebidas/,/refresco-jarritos-tamarindo-2-lt/1238829.html,24.90,0.0,,,Gratis con 300 Puntos,Puntos 'dobles' al pagar con 'FALABELLA',2026-07-01
Jugos y bebidas,Refrescos,Refresco Coca Cola Original + Refresco Sidral Mundet 2 Pack 3 L,7501055372140_A,https://www.soriana.com/jugos-y-bebidas/,/refresco-coca-cola-original-refresco-sidral-mundet-2-pack-3-l/11528004.html,103.00,0.0,,Aplica cupón,Puntos 'dobles' al pagar con 'FALABELLA',,2026-07-01
Jugos y bebidas,Refrescos,Refresco Dr. Pepper Original 2 L,7501198354195_A,https://www.soriana.com/jugos-y-bebidas/,/refresco-dr.-pepper-original-2-l/11483628.html,40.50,0.0,,,Gratis con 300 Puntos,Puntos 'dobles' al pagar con 'FALABELLA',2026-07-01
Jugos y bebidas,Refrescos,Refresco Squirt Light 600 ml,7501071140242_A,https://www.soriana.com/jugos-y-bebidas/,/refresco-squirt-light-600-ml/1013955.html,17.50,0.0,4 x 3,,Gratis con 160 Puntos,Puntos 'dobles' al pagar con 'FALABELLA',2026-07-01
Jugos y bebidas,Refrescos,Refresco Del Valle Fizz Naranjada 2 L Botella,7501055379491_A,https://www.soriana.com/jugos-y-bebidas/,/refresco-del-valle-fizz-naranjada-2-l-botella/11684937.html,21.50,0.0,,,Gratis con 300 Puntos,Puntos 'dobles' al pagar con 'FALABELLA',2026-07-01
Jugos y bebidas,Refrescos,Refresco Coca Cola + Fresca 2 Lt 2 Pack,7501055304394_A,https://www.soriana.com/jugos-y-bebidas/,/refresco-coca-cola-fresca-2-lt-2-pack/1175814.html,80.50,0.0,20% en Dinero electrónico,Aplica cupón,Puntos 'dobles' al pagar con 'FALABELLA',,2026-07-01
Jugos y bebidas,Refrescos,Refresco Peñafiel Twist Limón con Sal Sin calorías 6 Pack Botellas 355 ml,7501073845879_A,https://www.soriana.com/jugos-y-bebidas/,/refresco-penafiel-twist-limon-con-sal-sin-calorias-6-pack-botellas-355-ml/11794709.html,57.50,0.0,,,Puntos 'dobles' al pagar con 'FALABELLA',,2026-07-01
Jugos y bebidas,Refrescos,Refresco Del Valle Fizz Limonada 600 Ml Botella,7501055379521_A,https://www.soriana.com/jugos-y-bebidas/,/refresco-del-valle-fizz-limonada-600-ml-botella/11683494.html,16.00,0.0,,,Gratis con 160 Puntos,Puntos 'dobles' al pagar con 'FALABELLA',2026-07-01
Jugos y bebidas,Refrescos,Refresco Jarritos Limon 2 Lt,0744886395057_A,https://www.soriana.com/jugos-y-bebidas/,/refresco-jarritos-limon-2-lt/1238834.html,24.90,0.0,,,Gratis con 300 Puntos,Puntos 'dobles' al pagar con 'FALABELLA',2026-07-01
Jugos y bebidas,Refrescos,Refresco Jarritos Tamarindo 600 ml,0744886328826_A,https://www.soriana.com/jugos-y-bebidas/,/refresco-jarritos-tamarindo-600-ml/1238836.html,15.50,0.0,,,Gratis con 160 Puntos,Puntos 'dobles' al pagar con 'FALABELLA',2026-07-01
Jugos y bebidas,Refrescos,Agua Mineral Canada Dry 1 L Botella,7501198350104_A,https://www.soriana.com/jugos-y-bebidas/,/agua-mineral-canada-dry-1-l-botella/676018.html,25.50,0.0,,,Gratis con 300 Puntos,Puntos 'dobles' al pagar con 'FALABELLA',2026-07-01
Jugos y bebidas,Refrescos,Agua Mineral San Pellegrino 250 Ml 6 Pack,8002270866760_A,https://www.soriana.com/jugos-y-bebidas/,/agua-mineral-san-pellegrino-250-ml-6-pack/1083932.html,151.00,0.0,,,Puntos 'dobles' al pagar con 'FALABELLA',,2026-07-01
Jugos y bebidas,Refrescos,Refresco Del Valle Fizz Naranjada Botella 600 Ml Botella,7501055379484_A,https://www.soriana.com/jugos-y-bebidas/,/refresco-del-valle-fizz-naranjada-botella-600-ml-botella/11683493.html,13.30,0.0,,,Gratis con 160 Puntos,Puntos 'dobles' al pagar con 'FALABELLA',2026-07-01
Jugos y bebidas,Refrescos,Refresco Fanta 3 Lt,7501055304790_A,https://www.soriana.com/jugos-y-bebidas/,/refresco-fanta-3-lt/1111688.html,44.00,0.0,,,Gratis con 400 Puntos,Puntos 'dobles' al pagar con 'FALABELLA',2026-07-01
Jugos y bebidas,Refrescos,Refresco Sidral Mundet Light sabor Manzana 355 ml,7501055376827_A,https://www.soriana.com/jugos-y-bebidas/,/refresco-sidral-mundet-light-sabor-manzana-355-ml/11590844.html,5.90,0.0,,,Puntos 'dobles' al pagar con 'FALABELLA',,2026-07-01
Jugos y bebidas,Refrescos,Refresco Sprite sin Azúcar sabor Lima Limón 355 ml,7501055373901_A,https://www.soriana.com/jugos-y-bebidas/,/refresco-sprite-sin-azucar-sabor-lima-limon-355-ml/11590845.html,5.30,0.0,,,Puntos 'dobles' al pagar con 'FALABELLA',,2026-07-01
Jugos y bebidas,Refrescos,Refresco Fanta 600 Ml Botella,7501055303779_A,https://www.soriana.com/jugos-y-bebidas/,/refresco-fanta-600-ml-botella/554548.html,21.00,0.0,,,Gratis con 160 Puntos,Puntos 'dobles' al pagar con 'FALABELLA',2026-07-01
Jugos y bebidas,Refrescos,Refresco Fresca sabor Toronja 355 ml,7501055365470_A,https://www.soriana.com/jugos-y-bebidas/,/refresco-fresca-sabor-toronja-355-ml/11425276.html,21.00,0.0,,,Puntos 'dobles' al pagar con 'FALABELLA',,2026-07-01
Jugos y bebidas,Refrescos,Refresco Coca Cola Light 6 Pack Lata 355 ml,7501055365401_A,https://www.soriana.com/jugos-y-bebidas/,/refresco-coca-cola-light-6-pack-lata-355-ml/11425229.html,137.00,0.0,,,Puntos 'dobles' al pagar con 'FALABELLA',,2026-07-01
Jugos y bebidas,Refrescos,Refresco Peñafiel Light Manzanita 2 L,7501073839335_A,https://www.soriana.com/jugos-y-bebidas/,/refresco-penafiel-light-manzanita-2-l/2322722.html,32.50,0.0,,,Gratis con 300 Puntos,Puntos 'dobles' al pagar con 'FALABELLA',2026-07-01
Jugos y bebidas,Refrescos,Refresco Pepsi Black sin Azúcar 355 ml,7501022013021_A,https://www.soriana.com/jugos-y-bebidas/,/refresco-pepsi-black-sin-azucar-355-ml/11477033.html,19.10,0.0,,,Puntos 'dobles' al pagar con 'FALABELLA',,2026-07-01
Jugos y bebidas,Refrescos,Agua Mineral Peñafiel Adas Limonada sin Calorías 600 ml,7501073840331_A,https://www.soriana.com/jugos-y-bebidas/,/agua-mineral-penafiel-adas-limonada-sin-calorias-600-ml/11060224.html,17.00,0.0,,,Gratis con 160 Puntos,Puntos 'dobles' al pagar con 'FALABELLA',2026-07-01
Jugos y bebidas,Refrescos,Refresco Fresca sin Azúcar sabor Toronja 355 ml,7501055376803_A,https://www.soriana.com/jugos-y-bebidas/,/refresco-fresca-sin-azucar-sabor-toronja-355-ml/11590846.html,5.90,0.0,,,Puntos 'dobles' al pagar con 'FALABELLA',,2026-07-01
Jugos y bebidas,Refrescos,Refresco Fanta sin Azúcar sabor Naranja 355 ml,7501055376810_A,https://www.soriana.com/jugos-y-bebidas/,/refresco-fanta-sin-azucar-sabor-naranja-355-ml/11590843.html,5.30,0.0,,,Puntos 'dobles' al pagar con 'FALABELLA',,2026-07-01
Jugos y bebidas,Refrescos,Refresco Peñafiel Fresa 355 Ml,7501073831155_A,https://www.soriana.com/jugos-y-bebidas/,/refresco-penafiel-fresa-355-ml/2440402.html,7.70,0.0,,,Puntos 'dobles' al pagar con 'FALABELLA',,2026-07-01
Jugos y bebidas,Refrescos,Refresco Pepsi Kick con Cafeína 500 ml,7501022014257_A,https://www.soriana.com/jugos-y-bebidas/,/refresco-pepsi-kick-con-cafeina-500-ml/11490029.html,19.10,0.0,,,Gratis con 160 Puntos,Puntos 'dobles' al pagar con 'FALABELLA',2026-07-01
Jugos y bebidas,Refrescos,Agua Mineral Ciel 6 Pack Lata 355 ml,7501055365647_A,https://www.soriana.com/jugos-y-bebidas/,/agua-mineral-ciel-6-pack-lata-355-ml/11425278.html,114.00,0.0,,,Puntos 'dobles' al pagar con 'FALABELLA',,2026-07-01
Jugos y bebidas,Refrescos,Refresco Sangría Señorial 600 Ml Botella,7500326103360_A,https://www.soriana.com/jugos-y-bebidas/,/refresco-sangria-senorial-600-ml-botella/1044880.html,21.50,0.0,,,Puntos 'dobles' al pagar con 'FALABELLA',,2026-07-01
Jugos y bebidas,Refrescos,Refresco 7 Up Citrus Lima-limón Sin calorías Botella 2 L,7501022015889_B,https://www.soriana.com/jugos-y-bebidas/,/refresco-7-up-citrus-lima-limon-sin-calorias-botella-2-l/11863348.html,37.50,0.0,4 x 3,,Gratis con 300 Puntos,Puntos 'dobles' al pagar con 'FALABELLA',2026-07-01
Jugos y bebidas,Refrescos,Refresco CocaCola Original + Refresco Fresca 2 Pack 3 L,7501055372157_A,https://www.soriana.com/jugos-y-bebidas/,/refresco-cocacola-original-refresco-fresca-2-pack-3-l/11528005.html,103.00,0.0,,Aplica cupón,Puntos 'dobles' al pagar con 'FALABELLA',,2026-07-01
Jugos y bebidas,Refrescos,Agua Mineral Topo Chico con Twist sabor Limón 600 ml,0021136110180_A,https://www.soriana.com/jugos-y-bebidas/,/agua-mineral-topo-chico-con-twist-sabor-limon-600-ml/11532022.html,23.50,0.0,,,Gratis con 160 Puntos,Puntos 'dobles' al pagar con 'FALABELLA',2026-07-01
Jugos y bebidas,Refrescos,Refresco Sidral Mundet Light Manzana 600 ml,7501055340040_A,https://www.soriana.com/jugos-y-bebidas/,/refresco-sidral-mundet-light-manzana-600-ml/2326005.html,16.00,0.0,,,Gratis con 160 Puntos,Puntos 'dobles' al pagar con 'FALABELLA',2026-07-01
Jugos y bebidas,Refrescos,Refresco Joya sabor Manzana 1.5 L,7501055370146_A,https://www.soriana.com/jugos-y-bebidas/,/refresco-joya-sabor-manzana-1.5-l/11507190.html,21.00,0.0,,,Gratis con 300 Puntos,Puntos 'dobles' al pagar con 'FALABELLA',2026-07-01
Jugos y bebidas,Refrescos,Refresco Coca Cola Light 355 ml,7501055339082_A,https://www.soriana.com/jugos-y-bebidas/,/refresco-coca-cola-light-355-ml/3101211.html,14.20,0.0,,,Puntos 'dobles' al pagar con 'FALABELLA',,2026-07-01
Jugos y bebidas,Refrescos,Agua Mineral de Manantial Garci Crespo Botella 275 ml,7501022013106_A,https://www.soriana.com/jugos-y-bebidas/,/agua-mineral-de-manantial-garci-crespo-botella-275-ml/11434279.html,23.50,0.0,3 x 2,,Puntos 'dobles' al pagar con 'FALABELLA',,2026-07-01
Jugos y bebidas,Refrescos,Refresco Señorial Sangria 2 L Botella,7500326103339_A,https://www.soriana.com/jugos-y-bebidas/,/refresco-senorial-sangria-2-l-botella/299864.html,42.90,0.0,,,Gratis con 300 Puntos,Puntos 'dobles' al pagar con 'FALABELLA',2026-07-01
Jugos y bebidas,Refrescos,Refresco Canada Dry Ginger Ale 6 Pack Lata 237 ml,7501198353808_A,https://www.soriana.com/jugos-y-bebidas/,/refresco-canada-dry-ginger-ale-6-pack-lata-237-ml/2388020.html,60.90,0.0,3 x 2,,Puntos 'dobles' al pagar con 'FALABELLA',,2026-07-01
Jugos y bebidas,Refrescos,Refresco Sprite sin Azúcar sabor Lima Limón 600 ml,7501055366316_A,https://www.soriana.com/jugos-y-bebidas/,/refresco-sprite-sin-azucar-sabor-lima-limon-600-ml/11468302.html,16.00,0.0,,,Gratis con 160 Puntos,Puntos 'dobles' al pagar con 'FALABELLA',2026-07-01
Jugos y bebidas,Refrescos,Refresco Vita Fresa 2 Lt Bot,7501371000734_A,https://www.soriana.com/jugos-y-bebidas/,/refresco-vita-fresa-2-lt-bot/647243.html,21.00,0.0,4 x 3,,Gratis con 300 Puntos,Puntos 'dobles' al pagar con 'FALABELLA',2026-07-01
Jugos y bebidas,Refrescos,Refresco 7 Up sabor Lima Limón 6 Pack Lata 237 ml,7501022014547_A,https://www.soriana.com/jugos-y-bebidas/,/refresco-7-up-sabor-lima-limon-6-pack-lata-237-ml/11546072.html,62.90,0.0,,,Puntos 'dobles' al pagar con 'FALABELLA',,2026-07-01
Jugos y bebidas,Refrescos,Refresco Botella 400 Ml Joya Ponche,7501055328444_A,https://www.soriana.com/jugos-y-bebidas/,/refresco-botella-400-ml-joya-ponche/2168393.html,8.00,0.0,,,Puntos 'dobles' al pagar con 'FALABELLA',,2026-07-01
Jugos y bebidas,Refrescos,Refresco Coca Cola 500 ml Botella,7501055302086_A,https://www.soriana.com/jugos-y-bebidas/,/refresco-coca-cola-500-ml-botella/377095.html,23.50,0.0,,,Gratis con 160 Puntos,Puntos 'dobles' al pagar con 'FALABELLA',2026-07-01
Jugos y bebidas,Refrescos,Refresco Sprite sin Azúcar sabor Lima Limón 2 L,7501055366330_A,https://www.soriana.com/jugos-y-bebidas/,/refresco-sprite-sin-azucar-sabor-lima-limon-2-l/11468303.html,26.50,0.0,,,Gratis con 300 Puntos,Puntos 'dobles' al pagar con 'FALABELLA',2026-07-01
Jugos y bebidas,Refrescos,Refresco Tonicol Vainilla 600 ml,7501379200044_A,https://www.soriana.com/jugos-y-bebidas/,/refresco-tonicol-vainilla-600-ml/11599102.html,34.90,0.0,,,Puntos 'dobles' al pagar con 'FALABELLA',,2026-07-01
Jugos y bebidas,Refrescos,Refresco Red Cola 600 ml,7503006897016_A,https://www.soriana.com/jugos-y-bebidas/,/refresco-red-cola-600-ml/1921973.html,15.40,0.0,,,Gratis con 160 Puntos,Puntos 'dobles' al pagar con 'FALABELLA',2026-07-01
Jugos y bebidas,Refrescos,Refresco Coca-Cola Light 1 L Botella,7501055305346_A,https://www.soriana.com/jugos-y-bebidas/,/refresco-coca-cola-light-1-l-botella/618843.html,31.90,0.0,20% en Dinero electrónico,,Puntos 'dobles' al pagar con 'FALABELLA',,2026-07-01
Jugos y bebidas,Refrescos,Refresco Yoli Limon 600 Ml Bot,7501055329915_A,https://www.soriana.com/jugos-y-bebidas/,/refresco-yoli-limon-600-ml-bot/2103011.html,21.00,0.0,,,Gratis con 160 Puntos,Puntos 'dobles' al pagar con 'FALABELLA',2026-07-01
Jugos y bebidas,Refrescos,Agua Mineral Canada Dry 6 Pack Lata 237 ml,7501198353785_A,https://www.soriana.com/jugos-y-bebidas/,/agua-mineral-canada-dry-6-pack-lata-237-ml/2388019.html,60.90,0.0,,,Puntos 'dobles' al pagar con 'FALABELLA',,2026-07-01
Jugos y bebidas,Refrescos,Agua Mineral Precissimo 3 L Botella,7500093742540_A,https://www.soriana.com/jugos-y-bebidas/,/agua-mineral-precissimo-3-l-botella/11261053.html,31.00,0.0,,,Puntos 'dobles' al pagar con 'FALABELLA',,2026-07-01
Jugos y bebidas,Refrescos,Sprite Zero 250 ml,7501055311439_A,https://www.soriana.com/jugos-y-bebidas/,/sprite-zero-250-ml/11923505.html,10.00,0.0,,,Puntos 'dobles' al pagar con 'Tarjetas Participantes',,2026-07-01
Jugos y bebidas,Refrescos,Refresco Jarritos Tuti Fruti 600 ml,0744886318827_A,https://www.soriana.com/jugos-y-bebidas/,/refresco-jarritos-tuti-fruti-600-ml/1238850.html,15.50,0.0,,,Gratis con 160 Puntos,Puntos 'dobles' al pagar con 'FALABELLA',2026-07-01
Jugos y bebidas,Refrescos,Agua Mineral Peñafiel Adas Naranjada 600 ml,7501073839854_A,https://www.soriana.com/jugos-y-bebidas/,/agua-mineral-penafiel--adas-naranjada-600-ml/2523937.html,20.50,0.0,,,Gratis con 160 Puntos,Puntos 'dobles' al pagar con 'FALABELLA',2026-07-01
Jugos y bebidas,Refrescos,Agua Mineral Peñafiel Adas Toronjada 600 ml,7501073840607_A,https://www.soriana.com/jugos-y-bebidas/,/agua-mineral-penafiel-adas-toronjada-600-ml/11073280.html,20.50,0.0,,,Gratis con 160 Puntos,Puntos 'dobles' al pagar con 'FALABELLA',2026-07-01
Jugos y bebidas,Refrescos,Refresco Botella 400 Ml Joya,7501055328420_A,https://www.soriana.com/jugos-y-bebidas/,/refresco-botella-400-ml-joya/2168392.html,8.00,0.0,,,Puntos 'dobles' al pagar con 'FALABELLA',,2026-07-01
Jugos y bebidas,Refrescos,Refresco Senzao Guaraná 600 ml,7501055308330_A,https://www.soriana.com/jugos-y-bebidas/,/refresco-senzao-guarana-600-ml/1030261.html,21.00,0.0,,,Gratis con 160 Puntos,Puntos 'dobles' al pagar con 'FALABELLA',2026-07-01
Jugos y bebidas,Refrescos,Agua Mineral Garci Crespo 2 Lt,7501022012062_A,https://www.soriana.com/jugos-y-bebidas/,/agua-mineral-garci-crespo-2-lt/11501005.html,20.50,0.0,3 x 2,,Gratis con 300 Puntos,Puntos 'dobles' al pagar con 'FALABELLA',2026-07-01
Jugos y bebidas,Refrescos,Refresco Jarritos Tutti Fruti 2 Lt,7501441604411_A,https://www.soriana.com/jugos-y-bebidas/,/refresco-jarritos-tutti-fruti-2-lt/3027261.html,23.00,0.0,,,Gratis con 300 Puntos,Puntos 'dobles' al pagar con 'FALABELLA',2026-07-01
Jugos y bebidas,Refrescos,Refresco Manzanita Sol 0 Calorías 400 ml,7501022015513_A,https://www.soriana.com/jugos-y-bebidas/,/refresco-manzanita-sol-0-calorias-400-ml/11803355.html,12.00,0.0,3 x 30.00,,Puntos 'dobles' al pagar con 'FALABELLA',,2026-07-01
Jugos y bebidas,Refrescos,Bebida Delaware Punch de Uva 3 Lt,7501055381210_A,https://www.soriana.com/jugos-y-bebidas/,/bebida-delaware-punch-de-uva-3-lt/11897251.html,47.00,0.0,,,Puntos 'dobles' al pagar con 'FALABELLA',,2026-07-01
Jugos y bebidas,Refrescos,Refresco Jarritos Piña 600 ml,0744886308828_A,https://www.soriana.com/jugos-y-bebidas/,/refresco-jarritos-pina-600-ml/1238854.html,15.50,0.0,,,Gratis con 160 Puntos,Puntos 'dobles' al pagar con 'FALABELLA',2026-07-01
Jugos y bebidas,Refrescos,Refresco Jarritos Toronja 2 Lt,0744886345052_A,https://www.soriana.com/jugos-y-bebidas/,/refresco-jarritos-toronja-2-lt/1238830.html,24.90,0.0,,,Gratis con 300 Puntos,Puntos 'dobles' al pagar con 'FALABELLA',2026-07-01
Jugos y bebidas,Refrescos,Refresco Coca Cola Light 2 Lts,7501055305360_A,https://www.soriana.com/jugos-y-bebidas/,/refresco-coca-cola-light-2-lts/554555.html,45.50,0.0,20% en Dinero electrónico,,Gratis con 300 Puntos,Puntos 'dobles' al pagar con 'FALABELLA',2026-07-01
Jugos y bebidas,Refrescos,Refresco Peñafiel Light Mandarina 600 ml,7501073839762_A,https://www.soriana.com/jugos-y-bebidas/,/refresco-penafiel-light-mandarina-600-ml/2459834.html,21.50,0.0,,,Gratis con 160 Puntos,Puntos 'dobles' al pagar con 'FALABELLA',2026-07-01
Jugos y bebidas,Refrescos,Refresco Coca Cola Original 355 ml,7501055361540_A,https://www.soriana.com/jugos-y-bebidas/,/refresco-coca-cola-original-355-ml/11344539.html,20.90,0.0,20% en Dinero electrónico,,Puntos 'dobles' al pagar con 'FALABELLA',,2026-07-01
Jugos y bebidas,Refrescos,Agua Mineral Peñafiel Adas Naranjada sin Calorías 600 ml,7501073840355_A,https://www.soriana.com/jugos-y-bebidas/,/agua-mineral-penafiel-adas-naranjada-sin-calorias-600-ml/11060240.html,17.00,0.0,,,Gratis con 160 Puntos,Puntos 'dobles' al pagar con 'FALABELLA',2026-07-01
Jugos y bebidas,Refrescos,Agua Mineral Peñafiel Adas sabor Manzanada 2 L,7501073843189_A,https://www.soriana.com/jugos-y-bebidas/,/agua-mineral-penafiel-adas-sabor-manzanada-2-l/11436355.html,36.90,0.0,,,Gratis con 300 Puntos,Puntos 'dobles' al pagar con 'FALABELLA',2026-07-01
Jugos y bebidas,Refrescos,Agua Mineral Peñafiel Adas sabor Naranjada 355 ml,7501073841338_A,https://www.soriana.com/jugos-y-bebidas/,/agua-mineral-penafiel-adas-sabor-naranjada-355-ml/11117020.html,13.80,0.0,,,Puntos 'dobles' al pagar con 'FALABELLA',,2026-07-01
Jugos y bebidas,Refrescos,Refresco Fresca 2 L Botella,7501055303885_A,https://www.soriana.com/jugos-y-bebidas/,/refresco-fresca-2-l-botella/377123.html,35.90,0.0,,,Gratis con 300 Puntos,Puntos 'dobles' al pagar con 'FALABELLA',2026-07-01
Jugos y bebidas,Refrescos,Refresco Sidral Mundet Manzana 2 L,7501055340002_A,https://www.soriana.com/jugos-y-bebidas/,/refresco-sidral-mundet-manzana-2-l/2348621.html,37.90,0.0,,,Gratis con 300 Puntos,Puntos 'dobles' al pagar con 'FALABELLA',2026-07-01
Jugos y bebidas,Refrescos,Agua Mineral Peñafiel Adas Toronjada 2 L,7501073840942_A,https://www.soriana.com/jugos-y-bebidas/,/agua-mineral-penafiel-adas-toronjada-2-l/11084114.html,37.90,0.0,,,Gratis con 300 Puntos,Puntos 'dobles' al pagar con 'FALABELLA',2026-07-01
Jugos y bebidas,Refrescos,Agua Mineral Ciel Sifón 1.75 Lt,7501055321919_A,https://www.soriana.com/jugos-y-bebidas/,/agua-mineral-ciel-sifon-1.75-lt/1840460.html,36.50,0.0,,,Gratis con 300 Puntos,Puntos 'dobles' al pagar con 'FALABELLA',2026-07-01
Jugos y bebidas,Refrescos,Refresco Peñafiel Light Sangria 2 L,7501073839793_A,https://www.soriana.com/jugos-y-bebidas/,/refresco-penafiel-light-sangria-2-l/2459833.html,32.50,0.0,,,Gratis con 300 Puntos,Puntos 'dobles' al pagar con 'FALABELLA',2026-07-01
Jugos y bebidas,Refrescos,Refresco Peñafiel sabor Toronja 2 L,7501073844544_A,https://www.soriana.com/jugos-y-bebidas/,/refresco-penafiel-sabor-toronja-2-l/11529073.html,37.50,0.0,,,Gratis con 300 Puntos,Puntos 'dobles' al pagar con 'FALABELLA',2026-07-01
Jugos y bebidas,Refrescos,Refresco Mirinda Cero Calorías 2 lt,7501022015698_A,https://www.soriana.com/jugos-y-bebidas/,/refresco-mirinda-cero-calorias-2-lt/11850986.html,35.00,0.0,4 x 3,,Gratis con 300 Puntos,Puntos 'dobles' al pagar con 'FALABELLA',2026-07-01
Jugos y bebidas,Refrescos,Refresco Sprite 2 L Botella,7501055305650_A,https://www.soriana.com/jugos-y-bebidas/,/refresco-sprite-2-l-botella/586235.html,35.90,0.0,,,Gratis con 300 Puntos,Puntos 'dobles' al pagar con 'FALABELLA',2026-07-01
Jugos y bebidas,Refrescos,Refresco Squirt Toronja Light Botella 355 ml,7501071140815_A,https://www.soriana.com/jugos-y-bebidas/,/refresco-squirt-toronja-light-botella-355-ml/11852377.html,9.20,0.0,,,Puntos 'dobles' al pagar con 'FALABELLA',,2026-07-01
Jugos y bebidas,Refrescos,Refresco Mundet Light 2 L Botella,7501055340057_A,https://www.soriana.com/jugos-y-bebidas/,/refresco-mundet-light-2-l-botella/373524.html,26.50,0.0,,,Gratis con 300 Puntos,Puntos 'dobles' al pagar con 'FALABELLA',2026-07-01
Jugos y bebidas,Refrescos,Refresco Fresca sin Azúcar sabor Toronja 2 L,7501055320158_A,https://www.soriana.com/jugos-y-bebidas/,/refresco-fresca-sin-azucar-sabor-toronja-2-l/11084327.html,26.50,0.0,,,Gratis con 300 Puntos,Puntos 'dobles' al pagar con 'FALABELLA',2026-07-01
Jugos y bebidas,Refrescos,Agua Mineral Peñafiel Twist con Limón y Sal 1 L,7501073839212_A,https://www.soriana.com/jugos-y-bebidas/,/agua-mineral-penafiel-twist-con-limon-y-sal-1-l/2322725.html,26.50,0.0,,,Puntos 'dobles' al pagar con 'FALABELLA',,2026-07-01
Jugos y bebidas,Refrescos,Refresco Schweppes Ginger Ale 1 Lt,7501073833739_A,https://www.soriana.com/jugos-y-bebidas/,/refresco-schweppes-ginger-ale-1-lt/1931187.html,26.50,0.0,,,Puntos 'dobles' al pagar con 'FALABELLA',,2026-07-01
Jugos y bebidas,Refrescos,Agua Mineral Canada Dry 600 ml,7501198350012_A,https://www.soriana.com/jugos-y-bebidas/,/agua-mineral-canada-dry-600-ml/1008379.html,11.70,0.0,3 x 2,,Gratis con 160 Puntos,Puntos 'dobles' al pagar con 'FALABELLA',2026-07-01
Jugos y bebidas,Refrescos,Agua Mineral Peñafiel Adas sabor Limonada 355 ml,7501073841345_A,https://www.soriana.com/jugos-y-bebidas/,/agua-mineral-penafiel-adas-sabor-limonada-355-ml/11117021.html,13.80,0.0,,,Puntos 'dobles' al pagar con 'FALABELLA',,2026-07-01
Jugos y bebidas,Refrescos,Refresco Mundet Fresa Kiwi 2 L,7501055376681_A,https://www.soriana.com/jugos-y-bebidas/,/refresco-mundet-fresa-kiwi-2-l/11590842.html,25.00,0.0,,,Gratis con 300 Puntos,Puntos 'dobles' al pagar con 'FALABELLA',2026-07-01
Jugos y bebidas,Refrescos,Refresco Canada Dry Ginger 600 ml,7501198350432_A,https://www.soriana.com/jugos-y-bebidas/,/refresco-canada-dry-ginger-600-ml/1023235.html,11.70,0.0,,,Gratis con 160 Puntos,Puntos 'dobles' al pagar con 'FALABELLA',2026-07-01
Jugos y bebidas,Refrescos,Refresco Sidral Mundet sabor Manzana 355 ml,7501055363162_A,https://www.soriana.com/jugos-y-bebidas/,/refresco-sidral-mundet-sabor-manzana-355-ml/11425270.html,22.90,0.0,,,Puntos 'dobles' al pagar con 'FALABELLA',,2026-07-01
Jugos y bebidas,Refrescos,Refresco Fresca Fusión 2 L,7501055379941_A,https://www.soriana.com/jugos-y-bebidas/,/refresco-fresca-fusion-2-l/11697940.html,26.50,0.0,,,Gratis con 300 Puntos,Puntos 'dobles' al pagar con 'FALABELLA',2026-07-01
Jugos y bebidas,Refrescos,Refresco Joya Ponche 600 ml,7501055314096_A,https://www.soriana.com/jugos-y-bebidas/,/refresco-joya-ponche-600-ml/1143023.html,7.00,0.0,,,Gratis con 160 Puntos,Puntos 'dobles' al pagar con 'FALABELLA',2026-07-01
Jugos y bebidas,Refrescos,Refresco Fanta Uva 600 Ml Botella,7501055304653_A,https://www.soriana.com/jugos-y-bebidas/,/refresco-fanta-uva-600-ml-botella/619595.html,21.00,0.0,,,Gratis con 160 Puntos,Puntos 'dobles' al pagar con 'FALABELLA',2026-07-01
Jugos y bebidas,Refrescos,Refresco Peñafiel Mandarina 600 ml,7501073831896_A,https://www.soriana.com/jugos-y-bebidas/,/refresco-penafiel-mandarina-600-ml/1017015.html,17.00,0.0,,,Gratis con 160 Puntos,Puntos 'dobles' al pagar con 'FALABELLA',2026-07-01
Jugos y bebidas,Refrescos,Refresco Peñafiel Fresa 600 ml,7501073831902_A,https://www.soriana.com/jugos-y-bebidas/,/refresco-penafiel-fresa-600-ml/1017016.html,17.00,0.0,,,Gratis con 160 Puntos,Puntos 'dobles' al pagar con 'FALABELLA',2026-07-01
Jugos y bebidas,Refrescos,Refresco Peñafiel Sangria 600 ml,7501073831933_A,https://www.soriana.com/jugos-y-bebidas/,/refresco-penafiel-sangria-600-ml/1017017.html,17.00,0.0,,,Gratis con 160 Puntos,Puntos 'dobles' al pagar con 'FALABELLA',2026-07-01
Jugos y bebidas,Refrescos,Refresco Peñafiel Mandarina 355 Ml,7501073831162_A,https://www.soriana.com/jugos-y-bebidas/,/refresco-penafiel-mandarina-355-ml/2440400.html,7.70,0.0,,,Puntos 'dobles' al pagar con 'FALABELLA',,2026-07-01
Jugos y bebidas,Refrescos,Refresco Ameyal Fresa Kiwi 355 ml,ameyal 355 fres kiwi (1),https://www.soriana.com/jugos-y-bebidas/,/refresco-ameyal-fresa-kiwi-355-ml/11932026.html,5.00,0.0,,,Puntos 'dobles' al pagar con 'FALABELLA',,2026-07-01
Jugos y bebidas,Refrescos,Refresco Ameyal Manzana Durazno 355 ml,AMEYAL 3557501055389612_1200X1200 (DD,https://www.soriana.com/jugos-y-bebidas/,/refresco-ameyal-manzana-durazno-355-ml/11932110.html,5.00,0.0,,,Puntos 'dobles' al pagar con 'FALABELLA',,2026-07-01
Jugos y bebidas,Refrescos,Refresco Peñafiel Manzanita 2 L Botella,7501073831988_A,https://www.soriana.com/jugos-y-bebidas/,/refresco-penafiel-manzanita-2-l-botella/599815.html,37.50,0.0,,,Gratis con 300 Puntos,Puntos 'dobles' al pagar con 'FALABELLA',2026-07-01
Jugos y bebidas,Refrescos,Peñafiel Twist Naranja y Sal 600 Ml,7501073840188_A,https://www.soriana.com/jugos-y-bebidas/,/penafiel-twist-naranja-y-sal-600-ml/11060197.html,22.50,0.0,,,Gratis con 160 Puntos,Puntos 'dobles' al pagar con 'FALABELLA',2026-07-01
Jugos y bebidas,Refrescos,Agua Mineral Peñafiel Adas Limonada 600 ml,7501073839885_A,https://www.soriana.com/jugos-y-bebidas/,/agua-mineral-penafiel-adas-limonada-600-ml/2523939.html,20.50,0.0,,,Gratis con 160 Puntos,Puntos 'dobles' al pagar con 'FALABELLA',2026-07-01
Jugos y bebidas,Refrescos,Refresco Sabor Naranja Precissimo 3 L Botella,7500093741598_A,https://www.soriana.com/jugos-y-bebidas/,/refresco-sabor-naranja-precissimo-3-l-botella/11261052.html,34.50,0.0,,,Gratis con 400 Puntos,Puntos 'dobles' al pagar con 'FALABELLA',2026-07-01
Jugos y bebidas,Refrescos,Refresco Caballitos Root Beer 2.5 Litros,0744886533466_A,https://www.soriana.com/jugos-y-bebidas/,/refresco-caballitos-root-beer-2.5-litros/11069770.html,32.50,0.0,,,Puntos 'dobles' al pagar con 'FALABELLA',,2026-07-01
Jugos y bebidas,Refrescos,Refresco 7 Up sabor Lima Limón 355 ml,7501022014554_A,https://www.soriana.com/jugos-y-bebidas/,/refresco-7-up-sabor-lima-limon-355-ml/11546074.html,19.00,0.0,,,Puntos 'dobles' al pagar con 'FALABELLA',,2026-07-01
Jugos y bebidas,Refrescos,Refresco Chaparritas sabor Piña 250 ml,7500326103490_A,https://www.soriana.com/jugos-y-bebidas/,/refresco-chaparritas-sabor-pina-250-ml/11090554.html,12.20,0.0,,,Puntos 'dobles' al pagar con 'FALABELLA',,2026-07-01
Jugos y bebidas,Refrescos,Refresco Joya Uva 600 ml,7501055314102_A,https://www.soriana.com/jugos-y-bebidas/,/refresco-joya-uva-600-ml/1186877.html,9.45,0.0,,,Gratis con 160 Puntos,Puntos 'dobles' al pagar con 'FALABELLA',2026-07-01
Jugos y bebidas,Refrescos,Refresco Sidral Light Lean Can 235ml 8pk,7501055350018_A,https://www.soriana.com/jugos-y-bebidas/,/refresco-sidral-light-lean-can-235ml-8pk/11425256.html,126.00,0.0,,,Puntos 'dobles' al pagar con 'FALABELLA',,2026-07-01
Jugos y bebidas,Refrescos,Refresco Cristal Cebada 1.5 lt Pet,7501032408367_A,https://www.soriana.com/jugos-y-bebidas/,/refresco-cristal-cebada-1.5-lt-pet/1066325.html,14.30,0.0,,,Puntos 'dobles' al pagar con 'FALABELLA',,2026-07-01
Jugos y bebidas,Refrescos,Bebida Chupa Chups Uva 345 Ml,8801069402475_A,https://www.soriana.com/jugos-y-bebidas/,/bebida-chupa-chups-uva-345-ml/11439008.html,30.00,0.0,,,Puntos 'dobles' al pagar con 'FALABELLA',,2026-07-01
Jugos y bebidas,Refrescos,Agua Mineral La Croix Lata Naranja 2.84 L 8 Pack,0012993126834_A,https://www.soriana.com/jugos-y-bebidas/,/agua-mineral-la-croix-lata-naranja-2.84-l-8-pack/11663033.html,194.00,0.0,,,Puntos 'dobles' al pagar con 'FALABELLA',,2026-07-01
Jugos y bebidas,Refrescos,Maison Perrier Chic Lemonjito 250 ml,8445291820692_A,https://www.soriana.com/jugos-y-bebidas/,/maison-perrier-chic-lemonjito-250-ml/11893127.html,22.50,0.0,,,Puntos 'dobles' al pagar con 'FALABELLA',,2026-07-01
Jugos y bebidas,Refrescos,Refresco Precissimo sabor Piña 3 L,7500093741567_A,https://www.soriana.com/jugos-y-bebidas/,/refresco-precissimo-sabor-pina-3-l/11261039.html,34.50,0.0,,,Gratis con 400 Puntos,Puntos 'dobles' al pagar con 'FALABELLA',2026-07-01
Jugos y bebidas,Refrescos,Refresco Precíssimo sabor Toronja 3 L,7500093741581_A,https://www.soriana.com/jugos-y-bebidas/,/refresco-precissimo-sabor-toronja-3-l/11261051.html,34.50,0.0,,,Gratis con 400 Puntos,Puntos 'dobles' al pagar con 'FALABELLA',2026-07-01
Jugos y bebidas,Refrescos,Refresco Fanta sabor Naranja 355 ml,7501055362585_A,https://www.soriana.com/jugos-y-bebidas/,/refresco-fanta-sabor-naranja-355-ml/11425271.html,22.90,0.0,,,Puntos 'dobles' al pagar con 'FALABELLA',,2026-07-01
Jugos y bebidas,Refrescos,Refresco Red Cola 400 Ml Pet Pza,0606110023849_A,https://www.soriana.com/jugos-y-bebidas/,/refresco-red-cola-400-ml-pet-pza/11457319.html,11.00,0.0,,,Puntos 'dobles' al pagar con 'FALABELLA',,2026-07-01
Jugos y bebidas,Refrescos,Refresco Sidral Mundet sabor Manzana 6 Pack Lata 355 ml,7501055365517_A,https://www.soriana.com/jugos-y-bebidas/,/refresco-sidral-mundet-sabor-manzana-6-pack-lata-355-ml/11425272.html,123.00,0.0,,,Puntos 'dobles' al pagar con 'FALABELLA',,2026-07-01
Jugos y bebidas,Refrescos,Yoli Refresco Limon 355 Ml Lat,7501055331727_A,https://www.soriana.com/jugos-y-bebidas/,/yoli-refresco-limon-355-ml-lat/1549417.html,7.84,0.0,,,Puntos 'dobles' al pagar con 'FALABELLA',,2026-07-01
Jugos y bebidas,Refrescos,Refresco Chaparritas sabor Uva 250 ml,7500326103506_A,https://www.soriana.com/jugos-y-bebidas/,/refresco-chaparritas-sabor-uva-250-ml/11090555.html,12.80,0.0,,,Puntos 'dobles' al pagar con 'FALABELLA',,2026-07-01
Jugos y bebidas,Refrescos,Refresco Sprite Zero sabor Lima Limón 355 ml,7501055363193_A,https://www.soriana.com/jugos-y-bebidas/,/refresco-sprite-zero-sabor-lima-limon-355-ml/11425254.html,21.90,0.0,,,Puntos 'dobles' al pagar con 'FALABELLA',,2026-07-01
Jugos y bebidas,Refrescos,Refresco Cristal Negra 600 ml Pet,7501032408329_A,https://www.soriana.com/jugos-y-bebidas/,/refresco-cristal-negra-600-ml-pet/1061315.html,10.91,0.0,,,Gratis con 160 Puntos,Puntos 'dobles' al pagar con 'FALABELLA',2026-07-01
Jugos y bebidas,Refrescos,Refresco Chaparritas sabor Mandarina 250 ml,7500326103483_A,https://www.soriana.com/jugos-y-bebidas/,/refresco-chaparritas-sabor-mandarina-250-ml/11090553.html,12.80,0.0,,,Puntos 'dobles' al pagar con 'FALABELLA',,2026-07-01
Jugos y bebidas,Refrescos,Refresco 7 Up sabor Lima Limón 400 ml,7501022013885_A,https://www.soriana.com/jugos-y-bebidas/,/refresco-7-up-sabor-lima-limon-400-ml/11435726.html,12.70,0.0,3 x 30.00,,Puntos 'dobles' al pagar con 'FALABELLA',,2026-07-01
Jugos y bebidas,Refrescos,Refresco Joya Sabor Manzana 355 Ml Lata,7501055314027_A,https://www.soriana.com/jugos-y-bebidas/,/refresco-joya-sabor-manzana-355-ml-lata/254357.html,7.25,0.0,,,Puntos 'dobles' al pagar con 'FALABELLA',,2026-07-01
Jugos y bebidas,Refrescos,Refresco Sangría Señorial 1 L,7500326103322_A,https://www.soriana.com/jugos-y-bebidas/,/refresco-sangria-senorial-1-l/3023416.html,34.50,0.0,,,Puntos 'dobles' al pagar con 'FALABELLA',,2026-07-01
Jugos y bebidas,Refrescos,Agua Tónica Franklin & Sons Natural Indian Botella 200 ml,5032678004870_A,https://www.soriana.com/jugos-y-bebidas/,/agua-tonica-franklin-sons-natural-indian-botella-200-ml/11582144.html,52.00,0.0,,,Puntos 'dobles' al pagar con 'FALABELLA',,2026-07-01
Jugos y bebidas,Refrescos,Refresco Precíssimo sabor Lima Limon 3 L,7500093741574_A,https://www.soriana.com/jugos-y-bebidas/,/refresco-precissimo-sabor-lima-limon-3-l/11261050.html,34.50,0.0,,,Gratis con 400 Puntos,Puntos 'dobles' al pagar con 'FALABELLA',2026-07-01
Jugos y bebidas,Refrescos,Refresco Pepsi Diet sin Cafeína 12 Pack Lata 355 ml,0012000810039_A,https://www.soriana.com/jugos-y-bebidas/,/refresco-pepsi-diet-sin-cafeina-12-pack-lata-355-ml/2169521.html,279.90,0.0,,,Puntos 'dobles' al pagar con 'FALABELLA',,2026-07-01
Jugos y bebidas,Refrescos,Agua Mineral Velvet Soda sabor Pomelo 275 ml,7500326303449_A,https://www.soriana.com/jugos-y-bebidas/,/agua-mineral-velvet-soda-sabor-pomelo-275-ml/11203028.html,47.90,0.0,2 x 84.00,,Puntos 'dobles' al pagar con 'FALABELLA',,2026-07-01
Jugos y bebidas,Refrescos,Refresco Vita Fresa 3 Lt Pet,7501371001366_A,https://www.soriana.com/jugos-y-bebidas/,/refresco-vita-fresa-3-lt-pet/1111668.html,38.00,0.0,4 x 3,,Gratis con 400 Puntos,Puntos 'dobles' al pagar con 'FALABELLA',2026-07-01
Jugos y bebidas,Refrescos,Refresco Ameyal 2 lts,7501055327270_A,https://www.soriana.com/jugos-y-bebidas/,/refresco-ameyal-2-lts/11200393.html,26.50,0.0,,,Gratis con 300 Puntos,Puntos 'dobles' al pagar con 'FALABELLA',2026-07-01
Jugos y bebidas,Refrescos,Refresco Sprite Zero 6 Pack Lata 355 ml,7501055367696_A,https://www.soriana.com/jugos-y-bebidas/,/refresco-sprite-zero-6-pack-lata-355-ml/11470848.html,117.00,0.0,,,Puntos 'dobles' al pagar con 'FALABELLA',,2026-07-01
Jugos y bebidas,Refrescos,Refresco Cristal Fresa 600 ml Pet,7501032408077_A,https://www.soriana.com/jugos-y-bebidas/,/refresco-cristal-fresa-600-ml-pet/1061307.html,21.10,0.0,,,Gratis con 160 Puntos,Puntos 'dobles' al pagar con 'FALABELLA',2026-07-01
Jugos y bebidas,Refrescos,Bebida Naranja Chupa Chups 345 Ml,8801069402468_A,https://www.soriana.com/jugos-y-bebidas/,/bebida-naranja-chupa-chups-345-ml/11439007.html,30.00,0.0,,,Puntos 'dobles' al pagar con 'FALABELLA',,2026-07-01
Jugos y bebidas,Refrescos,Refresco Ameyal sabor Fresa Kiwi 600 ml,7501055327300_A,https://www.soriana.com/jugos-y-bebidas/,/refresco-ameyal-sabor-fresa-kiwi-600-ml/11033723.html,18.00,0.0,,,Gratis con 160 Puntos,Puntos 'dobles' al pagar con 'FALABELLA',2026-07-01
Jugos y bebidas,Refrescos,Refresco Piña Pet Caballitos 2.5 lt Caja,0744886153466_A,https://www.soriana.com/jugos-y-bebidas/,/refresco-pina-pet-caballitos-2.5-lt-caja/11069761.html,32.50,0.0,,,Gratis con 400 Puntos,Puntos 'dobles' al pagar con 'FALABELLA',2026-07-01
Jugos y bebidas,Refrescos,Refresco Sprite sabor Lima Limón 6 Pack Lata 355 ml,7501055365548_A,https://www.soriana.com/jugos-y-bebidas/,/refresco-sprite-sabor-lima-limon-6-pack-lata-355-ml/11425259.html,123.00,0.0,,,Puntos 'dobles' al pagar con 'FALABELLA',,2026-07-01
Jugos y bebidas,Refrescos,Refresco Yoli Limon 2 Lt Pet,7501055329946_A,https://www.soriana.com/jugos-y-bebidas/,/refresco-yoli-limon-2-lt-pet/1549415.html,26.90,0.0,,,Gratis con 300 Puntos,Puntos 'dobles' al pagar con 'FALABELLA',2026-07-01
Jugos y bebidas,Refrescos,Refresco Manzana California Pieza 600 Ml,0761746000302_A,https://www.soriana.com/jugos-y-bebidas/,/refresco-manzana-california-pieza-600-ml/641615.html,16.00,0.0,,,Gratis con 160 Puntos,Puntos 'dobles' al pagar con 'FALABELLA',2026-07-01
Jugos y bebidas,Refrescos,Sidral Mundet Sidral Mundet Fresa Kiwi,7501055376674_A,https://www.soriana.com/jugos-y-bebidas/,/sidral-mundet-sidral-mundet-fresa-kiwi/11674507.html,19.90,0.0,,,Puntos 'dobles' al pagar con 'FALABELLA',,2026-07-01
Jugos y bebidas,Refrescos,Refresco Coca Cola Vainilla 12 Pack Lata 355 ml,0049000031249_A,https://www.soriana.com/jugos-y-bebidas/,/refresco-coca-cola-vainilla-12-pack-lata-355-ml/2201633.html,289.90,0.0,,,Puntos 'dobles' al pagar con 'FALABELLA',,2026-07-01
Jugos y bebidas,Refrescos,Refresco Peñafiel Light Manzanita 600 ml,7501073839328_A,https://www.soriana.com/jugos-y-bebidas/,/refresco-penafiel-light-manzanita-600-ml/2322724.html,21.50,0.0,,,Gratis con 160 Puntos,Puntos 'dobles' al pagar con 'FALABELLA',2026-07-01
Jugos y bebidas,Refrescos,Refresco Joya Piña 2.5 Lt Bot,7501055314201_A,https://www.soriana.com/jugos-y-bebidas/,/refresco-joya-pina-2.5-lt-bot/1186819.html,23.00,0.0,,,Gratis con 400 Puntos,Puntos 'dobles' al pagar con 'FALABELLA',2026-07-01
Jugos y bebidas,Refrescos,Refresco Chaparritas Mandarina 255 Ml Botella,7503018023786_A,https://www.soriana.com/jugos-y-bebidas/,/refresco-chaparritas-mandarina-255-ml-botella/11439982.html,12.80,0.0,,,Puntos 'dobles' al pagar con 'FALABELLA',,2026-07-01
Jugos y bebidas,Refrescos,Refresco Ameyal Pera 600 ml,600_ 1200x1200 ed,https://www.soriana.com/jugos-y-bebidas/,/refresco-ameyal-pera-600-ml/11932027.html,16.00,0.0,,,Puntos 'dobles' al pagar con 'FALABELLA',,2026-07-01
Jugos y bebidas,Refrescos,Refresco Manzanita Sol 1.5 lts,7501022015384_A,https://www.soriana.com/jugos-y-bebidas/,/refresco-manzanita-sol-1.5-lts/11930416.html,32.00,0.0,4 x 3,,Puntos 'dobles' al pagar con 'FALABELLA',,2026-07-01
Jugos y bebidas,Refrescos,Refresco Fanta Uva 1.75 Lt Pet,7501055327980_A,https://www.soriana.com/jugos-y-bebidas/,/refresco-fanta-uva-1.75-lt-pet/2404983.html,13.00,0.0,,,Gratis con 300 Puntos,Puntos 'dobles' al pagar con 'FALABELLA',2026-07-01
Jugos y bebidas,Refrescos,Refresco Pet N.R. 2 Lt Zubba,0744886293056_A,https://www.soriana.com/jugos-y-bebidas/,/refresco-pet-n.r.-2-lt-zubba/1240004.html,33.00,0.0,,,Gratis con 300 Puntos,Puntos 'dobles' al pagar con 'FALABELLA',2026-07-01
Jugos y bebidas,Refrescos,Agua Mineral Ciel 2 lt,7501055305742_A,https://www.soriana.com/jugos-y-bebidas/,/agua-mineral-ciel-2-lt/1028319.html,30.90,0.0,,,Gratis con 300 Puntos,Puntos 'dobles' al pagar con 'FALABELLA',2026-07-01
Jugos y bebidas,Refrescos,Refresco Sprite Lima Limon 500 ml,7501055305612_A,https://www.soriana.com/jugos-y-bebidas/,/refresco-sprite-lima-limon-500-ml/628624.html,14.00,0.0,,,Puntos 'dobles' al pagar con 'FALABELLA',,2026-07-01
Jugos y bebidas,Refrescos,Agua Mineral Vichy Catalán Botella 1 L,8410749001107_A,https://www.soriana.com/jugos-y-bebidas/,/agua-mineral-vichy-catalan-botella-1-l/11153781.html,85.90,0.0,,,Puntos 'dobles' al pagar con 'FALABELLA',,2026-07-01
Jugos y bebidas,Refrescos,Agua Mineral Ciel Lata 355 ml,7501055365630_A,https://www.soriana.com/jugos-y-bebidas/,/agua-mineral-ciel-lata-355-ml/11425277.html,23.50,0.0,,,Puntos 'dobles' al pagar con 'FALABELLA',,2026-07-01
Jugos y bebidas,Refrescos,Refresco Sidral Mundet sabor Manzana 8 Pack Lata 235 ml,7501055349999_A,https://www.soriana.com/jugos-y-bebidas/,/refresco-sidral-mundet-sabor-manzana-8-pack-lata-235-ml/11425273.html,133.00,0.0,,,Puntos 'dobles' al pagar con 'FALABELLA',,2026-07-01
Jugos y bebidas,Refrescos,Refresco Cristal Negra 3 lt Bot,7501032412210_A,https://www.soriana.com/jugos-y-bebidas/,/refresco-cristal-negra-3-lt-bot/11033982.html,25.00,0.0,,,Puntos 'dobles' al pagar con 'FALABELLA',,2026-07-01
Jugos y bebidas,Refrescos,Refresco Senzao sabor Guaraná 2 L,7501055377022_A,https://www.soriana.com/jugos-y-bebidas/,/refresco-senzao-sabor-guarana-2-l/11590877.html,36.50,0.0,,,Puntos 'dobles' al pagar con 'FALABELLA',,2026-07-01
Jugos y bebidas,Refrescos,Refresco Coca Cola 2 lt + Del Valle Fizz Naranjada 2 lt,7501055384471_A,https://www.soriana.com/jugos-y-bebidas/,/refresco-coca-cola-2-lt-del-valle-fizz-naranjada-2-lt/11920774.html,69.00,0.0,,,Puntos 'dobles' al pagar con 'FALABELLA',,2026-07-01
Jugos y bebidas,Refrescos,Refresco Ameyal Pera 355 ml,ameyal pera 355 (1),https://www.soriana.com/jugos-y-bebidas/,/refresco-ameyal-pera-355-ml/11931969.html,5.00,0.0,,,Puntos 'dobles' al pagar con 'FALABELLA',,2026-07-01
Jugos y bebidas,Refrescos,Agua Mineral Velvet Soda sabor Maracuyá 275 ml,7500326303432_A,https://www.soriana.com/jugos-y-bebidas/,/agua-mineral-velvet-soda-sabor-maracuya-275-ml/11203029.html,47.90,0.0,2 x 84.00,,Puntos 'dobles' al pagar con 'FALABELLA',,2026-07-01
Jugos y bebidas,Refrescos,Refresco Manzana Pieza 2 Lt California,0761746000319_A,https://www.soriana.com/jugos-y-bebidas/,/refresco-manzana-pieza-2-lt-california/641616.html,31.50,0.0,,,Gratis con 300 Puntos,Puntos 'dobles' al pagar con 'FALABELLA',2026-07-01
Jugos y bebidas,Refrescos,Refresco Cristal Fresa-Kiri 600 ml,7501055390663_A,https://www.soriana.com/jugos-y-bebidas/,/refresco-cristal-fresa-kiri-600-ml/11905735.html,21.50,0.0,,,Puntos 'dobles' al pagar con 'FALABELLA',,2026-07-01
Jugos y bebidas,Refrescos,4 Pack Refreso Curiosity Cola Fentimans 200 ml,667450001164_A,https://www.soriana.com/jugos-y-bebidas/,/4-pack-refreso-curiosity-cola-fentimans-200-ml/11887088.html,239.00,0.0,,,Puntos 'dobles' al pagar con 'FALABELLA',,2026-07-01
Jugos y bebidas,Refrescos,Refresco Mirinda 1.5 lts,7501022015292_A,https://www.soriana.com/jugos-y-bebidas/,/refresco-mirinda-1.5-lts/11930398.html,32.00,0.0,4 x 3,,Puntos 'dobles' al pagar con 'FALABELLA',,2026-07-01
Jugos y bebidas,Refrescos,Agua Tónica Franklin & Sons Mandarina 200 Ml Botella,5032678008106_A,https://www.soriana.com/jugos-y-bebidas/,/agua-tonica-franklin-sons-mandarina-200-ml-botella/11582207.html,52.00,0.0,,,Puntos 'dobles' al pagar con 'FALABELLA',,2026-07-01
Jugos y bebidas,Refrescos,Bebida de Manzana Chihuahua Félix 355 ml,7500462969608_A,https://www.soriana.com/jugos-y-bebidas/,/bebida-de-manzana-chihuahua-felix-355-ml/11894374.html,38.50,0.0,,,Puntos 'dobles' al pagar con 'FALABELLA',,2026-07-01
Jugos y bebidas,Refrescos,Refresco Peñafiel Fresa 600 ml,7501073839304_A,https://www.soriana.com/jugos-y-bebidas/,/refresco-penafiel-fresa-600-ml/2322723.html,21.50,0.0,,,Gratis con 160 Puntos,Puntos 'dobles' al pagar con 'FALABELLA',2026-07-01
Jugos y bebidas,Refrescos,Agua Mineral Skarch 600 Ml Pet,0744886523238_A,https://www.soriana.com/jugos-y-bebidas/,/agua-mineral-skarch-600-ml-pet/624419.html,13.00,0.0,,,Gratis con 160 Puntos,Puntos 'dobles' al pagar con 'FALABELLA',2026-07-01
Jugos y bebidas,Refrescos,Refresco Coca Cola Cherry 12 Pack Lata 355 ml,0049000031034_A,https://www.soriana.com/jugos-y-bebidas/,/refresco-coca-cola-cherry-12-pack-lata-355-ml/2323066.html,289.90,0.0,,,Puntos 'dobles' al pagar con 'FALABELLA',,2026-07-01
Jugos y bebidas,Refrescos,Refresco Royal Crown Cola Botella 600 ml,7501198350555_A,https://www.soriana.com/jugos-y-bebidas/,/refresco-royal-crown-cola-botella-600-ml/11849569.html,16.00,0.0,,,Gratis con 160 Puntos,Puntos 'dobles' al pagar con 'FALABELLA',2026-07-01
Jugos y bebidas,Refrescos,Refresco Mirinda Naranja Sin calorías 6 Pack Latas 237 ml,7501022015650_A,https://www.soriana.com/jugos-y-bebidas/,/refresco-mirinda-naranja-sin-calorias-6-pack-latas-237-ml/11852069.html,67.00,0.0,,,Puntos 'dobles' al pagar con 'FALABELLA',,2026-07-01
Jugos y bebidas,Refrescos,Refresco Ameyal Pera 2 lts,ameyal pera 2 litros (1),https://www.soriana.com/jugos-y-bebidas/,/refresco-ameyal-pera-2-lts/11931968.html,26.50,0.0,,,Puntos 'dobles' al pagar con 'FALABELLA',,2026-07-01
Jugos y bebidas,Refrescos,Refresco Squirt Light Toronja 6 Pack Lata 237 ml,7501071140587_A,https://www.soriana.com/jugos-y-bebidas/,/refresco-squirt-light-toronja-6-pack-lata-237-ml/2388018.html,60.50,0.0,4 x 3,,Puntos 'dobles' al pagar con 'FALABELLA',,2026-07-01
Jugos y bebidas,Refrescos,Refresco Pepsi Light 237 ml 6 Pack,7501031306145_A,https://www.soriana.com/jugos-y-bebidas/,/refresco-pepsi-light-237-ml-6-pack/2095503.html,69.90,0.0,,,Puntos 'dobles' al pagar con 'FALABELLA',,2026-07-01
Jugos y bebidas,Refrescos,Refresco Peñafiel Sabor Manzana Roja 2 L Botella,7501073845534_A,https://www.soriana.com/jugos-y-bebidas/,/refresco-penafiel-sabor-manzana-roja-2-l-botella/11647103.html,36.50,0.0,,,Gratis con 300 Puntos,Puntos 'dobles' al pagar con 'FALABELLA',2026-07-01
Jugos y bebidas,Refrescos,Refresco Peñafiel Mandarina 2 L Botella,7501073831957_A,https://www.soriana.com/jugos-y-bebidas/,/refresco-penafiel-mandarina-2-l-botella/383940.html,37.50,0.0,,,Gratis con 300 Puntos,Puntos 'dobles' al pagar con 'FALABELLA',2026-07-01
Jugos y bebidas,Refrescos,Refresco Manzana,0744886195466_A,https://www.soriana.com/jugos-y-bebidas/,/refresco-manzana/9049551.html,35.00,0.0,,,Gratis con 400 Puntos,Puntos 'dobles' al pagar con 'FALABELLA',2026-07-01
Jugos y bebidas,Refrescos,Refresco Ameyal Piña 355 ml,AMEYAL 355 PIÑA (1),https://www.soriana.com/jugos-y-bebidas/,/refresco-ameyal-pina-355-ml/11931970.html,5.00,0.0,,,Puntos 'dobles' al pagar con 'FALABELLA',,2026-07-01
Jugos y bebidas,Refrescos,Agua Mineral,0030385246007_A,https://www.soriana.com/jugos-y-bebidas/,/agua-mineral/9001566.html,18.00,0.0,,,Gratis con 160 Puntos,Puntos 'dobles' al pagar con 'FALABELLA',2026-07-01
Jugos y bebidas,Refrescos,Refresco Ameyal Manzana Durazno 600 ml,ameyal (1),https://www.soriana.com/jugos-y-bebidas/,/refresco-ameyal-manzana-durazno-600-ml/11931948.html,15.00,0.0,,,Puntos 'dobles' al pagar con 'FALABELLA',,2026-07-01
Jugos y bebidas,Refrescos,Refresco sin Gas Chaparritas sabor Piña Botella 250 ml,7503018023809_A,https://www.soriana.com/jugos-y-bebidas/,/refresco-sin-gas-chaparritas-sabor-pina-botella-250-ml/11439984.html,12.80,0.0,,,Puntos 'dobles' al pagar con 'FALABELLA',,2026-07-01
Jugos y bebidas,Refrescos,Refresco Fanta Misterio 355 ml,7501055376698_A,https://www.soriana.com/jugos-y-bebidas/,/refresco-fanta-misterio-355-ml/11584536.html,6.00,0.0,,,Puntos 'dobles' al pagar con 'FALABELLA',,2026-07-01
Jugos y bebidas,Refrescos,Refresco Squirt Cantarito 400 ml,7501071140884_A,https://www.soriana.com/jugos-y-bebidas/,/refresco-squirt-cantarito-400-ml/11931832.html,12.00,0.0,,,Puntos 'dobles' al pagar con 'FALABELLA',,2026-07-01
Jugos y bebidas,Refrescos,Refresco Chaparritas sabor Guayaba 255 ml en Vidrio,7503029481650_A,https://www.soriana.com/jugos-y-bebidas/,/refresco-chaparritas-sabor-guayaba-255-ml-en-vidrio/11928193.html,13.80,0.0,,,Puntos 'dobles' al pagar con 'FALABELLA',,2026-07-01
Jugos y bebidas,Refrescos,Refresco Chaparritas sabor Tamarindo 250 ml,7503029481797_A,https://www.soriana.com/jugos-y-bebidas/,/refresco-chaparritas-sabor-tamarindo-250-ml/11928191.html,11.50,0.0,,,Puntos 'dobles' al pagar con 'FALABELLA',,2026-07-01
Jugos y bebidas,Refrescos,4 Pack Refresco de Jengibre Fentimans 200 ml,667450001119_A,https://www.soriana.com/jugos-y-bebidas/,/4-pack-refresco-de-jengibre-fentimans-200-ml/11887023.html,239.00,0.0,,,Puntos 'dobles' al pagar con 'FALABELLA',,2026-07-01
Jugos y bebidas,Refrescos,Agua Mineral Topo Chico con Twist sabor Toronja 600 ml,0021136016185_A,https://www.soriana.com/jugos-y-bebidas/,/agua-mineral-topo-chico-con-twist-sabor-toronja-600-ml/11532023.html,23.50,0.0,,,Gratis con 160 Puntos,Puntos 'dobles' al pagar con 'FALABELLA',2026-07-01
Jugos y bebidas,Refrescos,Refresco Cristal Cebada 600 ml Pet,7501032408336_A,https://www.soriana.com/jugos-y-bebidas/,/refresco-cristal-cebada-600-ml-pet/1061316.html,10.91,0.0,,,Gratis con 160 Puntos,Puntos 'dobles' al pagar con 'FALABELLA',2026-07-01
Jugos y bebidas,Refrescos,Refresco Joya Manzana 600 Ml Botella,7501055314133_A,https://www.soriana.com/jugos-y-bebidas/,/refresco-joya-manzana-600-ml-botella/628386.html,10.00,0.0,,,Gratis con 160 Puntos,Puntos 'dobles' al pagar con 'FALABELLA',2026-07-01
Jugos y bebidas,Refrescos,Refresco Peñafiel Sabor Manzana Roja 600 Ml Botella,7501073845565_A,https://www.soriana.com/jugos-y-bebidas/,/refresco-penafiel-sabor-manzana-roja-600-ml-botella/11647134.html,20.50,0.0,,,Gratis con 160 Puntos,Puntos 'dobles' al pagar con 'FALABELLA',2026-07-01
Jugos y bebidas,Refrescos,Refresco Victoria Fresa-Kiwi 600 ml,7501055328857_A,https://www.soriana.com/jugos-y-bebidas/,/refresco-victoria-fresa-kiwi-600-ml/11903374.html,19.50,0.0,,,Puntos 'dobles' al pagar con 'FALABELLA',,2026-07-01
Jugos y bebidas,Refrescos,Refresco Escuis Fresa-Kiwi 2 lt,7501055327881_A,https://www.soriana.com/jugos-y-bebidas/,/refresco-escuis-fresa-kiwi-2-lt/11903373.html,30.00,0.0,,,Puntos 'dobles' al pagar con 'FALABELLA',,2026-07-01
Jugos y bebidas,Refrescos,Refresco Victoria Manzana-Durazno 600 ml,7501055388554_A,https://www.soriana.com/jugos-y-bebidas/,/refresco-victoria-manzana-durazno-600-ml/11903339.html,19.50,0.0,,,Puntos 'dobles' al pagar con 'FALABELLA',,2026-07-01
Jugos y bebidas,Refrescos,Refresco Barrilitos Durazno sin Azúcar 750 ml,7503029481674_A,https://www.soriana.com/jugos-y-bebidas/,/refresco-barrilitos-durazno-sin-azucar-750-ml/11928166.html,17.00,0.0,,,Puntos 'dobles' al pagar con 'FALABELLA',,2026-07-01
Jugos y bebidas,Refrescos,Refresco Barrilitos Durazno sin Azúcar 2 lts,7503029481711_A,https://www.soriana.com/jugos-y-bebidas/,/refresco-barrilitos-durazno-sin-azucar-2-lts/11928128.html,37.00,0.0,,,Puntos 'dobles' al pagar con 'FALABELLA',,2026-07-01
Jugos y bebidas,Refrescos,Refresco Sprite sin Azúcar 300 ml,7501055373727_A,https://www.soriana.com/jugos-y-bebidas/,/refresco-sprite-sin-azucar-300-ml/11891430.html,8.00,0.0,,,Puntos 'dobles' al pagar con 'FALABELLA',,2026-07-01
Jugos y bebidas,Refrescos,Refresco Peñafiel Manzanita 355 Ml,7501073831186_A,https://www.soriana.com/jugos-y-bebidas/,/refresco-penafiel-manzanita-355-ml/2440403.html,7.70,0.0,,,Puntos 'dobles' al pagar con 'FALABELLA',,2026-07-01
Jugos y bebidas,Refrescos,Agua Mineral Peñafiel sabor Coco 600 ml,7501073842274_A,https://www.soriana.com/jugos-y-bebidas/,/agua-mineral-penafiel-sabor-coco-600-ml/11273947.html,17.50,0.0,,,Gratis con 160 Puntos,Puntos 'dobles' al pagar con 'FALABELLA',2026-07-01
Jugos y bebidas,Refrescos,Refresco Mirinda 0 Calorias 400 ml,7501022016008_A,https://www.soriana.com/jugos-y-bebidas/,/refresco-mirinda-0-calorias-400-ml/11882413.html,12.00,0.0,3 x 30.00,,Puntos 'dobles' al pagar con 'FALABELLA',,2026-07-01
Jugos y bebidas,Refrescos,Refresco Caballito Naranja 2 Lt Pet,7448860453414_A,https://www.soriana.com/jugos-y-bebidas/,/refresco-caballito-naranja-2-lt-pet/619283.html,25.00,0.0,,,Gratis con 300 Puntos,Puntos 'dobles' al pagar con 'FALABELLA',2026-07-01
Jugos y bebidas,Refrescos,8 pack Agua Mineral La Croix Limon Amarillo en Lata 355 ml,012993126810_A,https://www.soriana.com/jugos-y-bebidas/,/8-pack-agua-mineral-la-croix-limon-amarillo-en-lata-355-ml/11885511.html,179.00,0.0,,,Puntos 'dobles' al pagar con 'FALABELLA',,2026-07-01
Jugos y bebidas,Refrescos,Refresco Manzanita Sol Sin calorías 6 Pack Latas 237 ml,7501022015506_A,https://www.soriana.com/jugos-y-bebidas/,/refresco-manzanita-sol-sin-calorias-6-pack-latas-237-ml/11803471.html,67.00,0.0,,,Puntos 'dobles' al pagar con 'FALABELLA',,2026-07-01
Jugos y bebidas,Refrescos,Refresco Chaparrita Sabores surtidos 6 Pack Botellas 250 ml,7503018023847_A,https://www.soriana.com/jugos-y-bebidas/,/refresco-chaparrita-sabores-surtidos-6-pack-botellas-250-ml/11724365.html,60.00,0.0,,,Puntos 'dobles' al pagar con 'FALABELLA',,2026-07-01
Jugos y bebidas,Refrescos,Parasol Mango Petacon 355 Ml Lata,7500463200748_A,https://www.soriana.com/jugos-y-bebidas/,/parasol-mango-petacon-355-ml-lata/11673445.html,20.90,0.0,,,Puntos 'dobles' al pagar con 'FALABELLA',,2026-07-01
Jugos y bebidas,Refrescos,Refresco Uva Zubba 600 Ml,0744886225231_A,https://www.soriana.com/jugos-y-bebidas/,/refresco-uva-zubba-600-ml/624418.html,17.50,0.0,,,Gratis con 160 Puntos,Puntos 'dobles' al pagar con 'FALABELLA',2026-07-01
Jugos y bebidas,Refrescos,Maison Perrier Chic Roséllini 250 ml,8445291821835_A,https://www.soriana.com/jugos-y-bebidas/,/maison-perrier-chic-rosellini-250-ml/11893128.html,22.50,0.0,,,Puntos 'dobles' al pagar con 'FALABELLA',,2026-07-01
Jugos y bebidas,Refrescos,Refresco Canada Dry Zero Sugar 355 Ml 12 Piezas,0078000148169_A,https://www.soriana.com/jugos-y-bebidas/,/refresco-canada-dry-zero-sugar-355-ml-12-piezas/11585251.html,330.00,0.0,,,Puntos 'dobles' al pagar con 'FALABELLA',,2026-07-01
Jugos y bebidas,Refrescos,10 pack de 8 Coca Cola Regular + 2 Coca Cola Zero gratis 235 ml,7501055359035_A,https://www.soriana.com/jugos-y-bebidas/,/10-pack-de-8-coca-cola-regular-2-coca-cola-zero-gratis-235-ml/11888060.html,152.00,0.0,,,Puntos 'dobles' al pagar con 'FALABELLA',,2026-07-01
Jugos y bebidas,Refrescos,Refresco Escuis Manzana-Durazno 600 ml,7501055379279_A,https://www.soriana.com/jugos-y-bebidas/,/refresco-escuis-manzana-durazno-600-ml/11903430.html,19.00,0.0,,,Puntos 'dobles' al pagar con 'FALABELLA',,2026-07-01
Jugos y bebidas,Refrescos,Agua Mineral De Lourdes 355 Ml Bot,0030385371020_A,https://www.soriana.com/jugos-y-bebidas/,/agua-mineral-de-lourdes-355-ml-bot/630329.html,13.50,0.0,,,Puntos 'dobles' al pagar con 'FALABELLA',,2026-07-01
Jugos y bebidas,Refrescos,Refresco Del Valle Fizz Limonada2 L Botella,7501055379538_A,https://www.soriana.com/jugos-y-bebidas/,/refresco-del-valle-fizz-limonada2-l-botella/11684938.html,25.50,0.0,,,Gratis con 300 Puntos,Puntos 'dobles' al pagar con 'FALABELLA',2026-07-01
Jugos y bebidas,Refrescos,Refresco Caballito Mandarina 2 Lt Pet,0744886034055_A,https://www.soriana.com/jugos-y-bebidas/,/refresco-caballito-mandarina-2-lt-pet/1278236.html,33.00,0.0,,,Gratis con 300 Puntos,Puntos 'dobles' al pagar con 'FALABELLA',2026-07-01
Jugos y bebidas,Refrescos,Refresco Sangría Señorial 0% azúcar Botella 355 ml,7503029481490_A,https://www.soriana.com/jugos-y-bebidas/,/refresco-sangria-senorial-0--azucar-botella-355-ml/11855359.html,10.60,0.0,,,Puntos 'dobles' al pagar con 'FALABELLA',,2026-07-01
Jugos y bebidas,Refrescos,Parasol Lima Yucateca 355 Ml Lata,7500463200755_A,https://www.soriana.com/jugos-y-bebidas/,/parasol-lima-yucateca-355-ml-lata/11673519.html,20.90,0.0,,,Puntos 'dobles' al pagar con 'FALABELLA',,2026-07-01
Jugos y bebidas,Refrescos,Agua Mineral Peñafiel Adas sabor Manzanada 600 ml,7501073842717_A,https://www.soriana.com/jugos-y-bebidas/,/agua-mineral-penafiel-adas-sabor-manzanada-600-ml/11436356.html,21.50,0.0,,,Gratis con 160 Puntos,Puntos 'dobles' al pagar con 'FALABELLA',2026-07-01
Jugos y bebidas,Refrescos,Agua Mineral Sabor Mango Fresa Free Life 355 ml,7503035407507_A,https://www.soriana.com/jugos-y-bebidas/,/agua-mineral-sabor-mango-fresa-free-life-355-ml/11857125.html,20.90,0.0,,,Puntos 'dobles' al pagar con 'FALABELLA',,2026-07-01
Jugos y bebidas,Refrescos,Refresco Peñafiel Manzanita 600 ml,7501073831926_A,https://www.soriana.com/jugos-y-bebidas/,/refresco-penafiel-manzanita-600-ml/1017014.html,17.00,0.0,,,Gratis con 160 Puntos,Puntos 'dobles' al pagar con 'FALABELLA',2026-07-01
Jugos y bebidas,Refrescos,Refresco Senzao Guarana 3 lts,Senzao 3L_72-dpi,https://www.soriana.com/jugos-y-bebidas/,/refresco-senzao-guarana-3-lts/11931987.html,49.00,0.0,,,Puntos 'dobles' al pagar con 'FALABELLA',,2026-07-01
Jugos y bebidas,Refrescos,Refresco Sidral Mundet Light 300 ml,7501055389940_A,https://www.soriana.com/jugos-y-bebidas/,/refresco-sidral-mundet-light-300-ml/11905755.html,10.00,0.0,,,Puntos 'dobles' al pagar con 'FALABELLA',,2026-07-01
Jugos y bebidas,Refrescos,Refresco Barrilitos Sidra Manzana sin Azúcar 2 lts,7503029481728_A,https://www.soriana.com/jugos-y-bebidas/,/refresco-barrilitos-sidra-manzana-sin-azucar-2-lts/11928119.html,37.00,0.0,,,Puntos 'dobles' al pagar con 'FALABELLA',,2026-07-01
Jugos y bebidas,Refrescos,Refresco Fanta sin Azúcar 300 ml,7501055373925_A,https://www.soriana.com/jugos-y-bebidas/,/refresco-fanta-sin-azucar-300-ml/11888073.html,8.00,0.0,,,Puntos 'dobles' al pagar con 'FALABELLA',,2026-07-01
Jugos y bebidas,Refrescos,Refresco Royal Crown Cola 237 ml,7501198355819_A,https://www.soriana.com/jugos-y-bebidas/,/refresco-royal-crown-cola-237-ml/11902068.html,10.00,0.0,,,Puntos 'dobles' al pagar con 'FALABELLA',,2026-07-01
Jugos y bebidas,Refrescos,Agua Mineral Ciel 600 ml,7501055308248_A,https://www.soriana.com/jugos-y-bebidas/,/agua-mineral-ciel-600-ml/1029018.html,19.00,0.0,,,Gratis con 160 Puntos,Puntos 'dobles' al pagar con 'FALABELLA',2026-07-01
Jugos y bebidas,Refrescos,Agua Mineral Velvet Soda sabor Lychee 275 ml,7500326303418_A,https://www.soriana.com/jugos-y-bebidas/,/agua-mineral-velvet-soda-sabor-lychee-275-ml/11203026.html,47.90,0.0,2 x 84.00,,Puntos 'dobles' al pagar con 'FALABELLA',,2026-07-01
Jugos y bebidas,Refrescos,Refresco Cristal Fresa 1.5 Lt Pet,7501032405243_A,https://www.soriana.com/jugos-y-bebidas/,/refresco-cristal-fresa-1.5-lt-pet/1913160.html,13.60,0.0,,,Puntos 'dobles' al pagar con 'FALABELLA',,2026-07-01
Jugos y bebidas,Refrescos,Agua Mineral Peñafiel Adas Mangada 2 L,7501073842847_A,https://www.soriana.com/jugos-y-bebidas/,/agua-mineral-penafiel-adas-mangada-2-l/9107677.html,37.50,0.0,,,Gratis con 300 Puntos,Puntos 'dobles' al pagar con 'FALABELLA',2026-07-01
Jugos y bebidas,Refrescos,Refresco Caballitos Piña 600 Ml,0744886154234_A,https://www.soriana.com/jugos-y-bebidas/,/refresco-caballitos-pina-600-ml/1346438.html,16.00,0.0,,,Gratis con 160 Puntos,Puntos 'dobles' al pagar con 'FALABELLA',2026-07-01
Jugos y bebidas,Refrescos,Agua Mineral Peñafiel Adas sabor Piñada 600 ml,7501073841925_A,https://www.soriana.com/jugos-y-bebidas/,/agua-mineral-penafiel-adas-sabor-pinada-600-ml/11185281.html,21.50,0.0,,,Gratis con 160 Puntos,Puntos 'dobles' al pagar con 'FALABELLA',2026-07-01
Jugos y bebidas,Refrescos,Refresco Caballito Durazno 2.5 lt Pet,0744886563463_A,https://www.soriana.com/jugos-y-bebidas/,/refresco-caballito-durazno-2.5-lt-pet/11069751.html,32.50,0.0,,,Gratis con 400 Puntos,Puntos 'dobles' al pagar con 'FALABELLA',2026-07-01
Jugos y bebidas,Refrescos,Refresco Dr. Pepper Lata 355 ml,7501198355536_A,https://www.soriana.com/jugos-y-bebidas/,/refresco-dr.-pepper-lata-355-ml/3017744.html,19.50,0.0,,,Puntos 'dobles' al pagar con 'FALABELLA',,2026-07-01
Jugos y bebidas,Refrescos,Refresco Toronja Squirt Light 355 Ml Lata,7501071140099_A,https://www.soriana.com/jugos-y-bebidas/,/refresco-toronja-squirt-light-355-ml-lata/383198.html,18.50,0.0,,,Puntos 'dobles' al pagar con 'FALABELLA',,2026-07-01
Jugos y bebidas,Refrescos,Agua Tónica Franklin & Sons Piña Almendra 200 Ml Botella,5032678008083_A,https://www.soriana.com/jugos-y-bebidas/,/agua-tonica-franklin-sons-pina-almendra-200-ml-botella/11582146.html,52.00,0.0,,,Puntos 'dobles' al pagar con 'FALABELLA',,2026-07-01
Jugos y bebidas,Refrescos,Refresco 7 Up Citrus Lima-limón Sin calorías Botella 600 ml,7501022015858_A,https://www.soriana.com/jugos-y-bebidas/,/refresco-7-up-citrus-lima-limon-sin-calorias-botella-600-ml/11863296.html,19.10,0.0,4 x 3,,Gratis con 160 Puntos,Puntos 'dobles' al pagar con 'FALABELLA',2026-07-01
Jugos y bebidas,Refrescos,Refresco Seagram's sabor Ginger Ale 235 ml,7501055350681_A,https://www.soriana.com/jugos-y-bebidas/,/refresco-seagrams-sabor-ginger-ale-235-ml/11536103.html,17.00,0.0,,,Puntos 'dobles' al pagar con 'FALABELLA',,2026-07-01
Jugos y bebidas,Refrescos,Refresco Jarritos Piña 600 Ml,7501441610122_A,https://www.soriana.com/jugos-y-bebidas/,/refresco-jarritos-pina-600-ml/1205192.html,9.00,0.0,,,Gratis con 160 Puntos,Puntos 'dobles' al pagar con 'FALABELLA',2026-07-01
Jugos y bebidas,Refrescos,Agua Mineral Sabor Cereza Free Life 355 ml,7503035407200_A,https://www.soriana.com/jugos-y-bebidas/,/agua-mineral-sabor-cereza-free-life-355-ml/11857124.html,23.50,0.0,,,Puntos 'dobles' al pagar con 'FALABELLA',,2026-07-01
Jugos y bebidas,Refrescos,Refresco Caballitos Fresa 600 Ml,0744886174232_A,https://www.soriana.com/jugos-y-bebidas/,/refresco-caballitos-fresa-600-ml/1346419.html,16.00,0.0,,,Gratis con 160 Puntos,Puntos 'dobles' al pagar con 'FALABELLA',2026-07-01
Jugos y bebidas,Refrescos,Refresco Peñafiel Light Mandarina 2 L,7501073839779_A,https://www.soriana.com/jugos-y-bebidas/,/refresco-penafiel-light-mandarina-2-l/2459832.html,32.50,0.0,,,Gratis con 300 Puntos,Puntos 'dobles' al pagar con 'FALABELLA',2026-07-01
Jugos y bebidas,Refrescos,Agua Mineral Peñafiel sabor Fresada 2 L,7501073841246_A,https://www.soriana.com/jugos-y-bebidas/,/agua-mineral-penafiel-sabor-fresada-2-l/11130182.html,35.90,0.0,,,Gratis con 300 Puntos,Puntos 'dobles' al pagar con 'FALABELLA',2026-07-01
Jugos y bebidas,Refrescos,Refresco Sabor Fresa Precissimo 3 L Botella,7500093741550_A,https://www.soriana.com/jugos-y-bebidas/,/refresco-sabor-fresa-precissimo-3-l-botella/11261038.html,34.50,0.0,,,Puntos 'dobles' al pagar con 'FALABELLA',,2026-07-01
Jugos y bebidas,Refrescos,Refresco Ramune sabor Limón con Canica 200 ml,0733815003354_A,https://www.soriana.com/jugos-y-bebidas/,/refresco-ramune-sabor-limon-con-canica-200-ml/11262900.html,63.50,0.0,,,Puntos 'dobles' al pagar con 'FALABELLA',,2026-07-01
Jugos y bebidas,Refrescos,Agua Mineral La Croix Lata Limón 355 Ml 8 Pack,0012993126827_A,https://www.soriana.com/jugos-y-bebidas/,/agua-mineral-la-croix-lata-limon-355-ml-8-pack/11663032.html,193.00,0.0,,,Puntos 'dobles' al pagar con 'FALABELLA',,2026-07-01
Jugos y bebidas,Refrescos,Refresco sin Gas Delaware Punch sabor Uva 355 ml,7501055365609_A,https://www.soriana.com/jugos-y-bebidas/,/refresco-sin-gas-delaware-punch-sabor-uva-355-ml/11425275.html,21.00,0.0,,,Puntos 'dobles' al pagar con 'FALABELLA',,2026-07-01
Jugos y bebidas,Refrescos,Refresco Tuti-Fruti 3 Lt Sabores 1 Pz Ja,7501441615417_A,https://www.soriana.com/jugos-y-bebidas/,/refresco-tuti-fruti-3-lt-sabores-1-pz-ja/3056570.html,31.50,0.0,,,Puntos 'dobles' al pagar con 'FALABELLA',,2026-07-01
Jugos y bebidas,Refrescos,Refresco Dr Pepper 600 Ml Botella,7501198350418_A,https://www.soriana.com/jugos-y-bebidas/,/refresco-dr-pepper-600-ml-botella/1993864.html,19.10,0.0,,,Gratis con 160 Puntos,Puntos 'dobles' al pagar con 'FALABELLA',2026-07-01
Jugos y bebidas,Refrescos,Soda Dr Pepper Cream 600 Ml Botella,7501198355581_A,https://www.soriana.com/jugos-y-bebidas/,/soda-dr-pepper-cream-600-ml-botella/11561986.html,22.50,0.0,,,Gratis con 160 Puntos,Puntos 'dobles' al pagar con 'FALABELLA',2026-07-01
Jugos y bebidas,Refrescos,Refresco Coca Cola 1.75 Lt 2 Pack,7501055358304_A,https://www.soriana.com/jugos-y-bebidas/,/refresco-coca-cola-1.75-lt-2-pack/11307512.html,29.50,0.0,,,Puntos 'dobles' al pagar con 'FALABELLA',,2026-07-01
Jugos y bebidas,Refrescos,Refresco Dr. Pepper Original 1 L,7501198353884_A,https://www.soriana.com/jugos-y-bebidas/,/refresco-dr.-pepper-original-1-l/2408438.html,28.90,0.0,,,Puntos 'dobles' al pagar con 'FALABELLA',,2026-07-01
Jugos y bebidas,Refrescos,Refresco Jarritos Tamarindo 600 Ml Botella,7501441610214_A,https://www.soriana.com/jugos-y-bebidas/,/refresco-jarritos-tamarindo-600-ml-botella/1205187.html,14.00,0.0,,,Gratis con 160 Puntos,Puntos 'dobles' al pagar con 'FALABELLA',2026-07-01
Jugos y bebidas,Refrescos,Refresco Soto Sabor Manzana 600 Ml Pet,7503031899009_A,https://www.soriana.com/jugos-y-bebidas/,/refresco-soto-sabor-manzana-600-ml-pet/11545966.html,13.50,0.0,,,Gratis con 160 Puntos,Puntos 'dobles' al pagar con 'FALABELLA',2026-07-01
Jugos y bebidas,Refrescos,Refresco Regular Coca Cola 500 Ml Pet,0000075009809_A,https://www.soriana.com/jugos-y-bebidas/,/refresco-regular-coca-cola-500-ml-pet/578537.html,20.00,0.0,,,Gratis con 160 Puntos,Puntos 'dobles' al pagar con 'FALABELLA',2026-07-01
Jugos y bebidas,Refrescos,Refresco Sprite sabor Lima Limón 355 ml,7501055363186_A,https://www.soriana.com/jugos-y-bebidas/,/refresco-sprite-sabor-lima-limon-355-ml/11425258.html,21.00,0.0,,,Puntos 'dobles' al pagar con 'FALABELLA',,2026-07-01
Jugos y bebidas,Refrescos,Refresco Jarritos Uva 2 Lt,7503006897597_A,https://www.soriana.com/jugos-y-bebidas/,/refresco-jarritos-uva-2-lt/3125165.html,25.90,0.0,,,Puntos 'dobles' al pagar con 'FALABELLA',,2026-07-01
Jugos y bebidas,Refrescos,Refresco Elite Toronja 600 Ml Pet,7503001182322_A,https://www.soriana.com/jugos-y-bebidas/,/refresco-elite-toronja-600-ml-pet/11546098.html,13.50,0.0,,,Gratis con 160 Puntos,Puntos 'dobles' al pagar con 'FALABELLA',2026-07-01
Jugos y bebidas,Refrescos,Refresco Escuis Tuti Fruti 600 Ml Bot,7501055328284_A,https://www.soriana.com/jugos-y-bebidas/,/refresco-escuis-tuti-fruti-600-ml-bot/1643078.html,7.35,0.0,,,Puntos 'dobles' al pagar con 'FALABELLA',,2026-07-01
Jugos y bebidas,Refrescos,Agua Mineral La Croix Lata Arándano y Frambuesa 355 Ml 8 Pack,0012993126858_A,https://www.soriana.com/jugos-y-bebidas/,/agua-mineral-la-croix-lata-arandano-y-frambuesa-355-ml-8-pack/11663034.html,194.00,151.72,,,Puntos 'dobles' al pagar con 'FALABELLA',,2026-07-01
Jugos y bebidas,Refrescos,Refresco Crush Tutti Frutti 2 Lt,7501198353075_A,https://www.soriana.com/jugos-y-bebidas/,/refresco-crush-tutti-frutti-2-lt/1731375.html,26.50,0.0,,,Gratis con 300 Puntos,Puntos 'dobles' al pagar con 'FALABELLA',2026-07-01
Jugos y bebidas,Refrescos,Refresco Squirt sabor Cantarito sin Alcohol 355 ml,7501071140860_A,https://www.soriana.com/jugos-y-bebidas/,/refresco-squirt-sabor-cantarito-sin-alcohol-355-ml/11927918.html,19.00,0.0,,,Puntos 'dobles' al pagar con 'FALABELLA',,2026-07-01
Jugos y bebidas,Refrescos,Refresco Schweppes Ginger Ale con Limonada Botella 600 ml,7501073845947_A,https://www.soriana.com/jugos-y-bebidas/,/refresco-schweppes-ginger-ale-con-limonada-botella-600-ml/11843604.html,17.00,0.0,,,Puntos 'dobles' al pagar con 'FALABELLA',,2026-07-01
Jugos y bebidas,Refrescos,Agua Mineral San Pellegrino en Vidrio 750 ml,8002270726897_A,https://www.soriana.com/jugos-y-bebidas/,/agua-mineral-san-pellegrino-en-vidrio-750-ml/11747885.html,66.50,0.0,,,Puntos 'dobles' al pagar con 'FALABELLA',,2026-07-01
Jugos y bebidas,Refrescos,Refresco Coca Cola Sin Cafeina 12 Pack Lata 355 ml,0049000029338_A,https://www.soriana.com/jugos-y-bebidas/,/refresco-coca-cola-sin-cafeina-12-pack-lata-355-ml/2169449.html,330.00,0.0,,,Puntos 'dobles' al pagar con 'FALABELLA',,2026-07-01
Jugos y bebidas,Refrescos,Refresco Jarritos Manzana 2 Lt,7503006897214_A,https://www.soriana.com/jugos-y-bebidas/,/refresco-jarritos-manzana-2-lt/1732724.html,24.90,0.0,,,Gratis con 300 Puntos,Puntos 'dobles' al pagar con 'FALABELLA',2026-07-01
Jugos y bebidas,Refrescos,Refresco Naranja Fanta 355 Ml Six Pack,7501055300174_A,https://www.soriana.com/jugos-y-bebidas/,/refresco-naranja-fanta-355-ml-six-pack/377051.html,48.00,0.0,,,Puntos 'dobles' al pagar con 'FALABELLA',,2026-07-01
Jugos y bebidas,Refrescos,Refresco Cristal Fresa 3 lt Bot,7501032418076_A,https://www.soriana.com/jugos-y-bebidas/,/refresco-cristal-fresa-3-lt-bot/11031725.html,25.00,0.0,,,Gratis con 400 Puntos,Puntos 'dobles' al pagar con 'FALABELLA',2026-07-01
Jugos y bebidas,Refrescos,Refresco Peñafiel sabor Toronja 600 ml,7501073844537_A,https://www.soriana.com/jugos-y-bebidas/,/refresco-penafiel-sabor-toronja-600-ml/11529072.html,17.60,0.0,,,Gratis con 160 Puntos,Puntos 'dobles' al pagar con 'FALABELLA',2026-07-01
Jugos y bebidas,Refrescos,Agua Mineral Velvet Soda sabor Damasco 275 ml,7500326303463_A,https://www.soriana.com/jugos-y-bebidas/,/agua-mineral-velvet-soda-sabor-damasco-275-ml/11299682.html,47.90,0.0,2 x 84.00,,Puntos 'dobles' al pagar con 'FALABELLA',,2026-07-01
Jugos y bebidas,Refrescos,Refresco Ramune sabor Naranja con Canica 200 ml,0733815003682_A,https://www.soriana.com/jugos-y-bebidas/,/refresco-ramune-sabor-naranja-con-canica-200-ml/11271538.html,63.50,0.0,,,Puntos 'dobles' al pagar con 'FALABELLA',,2026-07-01
Jugos y bebidas,Refrescos,Refresco Caballito Mandarina 2.5 lt Pet,0744886033461_A,https://www.soriana.com/jugos-y-bebidas/,/refresco-caballito-mandarina-2.5-lt-pet/11069752.html,32.50,0.0,,,Gratis con 400 Puntos,Puntos 'dobles' al pagar con 'FALABELLA',2026-07-01
Jugos y bebidas,Refrescos,Peñafiel Agua Mineral Toronjada Light 600 Ml Botella,7501073841178_A,https://www.soriana.com/jugos-y-bebidas/,/penafiel-agua-mineral-toronjada-light-600-ml-botella/11101271.html,19.50,0.0,,,Gratis con 160 Puntos,Puntos 'dobles' al pagar con 'FALABELLA',2026-07-01
Jugos y bebidas,Refrescos,Refresco 7 Up Libre Lima/Limón 600 ml,7501031305087_A,https://www.soriana.com/jugos-y-bebidas/,/refresco-7-up-libre-lima-limon-600-ml/1118839.html,17.00,0.0,4 x 3,,Puntos 'dobles' al pagar con 'FALABELLA',,2026-07-01
Jugos y bebidas,Refrescos,Refresco Joya Piña 600 Ml Bot,7501055314126_A,https://www.soriana.com/jugos-y-bebidas/,/refresco-joya-pina-600-ml-bot/1186820.html,10.00,0.0,,,Gratis con 160 Puntos,Puntos 'dobles' al pagar con 'FALABELLA',2026-07-01
Jugos y bebidas,Refrescos,Refresco Dr. Pepper Cherry 600 ml,7501198353877_A,https://www.soriana.com/jugos-y-bebidas/,/refresco-dr.-pepper-cherry-600-ml/2436064.html,22.50,0.0,,,Gratis con 160 Puntos,Puntos 'dobles' al pagar con 'FALABELLA',2026-07-01
Jugos y bebidas,Refrescos,Refresco Orange Crush sabor Naranja 2 L,7501198355444_A,https://www.soriana.com/jugos-y-bebidas/,/refresco-orange-crush-sabor-naranja-2-l/11561984.html,37.50,0.0,,,Gratis con 300 Puntos,Puntos 'dobles' al pagar con 'FALABELLA',2026-07-01
Jugos y bebidas,Refrescos,Refresco Crush Mandarina 2 Lt,7501198353099_A,https://www.soriana.com/jugos-y-bebidas/,/refresco-crush-mandarina-2-lt/2067266.html,26.50,0.0,,,Gratis con 300 Puntos,Puntos 'dobles' al pagar con 'FALABELLA',2026-07-01
Jugos y bebidas,Refrescos,Refresco Joya Durazno 600 ml,7501055314119_A,https://www.soriana.com/jugos-y-bebidas/,/refresco-joya-durazno-600-ml/1186876.html,9.45,0.0,,,Gratis con 160 Puntos,Puntos 'dobles' al pagar con 'FALABELLA',2026-07-01
Jugos y bebidas,Refrescos,Bebida Fresa Con Crema Chupa Chups 345 Ml,8801069402451_A,https://www.soriana.com/jugos-y-bebidas/,/bebida-fresa-con-crema-chupa-chups-345-ml/11439009.html,30.00,0.0,,,Puntos 'dobles' al pagar con 'FALABELLA',,2026-07-01
Jugos y bebidas,Refrescos,Refresco Cristal Negra 1.5 lt Pet,7501032408350_A,https://www.soriana.com/jugos-y-bebidas/,/refresco-cristal-negra-1.5-lt-pet/1066323.html,13.60,0.0,,,Puntos 'dobles' al pagar con 'FALABELLA',,2026-07-01
Jugos y bebidas,Refrescos,Agua Mineral Natures Factory 600 Mililitro Botella,7502264286884_A,https://www.soriana.com/jugos-y-bebidas/,/agua-mineral-natures-factory-600-mililitro-botella/11395762.html,13.00,0.0,,,Puntos 'dobles' al pagar con 'FALABELLA',,2026-07-01
Jugos y bebidas,Refrescos,Agua Mineral Vichy Catalan Natural Botella 500 ml,8410749001121_A,https://www.soriana.com/jugos-y-bebidas/,/agua-mineral-vichy-catalan-natural-botella-500-ml/11138410.html,70.90,0.0,,,Puntos 'dobles' al pagar con 'FALABELLA',,2026-07-01
Jugos y bebidas,Refrescos,Agua de Manantial Perrier Gasificada 4 Botellas de 330 ml,3179730012564_A,https://www.soriana.com/jugos-y-bebidas/,/agua-de-manantial-perrier-gasificada-4-botellas-de-330-ml/1541370.html,157.00,0.0,,,Puntos 'dobles' al pagar con 'FALABELLA',,2026-07-01
Jugos y bebidas,Refrescos,Agua Mineral San Pellegrino Naturali sabor Limonata 330 ml,8002270526817_A,https://www.soriana.com/jugos-y-bebidas/,/agua-mineral-san-pellegrino-naturali-sabor-limonata-330-ml/11660145.html,37.90,0.0,,,Puntos 'dobles' al pagar con 'FALABELLA',,2026-07-01
Jugos y bebidas,Refrescos,Refresco Joya Ponche 3 Lt,7501055339402_A,https://www.soriana.com/jugos-y-bebidas/,/refresco-joya-ponche-3-lt/2093875.html,21.00,0.0,,,Gratis con 400 Puntos,Puntos 'dobles' al pagar con 'FALABELLA',2026-07-01
Jugos y bebidas,Refrescos,Refresco Jarritos Mandarina 600 ml,7501441610115_A,https://www.soriana.com/jugos-y-bebidas/,/refresco-jarritos-mandarina-600-ml/1205179.html,9.00,0.0,,,Puntos 'dobles' al pagar con 'FALABELLA',,2026-07-01
Jugos y bebidas,Refrescos,Refresco Coca Cola Cherry Zero 12 Pack Lata 355 ml,0049000047516_A,https://www.soriana.com/jugos-y-bebidas/,/refresco-coca-cola-cherry-zero-12-pack-lata-355-ml/2201632.html,289.90,0.0,,,Puntos 'dobles' al pagar con 'FALABELLA',,2026-07-01
Jugos y bebidas,Refrescos,Refresco 7 Up Citrus Lima-limón Sin calorías Botella 355 ml,7501022015841_A,https://www.soriana.com/jugos-y-bebidas/,/refresco-7-up-citrus-lima-limon-sin-calorias-botella-355-ml/11863294.html,9.70,0.0,,,Puntos 'dobles' al pagar con 'FALABELLA',,2026-07-01
Jugos y bebidas,Refrescos,Refresco Royal Crown Cola Botella 2 L,7501198350579_A,https://www.soriana.com/jugos-y-bebidas/,/refresco-royal-crown-cola-botella-2-l/11849570.html,27.00,0.0,,,Puntos 'dobles' al pagar con 'FALABELLA',,2026-07-01
Jugos y bebidas,Refrescos,Refresco Fresca 1.5 Lt Pet,7501055303830_A,https://www.soriana.com/jugos-y-bebidas/,/refresco-fresca-1.5-lt-pet/1935306.html,10.00,0.0,,,Gratis con 300 Puntos,Puntos 'dobles' al pagar con 'FALABELLA',2026-07-01
Jugos y bebidas,Refrescos,Refresco Peñafiel de Fresa 2 lts,7501073831964_A,https://www.soriana.com/jugos-y-bebidas/,/refresco-penafiel-de-fresa-2-lts/383943.html,37.50,0.0,,,Gratis con 300 Puntos,Puntos 'dobles' al pagar con 'FALABELLA',2026-07-01
Jugos y bebidas,Refrescos,Refresco Peñafiel Fresa Light 2 L,7501073839311_A,https://www.soriana.com/jugos-y-bebidas/,/refresco-penafiel-fresa-light-2-l/2322721.html,32.50,0.0,,,Gratis con 300 Puntos,Puntos 'dobles' al pagar con 'FALABELLA',2026-07-01
Jugos y bebidas,Refrescos,Refresco Joya Manzana 3 lt,7501055339396_A,https://www.soriana.com/jugos-y-bebidas/,/refresco-joya-manzana-3-lt/2093874.html,21.00,0.0,,,Gratis con 400 Puntos,Puntos 'dobles' al pagar con 'FALABELLA',2026-07-01
Jugos y bebidas,Refrescos,Agua Mineral Peñafiel Twist sabor Pepino y Limón 600 ml,7501073842007_A,https://www.soriana.com/jugos-y-bebidas/,/agua-mineral-penafiel-twist-sabor-pepino-y-limon-600-ml/11198306.html,22.50,0.0,,,Gratis con 160 Puntos,Puntos 'dobles' al pagar con 'FALABELLA',2026-07-01
Jugos y bebidas,Refrescos,Agua Natural Mineral Mondariz 700ml,8412042502084_A,https://www.soriana.com/jugos-y-bebidas/,/agua-natural-mineral-mondariz-700ml/11203053.html,24.00,0.0,,,Puntos 'dobles' al pagar con 'FALABELLA',,2026-07-01
Jugos y bebidas,Refrescos,Refresco sin Gas Chaparritas sabor Uva Botella 250 ml,7503018023793_A,https://www.soriana.com/jugos-y-bebidas/,/refresco-sin-gas-chaparritas-sabor-uva-botella-250-ml/11439983.html,12.80,0.0,,,Puntos 'dobles' al pagar con 'FALABELLA',,2026-07-01
Jugos y bebidas,Refrescos,Parasol Mandarina Regia 355 Ml Lata,7500463200731_A,https://www.soriana.com/jugos-y-bebidas/,/parasol-mandarina-regia-355-ml-lata/11673444.html,20.00,0.0,,,Puntos 'dobles' al pagar con 'FALABELLA',,2026-07-01
Jugos y bebidas,Refrescos,Refresco Ramune sabor Fresa con Canica 200 ml,0733815003675_A,https://www.soriana.com/jugos-y-bebidas/,/refresco-ramune-sabor-fresa-con-canica-200-ml/11262897.html,59.90,0.0,,,Puntos 'dobles' al pagar con 'FALABELLA',,2026-07-01
Jugos y bebidas,Refrescos,Refresco Mountain Dew 12 Pack Lata 355 ml,0012000809965_A,https://www.soriana.com/jugos-y-bebidas/,/refresco-mountain-dew-12-pack-lata-355-ml/2323063.html,279.90,0.0,,,Puntos 'dobles' al pagar con 'FALABELLA',,2026-07-01
Jugos y bebidas,Refrescos,Refresco Ramune sabor Melón con Canica 200 ml,0733815003361_A,https://www.soriana.com/jugos-y-bebidas/,/refresco-ramune-sabor-melon-con-canica-200-ml/11262902.html,59.90,0.0,,,Puntos 'dobles' al pagar con 'FALABELLA',,2026-07-01
Jugos y bebidas,Refrescos,Refresco Caballitos Mandarina 600 Ml,0744886034239_A,https://www.soriana.com/jugos-y-bebidas/,/refresco-caballitos-mandarina-600-ml/1395577.html,16.00,0.0,,,Gratis con 160 Puntos,Puntos 'dobles' al pagar con 'FALABELLA',2026-07-01
Jugos y bebidas,Refrescos,Refresco Sidral Mundet Light sabor Manzana 6 Pack Lata 355 ml,7501055365319_A,https://www.soriana.com/jugos-y-bebidas/,/refresco-sidral-mundet-light-sabor-manzana-6-pack-lata-355-ml/11425257.html,118.00,0.0,,,Puntos 'dobles' al pagar con 'FALABELLA',,2026-07-01
Jugos y bebidas,Refrescos,Agua Mineral Velvet Soda sabor Guanábana 275 ml,7500326303470_A,https://www.soriana.com/jugos-y-bebidas/,/agua-mineral-velvet-soda-sabor-guanabana-275-ml/11299684.html,47.90,0.0,2 x 84.00,,Puntos 'dobles' al pagar con 'FALABELLA',,2026-07-01
Jugos y bebidas,Refrescos,Agua Mineral Sabor Limón Lacroix 355 ml,12993103828_A,https://www.soriana.com/jugos-y-bebidas/,/agua-mineral-sabor-limon-lacroix-355-ml/11803073.html,24.50,0.0,,,Puntos 'dobles' al pagar con 'FALABELLA',,2026-07-01
Jugos y bebidas,Refrescos,Refresco Manzanita Sol 0 Calorías en Lata 355 ml,7501022015469_A,https://www.soriana.com/jugos-y-bebidas/,/refresco-manzanita-sol-0-calorias-en-lata-355-ml/11803468.html,19.00,0.0,,,Puntos 'dobles' al pagar con 'FALABELLA',,2026-07-01
Jugos y bebidas,Refrescos,Refresco Coca Cola 3 Pz Multipk,noimagelarge,https://www.soriana.com/jugos-y-bebidas/,/refresco-coca-cola-3-pz-multipk/11346504.html,56.00,0.0,,,Puntos 'dobles' al pagar con 'FALABELLA',,2026-07-01
Jugos y bebidas,Refrescos,Refresco Jarritos Toronja 600 ml,0744886348824_A,https://www.soriana.com/jugos-y-bebidas/,/refresco-jarritos-toronja-600-ml/1238843.html,15.50,0.0,,,Gratis con 160 Puntos,Puntos 'dobles' al pagar con 'FALABELLA',2026-07-01
Jugos y bebidas,Refrescos,Maison Perrier Chic Piña Fizz 250 ml,8445291821798_A,https://www.soriana.com/jugos-y-bebidas/,/maison-perrier-chic-pina-fizz-250-ml/11893040.html,22.50,0.0,,,Puntos 'dobles' al pagar con 'FALABELLA',,2026-07-01
Jugos y bebidas,Refrescos,Refresco Precissimo Toronja Sin calorías Botella 3.30 L,7500525493521_A,https://www.soriana.com/jugos-y-bebidas/,/refresco-precissimo-toronja-sin-calorias-botella-3.30-l/11739788.html,29.90,0.0,,,Puntos 'dobles' al pagar con 'FALABELLA',,2026-07-01
Jugos y bebidas,Refrescos,4 Pack de Refresco de Jengibre y Lima Macerada Fentimans 200 ml,667450000556_A,https://www.soriana.com/jugos-y-bebidas/,/4-pack-de-refresco-de-jengibre-y-lima-macerada-fentimans-200-ml/11887098.html,198.17,0.0,,,Puntos 'dobles' al pagar con 'FALABELLA',,2026-07-01
Jugos y bebidas,Refrescos,Agua Mineral de Manantial Garci Crespo Botella 650 ml,7501022013113_A,https://www.soriana.com/jugos-y-bebidas/,/agua-mineral-de-manantial-garci-crespo-botella-650-ml/11434290.html,43.50,0.0,3 x 2,,Puntos 'dobles' al pagar con 'FALABELLA',,2026-07-01
Jugos y bebidas,Refrescos,Agua Mineral de Manantial Schweppes 1.5 L,7501073845022_A,https://www.soriana.com/jugos-y-bebidas/,/agua-mineral-de-manantial-schweppes-1.5-l/11554037.html,30.90,0.0,3 x 2,,Gratis con 300 Puntos,Puntos 'dobles' al pagar con 'FALABELLA',2026-07-01
Jugos y bebidas,Refrescos,Refresco Victoria Fresa-Kiwi 1.5 lt,7501055328956_A,https://www.soriana.com/jugos-y-bebidas/,/refresco-victoria-fresa-kiwi-1.5-lt/11903334.html,24.00,0.0,,,Puntos 'dobles' al pagar con 'FALABELLA',,2026-07-01
Jugos y bebidas,Refrescos,Refresco Barrilitos Sidra Manzana sin Azúcar 750 ml,7503029481681_A,https://www.soriana.com/jugos-y-bebidas/,/refresco-barrilitos-sidra-manzana-sin-azucar-750-ml/11928158.html,17.00,0.0,,,Puntos 'dobles' al pagar con 'FALABELLA',,2026-07-01
Jugos y bebidas,Refrescos,Soda Unico Fresco Xoda Manzana y Hierbabuena 355 ml,7501013106749_A,https://www.soriana.com/jugos-y-bebidas/,/soda-unico-fresco-xoda-manzana-y-hierbabuena-355-ml/11926616.html,25.50,0.0,,,Puntos 'dobles' al pagar con 'FALABELLA',,2026-07-01
Jugos y bebidas,Refrescos,Refresco Chaparritas sabor Tamarindo 255 ml en Vidrio,7503029481643_A,https://www.soriana.com/jugos-y-bebidas/,/refresco-chaparritas-sabor-tamarindo-255-ml-en-vidrio/11928039.html,13.80,0.0,,,Puntos 'dobles' al pagar con 'FALABELLA',,2026-07-01
Jugos y bebidas,Refrescos,Refresco Chaparritas sabor Guayaba 250 ml,7503029481803_A,https://www.soriana.com/jugos-y-bebidas/,/refresco-chaparritas-sabor-guayaba-250-ml/11928192.html,11.50,0.0,,,Puntos 'dobles' al pagar con 'FALABELLA',,2026-07-01
Jugos y bebidas,Refrescos,Refresco Crush Manzana 2 Lt,7501198353082_A,https://www.soriana.com/jugos-y-bebidas/,/refresco-crush-manzana-2-lt/2067268.html,26.50,0.0,,,Gratis con 300 Puntos,Puntos 'dobles' al pagar con 'FALABELLA',2026-07-01
Jugos y bebidas,Refrescos,Refresco Dr. Pepper Diet Zero 600 ml,7501198355864_A,https://www.soriana.com/jugos-y-bebidas/,/refresco-dr.-pepper-diet-zero-600-ml/11709325.html,22.90,0.0,,,Gratis con 160 Puntos,Puntos 'dobles' al pagar con 'FALABELLA',2026-07-01
Jugos y bebidas,Refrescos,Refresco Escuis Fresa-Kiwi 600 ml,7501055327874_A,https://www.soriana.com/jugos-y-bebidas/,/refresco-escuis-fresa-kiwi-600-ml/11903428.html,19.00,0.0,,,Puntos 'dobles' al pagar con 'FALABELLA',,2026-07-01
Jugos y bebidas,Refrescos,Refresco Barrilitos Ponche sin Azúcar 2 lts,7503029481704_A,https://www.soriana.com/jugos-y-bebidas/,/refresco-barrilitos-ponche-sin-azucar-2-lts/11928118.html,37.00,0.0,,,Puntos 'dobles' al pagar con 'FALABELLA',,2026-07-01
Jugos y bebidas,Refrescos,Refresco Barrilitos Ponche sin Azúcar 750 ml,7503029481667_A,https://www.soriana.com/jugos-y-bebidas/,/refresco-barrilitos-ponche-sin-azucar-750-ml/11928157.html,17.00,0.0,,,Puntos 'dobles' al pagar con 'FALABELLA',,2026-07-01
Jugos y bebidas,Refrescos,4 Pack Refresco Limonada Rosa Fentimans 200 ml,667450001188_A,https://www.soriana.com/jugos-y-bebidas/,/4-pack-refresco-limonada-rosa-fentimans-200-ml/11887059.html,239.00,0.0,,,Puntos 'dobles' al pagar con 'FALABELLA',,2026-07-01
Jugos y bebidas,Refrescos,Refresco Vita Botella Fresa 600 ml,7501371000796_A,https://www.soriana.com/jugos-y-bebidas/,/refresco-vita-botella-fresa-600-ml/1021891.html,15.50,0.0,4 x 3,,Gratis con 160 Puntos,Puntos 'dobles' al pagar con 'FALABELLA',2026-07-01
Jugos y bebidas,Refrescos,Bebida Carbonatada Canada Dry sabor Quina 6 Pack Lata 237 ml,7501198353792_A,https://www.soriana.com/jugos-y-bebidas/,/bebida-carbonatada-canada-dry-sabor-quina-6-pack-lata-237-ml/2388021.html,60.90,0.0,3 x 2,,Puntos 'dobles' al pagar con 'FALABELLA',,2026-07-01
Jugos y bebidas,Refrescos,Refresco Squirt 400 Ml Botella,7501071120664_A,https://www.soriana.com/jugos-y-bebidas/,/refresco-squirt-400-ml-botella/2100578.html,12.70,0.0,3 x 30.00,,Puntos 'dobles' al pagar con 'FALABELLA',,2026-07-01
Jugos y bebidas,Refrescos,Agua Mineral de Manantial Schweppes 600 ml,7501073845015_A,https://www.soriana.com/jugos-y-bebidas/,/agua-mineral-de-manantial-schweppes-600-ml/11554038.html,21.90,0.0,3 x 2,,Gratis con 160 Puntos,Puntos 'dobles' al pagar con 'FALABELLA',2026-07-01
Jugos y bebidas,Refrescos,Refresco Manzana Botella 2 Lt Soto,7501827500023_A,https://www.soriana.com/jugos-y-bebidas/,/refresco-manzana-botella-2-lt-soto/2225698.html,26.90,0.0,,,Gratis con 300 Puntos,Puntos 'dobles' al pagar con 'FALABELLA',2026-07-01
Jugos y bebidas,Refrescos,Agua Quina Seagram's Original 237 ml,7501055350674_A,https://www.soriana.com/jugos-y-bebidas/,/agua-quina-seagrams-original-237-ml/11536102.html,17.80,0.0,,,Puntos 'dobles' al pagar con 'FALABELLA',,2026-07-01
Jugos y bebidas,Refrescos,Agua Franklin & Sons Ltd Natural Mallorcan Tonic Water 200 Ml Botella,5032678007413_A,https://www.soriana.com/jugos-y-bebidas/,/agua-franklin-sons-ltd-natural-mallorcan-tonic-water-200-ml-botella/11582145.html,52.00,0.0,,,Puntos 'dobles' al pagar con 'FALABELLA',,2026-07-01
Jugos y bebidas,Refrescos,Refresco Chaparritas Atarantadas sabor Tamarindo 250 ml,7503029481858_A,https://www.soriana.com/jugos-y-bebidas/,/refresco-chaparritas-atarantadas-sabor-tamarindo-250-ml/11930035.html,13.80,0.0,,,Puntos 'dobles' al pagar con 'FALABELLA',,2026-07-01
Jugos y bebidas,Refrescos,Refresco Fresca Fusión 235 ml,7501055379910_A,https://www.soriana.com/jugos-y-bebidas/,/refresco-fresca-fusion-235-ml/11697946.html,7.60,0.0,,,Puntos 'dobles' al pagar con 'FALABELLA',,2026-07-01
Jugos y bebidas,Refrescos,Refresco Manzana Lift 2.5 Lt Pet,7501055311842_A,https://www.soriana.com/jugos-y-bebidas/,/refresco-manzana-lift-2.5-lt-pet/1123933.html,15.50,0.0,,,Puntos 'dobles' al pagar con 'FALABELLA',,2026-07-01
Jugos y bebidas,Refrescos,Refresco Crush Piña 2 Lt,7501198353105_A,https://www.soriana.com/jugos-y-bebidas/,/refresco-crush-pina-2-lt/1731373.html,26.50,0.0,,,Gratis con 300 Puntos,Puntos 'dobles' al pagar con 'FALABELLA',2026-07-01
Jugos y bebidas,Refrescos,4 pack de Agua Tonica Pink Grapefruit Fentimans 200 ml,667450000617_A,https://www.soriana.com/jugos-y-bebidas/,/4-pack-de-agua-tonica-pink-grapefruit-fentimans-200-ml/11888408.html,198.17,0.0,,,Puntos 'dobles' al pagar con 'FALABELLA',,2026-07-01
Jugos y bebidas,Refrescos,Refresco Jarritos Tuti Fruti 600 ml,7501441610412_A,https://www.soriana.com/jugos-y-bebidas/,/refresco-jarritos-tuti-fruti-600-ml/1205190.html,14.00,0.0,,,Puntos 'dobles' al pagar con 'FALABELLA',,2026-07-01
Jugos y bebidas,Refrescos,Agua Mineral San Pellegrino Naturali sabor Aranciata 330 ml,8002270496813_A,https://www.soriana.com/jugos-y-bebidas/,/agua-mineral-san-pellegrino-naturali-sabor-aranciata-330-ml/11660144.html,37.90,0.0,,,Puntos 'dobles' al pagar con 'FALABELLA',,2026-07-01
Jugos y bebidas,Refrescos,Refresco Yoli sabor Limón 3 lts,yoli 3  1024x1024 (1),https://www.soriana.com/jugos-y-bebidas/,/refresco-yoli-sabor-limon-3-lts/11932121.html,49.00,0.0,,,Puntos 'dobles' al pagar con 'FALABELLA',,2026-07-01
Jugos y bebidas,Refrescos,Agua Mineral Sabor Mandarina Durazno Free Life 355 ml,7503035407071_A,https://www.soriana.com/jugos-y-bebidas/,/agua-mineral-sabor-mandarina-durazno-free-life-355-ml/11857123.html,23.50,0.0,,,Puntos 'dobles' al pagar con 'FALABELLA',,2026-07-01
Jugos y bebidas,Refrescos,Refresco Escuis Manzana-Durazno 2 lt,7501055379255_A,https://www.soriana.com/jugos-y-bebidas/,/refresco-escuis-manzana-durazno-2-lt/11903429.html,30.00,0.0,,,Puntos 'dobles' al pagar con 'FALABELLA',,2026-07-01
Jugos y bebidas,Refrescos,Refresco Victoria Manzana-Durazno 1.5 lt,7501055388240_A,https://www.soriana.com/jugos-y-bebidas/,/refresco-victoria-manzana-durazno-1.5-lt/11903335.html,24.00,0.0,,,Puntos 'dobles' al pagar con 'FALABELLA',,2026-07-01
Jugos y bebidas,Refrescos,Refresco Barrilitos Piña sin azucar 2 lts,7503029481735_A,https://www.soriana.com/jugos-y-bebidas/,/refresco-barrilitos-pina-sin-azucar-2-lts/11928129.html,37.00,0.0,,,Puntos 'dobles' al pagar con 'FALABELLA',,2026-07-01
Jugos y bebidas,Refrescos,Refresco Barrilitos Piña sin Azúcar 750 ml,7503029481698_A,https://www.soriana.com/jugos-y-bebidas/,/refresco-barrilitos-pina-sin-azucar-750-ml/11928201.html,17.00,0.0,,,Puntos 'dobles' al pagar con 'FALABELLA',,2026-07-01
Jugos y bebidas,Refrescos,Soda Unico Fresco Xoda Naranja y Hierbabuena 355 ml,7501013106725_A,https://www.soriana.com/jugos-y-bebidas/,/soda-unico-fresco-xoda-naranja-y-hierbabuena-355-ml/11926594.html,25.50,0.0,,,Puntos 'dobles' al pagar con 'FALABELLA',,2026-07-01
Jugos y bebidas,Refrescos,8 pack de Refresco Dr. Pepper en Lata Mini 237 ml,7501198356144_A,https://www.soriana.com/jugos-y-bebidas/,/8-pack-de-refresco-dr.-pepper-en-lata-mini-237-ml/11896072.html,99.90,0.0,,,Puntos 'dobles' al pagar con 'FALABELLA',,2026-07-01
Jugos y bebidas,Refrescos,Bebida Unico Fresco Xoda sabor Toronja y Hierbabuena 355 ml,7501013106732_A,https://www.soriana.com/jugos-y-bebidas/,/bebida-unico-fresco-xoda-sabor-toronja-y-hierbabuena-355-ml/11922745.html,25.50,0.0,,,Puntos 'dobles' al pagar con 'FALABELLA',,2026-07-01
Jugos y bebidas,Refrescos,Evian Agua Natural 1 lt,0061314000070_A,https://www.soriana.com/jugos-y-bebidas/,/evian-agua-natural-1-lt/281358.html,93.50,0.0,20% en Dinero electrónico,,Puntos 'dobles' al pagar con 'FALABELLA',,2026-07-01
Jugos y bebidas,Refrescos,Refresco Pepsi 355 Ml Lata,7501031311309_A,https://www.soriana.com/jugos-y-bebidas/,/refresco-pepsi-355-ml-lata/370610.html,20.90,0.0,,,Puntos 'dobles' al pagar con 'FALABELLA',,2026-07-01
Jugos y bebidas,Refrescos,Coca Cola Light Refresco 6 Pack 1 Lt,7501055306404_A,https://www.soriana.com/jugos-y-bebidas/,/coca-cola-light-refresco-6-pack-1-lt/1226137.html,181.00,0.0,,,Puntos 'dobles' al pagar con 'FALABELLA',,2026-07-01
Jugos y bebidas,Refrescos,Refresco Coca Cola Sin Azucar 1 Lt Pet,7501055326785_A,https://www.soriana.com/jugos-y-bebidas/,/refresco-coca-cola-sin-azucar-1-lt-pet/1806226.html,23.00,0.0,,,Puntos 'dobles' al pagar con 'FALABELLA',,2026-07-01
Jugos y bebidas,Refrescos,Refresco Coca Cola Original 1 L + Refresco Fanta 1 L,7501055304370_A,https://www.soriana.com/jugos-y-bebidas/,/refresco-coca-cola-original-1-l-refresco-fanta-1-l/3058974.html,80.50,0.0,20% en Dinero electrónico,Aplica cupón,Puntos 'dobles' al pagar con 'FALABELLA',,2026-07-01
Jugos y bebidas,Refrescos,Coca Cola Refresco 6 Pack 1 Lt,7501055306381_A,https://www.soriana.com/jugos-y-bebidas/,/coca-cola-refresco-6-pack-1-lt/1226136.html,188.00,0.0,,,Puntos 'dobles' al pagar con 'FALABELLA',,2026-07-01
Jugos y bebidas,Refrescos,Refresco Pepsi Light Lata 355 Ml Lata,7501031312306_A,https://www.soriana.com/jugos-y-bebidas/,/refresco-pepsi-light-lata-355-ml-lata/370631.html,19.90,0.0,,,Puntos 'dobles' al pagar con 'FALABELLA',,2026-07-01
Jugos y bebidas,Refrescos,Refresco Coca Cola Light 12 Pack Lata 355 ml,7501055365418_A,https://www.soriana.com/jugos-y-bebidas/,/refresco-coca-cola-light-12-pack-lata-355-ml/11425228.html,269.00,0.0,,,Puntos 'dobles' al pagar con 'FALABELLA',,2026-07-01
Jugos y bebidas,Refrescos,Refresco Coca Cola Original 12 Pack Lata 355 ml,7501055365340_A,https://www.soriana.com/jugos-y-bebidas/,/refresco-coca-cola-original-12-pack-lata-355-ml/11425251.html,279.00,0.0,,,Puntos 'dobles' al pagar con 'FALABELLA',,2026-07-01
Jugos y bebidas,Refrescos,Refresco Pepsi Light 400 ml,7501031306022_A,https://www.soriana.com/jugos-y-bebidas/,/refresco-pepsi-light-400-ml/2100577.html,10.00,0.0,3 x 30.00,,Puntos 'dobles' al pagar con 'FALABELLA',,2026-07-01
Jugos y bebidas,Refrescos,Evian Agua Natural 500 ml,0061314000032_A,https://www.soriana.com/jugos-y-bebidas/,/evian-agua-natural-500-ml/281356.html,60.90,0.0,20% en Dinero electrónico,,Puntos 'dobles' al pagar con 'FALABELLA',,2026-07-01
Jugos y bebidas,Refrescos,Refresco Coca Cola Zero 6 Pack en Lata 355 ml,7501055365432_A,https://www.soriana.com/jugos-y-bebidas/,/refresco-coca-cola-zero-6-pack-en-lata-355-ml/11425250.html,134.00,0.0,,,Puntos 'dobles' al pagar con 'FALABELLA',,2026-07-01
Jugos y bebidas,Refrescos,Agua Natural Evian 330 Ml Botella,0061314000056_A,https://www.soriana.com/jugos-y-bebidas/,/agua-natural-evian-330-ml-botella/281357.html,47.90,0.0,20% en Dinero electrónico,,Puntos 'dobles' al pagar con 'FALABELLA',,2026-07-01
Jugos y bebidas,Jugos,Jugo Jumex 0% Manzana 960 ml,7501013105780_A,https://www.soriana.com/jugos-y-bebidas/,/jugo-jumex-0--manzana-960-ml/11755553.html,31.50,0.0,20% en Dinero electrónico,,Gratis con 240 Puntos,Puntos 'dobles' al pagar con 'FALABELLA',2026-07-01
Jugos y bebidas,Jugos,Jugo Jumex Piña-Coco 960 ml,7501013105483_A,https://www.soriana.com/jugos-y-bebidas/,/jugo-jumex-pina-coco-960-ml/11755548.html,30.00,0.0,20% en Dinero electrónico,,Gratis con 240 Puntos,Puntos 'dobles' al pagar con 'FALABELLA',2026-07-01
Jugos y bebidas,Jugos,Jugo Jumex 0% Piña 960 ml,7501013105797_A,https://www.soriana.com/jugos-y-bebidas/,/jugo-jumex-0--pina-960-ml/11755555.html,31.50,0.0,20% en Dinero electrónico,,Gratis con 240 Puntos,Puntos 'dobles' al pagar con 'FALABELLA',2026-07-01
Jugos y bebidas,Jugos,Jugo Jumex Durazno 960 ml,7501013104066_A,https://www.soriana.com/jugos-y-bebidas/,/jugo-jumex-durazno-960-ml/11755382.html,30.00,0.0,20% en Dinero electrónico,,Gratis con 240 Puntos,Puntos 'dobles' al pagar con 'FALABELLA',2026-07-01
Jugos y bebidas,Jugos,Jugo Jumex 0% Mango 960 ml,7501013105773_A,https://www.soriana.com/jugos-y-bebidas/,/jugo-jumex-0--mango-960-ml/11755552.html,31.50,0.0,20% en Dinero electrónico,,Gratis con 240 Puntos,Puntos 'dobles' al pagar con 'FALABELLA',2026-07-01
Jugos y bebidas,Jugos,Jugo Jumex Tomate 960 ml,7501013105513_A,https://www.soriana.com/jugos-y-bebidas/,/jugo-jumex-tomate-960-ml/11755551.html,30.00,0.0,3 x 2,,Gratis con 240 Puntos,Puntos 'dobles' al pagar con 'FALABELLA',2026-07-01
Jugos y bebidas,Jugos,Jugo Jumex Uva 960 ml,7501013105506_A,https://www.soriana.com/jugos-y-bebidas/,/jugo-jumex-uva-960-ml/11755550.html,30.00,0.0,20% en Dinero electrónico,,Gratis con 240 Puntos,Puntos 'dobles' al pagar con 'FALABELLA',2026-07-01
Jugos y bebidas,Jugos,Jugo Jumex Piña 960 ml,7501013109689_A,https://www.soriana.com/jugos-y-bebidas/,/jugo-jumex-pina-960-ml/11755547.html,30.00,0.0,20% en Dinero electrónico,,Gratis con 240 Puntos,Puntos 'dobles' al pagar con 'FALABELLA',2026-07-01
Jugos y bebidas,Jugos,Jugo Jumex Naranja 960 ml,7501013105469_A,https://www.soriana.com/jugos-y-bebidas/,/jugo-jumex-naranja-960-ml/11755386.html,30.00,0.0,20% en Dinero electrónico,,Gratis con 240 Puntos,Puntos 'dobles' al pagar con 'FALABELLA',2026-07-01
Jugos y bebidas,Jugos,Jugo Jumex 0% Durazno 960 ml,7501013105766_A,https://www.soriana.com/jugos-y-bebidas/,/jugo-jumex-0--durazno-960-ml/11755554.html,31.50,0.0,20% en Dinero electrónico,,Gratis con 240 Puntos,Puntos 'dobles' al pagar con 'FALABELLA',2026-07-01
Jugos y bebidas,Jugos,Jugo Jumex Manzana Clarificado 960 ml,7501013105414_A,https://www.soriana.com/jugos-y-bebidas/,/jugo-jumex-manzana-clarificado-960-ml/11755381.html,30.00,0.0,20% en Dinero electrónico,,Gratis con 240 Puntos,Puntos 'dobles' al pagar con 'FALABELLA',2026-07-01
Jugos y bebidas,Jugos,Jugo Jumex Manzana 960 ml,7501013104073_A,https://www.soriana.com/jugos-y-bebidas/,/jugo-jumex-manzana-960-ml/11755385.html,30.00,0.0,20% en Dinero electrónico,,Gratis con 240 Puntos,Puntos 'dobles' al pagar con 'FALABELLA',2026-07-01
Jugos y bebidas,Jugos,Jugo Jumex Mango 960 ml,7501013102789_A,https://www.soriana.com/jugos-y-bebidas/,/jugo-jumex-mango-960-ml/11755384.html,30.00,0.0,20% en Dinero electrónico,,Gratis con 240 Puntos,Puntos 'dobles' al pagar con 'FALABELLA',2026-07-01
Jugos y bebidas,Jugos,Jugo Del Valle Kids Durazno 200 Ml,0032239058149_A,https://www.soriana.com/jugos-y-bebidas/,/jugo-del-valle-kids-durazno-200-ml/649379.html,8.90,0.0,,,Gratis con 60 Puntos,Puntos 'dobles' al pagar con 'FALABELLA',2026-07-01
Jugos y bebidas,Jugos,Jugo Del Valle Kids Mango 200 Ml,0032239058118_A,https://www.soriana.com/jugos-y-bebidas/,/jugo-del-valle-kids-mango-200-ml/649376.html,8.90,0.0,,,Gratis con 60 Puntos,Puntos 'dobles' al pagar con 'FALABELLA',2026-07-01
Jugos y bebidas,Jugos,Jugo Del Valle Kids Manzana 200 Ml,0032239058156_A,https://www.soriana.com/jugos-y-bebidas/,/jugo-del-valle-kids-manzana-200-ml/649380.html,8.90,0.0,,,Gratis con 60 Puntos,Puntos 'dobles' al pagar con 'FALABELLA',2026-07-01
Jugos y bebidas,Jugos,Jugo Ades Soya Manzana 200 ml,7501005114509_A,https://www.soriana.com/jugos-y-bebidas/,/jugo-ades-soya-manzana-200-ml/1032221.html,9.90,0.0,3 x 2,,Gratis con 60 Puntos,Puntos 'dobles' al pagar con 'FALABELLA',2026-07-01
Jugos y bebidas,Jugos,Jugo Ades Soya Uva 200 ml,7501005109079_A,https://www.soriana.com/jugos-y-bebidas/,/jugo-ades-soya-uva-200-ml/1445765.html,9.90,0.0,3 x 2,,Gratis con 60 Puntos,Puntos 'dobles' al pagar con 'FALABELLA',2026-07-01
Jugos y bebidas,Jugos,Jugo Ades Soya Mango 200 ml,7501005114523_A,https://www.soriana.com/jugos-y-bebidas/,/jugo-ades-soya-mango-200-ml/1032224.html,9.90,0.0,3 x 2,,Gratis con 60 Puntos,Puntos 'dobles' al pagar con 'FALABELLA',2026-07-01
Jugos y bebidas,Jugos,Jugo Ades Soya Durazno 200 ml,7501005113373_A,https://www.soriana.com/jugos-y-bebidas/,/jugo-ades-soya-durazno-200-ml/1154007.html,9.90,0.0,3 x 2,,Gratis con 60 Puntos,Puntos 'dobles' al pagar con 'FALABELLA',2026-07-01
Jugos y bebidas,Jugos,Jugo Ades Soya Naranja 200 ml,7501005114516_A,https://www.soriana.com/jugos-y-bebidas/,/jugo-ades-soya-naranja-200-ml/1032223.html,10.10,0.0,3 x 2,,Gratis con 60 Puntos,Puntos 'dobles' al pagar con 'FALABELLA',2026-07-01
Jugos y bebidas,Jugos,Jugo De Tomate Clamato El Original Con Almeja 946 Ml Botella,0014800515336_A,https://www.soriana.com/jugos-y-bebidas/,/jugo-de-tomate-clamato-el-original-con-almeja-946-ml-botella/250525.html,53.00,0.0,3 x 2,,Puntos 'dobles' al pagar con 'FALABELLA',,2026-07-01
Jugos y bebidas,Jugos,Jugo Clamato El Original 473 Ml Botella,0014800515329_A,https://www.soriana.com/jugos-y-bebidas/,/jugo-clamato-el-original-473-ml-botella/250524.html,30.50,0.0,3 x 2,,Puntos 'dobles' al pagar con 'FALABELLA',,2026-07-01
Jugos y bebidas,Jugos,Jugo de Tomate Clamato El Original con Almeja 1.89 L,0014800515343_A,https://www.soriana.com/jugos-y-bebidas/,/jugo-de-tomate-clamato-el-original-con-almeja-1.89-l/3003350.html,84.50,0.0,3 x 2,,Puntos 'dobles' al pagar con 'FALABELLA',,2026-07-01
Jugos y bebidas,Jugos,Jugo Ades Soya Manzana 946 Ml,7501005102674_A,https://www.soriana.com/jugos-y-bebidas/,/jugo-ades-soya-manzana-946-ml/552806.html,31.50,0.0,3 x 2,,Gratis con 240 Puntos,Puntos 'dobles' al pagar con 'FALABELLA',2026-07-01
Jugos y bebidas,Jugos,Jugo Néctar Del Valle sabor Manzana 1 L,7501055333868_A,https://www.soriana.com/jugos-y-bebidas/,/jugo-nectar-del-valle-sabor-manzana-1-l/11064595.html,30.50,0.0,,,Gratis con 240 Puntos,Puntos 'dobles' al pagar con 'FALABELLA',2026-07-01
Jugos y bebidas,Jugos,Jugo de Tomate Clamato Cubano 946 ml,0014800005684_A,https://www.soriana.com/jugos-y-bebidas/,/jugo-de-tomate-clamato-cubano-946-ml/9105801.html,55.50,0.0,3 x 2,,Puntos 'dobles' al pagar con 'FALABELLA',,2026-07-01
Jugos y bebidas,Jugos,Único Fresco Naranja Con Pulpa Jumex 960 ml,7501013102963_A,https://www.soriana.com/jugos-y-bebidas/,/unico-fresco-naranja-con-pulpa-jumex-960-ml/11732799.html,47.90,39.00,,,Gratis con 350 Puntos,Puntos 'dobles' al pagar con 'FALABELLA',2026-07-01
Jugos y bebidas,Jugos,Jugo Cóctel Clamato Cubano 473 ml,0014800000276_A,https://www.soriana.com/jugos-y-bebidas/,/jugo-coctel-clamato-cubano-473-ml/11191255.html,31.50,0.0,3 x 2,,Puntos 'dobles' al pagar con 'FALABELLA',,2026-07-01
Jugos y bebidas,Jugos,Jugo Ades Soya Durazno 946 ml,7501005102698_A,https://www.soriana.com/jugos-y-bebidas/,/jugo-ades-soya-durazno-946-ml/1036286.html,31.50,0.0,3 x 2,,Gratis con 240 Puntos,Puntos 'dobles' al pagar con 'FALABELLA',2026-07-01
Jugos y bebidas,Jugos,Jugo de Verduras V8 Original Lata 340 ml,7501011351097_A,https://www.soriana.com/jugos-y-bebidas/,/jugo-de-verduras-v8-original-lata-340-ml/11580113.html,15.90,0.0,3 x 2,,Puntos 'dobles' al pagar con 'FALABELLA',,2026-07-01
Jugos y bebidas,Jugos,Jugo de Tomate Clamato Con Almeja 296 Ml Botella,0014800515312_A,https://www.soriana.com/jugos-y-bebidas/,/jugo-de-tomate-clamato-con-almeja-296-ml-botella/250523.html,22.50,0.0,3 x 2,,Puntos 'dobles' al pagar con 'FALABELLA',,2026-07-01
Jugos y bebidas,Jugos,Ocean Spray Bebida de Arándano Clásico 1 Litro,0031200454560_A,https://www.soriana.com/jugos-y-bebidas/,/ocean-spray-bebida-de-arandano-clasico-1-litro/1419782.html,45.90,0.0,,,Gratis con 350 Puntos,Puntos 'dobles' al pagar con 'FALABELLA',2026-07-01
Jugos y bebidas,Jugos,Jugo Del Valle Néctar De Mango 413 Ml Botella,0032239052000_A,https://www.soriana.com/jugos-y-bebidas/,/jugo-del-valle-nectar-de-mango-413-ml-botella/535359.html,21.50,0.0,,,Puntos 'dobles' al pagar con 'FALABELLA',,2026-07-01
Jugos y bebidas,Jugos,Jugo Del Valle Néctar De Durazno 413 Ml Botella,0032239052017_A,https://www.soriana.com/jugos-y-bebidas/,/jugo-del-valle-nectar-de-durazno-413-ml-botella/535360.html,21.50,0.0,,,Puntos 'dobles' al pagar con 'FALABELLA',,2026-07-01
Jugos y bebidas,Jugos,Jugo Néctar Del Valle sabor Durazno 1 L,7501055333851_A,https://www.soriana.com/jugos-y-bebidas/,/jugo-nectar-del-valle-sabor-durazno-1-l/11064633.html,30.50,0.0,,,Gratis con 240 Puntos,Puntos 'dobles' al pagar con 'FALABELLA',2026-07-01
Jugos y bebidas,Jugos,Jugo Ades Soya Guanabana 946 Ml,7501005102704_A,https://www.soriana.com/jugos-y-bebidas/,/jugo-ades-soya-guanabana-946-ml/626397.html,31.50,0.0,3 x 2,,Gratis con 240 Puntos,Puntos 'dobles' al pagar con 'FALABELLA',2026-07-01
Jugos y bebidas,Jugos,Bebida con Jugo Jumex sabor Durazno 1.89 Lt,7501013104097_A,https://www.soriana.com/jugos-y-bebidas/,/bebida-con-jugo-jumex-sabor-durazno-1.89-lt/11590933.html,58.50,0.0,20% en Dinero electrónico,,Puntos 'dobles' al pagar con 'FALABELLA',,2026-07-01
Jugos y bebidas,Jugos,Jugo del Valle Edge Mango 946 ml,7501055356713_A,https://www.soriana.com/jugos-y-bebidas/,/jugo-del-valle-edge-mango-946-ml/11235443.html,28.90,21.90,,,Gratis con 240 Puntos,Puntos 'dobles' al pagar con 'FALABELLA',2026-07-01
Jugos y bebidas,Jugos,Mezclador Calahua Crema de Coco 1 L,7503006575112_A,https://www.soriana.com/jugos-y-bebidas/,/mezclador-calahua-crema-de-coco-1-l/3034308.html,80.90,0.0,,,Puntos 'dobles' al pagar con 'FALABELLA',,2026-07-01
Jugos y bebidas,Jugos,Jugo Ades Soya Mango 946 Ml,7501005102681_A,https://www.soriana.com/jugos-y-bebidas/,/jugo-ades-soya-mango-946-ml/626399.html,31.50,0.0,3 x 2,,Gratis con 240 Puntos,Puntos 'dobles' al pagar con 'FALABELLA',2026-07-01
Jugos y bebidas,Jugos,Bebida Ocean Spray Classic Light de Arándano 1 lt,0031200610331_A,https://www.soriana.com/jugos-y-bebidas/,/bebida-ocean-spray-classic-light-de-arandano-1-lt/1834153.html,45.90,0.0,,,Gratis con 350 Puntos,Puntos 'dobles' al pagar con 'FALABELLA',2026-07-01
Jugos y bebidas,Jugos,Jugo Kermato Tomate con Almeja 245 ml,7501013100969_A,https://www.soriana.com/jugos-y-bebidas/,/jugo-kermato-tomate-con-almeja-245-ml/11389514.html,16.00,0.0,3 x 2,,Puntos 'dobles' al pagar con 'FALABELLA',,2026-07-01
Jugos y bebidas,Jugos,Bebida con Piña Jumex 1.89 l,7501013109757_A,https://www.soriana.com/jugos-y-bebidas/,/bebida-con--pina-jumex-1.89-l/11670499.html,58.50,0.0,20% en Dinero electrónico,,Puntos 'dobles' al pagar con 'FALABELLA',,2026-07-01
Jugos y bebidas,Jugos,Bebida Ocean Spray Arándano y Uva Light 1 L,0031200459169_A,https://www.soriana.com/jugos-y-bebidas/,/bebida-ocean-spray-arandano-y-uva-light-1-l/11081721.html,48.50,0.0,,,Gratis con 240 Puntos,Puntos 'dobles' al pagar con 'FALABELLA',2026-07-01
Jugos y bebidas,Jugos,Jugo Del Valle Reserva 100% Manzana 946 ml,7501055357765_A,https://www.soriana.com/jugos-y-bebidas/,/jugo-del-valle-reserva-100--manzana-946-ml/11321554.html,38.50,0.0,,,Gratis con 240 Puntos,Puntos 'dobles' al pagar con 'FALABELLA',2026-07-01
Jugos y bebidas,Jugos,Jugo Ades Soya Uva 946 ml,7501005109086_A,https://www.soriana.com/jugos-y-bebidas/,/jugo-ades-soya-uva-946-ml/1445771.html,31.50,0.0,3 x 2,,Gratis con 240 Puntos,Puntos 'dobles' al pagar con 'FALABELLA',2026-07-01
Jugos y bebidas,Jugos,Bebida con Jugo Jumex sabor Manzana Lata 335 ml,7501013103267_A,https://www.soriana.com/jugos-y-bebidas/,/bebida-con-jugo-jumex-sabor-manzana--lata-335-ml/11580106.html,16.00,0.0,20% en Dinero electrónico,,Puntos 'dobles' al pagar con 'FALABELLA',,2026-07-01
Jugos y bebidas,Jugos,Jugo Cosecha Pura Néctar De Naranja 1 Lt,7501022011737_A,https://www.soriana.com/jugos-y-bebidas/,/jugo-cosecha-pura-nectar-de-naranja-1-lt/11264219.html,29.90,0.0,,,Gratis con 240 Puntos,Puntos 'dobles' al pagar con 'FALABELLA',2026-07-01
Jugos y bebidas,Jugos,Bebida con Naranja Jumex 1.89 L,7501013109733_A,https://www.soriana.com/jugos-y-bebidas/,/bebida-con-naranja-jumex-1.89-l/11670497.html,58.50,0.0,20% en Dinero electrónico,,Puntos 'dobles' al pagar con 'FALABELLA',,2026-07-01
Jugos y bebidas,Jugos,Jugo Del Valle Reserva 100% Naranja 946 ml,7501055359578_A,https://www.soriana.com/jugos-y-bebidas/,/jugo-del-valle-reserva-100--naranja-946-ml/11317144.html,36.90,0.0,,,Gratis con 240 Puntos,Puntos 'dobles' al pagar con 'FALABELLA',2026-07-01
Jugos y bebidas,Jugos,Cosecha Pura Néctar Mango 1 Lts Pet 6,7501022011751_A,https://www.soriana.com/jugos-y-bebidas/,/cosecha-pura-nectar-mango-1-lts-pet-6/11266031.html,29.90,0.0,,,Gratis con 240 Puntos,Puntos 'dobles' al pagar con 'FALABELLA',2026-07-01
Jugos y bebidas,Jugos,Jugo sin Pulpa Jumex Único Fresco sabor Naranja 475 ml,7501013104493_A,https://www.soriana.com/jugos-y-bebidas/,/jugo-sin-pulpa-jumex-unico-fresco-sabor-naranja-475-ml/11632032.html,28.50,0.0,,,Puntos 'dobles' al pagar con 'FALABELLA',,2026-07-01
Jugos y bebidas,Jugos,Único Fresco Granada 960 ml,7501013106909_A,https://www.soriana.com/jugos-y-bebidas/,/unico-fresco-granada-960-ml/11732802.html,44.90,0.0,,,Gratis con 350 Puntos,Puntos 'dobles' al pagar con 'FALABELLA',2026-07-01
Jugos y bebidas,Jugos,Jugo Cóctel de Tomate Kermato con Almeja 950 ml,7501013100549_A,https://www.soriana.com/jugos-y-bebidas/,/jugo-coctel-de-tomate-kermato-con-almeja-950-ml/9105993.html,42.50,0.0,3 x 2,,Puntos 'dobles' al pagar con 'FALABELLA',,2026-07-01
Jugos y bebidas,Jugos,Jugo de Uva Boing 200 Ml,0019836710090_A,https://www.soriana.com/jugos-y-bebidas/,/jugo-de-uva-boing-200-ml/11500511.html,9.10,0.0,,,Gratis con 60 Puntos,Puntos 'dobles' al pagar con 'FALABELLA',2026-07-01
Jugos y bebidas,Jugos,Jugo Néctar Del Valle sabor Mango 1 L,7501055333844_A,https://www.soriana.com/jugos-y-bebidas/,/jugo-nectar-del-valle-sabor-mango-1-l/11064632.html,30.50,0.0,,,Gratis con 240 Puntos,Puntos 'dobles' al pagar con 'FALABELLA',2026-07-01
Jugos y bebidas,Jugos,Jugo de Naranja Lala Naturales 1 lt con Vitamina C,7501020527551_A,https://www.soriana.com/jugos-y-bebidas/,/jugo-de-naranja-lala-naturales-1-lt-con-vitamina-c/1185974.html,55.50,0.0,,,Puntos 'dobles' al pagar con 'FALABELLA',,2026-07-01
Jugos y bebidas,Jugos,Jugo Néctar Del Valle sabor Durazno 237 ml,7501055356928_A,https://www.soriana.com/jugos-y-bebidas/,/jugo-nectar-del-valle-sabor-durazno-237-ml/11336059.html,9.60,0.0,,,Puntos 'dobles' al pagar con 'FALABELLA',,2026-07-01
Jugos y bebidas,Jugos,Jugo Néctar Del Valle sabor Durazno 946 ml,7501055356751_A,https://www.soriana.com/jugos-y-bebidas/,/jugo-nectar-del-valle-sabor-durazno-946-ml/11235441.html,28.90,21.90,,,Gratis con 240 Puntos,Puntos 'dobles' al pagar con 'FALABELLA',2026-07-01
Jugos y bebidas,Jugos,Bebida con Jugo Jumex Único Fresco sabor Arándano 475 ml,7501013104455_A,https://www.soriana.com/jugos-y-bebidas/,/bebida-con-jugo-jumex-unico-fresco-sabor-arandano-475-ml/11632030.html,23.50,0.0,,,Puntos 'dobles' al pagar con 'FALABELLA',,2026-07-01
Jugos y bebidas,Jugos,Mezclador Calahua Crema de Coco 480 g,0810990001112_A,https://www.soriana.com/jugos-y-bebidas/,/mezclador-calahua-crema-de-coco-480-g/1031007.html,42.90,0.0,,,Puntos 'dobles' al pagar con 'FALABELLA',,2026-07-01
Jugos y bebidas,Jugos,Jugo Ocean Spray Arandano Uva 1 Lt,0031200454577_A,https://www.soriana.com/jugos-y-bebidas/,/jugo-ocean-spray-arandano-uva-1-lt/1419786.html,45.90,0.0,,,Gratis con 350 Puntos,Puntos 'dobles' al pagar con 'FALABELLA',2026-07-01
Jugos y bebidas,Jugos,Bebida con Jugo V8 Splash Naranja Zanahoria 500 ml,7501011350700_A,https://www.soriana.com/jugos-y-bebidas/,/bebida-con-jugo-v8-splash-naranja-zanahoria-500-ml/9100691.html,24.90,0.0,3 x 2,,Puntos 'dobles' al pagar con 'FALABELLA',,2026-07-01
Jugos y bebidas,Jugos,Jugo de Arándano Pink Ocean Spray 1 lt,31200016454_A,https://www.soriana.com/jugos-y-bebidas/,/jugo-de-arandano-pink-ocean-spray-1-lt/11736135.html,47.50,0.0,,,Gratis con 350 Puntos,Puntos 'dobles' al pagar con 'FALABELLA',2026-07-01
Jugos y bebidas,Jugos,Jugo de Naranja Lala Naturales 330 ml,7501020530551_A,https://www.soriana.com/jugos-y-bebidas/,/jugo-de-naranja-lala-naturales-330-ml/1214079.html,20.50,0.0,,,Puntos 'dobles' al pagar con 'FALABELLA',,2026-07-01
Jugos y bebidas,Jugos,Bebida con Jugo sabor Manzana Jumex 1.89 l,7501013104080_A,https://www.soriana.com/jugos-y-bebidas/,/bebida-con-jugo-sabor-manzana-jumex-1.89-l/11580104.html,58.50,0.0,20% en Dinero electrónico,,Puntos 'dobles' al pagar con 'FALABELLA',,2026-07-01
Jugos y bebidas,Jugos,Jugo Del Valle Edge Manzana Roja 946 ml,7501055356737_A,https://www.soriana.com/jugos-y-bebidas/,/jugo-del-valle-edge-manzana-roja-946-ml/11235444.html,28.90,21.90,,,Gratis con 240 Puntos,Puntos 'dobles' al pagar con 'FALABELLA',2026-07-01
Jugos y bebidas,Jugos,Jugo de 8 Verduras Herdez Original 1L,7501003106148_A,https://www.soriana.com/jugos-y-bebidas/,/jugo-de-8-verduras-herdez-original-1l/11662519.html,30.90,0.0,3 x 2,Aplica cupón,Gratis con 240 Puntos,Puntos 'dobles' al pagar con 'FALABELLA',2026-07-01
Jugos y bebidas,Jugos,Bebida con Jugo Jumex sabor Durazno Lata 355 ml,7501013103274_A,https://www.soriana.com/jugos-y-bebidas/,/bebida-con-jugo-jumex-sabor-durazno-lata-355-ml/11580093.html,16.00,0.0,20% en Dinero electrónico,,Puntos 'dobles' al pagar con 'FALABELLA',,2026-07-01
Jugos y bebidas,Jugos,Jugo de 8 Verduras Herdez Original 330 ml,7501003106223_A,https://www.soriana.com/jugos-y-bebidas/,/jugo-de-8-verduras-herdez-original-330-ml/11662520.html,16.00,0.0,3 x 2,Aplica cupón,Puntos 'dobles' al pagar con 'FALABELLA',,2026-07-01
Jugos y bebidas,Jugos,Jugo Del Valle Mango 200 ml 4 Pack,0032239062238_A,https://www.soriana.com/jugos-y-bebidas/,/jugo-del-valle-mango-200-ml-4-pack/1681697.html,31.90,0.0,,,Puntos 'dobles' al pagar con 'FALABELLA',,2026-07-01
Jugos y bebidas,Jugos,Jugo de Naranja Natural 1 litro,0000007039270_A,https://www.soriana.com/jugos-y-bebidas/,/jugo-de-naranja-natural-1-litro/11556303.html,89.80,0.0,,,Puntos 'dobles' al pagar con 'FALABELLA',,2026-07-01
Jugos y bebidas,Jugos,Jugo Del Valle Reserva Granada 1 Lt,7501055332090_A,https://www.soriana.com/jugos-y-bebidas/,/jugo-del-valle-reserva-granada-1-lt/1718787.html,43.50,0.0,,,Gratis con 350 Puntos,Puntos 'dobles' al pagar con 'FALABELLA',2026-07-01
Jugos y bebidas,Jugos,Bebida con Jugo Vigor sabor Manzana Lata 335 ml,7501013103472_A,https://www.soriana.com/jugos-y-bebidas/,/bebida-con-jugo-vigor-sabor-manzana-lata-335-ml/11580096.html,12.00,0.0,,,Puntos 'dobles' al pagar con 'FALABELLA',,2026-07-01
Jugos y bebidas,Jugos,Bebida con Jugo V8 Splash sabor Fresa Kiwi 500 ml,7501011350694_A,https://www.soriana.com/jugos-y-bebidas/,/bebida-con-jugo-v8-splash-sabor-fresa-kiwi-500-ml/9100690.html,23.00,0.0,3 x 2,,Puntos 'dobles' al pagar con 'FALABELLA',,2026-07-01
Jugos y bebidas,Jugos,Jugo de Mango Pulp 450 ml,7503049695426_C,https://www.soriana.com/jugos-y-bebidas/,/jugo-de-mango-pulp-450-ml/11923495.html,17.50,0.0,,,Puntos 'dobles' al pagar con 'FALABELLA',,2026-07-01
Jugos y bebidas,Jugos,Jugo de Durazno Pulp 450 ml,7503049695419_A,https://www.soriana.com/jugos-y-bebidas/,/jugo-de-durazno-pulp-450-ml/11923447.html,17.50,0.0,,,Puntos 'dobles' al pagar con 'FALABELLA',,2026-07-01
Jugos y bebidas,Jugos,Jugo Del Valle Edge Naranja 946 Ml,7501055356799_A,https://www.soriana.com/jugos-y-bebidas/,/jugo-del-valle-edge-naranja-946-ml/11321975.html,28.50,21.90,,,Gratis con 240 Puntos,Puntos 'dobles' al pagar con 'FALABELLA',2026-07-01
Jugos y bebidas,Jugos,Jugo Valle Durazno 4 Pack 200 ml,0032239062214_A,https://www.soriana.com/jugos-y-bebidas/,/jugo-valle-durazno-4-pack-200-ml/2066303.html,31.90,0.0,,,Puntos 'dobles' al pagar con 'FALABELLA',,2026-07-01
Jugos y bebidas,Jugos,Jugo Verde Vital Zen Svezhy 500 ml,7503055945362_A,https://www.soriana.com/jugos-y-bebidas/,/jugo-verde-vital-zen-svezhy-500-ml/11894886.html,19.90,0.0,,,Puntos 'dobles' al pagar con 'FALABELLA',,2026-07-01
Jugos y bebidas,Jugos,Jugo Néctar Del Valle sabor Manzana 237 ml,7501055356911_A,https://www.soriana.com/jugos-y-bebidas/,/jugo-nectar-del-valle-sabor-manzana-237-ml/11336062.html,9.60,0.0,,,Puntos 'dobles' al pagar con 'FALABELLA',,2026-07-01
Jugos y bebidas,Jugos,Jugo Sabor Fresa Con Pulpa Boing 200 Ml,0019836710014_A,https://www.soriana.com/jugos-y-bebidas/,/jugo-sabor-fresa-con-pulpa-boing-200-ml/11500512.html,9.10,0.0,,,Gratis con 60 Puntos,Puntos 'dobles' al pagar con 'FALABELLA',2026-07-01
Jugos y bebidas,Jugos,Jugo de 8 Verduras Herdez Picante Limón 330 ml,7501003106155_A,https://www.soriana.com/jugos-y-bebidas/,/jugo-de-8-verduras-herdez-picante-limon-330-ml/11662521.html,17.00,0.0,3 x 2,Aplica cupón,Puntos 'dobles' al pagar con 'FALABELLA',,2026-07-01
Jugos y bebidas,Jugos,Bebida con Jugo V8 Splash sabor Moras 500 ml,7501011350687_A,https://www.soriana.com/jugos-y-bebidas/,/bebida-con-jugo-v8-splash-sabor-moras-500-ml/9100694.html,23.00,0.0,3 x 2,,Puntos 'dobles' al pagar con 'FALABELLA',,2026-07-01
Jugos y bebidas,Jugos,Jugo Del Valle Reserva Arandano 1 Lt,7501055332083_A,https://www.soriana.com/jugos-y-bebidas/,/jugo-del-valle-reserva-arandano-1-lt/1718786.html,43.50,0.0,,,Gratis con 350 Puntos,Puntos 'dobles' al pagar con 'FALABELLA',2026-07-01
Jugos y bebidas,Jugos,Jugo Jumex sabor Manzana Roja 200 ml,7501013103120_A,https://www.soriana.com/jugos-y-bebidas/,/jugo-jumex-sabor-manzana-roja-200-ml/11580074.html,9.50,0.0,20% en Dinero electrónico,,Gratis con 60 Puntos,Puntos 'dobles' al pagar con 'FALABELLA',2026-07-01
Jugos y bebidas,Jugos,Jugo de Arándano Frambuesa Ocean Spray 1 lt,31200023032_A,https://www.soriana.com/jugos-y-bebidas/,/jugo-de-arandano-frambuesa-ocean-spray-1-lt/11904678.html,43.50,0.0,,,Gratis con 350 Puntos,Puntos 'dobles' al pagar con 'FALABELLA',2026-07-01
Jugos y bebidas,Jugos,Jugo Pulpy Naranja 400 ml,7501055333936_A,https://www.soriana.com/jugos-y-bebidas/,/jugo-pulpy-naranja-400-ml/2089271.html,22.50,0.0,,,Puntos 'dobles' al pagar con 'FALABELLA',,2026-07-01
Jugos y bebidas,Jugos,Jugo Jumex de Durazno Cero Azúcar Añadida 475 ml,7501013105063_A,https://www.soriana.com/jugos-y-bebidas/,/jugo-jumex-de-durazno-cero-azucar-anadida-475-ml/11885450.html,19.50,0.0,20% en Dinero electrónico,,Puntos 'dobles' al pagar con 'FALABELLA',,2026-07-01
Jugos y bebidas,Jugos,Bebida con Jugo Vigor sabor Durazno Lata 335 ml,7501013103496_A,https://www.soriana.com/jugos-y-bebidas/,/bebida-con-jugo-vigor-sabor-durazno-lata-335-ml/11580098.html,12.00,0.0,,,Puntos 'dobles' al pagar con 'FALABELLA',,2026-07-01
Jugos y bebidas,Jugos,Jugo Pau Pau de Cereza Jumex 125 ml,7501013107494_A,https://www.soriana.com/jugos-y-bebidas/,/jugo-pau-pau-de-cereza-jumex-125-ml/11885492.html,3.60,0.0,,,Gratis con 60 Puntos,Puntos 'dobles' al pagar con 'FALABELLA',2026-07-01
Jugos y bebidas,Jugos,Jugo Néctar Del Valle sabor Mango 237 ml,7501055356898_A,https://www.soriana.com/jugos-y-bebidas/,/jugo-nectar-del-valle-sabor-mango-237-ml/11336061.html,9.60,0.0,,,Puntos 'dobles' al pagar con 'FALABELLA',,2026-07-01
Jugos y bebidas,Jugos,Bebida connJugo Del Valle Mango 125 ml,7501055342945_A,https://www.soriana.com/jugos-y-bebidas/,/bebida-connjugo-del-valle-mango-125-ml/2308413.html,5.50,0.0,,,Gratis con 60 Puntos,Puntos 'dobles' al pagar con 'FALABELLA',2026-07-01
Jugos y bebidas,Jugos,Bebida de Jugo de Uva Frutsi 125 ml,7501055387243_A,https://www.soriana.com/jugos-y-bebidas/,/bebida-de-jugo-de-uva-frutsi-125-ml/11882451.html,3.70,0.0,5 x 15.00,,Gratis con 60 Puntos,Puntos 'dobles' al pagar con 'FALABELLA',2026-07-01
Jugos y bebidas,Jugos,Jugo Del Valle 100% Manzana 200 ml,7501055373178_A,https://www.soriana.com/jugos-y-bebidas/,/jugo-del-valle-100--manzana-200-ml/11555417.html,11.20,0.0,,,Gratis con 60 Puntos,Puntos 'dobles' al pagar con 'FALABELLA',2026-07-01
Jugos y bebidas,Jugos,Jugo Del Valle Néctar de Manzana 200 ml Pack con 4 Piezas,0032239062221_A,https://www.soriana.com/jugos-y-bebidas/,/jugo-del-valle-nectar-de-manzana-200-ml-pack-con-4-piezas/1672378.html,31.90,0.0,,,Puntos 'dobles' al pagar con 'FALABELLA',,2026-07-01
Jugos y bebidas,Jugos,Jugo de Durazno Pulp 1 lt,7503049695365_A,https://www.soriana.com/jugos-y-bebidas/,/jugo-de-durazno-pulp-1-lt/11923474.html,28.00,0.0,,,Puntos 'dobles' al pagar con 'FALABELLA',,2026-07-01
Jugos y bebidas,Jugos,Jumex Bida Uva 946 ml,7501013104806_A,https://www.soriana.com/jugos-y-bebidas/,/jumex-bida-uva-946-ml/11732808.html,24.50,0.0,,,Gratis con 240 Puntos,Puntos 'dobles' al pagar con 'FALABELLA',2026-07-01
Jugos y bebidas,Jugos,Bebida con Jugo de Manzana Frutsi 125 ml,7501055387250_A_,https://www.soriana.com/jugos-y-bebidas/,/bebida-con-jugo-de-manzana-frutsi-125-ml/11882440.html,3.70,0.0,5 x 15.00,,Gratis con 60 Puntos,Puntos 'dobles' al pagar con 'FALABELLA',2026-07-01
Jugos y bebidas,Jugos,Bebida Jugo Jumex Nectar Durazno 475 ml,7501013101737_A,https://www.soriana.com/jugos-y-bebidas/,/bebida-jugo-jumex-nectar-durazno-475-ml/11928868.html,20.50,0.0,20% en Dinero electrónico,,Puntos 'dobles' al pagar con 'FALABELLA',,2026-07-01
Jugos y bebidas,Jugos,Bebida Jugo Jumex Nectar Manzana 475 ml,7501013101720_A,https://www.soriana.com/jugos-y-bebidas/,/bebida-jugo-jumex-nectar-manzana-475-ml/11928882.html,20.50,0.0,20% en Dinero electrónico,,Puntos 'dobles' al pagar con 'FALABELLA',,2026-07-01
Jugos y bebidas,Jugos,Jugo 100% sabor Tropical Del Valle Junior 200 ml,7501055391974_A,https://www.soriana.com/jugos-y-bebidas/,/jugo-100--sabor-tropical-del-valle-junior-200-ml/11929515.html,9.50,0.0,,,Puntos 'dobles' al pagar con 'FALABELLA',,2026-07-01
Jugos y bebidas,Jugos,Bebida de Ponche Frutsi 125 ml,7501055387236_A_,https://www.soriana.com/jugos-y-bebidas/,/bebida-de-ponche-frutsi-125-ml/11882385.html,3.70,0.0,5 x 15.00,,Gratis con 60 Puntos,Puntos 'dobles' al pagar con 'FALABELLA',2026-07-01
Jugos y bebidas,Jugos,Jugo Néctar Jumex Mini sabor Manzana 125 ml,0000075075385_A,https://www.soriana.com/jugos-y-bebidas/,/jugo-nectar-jumex-mini-sabor-manzana-125-ml/11580072.html,6.90,0.0,20% en Dinero electrónico,,Gratis con 60 Puntos,Puntos 'dobles' al pagar con 'FALABELLA',2026-07-01
Jugos y bebidas,Jugos,Bebida con Jugo Jumex sabor Uva 200 ml,7501013103151_A,https://www.soriana.com/jugos-y-bebidas/,/bebida-con-jugo-jumex-sabor-uva-200-ml/11580076.html,9.50,0.0,20% en Dinero electrónico,,Gratis con 60 Puntos,Puntos 'dobles' al pagar con 'FALABELLA',2026-07-01
Jugos y bebidas,Jugos,Jugo Del Valle Manzana 125 ml,7501055342969_A,https://www.soriana.com/jugos-y-bebidas/,/jugo-del-valle-manzana-125-ml/2308414.html,6.40,0.0,,,Gratis con 60 Puntos,Puntos 'dobles' al pagar con 'FALABELLA',2026-07-01
Jugos y bebidas,Jugos,Jugo Néctar Jumex Mini sabor Durazno 125 ml,0000075075392_A,https://www.soriana.com/jugos-y-bebidas/,/jugo-nectar-jumex-mini-sabor-durazno-125-ml/11580073.html,6.90,0.0,20% en Dinero electrónico,,Gratis con 60 Puntos,Puntos 'dobles' al pagar con 'FALABELLA',2026-07-01
Jugos y bebidas,Jugos,Jugo Néctar Del Valle sabor Manzana 946 ml,7501055356744_A,https://www.soriana.com/jugos-y-bebidas/,/jugo-nectar-del-valle-sabor-manzana-946-ml/11235442.html,28.90,0.0,,,Gratis con 240 Puntos,Puntos 'dobles' al pagar con 'FALABELLA',2026-07-01
Jugos y bebidas,Jugos,Bebida con Jugo Jumex sabor Durazno 200 ml,7501013103144_A,https://www.soriana.com/jugos-y-bebidas/,/bebida-con-jugo-jumex-sabor-durazno-200-ml/11580075.html,9.50,0.0,20% en Dinero electrónico,,Gratis con 60 Puntos,Puntos 'dobles' al pagar con 'FALABELLA',2026-07-01
Jugos y bebidas,Jugos,Jugo Néctar Vigor sabor Manzana 200 ml,7501013103403_A,https://www.soriana.com/jugos-y-bebidas/,/jugo-nectar-vigor-sabor-manzana-200-ml/11580087.html,7.40,0.0,,,Gratis con 60 Puntos,Puntos 'dobles' al pagar con 'FALABELLA',2026-07-01
Jugos y bebidas,Jugos,Jugo Natural One Guayaba 900 ml,7899916906628_A,https://www.soriana.com/jugos-y-bebidas/,/jugo-natural-one-guayaba-900-ml/11802792.html,84.90,0.0,,,Puntos 'dobles' al pagar con 'FALABELLA',,2026-07-01
Jugos y bebidas,Jugos,Jugo Del Valle 100% Natural sabor Manzana 237 ml,7501055360055_A,https://www.soriana.com/jugos-y-bebidas/,/jugo-del-valle-100--natural-sabor-manzana-237-ml/11525862.html,13.50,0.0,,,Puntos 'dobles' al pagar con 'FALABELLA',,2026-07-01
Jugos y bebidas,Jugos,Jugo del Valle Junior de Manzana 200 ml,7501055387441_A_,https://www.soriana.com/jugos-y-bebidas/,/jugo-del-valle-junior-de-manzana-200-ml/11882324.html,7.40,0.0,,,Gratis con 60 Puntos,Puntos 'dobles' al pagar con 'FALABELLA',2026-07-01
Jugos y bebidas,Jugos,Bebida Jumex Surtido 5 pack 125 ml,7501013102864_A,https://www.soriana.com/jugos-y-bebidas/,/bebida-jumex-surtido-5-pack-125-ml/11721498.html,26.50,0.0,,,Puntos 'dobles' al pagar con 'FALABELLA',,2026-07-01
Jugos y bebidas,Jugos,Jugo Jumex Berry Mix 1 L,7501013105018_A,https://www.soriana.com/jugos-y-bebidas/,/jugo-jumex-berry-mix-1-l/11742123.html,25.50,0.0,,,Puntos 'dobles' al pagar con 'FALABELLA',,2026-07-01
Jugos y bebidas,Jugos,Bebida de Jugo Boing Naranja 1 L Botella,7501039400876_A,https://www.soriana.com/jugos-y-bebidas/,/bebida-de-jugo-boing-naranja-1-l-botella/1009042.html,33.50,0.0,,,Gratis con 240 Puntos,Puntos 'dobles' al pagar con 'FALABELLA',2026-07-01
Jugos y bebidas,Jugos,Jugo de Toronja Natural 1 litro,0000007039287_A,https://www.soriana.com/jugos-y-bebidas/,/jugo-de-toronja-natural-1-litro/11556304.html,89.80,0.0,,,Puntos 'dobles' al pagar con 'FALABELLA',,2026-07-01
Jugos y bebidas,Jugos,Jugo Jumex Bida Cereza Icee 500 ml,7501013104875_A,https://www.soriana.com/jugos-y-bebidas/,/jugo-jumex-bida-cereza-icee-500-ml/11885473.html,15.50,0.0,,,Puntos 'dobles' al pagar con 'FALABELLA',,2026-07-01
Jugos y bebidas,Jugos,Jugo Vigor Mango 946 ml,7501013104745_A,https://www.soriana.com/jugos-y-bebidas/,/jugo-vigor-mango-946-ml/11742119.html,24.50,0.0,,,Gratis con 240 Puntos,Puntos 'dobles' al pagar con 'FALABELLA',2026-07-01
Jugos y bebidas,Jugos,Jugo Del Valle Reserva 100% Manzana 413 ml,7501055359752_A,https://www.soriana.com/jugos-y-bebidas/,/jugo-del-valle-reserva-100--manzana-413-ml/11333704.html,23.50,0.0,,,Puntos 'dobles' al pagar con 'FALABELLA',,2026-07-01
Jugos y bebidas,Jugos,Jugo Limonada Svezhy 500 ml,7503055945393_A,https://www.soriana.com/jugos-y-bebidas/,/jugo-limonada-svezhy-500-ml/11894926.html,19.90,0.0,,,Puntos 'dobles' al pagar con 'FALABELLA',,2026-07-01
Jugos y bebidas,Jugos,Jugo Jumex Tropimix 960 ml,7501013106992_A,https://www.soriana.com/jugos-y-bebidas/,/jugo-jumex-tropimix-960-ml/11794730.html,31.50,0.0,,,Puntos 'dobles' al pagar con 'FALABELLA',,2026-07-01
Jugos y bebidas,Jugos,Jugo Del Valle Néctar De Manzana 413 Ml Botella,0032239052024_A,https://www.soriana.com/jugos-y-bebidas/,/jugo-del-valle-nectar-de-manzana-413-ml-botella/535361.html,21.50,0.0,,,Puntos 'dobles' al pagar con 'FALABELLA',,2026-07-01
Jugos y bebidas,Jugos,Jugo Natural One Uva 900 ml,7898553445613_A,https://www.soriana.com/jugos-y-bebidas/,/jugo-natural-one-uva-900-ml/11802827.html,87.90,0.0,,,Puntos 'dobles' al pagar con 'FALABELLA',,2026-07-01
Jugos y bebidas,Jugos,Jugo de Mango Pulp 1 lt,7503049695365_A,https://www.soriana.com/jugos-y-bebidas/,/jugo-de-mango-pulp-1-lt/11923448.html,28.00,0.0,,,Puntos 'dobles' al pagar con 'FALABELLA',,2026-07-01
Jugos y bebidas,Jugos,Jugo 100% de Manzana Del Valle Junior 125 ml,7501055392087_A,https://www.soriana.com/jugos-y-bebidas/,/jugo-100--de-manzana-del-valle-junior-125-ml/11929574.html,6.50,0.0,,,Puntos 'dobles' al pagar con 'FALABELLA',,2026-07-01
Jugos y bebidas,Jugos,Jugo Jumex Fusiones Naranja con Manzana Guayaba y Jengibre 960 ml,7501013105087_A,https://www.soriana.com/jugos-y-bebidas/,/jugo-jumex-fusiones-naranja-con-manzana-guayaba-y-jengibre-960-ml/11885435.html,42.50,0.0,,,Gratis con 350 Puntos,Puntos 'dobles' al pagar con 'FALABELLA',2026-07-01
Jugos y bebidas,Jugos,Bebida con Jugo Del Valle Pulpy sabor Mango 400 ml,7501055333950_A,https://www.soriana.com/jugos-y-bebidas/,/bebida-con-jugo-del-valle-pulpy-sabor-mango-400-ml/11154681.html,22.50,0.0,,,Puntos 'dobles' al pagar con 'FALABELLA',,2026-07-01
Jugos y bebidas,Jugos,Jugo Del Valle Néctar De Manzana 413 Ml Botella,0032239052147_A,https://www.soriana.com/jugos-y-bebidas/,/jugo-del-valle-nectar-de-manzana-413-ml-botella/691121.html,21.50,0.0,,,Puntos 'dobles' al pagar con 'FALABELLA',,2026-07-01
Jugos y bebidas,Jugos,Bida Pet 400ml Guayababy,7501013102673_A,https://www.soriana.com/jugos-y-bebidas/,/bida-pet-400ml-guayababy/11733512.html,10.50,0.0,,,Puntos 'dobles' al pagar con 'FALABELLA',,2026-07-01
Jugos y bebidas,Jugos,Crema de Coco AdeCoco 1 Lt,7503008669598_A,https://www.soriana.com/jugos-y-bebidas/,/crema-de-coco-adecoco-1-lt/11893764.html,77.50,0.0,,,Puntos 'dobles' al pagar con 'FALABELLA',,2026-07-01
Jugos y bebidas,Jugos,Bebida con Jugo Jumex Único Fresco sabor Uva Arándano 475 ml,7501013104462_A,https://www.soriana.com/jugos-y-bebidas/,/bebida-con-jugo-jumex-unico-fresco-sabor-uva-arandano-475-ml/11632031.html,23.50,0.0,,,Puntos 'dobles' al pagar con 'FALABELLA',,2026-07-01
Jugos y bebidas,Jugos,Bida Pet 400ml Fresarcárstica,7501013102659_A,https://www.soriana.com/jugos-y-bebidas/,/bida-pet-400ml-fresarcarstica/11733510.html,10.90,0.0,,,Puntos 'dobles' al pagar con 'FALABELLA',,2026-07-01
Jugos y bebidas,Jugos,Jugo de Naranja sin Pulpa Simply 1.36 lts,25000136788_A,https://www.soriana.com/jugos-y-bebidas/,/jugo-de-naranja-sin-pulpa-simply-1.36-lts/11903043.html,325.00,0.0,,,Puntos 'dobles' al pagar con 'FALABELLA',,2026-07-01
Jugos y bebidas,Jugos,Bebida sabor Naranja Amí 946 ml,7501013108057_A,https://www.soriana.com/jugos-y-bebidas/,/bebida-sabor-naranja-ami-946-ml/11900192.html,22.50,0.0,,,Gratis con 160 Puntos,Puntos 'dobles' al pagar con 'FALABELLA',2026-07-01
Jugos y bebidas,Jugos,Bebida Del Valle Frut Citricos 300 ml,7501055374069_A,https://www.soriana.com/jugos-y-bebidas/,/bebida-del-valle-frut-citricos-300-ml/11903543.html,8.00,0.0,,,Puntos 'dobles' al pagar con 'FALABELLA',,2026-07-01
Jugos y bebidas,Jugos,Bebida de Jugo de Tomate Clamato Vuelve a la Vida 946 ml,0014800515664_A,https://www.soriana.com/jugos-y-bebidas/,/bebida-de-jugo-de-tomate-clamato-vuelve-a-la-vida-946-ml/2125250.html,52.00,0.0,3 x 2,,Puntos 'dobles' al pagar con 'FALABELLA',,2026-07-01
Jugos y bebidas,Jugos,Jugo Jumex Piña 1 L Botella 3 Piezas,7501013109795_A,https://www.soriana.com/jugos-y-bebidas/,/jugo-jumex-pina-1-l-botella-3-piezas/11670500.html,57.90,0.0,,,Puntos 'dobles' al pagar con 'FALABELLA',,2026-07-01
Jugos y bebidas,Jugos,Jugo Del Valle Durazno 125 Ml,7501055342952_A,https://www.soriana.com/jugos-y-bebidas/,/jugo-del-valle-durazno-125-ml/2308412.html,5.30,0.0,,,Gratis con 60 Puntos,Puntos 'dobles' al pagar con 'FALABELLA',2026-07-01
Jugos y bebidas,Jugos,Mezclador Calahua Piña Colada 1 L,7503006575143_A,https://www.soriana.com/jugos-y-bebidas/,/mezclador-calahua-pina-colada-1-l/1934665.html,81.50,0.0,,,Puntos 'dobles' al pagar con 'FALABELLA',,2026-07-01
Jugos y bebidas,Jugos,Mezclador Acapulcoco Agua de Coco con Jugo de Piña 330 ml,7503006575723_A,https://www.soriana.com/jugos-y-bebidas/,/mezclador-acapulcoco-agua-de-coco-con-jugo-de-pina-330-ml/2315135.html,19.50,0.0,,,Puntos 'dobles' al pagar con 'FALABELLA',,2026-07-01
Jugos y bebidas,Jugos,Jugo Néctar Vigor sabor Durazno 200 ml,7501013103427_A,https://www.soriana.com/jugos-y-bebidas/,/jugo-nectar-vigor-sabor-durazno-200-ml/11580089.html,7.40,0.0,,,Gratis con 60 Puntos,Puntos 'dobles' al pagar con 'FALABELLA',2026-07-01
Jugos y bebidas,Jugos,Bebida con Jugo Vigor sabor Mango Lata 335 ml,7501013103489_A,https://www.soriana.com/jugos-y-bebidas/,/bebida-con-jugo-vigor-sabor-mango-lata-335-ml/11580097.html,12.00,0.0,,,Puntos 'dobles' al pagar con 'FALABELLA',,2026-07-01
Jugos y bebidas,Jugos,Jugo Natural One Manzana 900 ml,7899916914661_A,https://www.soriana.com/jugos-y-bebidas/,/jugo-natural-one-manzana-900-ml/11802616.html,76.90,0.0,,,Puntos 'dobles' al pagar con 'FALABELLA',,2026-07-01
Jugos y bebidas,Jugos,Jugo Del Valle 100% Naranja 200 ml,7501055373161_A,https://www.soriana.com/jugos-y-bebidas/,/jugo-del-valle-100--naranja-200-ml/11554925.html,11.20,0.0,,,Gratis con 60 Puntos,Puntos 'dobles' al pagar con 'FALABELLA',2026-07-01
Jugos y bebidas,Jugos,Jugo Néctar Vigor sabor Mango 200 ml,7501013103410_A,https://www.soriana.com/jugos-y-bebidas/,/jugo-nectar-vigor-sabor-mango-200-ml/11580088.html,7.40,0.0,,,Gratis con 60 Puntos,Puntos 'dobles' al pagar con 'FALABELLA',2026-07-01
Jugos y bebidas,Jugos,Bebida Limonada Mora Blist 355 ml,7501013107241_A,https://www.soriana.com/jugos-y-bebidas/,/bebida-limonada-mora-blist-355-ml/11814891.html,15.50,0.0,,,Puntos 'dobles' al pagar con 'FALABELLA',,2026-07-01
Jugos y bebidas,Jugos,Cosecha Pura Néctar Durazno 1 Lts Pet 6,7501022011768_A,https://www.soriana.com/jugos-y-bebidas/,/cosecha-pura-nectar-durazno-1-lts-pet-6/11266032.html,29.90,0.0,,,Gratis con 240 Puntos,Puntos 'dobles' al pagar con 'FALABELLA',2026-07-01
Jugos y bebidas,Jugos,Shikhye Ponche de Arroz 238ml,8801128900201_A,https://www.soriana.com/jugos-y-bebidas/,/shikhye-ponche-de-arroz-238ml/11778092.html,33.00,0.0,,,Puntos 'dobles' al pagar con 'FALABELLA',,2026-07-01
Jugos y bebidas,Jugos,Jugo de Tomate Kermato Jumex con Salsa Negra La Costeña 1.8 lts,7501013101515_A,https://www.soriana.com/jugos-y-bebidas/,/jugo-de-tomate-kermato-jumex-con-salsa-negra-la-costena-1.8-lts/11928618.html,24.50,0.0,3 x 2,,Puntos 'dobles' al pagar con 'FALABELLA',,2026-07-01
Jugos y bebidas,Jugos,Jugo de Tomate Kermato Jumex con Salsa Negra La Costeña 413 ml,7501013101522_A,https://www.soriana.com/jugos-y-bebidas/,/jugo-de-tomate-kermato-jumex-con-salsa-negra-la-costena-413-ml/11928708.html,69.00,0.0,3 x 2,,Puntos 'dobles' al pagar con 'FALABELLA',,2026-07-01
Jugos y bebidas,Jugos,Jugo Vigor Durazno 946 ml,7501013104752_A,https://www.soriana.com/jugos-y-bebidas/,/jugo-vigor-durazno-946-ml/11742120.html,24.50,0.0,,,Gratis con 240 Puntos,Puntos 'dobles' al pagar con 'FALABELLA',2026-07-01
Jugos y bebidas,Jugos,Bebida Sabor a Naranja Azucena 3.78 lts,7501579000000_A,https://www.soriana.com/jugos-y-bebidas/,/bebida-sabor-a-naranja-azucena-3.78-lts/11901319.html,29.90,0.0,,,Puntos 'dobles' al pagar con 'FALABELLA',,2026-07-01
Jugos y bebidas,Jugos,Bebida Sabor a Naranja Azucena 1 lt,7501579000048_A,https://www.soriana.com/jugos-y-bebidas/,/bebida-sabor-a-naranja-azucena-1-lt/11901275.html,12.90,0.0,,,Puntos 'dobles' al pagar con 'FALABELLA',,2026-07-01
Jugos y bebidas,Jugos,Jugo de Durazno Pulp 450 ml,7503037623875_A,https://www.soriana.com/jugos-y-bebidas/,/jugo-de-durazno-pulp-450-ml/11803330.html,16.00,0.0,,,Puntos 'dobles' al pagar con 'FALABELLA',,2026-07-01
Jugos y bebidas,Jugos,Cosecha Pura Néctar Manzana 1 Lts Pet 6,7501022011744_A,https://www.soriana.com/jugos-y-bebidas/,/cosecha-pura-nectar-manzana-1-lts-pet-6/11266030.html,29.90,0.0,,,Gratis con 240 Puntos,Puntos 'dobles' al pagar con 'FALABELLA',2026-07-01
Jugos y bebidas,Jugos,Jugo Cóctel de Tomate Kermato con Almeja 1.8 l,7501013100556_A,https://www.soriana.com/jugos-y-bebidas/,/jugo-coctel-de-tomate-kermato-con-almeja-1.8-l/9110033.html,72.50,0.0,3 x 2,,Puntos 'dobles' al pagar con 'FALABELLA',,2026-07-01
Jugos y bebidas,Jugos,Sidra Espumosa Sin Alcohol Martinelli' 750 ml,0041244000067_A,https://www.soriana.com/jugos-y-bebidas/,/sidra-espumosa-sin-alcohol-martinelli-750-ml/2645703.html,99.00,0.0,,,Puntos 'dobles' al pagar con 'FALABELLA',,2026-07-01
Jugos y bebidas,Jugos,Jugo Naranjada Cítri Sun Svezhy 500 ml,7503055945386_A,https://www.soriana.com/jugos-y-bebidas/,/jugo-naranjada-citri-sun-svezhy-500-ml/11894973.html,19.90,0.0,,,Puntos 'dobles' al pagar con 'FALABELLA',,2026-07-01
Jugos y bebidas,Jugos,Jugo del Valle Junior de Fresa 200 ml,7501055387427_A_,https://www.soriana.com/jugos-y-bebidas/,/jugo-del-valle-junior-de-fresa-200-ml/11882364.html,6.40,0.0,,,Gratis con 60 Puntos,Puntos 'dobles' al pagar con 'FALABELLA',2026-07-01
Jugos y bebidas,Jugos,Jugo Jumex Néctar De Manzana 450 Ml,7501013174021_A,https://www.soriana.com/jugos-y-bebidas/,/jugo-jumex-nectar-de-manzana-450-ml/1152209.html,9.00,0.0,,,Puntos 'dobles' al pagar con 'FALABELLA',,2026-07-01
Jugos y bebidas,Jugos,Jugo de Manzana Pulp 1 lt,7503049695358_A,https://www.soriana.com/jugos-y-bebidas/,/jugo-de-manzana-pulp-1-lt/11923473.html,28.00,0.0,,,Puntos 'dobles' al pagar con 'FALABELLA',,2026-07-01
Jugos y bebidas,Jugos,Bida Pet 400ml Mangoloso,7501013102666_A,https://www.soriana.com/jugos-y-bebidas/,/bida-pet-400ml-mangoloso/11733511.html,10.90,0.0,,,Puntos 'dobles' al pagar con 'FALABELLA',,2026-07-01
Jugos y bebidas,Jugos,Jugo Jumex Fusiones Naranja con Mango 960 ml,7501013104882_A,https://www.soriana.com/jugos-y-bebidas/,/jugo-jumex-fusiones-naranja-con-mango-960-ml/11885434.html,42.50,0.0,,,Puntos 'dobles' al pagar con 'FALABELLA',,2026-07-01
Jugos y bebidas,Jugos,3 pack de Jugos Jumex Surtido 960 ml,7501013100075_A,https://www.soriana.com/jugos-y-bebidas/,/3-pack-de-jugos-jumex-surtido-960-ml/11900285.html,74.75,0.0,,,Puntos 'dobles' al pagar con 'FALABELLA',,2026-07-01
Jugos y bebidas,Jugos,Jugo del Valle Junior Uva 200 ml,7501055387434_A_,https://www.soriana.com/jugos-y-bebidas/,/jugo-del-valle-junior-uva-200-ml/11882346.html,7.40,0.0,,,Gratis con 60 Puntos,Puntos 'dobles' al pagar con 'FALABELLA',2026-07-01
Jugos y bebidas,Jugos,Bebida sabor Mandarina Amí 946 ml,7501013108064_A,https://www.soriana.com/jugos-y-bebidas/,/bebida-sabor-mandarina-ami-946-ml/11900292.html,22.50,0.0,,,Gratis con 160 Puntos,Puntos 'dobles' al pagar con 'FALABELLA',2026-07-01
Jugos y bebidas,Jugos,Jugo 100% de Manzana Del Valle Junior 200 ml,7501055391998_A,https://www.soriana.com/jugos-y-bebidas/,/jugo-100--de-manzana-del-valle-junior-200-ml/11929454.html,9.50,0.0,,,Puntos 'dobles' al pagar con 'FALABELLA',,2026-07-01
Jugos y bebidas,Jugos,Jugo Del Valle Reserva 100% Naranja 413 ml,7501055359745_A,https://www.soriana.com/jugos-y-bebidas/,/jugo-del-valle-reserva-100--naranja-413-ml/11333705.html,23.50,0.0,,,Puntos 'dobles' al pagar con 'FALABELLA',,2026-07-01
Jugos y bebidas,Jugos,Jugo de Naranja Sunny Day 3.78 L,0050200013812_A,https://www.soriana.com/jugos-y-bebidas/,/jugo-de-naranja-sunny-day-3.78-l/11286864.html,99.90,0.0,,,Puntos 'dobles' al pagar con 'FALABELLA',,2026-07-01
Jugos y bebidas,Jugos,Jugo de Manzana Pulp 450 ml,7503049695433_A,https://www.soriana.com/jugos-y-bebidas/,/jugo-de-manzana-pulp-450-ml/11923366.html,17.50,0.0,,,Puntos 'dobles' al pagar con 'FALABELLA',,2026-07-01
Jugos y bebidas,Jugos,Jugo de Manzana Pulp 450 ml,7503037623851_A,https://www.soriana.com/jugos-y-bebidas/,/jugo-de-manzana-pulp-450-ml/11803331.html,16.00,0.0,,,Puntos 'dobles' al pagar con 'FALABELLA',,2026-07-01
Jugos y bebidas,Jugos,Jugo de Arándano Jumex Único Fresco 1 L,7501013103397_A,https://www.soriana.com/jugos-y-bebidas/,/jugo-de-arandano-jumex-unico-fresco-1-l/11580071.html,34.00,0.0,,,Puntos 'dobles' al pagar con 'FALABELLA',,2026-07-01
Jugos y bebidas,Jugos,Bebida con Jugo Jumex sabor Manzana 475 ml,7501013104707_A,https://www.soriana.com/jugos-y-bebidas/,/bebida-con-jugo-jumex-sabor-manzana-475-ml/11654283.html,20.50,0.0,20% en Dinero electrónico,,Puntos 'dobles' al pagar con 'FALABELLA',,2026-07-01
Jugos y bebidas,Jugos,Bebida con Jugo Jumex sabor Durazno 475 ml,7501013104714_A,https://www.soriana.com/jugos-y-bebidas/,/bebida-con-jugo-jumex-sabor-durazno-475-ml/11654284.html,20.50,0.0,20% en Dinero electrónico,,Puntos 'dobles' al pagar con 'FALABELLA',,2026-07-01
Jugos y bebidas,Jugos,Jugo Jumex de Mango Cero Azucar Añadida 475 ml,7501013105056_A,https://www.soriana.com/jugos-y-bebidas/,/jugo-jumex-de-mango-cero-azucar-anadida-475-ml/11885502.html,19.50,0.0,20% en Dinero electrónico,,Puntos 'dobles' al pagar con 'FALABELLA',,2026-07-01
Jugos y bebidas,Jugos,Jugo Jumex de Manzana Cero Azucar Añadida 475 ml,7501013105049-a,https://www.soriana.com/jugos-y-bebidas/,/jugo-jumex-de-manzana-cero-azucar-anadida-475-ml/11885446.html,19.50,0.0,20% en Dinero electrónico,,Puntos 'dobles' al pagar con 'FALABELLA',,2026-07-01
Jugos y bebidas,Jugos,Bebida Jugo Jumex Nectar Manzana 960 ml,7501013101706_A,https://www.soriana.com/jugos-y-bebidas/,/bebida-jugo-jumex-nectar-manzana-960-ml/11928881.html,32.50,0.0,20% en Dinero electrónico,,Puntos 'dobles' al pagar con 'FALABELLA',,2026-07-01
Jugos y bebidas,Jugos,Bebida Jugo Jumex Nectar Mango 960 ml,7501013101560_A,https://www.soriana.com/jugos-y-bebidas/,/bebida-jugo-jumex-nectar-mango-960-ml/11928871.html,32.50,0.0,20% en Dinero electrónico,,Puntos 'dobles' al pagar con 'FALABELLA',,2026-07-01
Jugos y bebidas,Jugos,Bebida Jugo Jumex Nectar Durazno 960 ml,7501013101539_A,https://www.soriana.com/jugos-y-bebidas/,/bebida-jugo-jumex-nectar-durazno-960-ml/11928680.html,32.50,0.0,20% en Dinero electrónico,,Puntos 'dobles' al pagar con 'FALABELLA',,2026-07-01
Jugos y bebidas,Jugos,Jugo Jumex Mango 125 ml,0000075078904_A,https://www.soriana.com/jugos-y-bebidas/,/jugo-jumex-mango-125-ml/11700223.html,6.60,0.0,20% en Dinero electrónico,,Gratis con 60 Puntos,Puntos 'dobles' al pagar con 'FALABELLA',2026-07-01
Jugos y bebidas,Jugos,Bebida Jugo Jumex Nectar Mango 475 ml,7501013101713_A,https://www.soriana.com/jugos-y-bebidas/,/bebida-jugo-jumex-nectar-mango-475-ml/11928872.html,20.50,0.0,20% en Dinero electrónico,,Gratis con 240 Puntos,Puntos 'dobles' al pagar con 'FALABELLA',2026-07-01
Jugos y bebidas,Agua,Agua Natural Ciel 1 Lt Pack Con 6 Piezas,7501055320899_A,https://www.soriana.com/jugos-y-bebidas/,/agua-natural-ciel-1-lt-pack-con-6-piezas/1505866.html,44.50,0.0,4 x 3,,Puntos 'dobles' al pagar con 'FALABELLA',,2026-07-01
Jugos y bebidas,Agua,Agua Mineral Peñafiel 2 L,7501073800908_A,https://www.soriana.com/jugos-y-bebidas/,/agua-mineral-penafiel-2-l/383939.html,31.00,26.00,3 x 2,,Gratis con 300 Puntos,Puntos 'dobles' al pagar con 'FALABELLA',2026-07-01
Jugos y bebidas,Agua,Agua Purificada Valley Foods 28 Pack 500 ml,7500525493552_A,https://www.soriana.com/jugos-y-bebidas/,/agua-purificada-valley-foods-28-pack-500-ml/11831941.html,93.90,0.0,,Aplica cupón,Puntos 'dobles' al pagar con 'FALABELLA',,2026-07-01
Jugos y bebidas,Agua,Agua Mineral Peñafiel 600 ml,7501073830509_A,https://www.soriana.com/jugos-y-bebidas/,/agua-mineral-penafiel-600-ml/1017013.html,19.90,0.0,3 x 2,,Gratis con 160 Puntos,Puntos 'dobles' al pagar con 'FALABELLA',2026-07-01
Jugos y bebidas,Agua,Agua Natural Bonafont 1.2 Litros 6 Pack,0758104008049_A,https://www.soriana.com/jugos-y-bebidas/,/agua-natural-bonafont-1.2-litros-6-pack/11669727.html,48.90,0.0,20% en Dinero electrónico,,Puntos 'dobles' al pagar con 'FALABELLA',,2026-07-01
Jugos y bebidas,Agua,Garrafón de Agua Natural Bonafont 20 Litros,0758104000494_A,https://www.soriana.com/jugos-y-bebidas/,/garrafon-de-agua-natural-bonafont-20-litros/1919257.html,62.90,0.0,,,Puntos 'dobles' al pagar con 'FALABELLA',,2026-07-01
Jugos y bebidas,Agua,Agua Mineral Peñafiel Sifón 1.75 L,7501073840843_A,https://www.soriana.com/jugos-y-bebidas/,/agua-mineral-penafiel-sifon-1.75-l/11143883.html,31.90,0.0,3 x 2,,Gratis con 300 Puntos,Puntos 'dobles' al pagar con 'FALABELLA',2026-07-01
Jugos y bebidas,Agua,6 pack de Agua Mineral Peñafiel 355 ml,7501073843066_A,https://www.soriana.com/jugos-y-bebidas/,/6-pack-de-agua-mineral-penafiel-355-ml/11658661.html,63.50,0.0,3 x 2,,Puntos 'dobles' al pagar con 'FALABELLA',,2026-07-01
Jugos y bebidas,Agua,Agua Natural Bonafont 20 pack 500 ml,758104008957_A,https://www.soriana.com/jugos-y-bebidas/,/agua-natural-bonafont-20-pack-500-ml/11926016.html,95.90,72.90,20% en Dinero electrónico,,Puntos 'dobles' al pagar con 'FALABELLA',,2026-07-01
Jugos y bebidas,Agua,Agua Natural Ciel 1.5 L Botella,7501055304721_A,https://www.soriana.com/jugos-y-bebidas/,/agua-natural-ciel-1.5-l-botella/554552.html,16.40,0.0,4 x 3,,Gratis con 100 Puntos,Puntos 'dobles' al pagar con 'FALABELLA',2026-07-01
Jugos y bebidas,Agua,Garrafón de Agua Natural Epura 20 lts,7501086802753_A,https://www.soriana.com/jugos-y-bebidas/,/garrafon-de-agua-natural-epura-20-lts/1806096.html,62.90,0.0,,,Puntos 'dobles' al pagar con 'FALABELLA',,2026-07-01
Jugos y bebidas,Agua,12 Pack de Agua Natural Bonafont 600 ml,758104008735_A,https://www.soriana.com/jugos-y-bebidas/,/12-pack-de-agua-natural-bonafont-600-ml/11863320.html,84.90,62.90,20% en Dinero electrónico,,Puntos 'dobles' al pagar con 'FALABELLA',,2026-07-01
Jugos y bebidas,Agua,Agua Mineral Topo Chico 600 ml,0021136010541_A,https://www.soriana.com/jugos-y-bebidas/,/agua-mineral-topo-chico-600-ml/254347.html,23.00,0.0,,,Gratis con 160 Puntos,Puntos 'dobles' al pagar con 'FALABELLA',2026-07-01
Jugos y bebidas,Agua,Agua Mineral Peñafiel 1 L Botella,7501073830028_A,https://www.soriana.com/jugos-y-bebidas/,/agua-mineral-penafiel-1-l-botella/658232.html,20.90,0.0,3 x 2,,Puntos 'dobles' al pagar con 'FALABELLA',,2026-07-01
Jugos y bebidas,Agua,Agua Natural Bonafont 10 L,0758104003860_A,https://www.soriana.com/jugos-y-bebidas/,/agua-natural-bonafont-10-l/11204663.html,64.50,0.0,20% en Dinero electrónico,,Puntos 'dobles' al pagar con 'FALABELLA',,2026-07-01
Jugos y bebidas,Agua,Agua Natural Epura 10 Lt,7501086801077_A,https://www.soriana.com/jugos-y-bebidas/,/agua-natural-epura-10-lt/1199250.html,52.50,50.00,,,Puntos 'dobles' al pagar con 'FALABELLA',,2026-07-01
Jugos y bebidas,Agua,Agua Natural Epura 6 Pack PET 1 L,7501022009352_A,https://www.soriana.com/jugos-y-bebidas/,/agua-natural-epura-6-pack-pet-1-l/11315603.html,44.50,0.0,,,Puntos 'dobles' al pagar con 'FALABELLA',,2026-07-01
Jugos y bebidas,Agua,Agua Natural Ciel 20 L,7501055305681_A,https://www.soriana.com/jugos-y-bebidas/,/agua-natural-ciel-20-l/1026349.html,69.50,0.0,,,Puntos 'dobles' al pagar con 'FALABELLA',,2026-07-01
Jugos y bebidas,Agua,Agua Mineral Topo Chico 1.5 lts,0021136010480_A,https://www.soriana.com/jugos-y-bebidas/,/agua-mineral-topo-chico-1.5-lts/1001405.html,34.90,0.0,,,Gratis con 300 Puntos,Puntos 'dobles' al pagar con 'FALABELLA',2026-07-01
Jugos y bebidas,Agua,Agua Natural Ciel 8 Pack PET 600 ml,7501055338146_A,https://www.soriana.com/jugos-y-bebidas/,/agua-natural-ciel-8-pack-pet-600-ml/11426681.html,54.00,0.0,4 x 3,,Puntos 'dobles' al pagar con 'FALABELLA',,2026-07-01
Jugos y bebidas,Agua,Agua de Manantial Sta. María 6 Pack PET 1 L,7501059235458_A,https://www.soriana.com/jugos-y-bebidas/,/agua-de-manantial-sta.-maria-6-pack-pet-1-l/2229201.html,52.90,0.0,,,Puntos 'dobles' al pagar con 'FALABELLA',,2026-07-01
Jugos y bebidas,Agua,Agua Natural Epura 600 ml Pack con 6 Piezas,7501086802173_A,https://www.soriana.com/jugos-y-bebidas/,/agua-natural-epura-600-ml-pack-con-6-piezas/1485090.html,51.90,0.0,,,Puntos 'dobles' al pagar con 'FALABELLA',,2026-07-01
Jugos y bebidas,Agua,Agua de Coco Calahua Acapulcoco Natural 1 L,0810990005752_A,https://www.soriana.com/jugos-y-bebidas/,/agua-de-coco-calahua-acapulcoco-natural-1-l/11067364.html,71.50,0.0,,,Puntos 'dobles' al pagar con 'FALABELLA',,2026-07-01
Jugos y bebidas,Agua,Agua Mineral Topo Chico 6 Pack PET 600 ml,0021136663426_A,https://www.soriana.com/jugos-y-bebidas/,/agua-mineral-topo-chico-6-pack-pet-600-ml/2169759.html,139.00,0.0,,,Puntos 'dobles' al pagar con 'FALABELLA',,2026-07-01
Jugos y bebidas,Agua,Agua Mineral Canada Dry 2 L Botella,7501198333565_A,https://www.soriana.com/jugos-y-bebidas/,/agua-mineral-canada-dry-2-l-botella/559891.html,22.90,0.0,3 x 2,,Gratis con 300 Puntos,Puntos 'dobles' al pagar con 'FALABELLA',2026-07-01
Jugos y bebidas,Agua,Agua Mineral Peñafiel Twist Limón 600 ml,7501073831469_A,https://www.soriana.com/jugos-y-bebidas/,/agua-mineral-penafiel-twist-limon-600-ml/1239284.html,21.90,0.0,,,Gratis con 160 Puntos,Puntos 'dobles' al pagar con 'FALABELLA',2026-07-01
Jugos y bebidas,Agua,Agua Natural Epura 12 Pack PET 330 ml,7501022009185_A,https://www.soriana.com/jugos-y-bebidas/,/agua-natural-epura-12-pack-pet-330-ml/11334331.html,53.90,0.0,,,Puntos 'dobles' al pagar con 'FALABELLA',,2026-07-01
Jugos y bebidas,Agua,Agua Mineral Peñafiel Tónica 6 Pack Botella 296 ml,7501073841635_A,https://www.soriana.com/jugos-y-bebidas/,/agua-mineral-penafiel-tonica-6-pack-botella-296-ml/11188890.html,105.00,0.0,,,Puntos 'dobles' al pagar con 'FALABELLA',,2026-07-01
Jugos y bebidas,Agua,Refresco Joya Ponche 2.5 Lt,7501055314171_A,https://www.soriana.com/jugos-y-bebidas/,/refresco-joya-ponche-2.5-lt/1124029.html,23.00,0.0,,,Gratis con 400 Puntos,Puntos 'dobles' al pagar con 'FALABELLA',2026-07-01
Jugos y bebidas,Agua,Agua Natural Epura 5 Lt,7501086801138_A,https://www.soriana.com/jugos-y-bebidas/,/agua-natural-epura-5-lt/1138131.html,33.90,0.0,,,Puntos 'dobles' al pagar con 'FALABELLA',,2026-07-01
Jugos y bebidas,Agua,Agua Natural Epura 2 Lt,7501086800636_A,https://www.soriana.com/jugos-y-bebidas/,/agua-natural-epura-2-lt/1835506.html,17.00,0.0,,,Puntos 'dobles' al pagar con 'FALABELLA',,2026-07-01
Jugos y bebidas,Agua,Agua Natural Valley Foods 1 lt,7506634936553_A,https://www.soriana.com/jugos-y-bebidas/,/agua-natural-valley-foods-1-lt/11901113.html,7.10,0.0,,Aplica cupón,Gratis con 100 Puntos,Puntos 'dobles' al pagar con 'FALABELLA',2026-07-01
Jugos y bebidas,Agua,Concentrado en Polvo Zuko Té Negro Light sabor Limon 11 g,7802800710775_A,https://www.soriana.com/jugos-y-bebidas/,/concentrado-en-polvo-zuko-te-negro-light-sabor-limon-11-g/2381951.html,13.30,0.0,20% en Dinero electrónico,,Puntos 'dobles' al pagar con 'FALABELLA',,2026-07-01
Jugos y bebidas,Agua,Agua Natural Ciel 10 Lt,7501055313006_A,https://www.soriana.com/jugos-y-bebidas/,/agua-natural-ciel-10-lt/1505865.html,54.50,0.0,,,Puntos 'dobles' al pagar con 'FALABELLA',,2026-07-01
Jugos y bebidas,Agua,Bebida Saborizada Be Light Limon 1.5 Lts,7501011181755_A,https://www.soriana.com/jugos-y-bebidas/,/bebida-saborizada-be-light-limon-1.5-lts/1101153.html,23.50,0.0,,,Gratis con 160 Puntos,Puntos 'dobles' al pagar con 'FALABELLA',2026-07-01
Jugos y bebidas,Agua,Agua Natural Ciel 600 ml,7501055307906_A,https://www.soriana.com/jugos-y-bebidas/,/agua-natural-ciel-600-ml/1037811.html,10.00,0.0,4 x 3,,Gratis con 80 Puntos,Puntos 'dobles' al pagar con 'FALABELLA',2026-07-01
Jugos y bebidas,Agua,Agua Mineral Topo Chico 4 Pack Botella 355 ml,0021136020373_A,https://www.soriana.com/jugos-y-bebidas/,/agua-mineral-topo-chico-4-pack-botella-355-ml/11496979.html,91.50,0.0,,,Puntos 'dobles' al pagar con 'FALABELLA',,2026-07-01
Jugos y bebidas,Agua,Bebida Pau-Pau con Jugo de Fruta Sabores Variados 6 Piezas,7501013105391_A,https://www.soriana.com/jugos-y-bebidas/,/bebida-pau-pau-con-jugo-de-fruta-sabores-variados-6-piezas/11690037.html,36.00,0.0,,,Puntos 'dobles' al pagar con 'FALABELLA',,2026-07-01
Jugos y bebidas,Agua,Agua Mineral Peñafiel Natural 6 Pack Botella 296 ml,7501073841642_A,https://www.soriana.com/jugos-y-bebidas/,/agua-mineral-penafiel-natural-6-pack-botella-296-ml/11188881.html,87.00,0.0,3 x 2,,Puntos 'dobles' al pagar con 'FALABELLA',,2026-07-01
Jugos y bebidas,Agua,Agua Natural Bonafont 6 Pack PET 750 ml,0758104008056_A,https://www.soriana.com/jugos-y-bebidas/,/agua-natural-bonafont-6-pack-pet-750-ml/11634458.html,45.50,0.0,20% en Dinero electrónico,,Puntos 'dobles' al pagar con 'FALABELLA',,2026-07-01
Jugos y bebidas,Agua,Refresco Jarritos Tuti Fruti 2 Lt,0744886405053_A,https://www.soriana.com/jugos-y-bebidas/,/refresco-jarritos-tuti-fruti-2-lt/1238832.html,24.90,0.0,,,Gratis con 300 Puntos,Puntos 'dobles' al pagar con 'FALABELLA',2026-07-01
Jugos y bebidas,Agua,Refresco Jarritos Mandarina 2 L,0744886375059_A,https://www.soriana.com/jugos-y-bebidas/,/refresco-jarritos-mandarina-2-l/1067086.html,24.90,0.0,,,Gratis con 300 Puntos,Puntos 'dobles' al pagar con 'FALABELLA',2026-07-01
Jugos y bebidas,Agua,Agua Mineral Peñafiel Adas Naranjada 2 Litros,7501073839861_A,https://www.soriana.com/jugos-y-bebidas/,/agua-mineral-penafiel-adas-naranjada-2-litros/2523936.html,37.90,0.0,,,Gratis con 300 Puntos,Puntos 'dobles' al pagar con 'FALABELLA',2026-07-01
Jugos y bebidas,Agua,Concentrado en Polvo Nestea Té Negro sabor Limón 25 g,7501000911974_A,https://www.soriana.com/jugos-y-bebidas/,/concentrado-en-polvo-nestea-te-negro-sabor-limon-25-g/11108994.html,16.50,0.0,,,Puntos 'dobles' al pagar con 'FALABELLA',,2026-07-01
Jugos y bebidas,Agua,Agua Natural Bonafont 8 Pack PET 330 ml,0758104005536_A,https://www.soriana.com/jugos-y-bebidas/,/agua-natural-bonafont-8-pack-pet-330-ml/11219874.html,44.90,0.0,20% en Dinero electrónico,,Puntos 'dobles' al pagar con 'FALABELLA',,2026-07-01
Jugos y bebidas,Agua,Agua Natural Bonafont 1.5 L Botella,0758104000159_A,https://www.soriana.com/jugos-y-bebidas/,/agua-natural-bonafont-1.5-l-botella/325723.html,16.50,0.0,20% en Dinero electrónico,,Gratis con 100 Puntos,Puntos 'dobles' al pagar con 'FALABELLA',2026-07-01
Jugos y bebidas,Agua,Bebida Ocean Spray Arándano y Uva Light 1 L,0031200459169_A,https://www.soriana.com/jugos-y-bebidas/,/bebida-ocean-spray-arandano-y-uva-light-1-l/11081721.html,48.50,0.0,,,Gratis con 240 Puntos,Puntos 'dobles' al pagar con 'FALABELLA',2026-07-01
Jugos y bebidas,Agua,Concentrado en Polvo Nature's Factory Té Negro Durazno 20 g,7503016111744_A,https://www.soriana.com/jugos-y-bebidas/,/concentrado-en-polvo-natures-factory-te-negro-durazno-20-g/2318310.html,15.50,0.0,,,Puntos 'dobles' al pagar con 'FALABELLA',,2026-07-01
Jugos y bebidas,Agua,Agua Mineral Ciel 8 Pack Lata 235 ml,7501055350438_A,https://www.soriana.com/jugos-y-bebidas/,/agua-mineral-ciel-8-pack-lata-235-ml/3124617.html,123.00,0.0,,,Puntos 'dobles' al pagar con 'FALABELLA',,2026-07-01
Jugos y bebidas,Agua,Refresco Jarritos Piña 2 Lt,0744886385058_A,https://www.soriana.com/jugos-y-bebidas/,/refresco-jarritos-pina-2-lt/1238833.html,24.90,0.0,,,Gratis con 300 Puntos,Puntos 'dobles' al pagar con 'FALABELLA',2026-07-01
Jugos y bebidas,Agua,Agua Mineral Peñafiel 355 ml,7501073831148_A,https://www.soriana.com/jugos-y-bebidas/,/agua-mineral-penafiel-355-ml/1995158.html,10.00,0.0,3 x 2,,Puntos 'dobles' al pagar con 'FALABELLA',,2026-07-01
Jugos y bebidas,Agua,Jugo Boing Uva 500 ml,0000075003180_A,https://www.soriana.com/jugos-y-bebidas/,/jugo-boing-uva-500-ml/1946080.html,18.00,0.0,,,Puntos 'dobles' al pagar con 'FALABELLA',,2026-07-01
Jugos y bebidas,Agua,Concentrado en Polvo Clight sabor Limonada 7 g,7622210688248_A,https://www.soriana.com/jugos-y-bebidas/,/concentrado-en-polvo-clight-sabor-limonada-7-g/11240066.html,5.60,0.0,,,Gratis con 45 Puntos,Puntos 'dobles' al pagar con 'FALABELLA',2026-07-01
Jugos y bebidas,Agua,Agua Saborizada Be Light Jamaica 1 Lt,7501031303878_A,https://www.soriana.com/jugos-y-bebidas/,/agua-saborizada-be-light-jamaica-1-lt/1609293.html,15.60,0.0,,,Gratis con 160 Puntos,Puntos 'dobles' al pagar con 'FALABELLA',2026-07-01
Jugos y bebidas,Agua,Concentrado en Polvo sabor Limón Tang 11 g,7622202841972_A,https://www.soriana.com/jugos-y-bebidas/,/concentrado-en-polvo-sabor-limon-tang-11-g/11925666.html,7.50,0.0,,,Gratis con 75 Puntos,Puntos 'dobles' al pagar con 'FALABELLA',2026-07-01
Jugos y bebidas,Agua,Concentrado en Polvo Clight sabor Té Limón 7 g,7622210688750_A,https://www.soriana.com/jugos-y-bebidas/,/concentrado-en-polvo-clight-sabor-te-limon-7-g/11240829.html,5.60,0.0,,,Gratis con 45 Puntos,Puntos 'dobles' al pagar con 'FALABELLA',2026-07-01
Jugos y bebidas,Agua,Bebida Del Valle Frut sabor Cítricos 3 L,7501055330812_A,https://www.soriana.com/jugos-y-bebidas/,/bebida-del-valle-frut-sabor-citricos-3-l/2153366.html,47.50,0.0,,,Puntos 'dobles' al pagar con 'FALABELLA',,2026-07-01
Jugos y bebidas,Agua,Jugo Boing Uva 1 L,7501039400821_A,https://www.soriana.com/jugos-y-bebidas/,/jugo-boing-uva-1-l/699643.html,33.50,0.0,,,Gratis con 240 Puntos,Puntos 'dobles' al pagar con 'FALABELLA',2026-07-01
Jugos y bebidas,Agua,Agua Natural Ciel 5 Lt,7501055310487_A,https://www.soriana.com/jugos-y-bebidas/,/agua-natural-ciel-5-lt/1124250.html,42.50,0.0,,,Puntos 'dobles' al pagar con 'FALABELLA',,2026-07-01
Jugos y bebidas,Agua,Agua de Coco Natural Niau 330 ml,7503002520062_A,https://www.soriana.com/jugos-y-bebidas/,/agua-de-coco-natural-niau-330-ml/2573769.html,19.70,0.0,,,Puntos 'dobles' al pagar con 'FALABELLA',,2026-07-01
Jugos y bebidas,Agua,Refresco Schweppes Ginger Ale 600 ml,7501073833722_A,https://www.soriana.com/jugos-y-bebidas/,/refresco-schweppes-ginger-ale-600-ml/1523073.html,20.50,0.0,,,Gratis con 160 Puntos,Puntos 'dobles' al pagar con 'FALABELLA',2026-07-01
Jugos y bebidas,Agua,Bebida Big Cifrut sabor Citrus Punch 3 L,7503030524056_A,https://www.soriana.com/jugos-y-bebidas/,/bebida-big-cifrut-sabor-citrus-punch-3-l/11535354.html,36.90,0.0,,,Puntos 'dobles' al pagar con 'FALABELLA',,2026-07-01
Jugos y bebidas,Agua,Agua Tonica Schweppes 296 ml 6 Pack,7501073825208_A,https://www.soriana.com/jugos-y-bebidas/,/agua-tonica-schweppes-296-ml-6-pack/1439087.html,116.00,0.0,,,Puntos 'dobles' al pagar con 'FALABELLA',,2026-07-01
Jugos y bebidas,Agua,Jugo Boing Fresa 1 L,7501039400845_A,https://www.soriana.com/jugos-y-bebidas/,/jugo-boing-fresa-1-l/699639.html,33.50,0.0,,,Gratis con 240 Puntos,Puntos 'dobles' al pagar con 'FALABELLA',2026-07-01
Jugos y bebidas,Agua,Agua Saborizada Be Light Limón 1 Lt,7501031303885_A,https://www.soriana.com/jugos-y-bebidas/,/agua-saborizada-be-light-limon-1-lt/1609294.html,15.60,0.0,,,Gratis con 160 Puntos,Puntos 'dobles' al pagar con 'FALABELLA',2026-07-01
Jugos y bebidas,Agua,Jugo Boing sabor Manzana 200 ml,0019836710083_A,https://www.soriana.com/jugos-y-bebidas/,/jugo-boing-sabor-manzana-200-ml/11266070.html,9.00,0.0,,,Gratis con 60 Puntos,Puntos 'dobles' al pagar con 'FALABELLA',2026-07-01
Jugos y bebidas,Agua,Bebida Jumex Fresh sabor Cítricos 3 L,7501031307296_A,https://www.soriana.com/jugos-y-bebidas/,/bebida-jumex-fresh-sabor-citricos-3-l/11194696.html,35.50,0.0,,,Puntos 'dobles' al pagar con 'FALABELLA',,2026-07-01
Jugos y bebidas,Agua,Peñafiel Agua Mineral Limonada 2 lt,7501073839892_A,https://www.soriana.com/jugos-y-bebidas/,/penafiel-agua-mineral-limonada-2-lt/2523938.html,37.90,0.0,,,Gratis con 300 Puntos,Puntos 'dobles' al pagar con 'FALABELLA',2026-07-01
Jugos y bebidas,Agua,Concentrado en Polvo para Bebida Zuko sabor Té Frutos Rojos 13 g,7503045425379_A,https://www.soriana.com/jugos-y-bebidas/,/concentrado-en-polvo-para-bebida-zuko-sabor-te-frutos-rojos-13-g/11886961.html,13.30,0.0,20% en Dinero electrónico,,Gratis con 75 Puntos,Puntos 'dobles' al pagar con 'FALABELLA',2026-07-01
Jugos y bebidas,Agua,Concentrado Liquido Princesa Horchata Arroz 700 Ml Botella,7501029051811_A,https://www.soriana.com/jugos-y-bebidas/,/concentrado-liquido-princesa-horchata-arroz-700-ml-botella/370099.html,67.90,0.0,,,Puntos 'dobles' al pagar con 'FALABELLA',,2026-07-01
Jugos y bebidas,Agua,Bebida Arizona Mucho Mango 446 ml,0613008765224_A,https://www.soriana.com/jugos-y-bebidas/,/bebida-arizona-mucho-mango-446-ml/11686329.html,18.00,0.0,,,Gratis con 130 Puntos,Puntos 'dobles' al pagar con 'FALABELLA',2026-07-01
Jugos y bebidas,Agua,Agua Natural Bonafont 1.65 lts + 350 ml gratis,0758104004119_A,https://www.soriana.com/jugos-y-bebidas/,/agua-natural-bonafont-1.65-lts-350-ml-gratis/11049243.html,17.50,0.0,20% en Dinero electrónico,,Puntos 'dobles' al pagar con 'FALABELLA',,2026-07-01
Jugos y bebidas,Agua,Refresco Jarritos Tamarindo 2 Lt,0744886365050_A,https://www.soriana.com/jugos-y-bebidas/,/refresco-jarritos-tamarindo-2-lt/1238829.html,24.90,0.0,,,Gratis con 300 Puntos,Puntos 'dobles' al pagar con 'FALABELLA',2026-07-01
Jugos y bebidas,Agua,Concentrado Deliciosa sin Azúcar sabor Jamaica 700 ml,7501088031366_A,https://www.soriana.com/jugos-y-bebidas/,/concentrado-deliciosa-sin-azucar-sabor-jamaica-700-ml/11205156.html,64.50,0.0,,,Puntos 'dobles' al pagar con 'FALABELLA',,2026-07-01
Jugos y bebidas,Agua,Concentrado en Polvo sabor Naranja Tang 11 g,7622202840999_A,https://www.soriana.com/jugos-y-bebidas/,/concentrado-en-polvo-sabor-naranja-tang-11-g/11925618.html,7.50,0.0,,,Gratis con 75 Puntos,Puntos 'dobles' al pagar con 'FALABELLA',2026-07-01
Jugos y bebidas,Agua,Concentrado en Polvo sabor Manzana Tang 11 g,7622202842573_A,https://www.soriana.com/jugos-y-bebidas/,/concentrado-en-polvo-sabor-manzana-tang-11-g/11925660.html,7.50,0.0,,,Gratis con 75 Puntos,Puntos 'dobles' al pagar con 'FALABELLA',2026-07-01
Jugos y bebidas,Agua,Bebida Be Light Toronja 1 L Botella,7501031303960_A,https://www.soriana.com/jugos-y-bebidas/,/bebida-be-light-toronja-1-l-botella/11608728.html,15.60,0.0,,,Gratis con 160 Puntos,Puntos 'dobles' al pagar con 'FALABELLA',2026-07-01
Jugos y bebidas,Agua,Concentrado en Polvo Zuko sabor Mango 13 g,7503032460130_A,https://www.soriana.com/jugos-y-bebidas/,/concentrado-en-polvo-zuko-sabor-mango-13-g/11585510.html,11.20,0.0,20% en Dinero electrónico,,Gratis con 75 Puntos,Puntos 'dobles' al pagar con 'FALABELLA',2026-07-01
Jugos y bebidas,Agua,Jugo Boing Mango 1 L,7501039400807_A,https://www.soriana.com/jugos-y-bebidas/,/jugo-boing-mango-1-l/699641.html,33.50,0.0,,,Gratis con 240 Puntos,Puntos 'dobles' al pagar con 'FALABELLA',2026-07-01
Jugos y bebidas,Agua,Concentrado en Polvo Zuko Té Verde sabor Limón 13 g,7503032460703_A,https://www.soriana.com/jugos-y-bebidas/,/concentrado-en-polvo-zuko-te-verde-sabor-limon-13-g/11653804.html,13.30,0.0,20% en Dinero electrónico,,Puntos 'dobles' al pagar con 'FALABELLA',,2026-07-01
Jugos y bebidas,Agua,Refresco Jarritos Limon 2 Lt,0744886395057_A,https://www.soriana.com/jugos-y-bebidas/,/refresco-jarritos-limon-2-lt/1238834.html,24.90,0.0,,,Gratis con 300 Puntos,Puntos 'dobles' al pagar con 'FALABELLA',2026-07-01
Jugos y bebidas,Agua,Refresco Jarritos Tamarindo 600 ml,0744886328826_A,https://www.soriana.com/jugos-y-bebidas/,/refresco-jarritos-tamarindo-600-ml/1238836.html,15.50,0.0,,,Gratis con 160 Puntos,Puntos 'dobles' al pagar con 'FALABELLA',2026-07-01
Jugos y bebidas,Agua,Bonafont Kids Agua con Jugo Natural de Manzana 6 pzas de 300 ml chupón,0758104005666_A,https://www.soriana.com/jugos-y-bebidas/,/bonafont-kids-agua-con-jugo-natural-de-manzana-6-pzas-de-300-ml-chupon/11299090.html,56.90,0.0,20% en Dinero electrónico,,Puntos 'dobles' al pagar con 'FALABELLA',,2026-07-01
Jugos y bebidas,Agua,Agua Mineral Canada Dry 1 L Botella,7501198350104_A,https://www.soriana.com/jugos-y-bebidas/,/agua-mineral-canada-dry-1-l-botella/676018.html,25.50,0.0,,,Gratis con 300 Puntos,Puntos 'dobles' al pagar con 'FALABELLA',2026-07-01
Jugos y bebidas,Agua,Concentrado en Polvo Zuko sabor Piña 13 g,7503032460116_A,https://www.soriana.com/jugos-y-bebidas/,/concentrado-en-polvo-zuko-sabor-pina-13-g/11585481.html,11.20,0.0,20% en Dinero electrónico,,Gratis con 75 Puntos,Puntos 'dobles' al pagar con 'FALABELLA',2026-07-01
Jugos y bebidas,Agua,Agua Mineral San Pellegrino 250 Ml 6 Pack,8002270866760_A,https://www.soriana.com/jugos-y-bebidas/,/agua-mineral-san-pellegrino-250-ml-6-pack/1083932.html,151.00,0.0,,,Puntos 'dobles' al pagar con 'FALABELLA',,2026-07-01
Jugos y bebidas,Agua,Agua Natural Epura 1 lt,7501086801046_A,https://www.soriana.com/jugos-y-bebidas/,/agua-natural-epura-1-lt/1063237.html,14.70,0.0,,,Gratis con 100 Puntos,Puntos 'dobles' al pagar con 'FALABELLA',2026-07-01
Jugos y bebidas,Agua,Concentrado en Polvo Clight sabor Naranja 7 g,7622210688323_A,https://www.soriana.com/jugos-y-bebidas/,/concentrado-en-polvo-clight-sabor-naranja-7-g/11239817.html,5.60,0.0,,,Gratis con 45 Puntos,Puntos 'dobles' al pagar con 'FALABELLA',2026-07-01
Jugos y bebidas,Agua,Concentrado Deliciosa para Horchata de Arroz 700 ml,7501088013331_A,https://www.soriana.com/jugos-y-bebidas/,/concentrado-deliciosa-para-horchata-de-arroz-700-ml/11059558.html,51.50,0.0,,,Puntos 'dobles' al pagar con 'FALABELLA',,2026-07-01
Jugos y bebidas,Agua,Jugo Boing Mango 500 ml,0000075003104_A,https://www.soriana.com/jugos-y-bebidas/,/jugo-boing-mango-500-ml/1946067.html,18.00,0.0,,,Puntos 'dobles' al pagar con 'FALABELLA',,2026-07-01
Jugos y bebidas,Agua,Agua Natural Bonafont 6 L,0758104003174_A,https://www.soriana.com/jugos-y-bebidas/,/agua-natural-bonafont-6-l/2124508.html,47.90,0.0,20% en Dinero electrónico,,Puntos 'dobles' al pagar con 'FALABELLA',,2026-07-01
Jugos y bebidas,Agua,Bebida Arizona Sandía Lata 460 ml,0613008765194_A,https://www.soriana.com/jugos-y-bebidas/,/bebida-arizona-sandia-lata-460-ml/11686327.html,17.50,0.0,,,Gratis con 130 Puntos,Puntos 'dobles' al pagar con 'FALABELLA',2026-07-01
Jugos y bebidas,Agua,Bebida Del Valle Frut Manzana 2 L,7501055337507_A,https://www.soriana.com/jugos-y-bebidas/,/bebida-del-valle-frut-manzana-2-l/2167453.html,34.90,0.0,,,Puntos 'dobles' al pagar con 'FALABELLA',,2026-07-01
Jugos y bebidas,Agua,Concentrado en Polvo Zuko sabor Limón 13 g,7503032460079_A,https://www.soriana.com/jugos-y-bebidas/,/concentrado-en-polvo-zuko-sabor-limon-13-g/11585512.html,11.20,0.0,20% en Dinero electrónico,,Gratis con 75 Puntos,Puntos 'dobles' al pagar con 'FALABELLA',2026-07-01
Jugos y bebidas,Agua,Concentrado Clight Jamaica 7 Gr,7622210688286_A,https://www.soriana.com/jugos-y-bebidas/,/concentrado-clight-jamaica-7-gr/11239816.html,5.60,0.0,,,Gratis con 45 Puntos,Puntos 'dobles' al pagar con 'FALABELLA',2026-07-01
Jugos y bebidas,Agua,Concentrado Liquido Princesa Tamarindo 700 Ml Botella,7501029051828_A,https://www.soriana.com/jugos-y-bebidas/,/concentrado-liquido-princesa-tamarindo-700-ml-botella/370100.html,52.50,0.0,,,Puntos 'dobles' al pagar con 'FALABELLA',,2026-07-01
Jugos y bebidas,Agua,Concentrado en Polvo Zuko sabor Jamaica 13 g,7503032460062_A,https://www.soriana.com/jugos-y-bebidas/,/concentrado-en-polvo-zuko-sabor-jamaica-13-g/11585484.html,11.20,0.0,20% en Dinero electrónico,,Gratis con 75 Puntos,Puntos 'dobles' al pagar con 'FALABELLA',2026-07-01
Jugos y bebidas,Agua,Jugo Boing Manzana 1 L,7501039400838_A,https://www.soriana.com/jugos-y-bebidas/,/jugo-boing-manzana-1-l/699642.html,33.50,0.0,,,Gratis con 240 Puntos,Puntos 'dobles' al pagar con 'FALABELLA',2026-07-01
Jugos y bebidas,Agua,Concentrado en Polvo Nature's Factory Té Verde Citrus 20 g,7503016111706_A,https://www.soriana.com/jugos-y-bebidas/,/concentrado-en-polvo-natures-factory-te-verde-citrus-20-g/2318311.html,16.20,0.0,,,Puntos 'dobles' al pagar con 'FALABELLA',,2026-07-01
Jugos y bebidas,Agua,Bebida Arizona Kiwi con Fresa Lata 446 ml,0613008765286_A,https://www.soriana.com/jugos-y-bebidas/,/bebida-arizona-kiwi-con-fresa-lata-446-ml/11686328.html,17.50,0.0,,,Gratis con 130 Puntos,Puntos 'dobles' al pagar con 'FALABELLA',2026-07-01
Jugos y bebidas,Agua,Bebida Arizona Té Verde Lata 446 ml,0613008765255_A,https://www.soriana.com/jugos-y-bebidas/,/bebida-arizona-te-verde-lata-446-ml/11686330.html,18.00,0.0,,,Gratis con 130 Puntos,Puntos 'dobles' al pagar con 'FALABELLA',2026-07-01
Jugos y bebidas,Agua,Té Rojo Natures Factory Frutos Rojos 485 Ml Botella,7502264287089_A,https://www.soriana.com/jugos-y-bebidas/,/te-rojo-natures-factory-frutos-rojos-485-ml-botella/11600107.html,39.50,0.0,,,Puntos 'dobles' al pagar con 'FALABELLA',,2026-07-01
Jugos y bebidas,Agua,Concentrado en Polvo sabor Horchata Tang 11 g,7622202841736_A,https://www.soriana.com/jugos-y-bebidas/,/concentrado-en-polvo-sabor-horchata-tang-11-g/11925658.html,7.50,0.0,,,Gratis con 75 Puntos,Puntos 'dobles' al pagar con 'FALABELLA',2026-07-01
Jugos y bebidas,Agua,Bebida con Jugo Boing sabor Manzana 125 ml,0019836100778_A,https://www.soriana.com/jugos-y-bebidas/,/bebida-con-jugo-boing-sabor-manzana-125-ml/11086045.html,5.30,0.0,,,Gratis con 60 Puntos,Puntos 'dobles' al pagar con 'FALABELLA',2026-07-01
Jugos y bebidas,Agua,Agua Mineral Ciel 6 Pack Lata 355 ml,7501055365647_A,https://www.soriana.com/jugos-y-bebidas/,/agua-mineral-ciel-6-pack-lata-355-ml/11425278.html,114.00,0.0,,,Puntos 'dobles' al pagar con 'FALABELLA',,2026-07-01
Jugos y bebidas,Agua,Concentrado en Polvo sabor Té Negro de Limón Tang 11 g,7622202842863_A,https://www.soriana.com/jugos-y-bebidas/,/concentrado-en-polvo-sabor-te-negro-de-limon-tang-11-g/11925722.html,7.50,0.0,,,Gratis con 75 Puntos,Puntos 'dobles' al pagar con 'FALABELLA',2026-07-01
Jugos y bebidas,Agua,Concentrado en Polvo Zuko sabor Piña Colada 13 g,7503032460154_A,https://www.soriana.com/jugos-y-bebidas/,/concentrado-en-polvo-zuko-sabor-pina-colada-13-g/11585514.html,11.20,0.0,20% en Dinero electrónico,,Gratis con 75 Puntos,Puntos 'dobles' al pagar con 'FALABELLA',2026-07-01
Jugos y bebidas,Agua,Concentrado en Polvo para Bebida Zuko Light Manzana 7 g,7503045425386_A,https://www.soriana.com/jugos-y-bebidas/,/concentrado-en-polvo-para-bebida-zuko-light-manzana-7-g/11886960.html,6.90,0.0,20% en Dinero electrónico,,Gratis con 45 Puntos,Puntos 'dobles' al pagar con 'FALABELLA',2026-07-01
Jugos y bebidas,Agua,Bonafont Kids Agua con Jugo Natural de Naranja 6 pack de 300 ml chupón,0758104005994_A,https://www.soriana.com/jugos-y-bebidas/,/bonafont-kids-agua-con-jugo-natural-de-naranja-6-pack-de-300-ml-chupon/2177136.html,55.90,0.0,20% en Dinero electrónico,,Puntos 'dobles' al pagar con 'FALABELLA',,2026-07-01
Jugos y bebidas,Agua,Bebida de Aloe Vitaloe con trocitos de Sabila 500 ml,7506192507561_A,https://www.soriana.com/jugos-y-bebidas/,/bebida-de-aloe-vitaloe-con-trocitos-de-sabila-500-ml/11495715.html,16.60,13.00,,,Puntos 'dobles' al pagar con 'FALABELLA',,2026-07-01
Jugos y bebidas,Agua,Concentrado en Polvo Zuko sabor Melón 13 g,7503032460147_A,https://www.soriana.com/jugos-y-bebidas/,/concentrado-en-polvo-zuko-sabor-melon-13-g/11585483.html,11.20,0.0,20% en Dinero electrónico,,Gratis con 75 Puntos,Puntos 'dobles' al pagar con 'FALABELLA',2026-07-01
Jugos y bebidas,Agua,Agua Natural Ciel 1 Lt,7501055310883_A,https://www.soriana.com/jugos-y-bebidas/,/agua-natural-ciel-1-lt/1226131.html,11.00,0.0,4 x 3,,Gratis con 100 Puntos,Puntos 'dobles' al pagar con 'FALABELLA',2026-07-01
Jugos y bebidas,Agua,Agua Mineral Topo Chico con Twist sabor Limón 600 ml,0021136110180_A,https://www.soriana.com/jugos-y-bebidas/,/agua-mineral-topo-chico-con-twist-sabor-limon-600-ml/11532022.html,23.50,0.0,,,Gratis con 160 Puntos,Puntos 'dobles' al pagar con 'FALABELLA',2026-07-01
Jugos y bebidas,Agua,Concentrado en Polvo Zuko sabor Tamarindo 13 g,7503032460123_A,https://www.soriana.com/jugos-y-bebidas/,/concentrado-en-polvo-zuko-sabor-tamarindo-13-g/11585513.html,11.20,0.0,20% en Dinero electrónico,,Gratis con 75 Puntos,Puntos 'dobles' al pagar con 'FALABELLA',2026-07-01
Jugos y bebidas,Agua,Agua Bonafont Kids con Jugo Natural Sabor Manzana 6 Pack 300 ml,0758104006083_A,https://www.soriana.com/jugos-y-bebidas/,/agua-bonafont-kids-con-jugo-natural-sabor-manzana-6-pack-300-ml/11346553.html,51.90,0.0,20% en Dinero electrónico,,Puntos 'dobles' al pagar con 'FALABELLA',,2026-07-01
Jugos y bebidas,Agua,Bebida de Aloe Vitaloe con Trocitos de Sabila 320 ml,7506192506816_A,https://www.soriana.com/jugos-y-bebidas/,/bebida-de-aloe-vitaloe-con-trocitos-de-sabila-320-ml/11342499.html,13.80,11.00,,,Puntos 'dobles' al pagar con 'FALABELLA',,2026-07-01
Jugos y bebidas,Agua,Concentrado en Polvo Zuko sabor Naranja 13 g,7503032460055_A,https://www.soriana.com/jugos-y-bebidas/,/concentrado-en-polvo-zuko-sabor-naranja-13-g/11585479.html,11.20,0.0,20% en Dinero electrónico,,Gratis con 75 Puntos,Puntos 'dobles' al pagar con 'FALABELLA',2026-07-01
Jugos y bebidas,Agua,Agua Natural Bonafont 2 L,0758104001972_A,https://www.soriana.com/jugos-y-bebidas/,/agua-natural-bonafont-2-l/2067468.html,21.50,0.0,,,Puntos 'dobles' al pagar con 'FALABELLA',,2026-07-01
Jugos y bebidas,Agua,Concentrado en Polvo sabor Té Negro de Durazno Tang 11 g,7622202842757_A,https://www.soriana.com/jugos-y-bebidas/,/concentrado-en-polvo-sabor-te-negro-de-durazno-tang-11-g/11925712.html,7.50,0.0,,,Gratis con 75 Puntos,Puntos 'dobles' al pagar con 'FALABELLA',2026-07-01
Jugos y bebidas,Agua,Concentrado en Polvo sabor Mango Tang 11 g,7622202841828_A,https://www.soriana.com/jugos-y-bebidas/,/concentrado-en-polvo-sabor-mango-tang-11-g/11925721.html,7.50,0.0,,,Gratis con 75 Puntos,Puntos 'dobles' al pagar con 'FALABELLA',2026-07-01
Jugos y bebidas,Agua,Bebida Bonafont Aguas Frescas sabor Tamarindo 1.4 L,0758104007936_A,https://www.soriana.com/jugos-y-bebidas/,/bebida-bonafont-aguas-frescas-sabor-tamarindo-1.4-l/11562942.html,22.50,17.90,20% en Dinero electrónico,,Gratis con 160 Puntos,Puntos 'dobles' al pagar con 'FALABELLA',2026-07-01
Jugos y bebidas,Agua,Agua Mineral de Manantial Garci Crespo Botella 275 ml,7501022013106_A,https://www.soriana.com/jugos-y-bebidas/,/agua-mineral-de-manantial-garci-crespo-botella-275-ml/11434279.html,23.50,0.0,3 x 2,,Puntos 'dobles' al pagar con 'FALABELLA',,2026-07-01
Jugos y bebidas,Agua,Agua Saborizada Be Light Manzana 1 Lt,7501022015957_A,https://www.soriana.com/jugos-y-bebidas/,/agua-saborizada-be-light-manzana-1-lt/11869973.html,15.60,0.0,,,Gratis con 160 Puntos,Puntos 'dobles' al pagar con 'FALABELLA',2026-07-01
Jugos y bebidas,Agua,Concentrado en Polvo Zuko sabor Fresa 13 g,7503032460109_A,https://www.soriana.com/jugos-y-bebidas/,/concentrado-en-polvo-zuko-sabor-fresa-13-g/11585511.html,11.20,0.0,20% en Dinero electrónico,,Gratis con 75 Puntos,Puntos 'dobles' al pagar con 'FALABELLA',2026-07-01
Jugos y bebidas,Agua,Bebida con Jugo Boing sabor Mango 125 ml,0019836100754_A,https://www.soriana.com/jugos-y-bebidas/,/bebida-con-jugo-boing-sabor-mango-125-ml/11086071.html,5.30,0.0,,,Gratis con 60 Puntos,Puntos 'dobles' al pagar con 'FALABELLA',2026-07-01
Jugos y bebidas,Agua,Concentrado en Polvo sabor Jamaica Tang 11 g,7622202841767_A,https://www.soriana.com/jugos-y-bebidas/,/concentrado-en-polvo-sabor-jamaica-tang-11-g/11925711.html,7.50,0.0,,,Gratis con 75 Puntos,Puntos 'dobles' al pagar con 'FALABELLA',2026-07-01
Jugos y bebidas,Agua,Concentrado en Polvo Para Bebida Splenda Maracuyá 7 g,722776005699_A,https://www.soriana.com/jugos-y-bebidas/,/concentrado-en-polvo-para-bebida-splenda-maracuya-7-g/11753456.html,8.50,0.0,20% en Dinero electrónico,,Gratis con 45 Puntos,Puntos 'dobles' al pagar con 'FALABELLA',2026-07-01
Jugos y bebidas,Agua,Concentrado en Polvo Clight sabor Té de Durazno 7 g,7622210688897_A,https://www.soriana.com/jugos-y-bebidas/,/concentrado-en-polvo-clight-sabor-te-de-durazno-7-g/11239818.html,5.60,0.0,,,Gratis con 45 Puntos,Puntos 'dobles' al pagar con 'FALABELLA',2026-07-01
Jugos y bebidas,Agua,Jugo Boing sabor Mango 200 Ml,0019836710021_A,https://www.soriana.com/jugos-y-bebidas/,/jugo-boing-sabor-mango-200-ml/11272820.html,9.00,0.0,,,Gratis con 60 Puntos,Puntos 'dobles' al pagar con 'FALABELLA',2026-07-01
Jugos y bebidas,Agua,Concentrado en Polvo Zuko sabor Uva 13 g,7503032460086_A,https://www.soriana.com/jugos-y-bebidas/,/concentrado-en-polvo-zuko-sabor-uva-13-g/11585486.html,11.20,0.0,20% en Dinero electrónico,,Gratis con 75 Puntos,Puntos 'dobles' al pagar con 'FALABELLA',2026-07-01
Jugos y bebidas,Agua,Concentrado en Polvo Zuko sabor Jamaica Arandano 13 g,7503045425942_A,https://www.soriana.com/jugos-y-bebidas/,/concentrado-en-polvo-zuko-sabor-jamaica-arandano-13-g/11923862.html,11.70,0.0,20% en Dinero electrónico,,Gratis con 75 Puntos,Puntos 'dobles' al pagar con 'FALABELLA',2026-07-01
Jugos y bebidas,Agua,Concentrado en Polvo sabor Té Blanco Fresa Kiwi Splenda 7 g,722776007440_A,https://www.soriana.com/jugos-y-bebidas/,/concentrado-en-polvo-sabor-te-blanco-fresa-kiwi-splenda-7-g/11929296.html,8.50,0.0,,,Puntos 'dobles' al pagar con 'FALABELLA',,2026-07-01
Jugos y bebidas,Agua,Refresco Vita Fresa 2 Lt Bot,7501371000734_A,https://www.soriana.com/jugos-y-bebidas/,/refresco-vita-fresa-2-lt-bot/647243.html,21.00,0.0,4 x 3,,Gratis con 300 Puntos,Puntos 'dobles' al pagar con 'FALABELLA',2026-07-01
Jugos y bebidas,Agua,Garrafón Para Agua Ciel Vacío 20 L,7501055337125_A,https://www.soriana.com/jugos-y-bebidas/,/garrafon-para-agua-ciel--20-l/3066361.html,75.50,0.0,,,Puntos 'dobles' al pagar con 'FALABELLA',,2026-07-01
Jugos y bebidas,Agua,Concentrado en Polvo Zuko Doble Sabor Pepino-Limón 13 g,7503045425430-a-zuko-pl_8GJVhQF1 (1),https://www.soriana.com/jugos-y-bebidas/,/concentrado-en-polvo-zuko-doble-sabor-pepino-limon-13-g/11886954.html,11.70,0.0,,,Gratis con 75 Puntos,Puntos 'dobles' al pagar con 'FALABELLA',2026-07-01
Jugos y bebidas,Agua,Bebida con Jugo Florida 7 Mini sabor Durazno 200 ml,7501055370597_A,https://www.soriana.com/jugos-y-bebidas/,/bebida-con-jugo-florida-7-mini-sabor-durazno-200-ml/11500595.html,4.80,4.48,,,Gratis con 60 Puntos,Puntos 'dobles' al pagar con 'FALABELLA',2026-07-01
Jugos y bebidas,Agua,Agua Saborizada Be Light sin Calorías sabor Pepino Limón 1.5 L,7501022013809_A,https://www.soriana.com/jugos-y-bebidas/,/agua-saborizada-be-light-sin-calorias-sabor-pepino-limon-1.5-l/11417344.html,23.50,0.0,,,Gratis con 160 Puntos,Puntos 'dobles' al pagar con 'FALABELLA',2026-07-01
Jugos y bebidas,Agua,Bebida Be Light Fresa-Moras 1.5 Litros,7501022015421_A,https://www.soriana.com/jugos-y-bebidas/,/bebida-be-light-fresa-moras-1.5-litros/11783937.html,23.50,0.0,,,Gratis con 160 Puntos,Puntos 'dobles' al pagar con 'FALABELLA',2026-07-01
Jugos y bebidas,Agua,Agua Saborizada Be Light Jamaica 1.5 lt,7501011181809_A,https://www.soriana.com/jugos-y-bebidas/,/agua-saborizada-be-light-jamaica-1.5-lt/1101154.html,23.50,0.0,,,Gratis con 160 Puntos,Puntos 'dobles' al pagar con 'FALABELLA',2026-07-01
Jugos y bebidas,Agua,Concentrado en Polvo sabor Mandarina Tang 11 g,7622202841910_A,https://www.soriana.com/jugos-y-bebidas/,/concentrado-en-polvo-sabor-mandarina-tang-11-g/11925714.html,7.50,0.0,,,Gratis con 75 Puntos,Puntos 'dobles' al pagar con 'FALABELLA',2026-07-01
Jugos y bebidas,Agua,Concentrado De Jamaica Deliciosa 700 ml,7501088031335_A,https://www.soriana.com/jugos-y-bebidas/,/concentrado-de-jamaica-deliciosa-700-ml/1061409.html,73.90,0.0,,,Puntos 'dobles' al pagar con 'FALABELLA',,2026-07-01
Jugos y bebidas,Agua,Concentrado Líquido Princesa Horchata Coco 700 ml,7501029051897_A,https://www.soriana.com/jugos-y-bebidas/,/concentrado-liquido-princesa-horchata-coco-700-ml/699499.html,67.90,0.0,,,Puntos 'dobles' al pagar con 'FALABELLA',,2026-07-01
Jugos y bebidas,Agua,Agua Saborizada Be Light Manzana 1.5 Lt,7501011169838_A,https://www.soriana.com/jugos-y-bebidas/,/agua-saborizada-be-light-manzana-1.5-lt/1141453.html,23.50,0.0,,,Gratis con 160 Puntos,Puntos 'dobles' al pagar con 'FALABELLA',2026-07-01
Jugos y bebidas,Agua,Concentrado en Polvo Zuko Doble sabor Fresa-Kiwi 13 g,7503045425416_F ZUKO KF,https://www.soriana.com/jugos-y-bebidas/,/concentrado-en-polvo-zuko-doble-sabor-fresa-kiwi-13-g/11886991.html,11.70,0.0,,,Gratis con 75 Puntos,Puntos 'dobles' al pagar con 'FALABELLA',2026-07-01
Jugos y bebidas,Agua,Concentrado en Polvo Zuko sabor Lima Limón 13 g,7503045425935_A,https://www.soriana.com/jugos-y-bebidas/,/concentrado-en-polvo-zuko-sabor-lima-limon-13-g/11923789.html,11.70,0.0,20% en Dinero electrónico,,Gratis con 75 Puntos,Puntos 'dobles' al pagar con 'FALABELLA',2026-07-01
Jugos y bebidas,Agua,Jugo Boing Guayaba 1 L,7501039400814_A,https://www.soriana.com/jugos-y-bebidas/,/jugo-boing-guayaba-1-l/699640.html,33.50,0.0,,,Gratis con 240 Puntos,Puntos 'dobles' al pagar con 'FALABELLA',2026-07-01
Jugos y bebidas,Agua,Concentrado en Polvo Zuko Light sabor Jamaica 7 g,7802800736034_A,https://www.soriana.com/jugos-y-bebidas/,/concentrado-en-polvo-zuko-light-sabor-jamaica-7-g/11516643.html,6.90,0.0,20% en Dinero electrónico,,Gratis con 45 Puntos,Puntos 'dobles' al pagar con 'FALABELLA',2026-07-01
Jugos y bebidas,Agua,Agua Mineral Canada Dry 6 Pack Lata 237 ml,7501198353785_A,https://www.soriana.com/jugos-y-bebidas/,/agua-mineral-canada-dry-6-pack-lata-237-ml/2388019.html,60.90,0.0,,,Puntos 'dobles' al pagar con 'FALABELLA',,2026-07-01
Jugos y bebidas,Agua,Agua Mineral Precissimo 3 L Botella,7500093742540_A,https://www.soriana.com/jugos-y-bebidas/,/agua-mineral-precissimo-3-l-botella/11261053.html,31.00,0.0,,,Puntos 'dobles' al pagar con 'FALABELLA',,2026-07-01
Jugos y bebidas,Agua,Bebida Jumex Fresh Uva 2 L,7501031307265_A,https://www.soriana.com/jugos-y-bebidas/,/bebida-jumex-fresh-uva-2-l/11019466.html,29.50,0.0,,,Puntos 'dobles' al pagar con 'FALABELLA',,2026-07-01
Jugos y bebidas,Agua,Bebida Boing sabor Mango 340 ml,0019836500028_A,https://www.soriana.com/jugos-y-bebidas/,/bebida-boing-sabor-mango-340-ml/11298984.html,15.00,0.0,,,Puntos 'dobles' al pagar con 'FALABELLA',,2026-07-01
Jugos y bebidas,Agua,Bebida con Jugo Boing sabor Guayaba 125 ml,0019836100761_A,https://www.soriana.com/jugos-y-bebidas/,/bebida-con-jugo-boing-sabor-guayaba-125-ml/11086063.html,5.30,0.0,,,Gratis con 60 Puntos,Puntos 'dobles' al pagar con 'FALABELLA',2026-07-01
Jugos y bebidas,Agua,Refresco Jarritos Tuti Fruti 600 ml,0744886318827_A,https://www.soriana.com/jugos-y-bebidas/,/refresco-jarritos-tuti-fruti-600-ml/1238850.html,15.50,0.0,,,Gratis con 160 Puntos,Puntos 'dobles' al pagar con 'FALABELLA',2026-07-01
Jugos y bebidas,Agua,Concentrado en Polvo Zuko Light sabor Limón 7 g,7802800736027_A,https://www.soriana.com/jugos-y-bebidas/,/concentrado-en-polvo-zuko-light-sabor-limon-7-g/11516642.html,6.90,0.0,20% en Dinero electrónico,,Gratis con 45 Puntos,Puntos 'dobles' al pagar con 'FALABELLA',2026-07-01
Jugos y bebidas,Agua,Concentrado en Polvo sabor Uva Tang 11 g,7622202841798_A,https://www.soriana.com/jugos-y-bebidas/,/concentrado-en-polvo-sabor-uva-tang-11-g/11925659.html,7.50,0.0,,,Gratis con 75 Puntos,Puntos 'dobles' al pagar con 'FALABELLA',2026-07-01
Jugos y bebidas,Agua,Agua Natural Epura 1.5 L Botella,7501086801015_A,https://www.soriana.com/jugos-y-bebidas/,/agua-natural-epura-1.5-l-botella/387489.html,18.60,0.0,,,Gratis con 100 Puntos,Puntos 'dobles' al pagar con 'FALABELLA',2026-07-01
Jugos y bebidas,Agua,Agua Infusionada Sabor Frutos Rojos Bonafont Levité 1.4 L,758104008346_A,https://www.soriana.com/jugos-y-bebidas/,/agua-infusionada-sabor-frutos-rojos-bonafont-levite-1.4-l/11771140.html,18.10,0.0,20% en Dinero electrónico,,Gratis con 160 Puntos,Puntos 'dobles' al pagar con 'FALABELLA',2026-07-01
Jugos y bebidas,Agua,Bebida Arizona Ponche de Frutas 460 ml,613008771270_A,https://www.soriana.com/jugos-y-bebidas/,/bebida-arizona-ponche-de-frutas-460-ml/11869259.html,18.10,0.0,,,Gratis con 130 Puntos,Puntos 'dobles' al pagar con 'FALABELLA',2026-07-01
Jugos y bebidas,Agua,Agua de Coco Calahua Acapulcoco Natural 330 ml,7503006575709_A,https://www.soriana.com/jugos-y-bebidas/,/agua-de-coco-calahua-acapulcoco-natural-330-ml/2315133.html,26.50,0.0,,,Puntos 'dobles' al pagar con 'FALABELLA',,2026-07-01
Jugos y bebidas,Agua,Concentrado en Polvo sabor Mandarina Albahaca Splenda 7 g,722776007457_A,https://www.soriana.com/jugos-y-bebidas/,/concentrado-en-polvo-sabor-mandarina-albahaca-splenda-7-g/11929514.html,8.50,0.0,20% en Dinero electrónico,,Puntos 'dobles' al pagar con 'FALABELLA',,2026-07-01
Jugos y bebidas,Agua,Concentrado en Polvo Clight sabor Horchata 7 g,7622210688675_A,https://www.soriana.com/jugos-y-bebidas/,/concentrado-en-polvo-clight-sabor-horchata-7-g/11240696.html,5.60,0.0,,,Gratis con 45 Puntos,Puntos 'dobles' al pagar con 'FALABELLA',2026-07-01
Jugos y bebidas,Agua,Agua Mineral Garci Crespo 2 Lt,7501022012062_A,https://www.soriana.com/jugos-y-bebidas/,/agua-mineral-garci-crespo-2-lt/11501005.html,20.50,0.0,3 x 2,,Gratis con 300 Puntos,Puntos 'dobles' al pagar con 'FALABELLA',2026-07-01
Jugos y bebidas,Agua,Bebida Bonafont Aguas Frescas sabor Piña 1.4 L,0758104007950_A,https://www.soriana.com/jugos-y-bebidas/,/bebida-bonafont-aguas-frescas-sabor-pina-1.4-l/11560034.html,21.50,17.90,20% en Dinero electrónico,,Gratis con 160 Puntos,Puntos 'dobles' al pagar con 'FALABELLA',2026-07-01
Jugos y bebidas,Agua,Bonafont Kids Agua con Jugo Natural de Uva 6 pzas de 300 ml chupón,0758104005673_A,https://www.soriana.com/jugos-y-bebidas/,/bonafont-kids-agua-con-jugo-natural-de-uva-6-pzas-de-300-ml-chupon/11299091.html,56.90,0.0,20% en Dinero electrónico,,Puntos 'dobles' al pagar con 'FALABELLA',,2026-07-01
Jugos y bebidas,Agua,Bebida Del Valle Frut sabor Cítricos 355 ml,7501055342198_A,https://www.soriana.com/jugos-y-bebidas/,/bebida-del-valle-frut-sabor-citricos-355-ml/11161449.html,12.20,0.0,,,Puntos 'dobles' al pagar con 'FALABELLA',,2026-07-01
Jugos y bebidas,Agua,Concentrado para preparar Horchata de Arroz Sureña 700 ml,7501495818550_A,https://www.soriana.com/jugos-y-bebidas/,/concentrado-para-preparar-horchata-de-arroz-surena-700-ml/1001706.html,47.00,0.0,,,Puntos 'dobles' al pagar con 'FALABELLA',,2026-07-01
Jugos y bebidas,Agua,Jugo Frutsi Uva 250 Ml,0000075001957_A,https://www.soriana.com/jugos-y-bebidas/,/jugo-frutsi-uva-250-ml/245563.html,6.90,0.0,,,Gratis con 60 Puntos,Puntos 'dobles' al pagar con 'FALABELLA',2026-07-01
Jugos y bebidas,Agua,Concentrado en Polvo Nature's Factory Té Rojo sabor Sangría 20 g,7502264281391_A,https://www.soriana.com/jugos-y-bebidas/,/concentrado-en-polvo-natures-factory-te-rojo-sabor-sangria-20-g/2557681.html,16.20,0.0,,,Puntos 'dobles' al pagar con 'FALABELLA',,2026-07-01
Jugos y bebidas,Agua,Concentrado en Polvo Nature's Factory Té Negro Limón 20 g,7503016111720_A,https://www.soriana.com/jugos-y-bebidas/,/concentrado-en-polvo-natures-factory-te-negro-limon-20-g/2318308.html,15.50,0.0,,,Puntos 'dobles' al pagar con 'FALABELLA',,2026-07-01
Jugos y bebidas,Agua,Concentrado en Polvo Nature's Factory Té Blanco Arándano 20 g,7502264280356_A,https://www.soriana.com/jugos-y-bebidas/,/concentrado-en-polvo-natures-factory-te-blanco-arandano-20-g/2336662.html,16.20,0.0,,,Puntos 'dobles' al pagar con 'FALABELLA',,2026-07-01
Jugos y bebidas,Agua,Refresco Jarritos Piña 600 ml,0744886308828_A,https://www.soriana.com/jugos-y-bebidas/,/refresco-jarritos-pina-600-ml/1238854.html,15.50,0.0,,,Gratis con 160 Puntos,Puntos 'dobles' al pagar con 'FALABELLA',2026-07-01
Jugos y bebidas,Agua,Concentrado en Polvo Zuko Light sabor Naranja 7 g,7802800736003_A,https://www.soriana.com/jugos-y-bebidas/,/concentrado-en-polvo-zuko-light-sabor-naranja-7-g/11516640.html,6.90,0.0,20% en Dinero electrónico,,Gratis con 45 Puntos,Puntos 'dobles' al pagar con 'FALABELLA',2026-07-01
Jugos y bebidas,Agua,Refresco Jarritos Toronja 2 Lt,0744886345052_A,https://www.soriana.com/jugos-y-bebidas/,/refresco-jarritos-toronja-2-lt/1238830.html,24.90,0.0,,,Gratis con 300 Puntos,Puntos 'dobles' al pagar con 'FALABELLA',2026-07-01
Jugos y bebidas,Agua,Concentrado De Jamaica 50 Gr,7503003628149_A,https://www.soriana.com/jugos-y-bebidas/,/concentrado-de-jamaica-50-gr/11658797.html,4.50,0.0,,,Puntos 'dobles' al pagar con 'FALABELLA',,2026-07-01
Jugos y bebidas,Agua,Concentrado en Polvo Clight sabor Fresa 7 g,7622210688361_A,https://www.soriana.com/jugos-y-bebidas/,/concentrado-en-polvo-clight-sabor-fresa-7-g/11240812.html,5.60,0.0,,,Gratis con 45 Puntos,Puntos 'dobles' al pagar con 'FALABELLA',2026-07-01
Jugos y bebidas,Agua,Concentrado en Polvo Clight sabor Manzana 7 g,7622210688842_A,https://www.soriana.com/jugos-y-bebidas/,/concentrado-en-polvo-clight-sabor-manzana-7-g/11240697.html,5.60,0.0,,,Gratis con 45 Puntos,Puntos 'dobles' al pagar con 'FALABELLA',2026-07-01
Jugos y bebidas,Agua,Concentrado en Polvo Zuko Doble sabor Mango-Maracuya 13 g,7503045425423-a-zuko-mm_e40ss7sQ,https://www.soriana.com/jugos-y-bebidas/,/concentrado-en-polvo-zuko-doble-sabor-mango-maracuya-13-g/11887021.html,11.70,0.0,20% en Dinero electrónico,,Gratis con 75 Puntos,Puntos 'dobles' al pagar con 'FALABELLA',2026-07-01
Jugos y bebidas,Agua,Concentrado en Polvo Zuko Light sabor Frambuesa 7 g,7802800736072_A,https://www.soriana.com/jugos-y-bebidas/,/concentrado-en-polvo-zuko-light-sabor-frambuesa-7-g/11516687.html,6.90,0.0,,,Gratis con 45 Puntos,Puntos 'dobles' al pagar con 'FALABELLA',2026-07-01
Jugos y bebidas,Agua,Bonafont Aguas Frescas Naranja 1.4 lt,0758104008216_A,https://www.soriana.com/jugos-y-bebidas/,/bonafont-aguas-frescas-naranja-1.4-lt/11696715.html,24.50,17.90,20% en Dinero electrónico,,Gratis con 160 Puntos,Puntos 'dobles' al pagar con 'FALABELLA',2026-07-01
Jugos y bebidas,Agua,Bebida Bonafont Aguas Frescas sabor Guayaba 1.4 L,0758104007943_A,https://www.soriana.com/jugos-y-bebidas/,/bebida-bonafont-aguas-frescas-sabor-guayaba-1.4-l/11558236.html,24.50,17.90,20% en Dinero electrónico,,Gratis con 160 Puntos,Puntos 'dobles' al pagar con 'FALABELLA',2026-07-01
Jugos y bebidas,Agua,Agua Mineral Peñafiel Adas Toronjada 2 L,7501073840942_A,https://www.soriana.com/jugos-y-bebidas/,/agua-mineral-penafiel-adas-toronjada-2-l/11084114.html,37.90,0.0,,,Gratis con 300 Puntos,Puntos 'dobles' al pagar con 'FALABELLA',2026-07-01
Jugos y bebidas,Agua,Agua Mineral Ciel Sifón 1.75 Lt,7501055321919_A,https://www.soriana.com/jugos-y-bebidas/,/agua-mineral-ciel-sifon-1.75-lt/1840460.html,36.50,0.0,,,Gratis con 300 Puntos,Puntos 'dobles' al pagar con 'FALABELLA',2026-07-01
Jugos y bebidas,Agua,Concentrado Nestea Té Verde Limón 25 Gr,7501088050053_A,https://www.soriana.com/jugos-y-bebidas/,/concentrado-nestea-te-verde-limon-25-gr/11650169.html,16.50,0.0,,,Puntos 'dobles' al pagar con 'FALABELLA',,2026-07-01
Jugos y bebidas,Agua,Concentrado en Polvo sabor Piña Tang 11 g,7622202842894_A,https://www.soriana.com/jugos-y-bebidas/,/concentrado-en-polvo-sabor-pina-tang-11-g/11925713.html,7.50,0.0,,,Gratis con 75 Puntos,Puntos 'dobles' al pagar con 'FALABELLA',2026-07-01
Jugos y bebidas,Agua,Bebida Jumex Fresh Cítricos 2 L,7501031307258_A,https://www.soriana.com/jugos-y-bebidas/,/bebida-jumex-fresh-citricos-2-l/2452049.html,29.50,0.0,,,Puntos 'dobles' al pagar con 'FALABELLA',,2026-07-01
Jugos y bebidas,Agua,Refresco Peñafiel sabor Toronja 2 L,7501073844544_A,https://www.soriana.com/jugos-y-bebidas/,/refresco-penafiel-sabor-toronja-2-l/11529073.html,37.50,0.0,,,Gratis con 300 Puntos,Puntos 'dobles' al pagar con 'FALABELLA',2026-07-01
Jugos y bebidas,Agua,Jugo Boing Naranja 500 ml,0000075003173_A,https://www.soriana.com/jugos-y-bebidas/,/jugo-boing-naranja-500-ml/1946078.html,18.00,0.0,,,Puntos 'dobles' al pagar con 'FALABELLA',,2026-07-01
Jugos y bebidas,Agua,Bebida Jumex Fresh Conga 2 L,7501031307289_A,https://www.soriana.com/jugos-y-bebidas/,/bebida-jumex-fresh-conga-2-l/2452050.html,31.50,0.0,,,Puntos 'dobles' al pagar con 'FALABELLA',,2026-07-01
Jugos y bebidas,Agua,Concentrado en Polvo Zuko sabor Horchata 13 g,7503032460093_A,https://www.soriana.com/jugos-y-bebidas/,/concentrado-en-polvo-zuko-sabor-horchata-13-g/11585482.html,11.20,0.0,20% en Dinero electrónico,,Gratis con 75 Puntos,Puntos 'dobles' al pagar con 'FALABELLA',2026-07-01
Jugos y bebidas,Agua,BEB CON JUGO DE FRUTA UVA 125ML PAU-PAU,7501013105346_A,https://www.soriana.com/jugos-y-bebidas/,/beb-con-jugo-de-fruta-uva-125ml-pau-pau/11689882.html,3.60,0.0,,,Gratis con 60 Puntos,Puntos 'dobles' al pagar con 'FALABELLA',2026-07-01
Jugos y bebidas,Agua,Jugo Boing sabor Guayaba 200 ml,0019836710038_A,https://www.soriana.com/jugos-y-bebidas/,/jugo-boing-sabor-guayaba-200-ml/11272815.html,9.00,0.0,,,Gratis con 60 Puntos,Puntos 'dobles' al pagar con 'FALABELLA',2026-07-01
Jugos y bebidas,Agua,Jugo Frutsi Manzana 250 Ml,0000075001964_A,https://www.soriana.com/jugos-y-bebidas/,/jugo-frutsi-manzana-250-ml/245564.html,6.90,0.0,,,Gratis con 60 Puntos,Puntos 'dobles' al pagar con 'FALABELLA',2026-07-01
Jugos y bebidas,Agua,Concentrado en Polvo sabor Durazno Tang 11 g,7622202842535_A,https://www.soriana.com/jugos-y-bebidas/,/concentrado-en-polvo-sabor-durazno-tang-11-g/11925700.html,7.50,0.0,,,Gratis con 75 Puntos,Puntos 'dobles' al pagar con 'FALABELLA',2026-07-01
Jugos y bebidas,Agua,Concentrado en Polvo sabor Tamarindo Tang 11 g,7622202843877_A,https://www.soriana.com/jugos-y-bebidas/,/concentrado-en-polvo-sabor-tamarindo-tang-11-g/11925668.html,7.50,0.0,,,Gratis con 75 Puntos,Puntos 'dobles' al pagar con 'FALABELLA',2026-07-01
Jugos y bebidas,Agua,Agua Mineral Peñafiel Twist con Limón y Sal 1 L,7501073839212_A,https://www.soriana.com/jugos-y-bebidas/,/agua-mineral-penafiel-twist-con-limon-y-sal-1-l/2322725.html,26.50,0.0,,,Puntos 'dobles' al pagar con 'FALABELLA',,2026-07-01
Jugos y bebidas,Agua,Refresco Schweppes Ginger Ale 1 Lt,7501073833739_A,https://www.soriana.com/jugos-y-bebidas/,/refresco-schweppes-ginger-ale-1-lt/1931187.html,26.50,0.0,,,Puntos 'dobles' al pagar con 'FALABELLA',,2026-07-01
Jugos y bebidas,Agua,Agua Mineral Canada Dry 600 ml,7501198350012_A,https://www.soriana.com/jugos-y-bebidas/,/agua-mineral-canada-dry-600-ml/1008379.html,11.70,0.0,3 x 2,,Gratis con 160 Puntos,Puntos 'dobles' al pagar con 'FALABELLA',2026-07-01
Jugos y bebidas,Agua,Concentrado en Polvo Zuko Té Helado sabor Limón 13 g,7503032460680_A,https://www.soriana.com/jugos-y-bebidas/,/concentrado-en-polvo-zuko-te-helado-sabor-limon-13-g/11653802.html,13.30,0.0,20% en Dinero electrónico,,Puntos 'dobles' al pagar con 'FALABELLA',,2026-07-01
Jugos y bebidas,Agua,Concentrado en Polvo sabor Té Negro y Durazno Splenda 7 g,722776007433_A,https://www.soriana.com/jugos-y-bebidas/,/concentrado-en-polvo-sabor-te-negro-y-durazno-splenda-7-g/11929430.html,8.50,0.0,20% en Dinero electrónico,,Puntos 'dobles' al pagar con 'FALABELLA',,2026-07-01
Jugos y bebidas,Agua,Agua Natural Bonafont 1.2 L,0758104005796_A,https://www.soriana.com/jugos-y-bebidas/,/agua-natural-bonafont-1.2-l/9066679.html,12.30,0.0,20% en Dinero electrónico,,Gratis con 100 Puntos,Puntos 'dobles' al pagar con 'FALABELLA',2026-07-01
Jugos y bebidas,Agua,Refresco Canada Dry Ginger 600 ml,7501198350432_A,https://www.soriana.com/jugos-y-bebidas/,/refresco-canada-dry-ginger-600-ml/1023235.html,11.70,0.0,,,Gratis con 160 Puntos,Puntos 'dobles' al pagar con 'FALABELLA',2026-07-01
Jugos y bebidas,Agua,Agua Saborizada Be Light Toronja 1.5 lt,7501011181762_A,https://www.soriana.com/jugos-y-bebidas/,/agua-saborizada-be-light-toronja-1.5-lt/1101152.html,23.50,0.0,,,Gratis con 160 Puntos,Puntos 'dobles' al pagar con 'FALABELLA',2026-07-01
Jugos y bebidas,Agua,Concentrado en Polvo Zuko sabor Horchata Nuez 13 g,7503045425928_A,https://www.soriana.com/jugos-y-bebidas/,/concentrado-en-polvo-zuko-sabor-horchata-nuez-13-g/11923828.html,11.70,0.0,20% en Dinero electrónico,,Gratis con 75 Puntos,Puntos 'dobles' al pagar con 'FALABELLA',2026-07-01
Jugos y bebidas,Agua,Agua Infusionada Bonafont Levité con Toque de Sabor Pepino Limón 1 Litro,0758104006625_A,https://www.soriana.com/jugos-y-bebidas/,/agua-infusionada-bonafont-levite-con-toque-de-sabor-pepino-limon-1-litro/11390559.html,21.50,0.0,20% en Dinero electrónico,,Gratis con 160 Puntos,Puntos 'dobles' al pagar con 'FALABELLA',2026-07-01
Jugos y bebidas,Agua,Bonafont Aguas Frescas Guayaba 1 Litro,0758104006281_A,https://www.soriana.com/jugos-y-bebidas/,/bonafont-aguas-frescas-guayaba-1-litro/9103952.html,21.50,0.0,20% en Dinero electrónico,,Gratis con 160 Puntos,Puntos 'dobles' al pagar con 'FALABELLA',2026-07-01
Jugos y bebidas,Agua,BEB CON JUGO DE FRUTA MANZANA 125ML PAU-,7501013105339_A,https://www.soriana.com/jugos-y-bebidas/,/beb-con-jugo-de-fruta-manzana-125ml-pau-/11689883.html,3.60,0.0,,,Gratis con 60 Puntos,Puntos 'dobles' al pagar con 'FALABELLA',2026-07-01
Jugos y bebidas,Agua,Concentrado en Polvo sabor Limonada-Fresa Citrus Tang 13 g,7622210576835_A,https://www.soriana.com/jugos-y-bebidas/,/concentrado-en-polvo-sabor-limonada-fresa-citrus-tang-13-g/11863796.html,10.90,0.0,,,Gratis con 75 Puntos,Puntos 'dobles' al pagar con 'FALABELLA',2026-07-01
Jugos y bebidas,Agua,Concentrado en Polvo Zuko sabor Sandía 13 g,7503032460185_A,https://www.soriana.com/jugos-y-bebidas/,/concentrado-en-polvo-zuko-sabor-sandia-13-g/11585516.html,11.20,0.0,20% en Dinero electrónico,,Gratis con 75 Puntos,Puntos 'dobles' al pagar con 'FALABELLA',2026-07-01
Jugos y bebidas,Agua,Bebida Bonafont Aguas Frescas sabor Uva 1 L,0758104006755_A,https://www.soriana.com/jugos-y-bebidas/,/bebida-bonafont-aguas-frescas-sabor-uva-1-l/11405060.html,21.50,0.0,20% en Dinero electrónico,,Gratis con 160 Puntos,Puntos 'dobles' al pagar con 'FALABELLA',2026-07-01
Jugos y bebidas,Agua,Refresco Peñafiel Mandarina 600 ml,7501073831896_A,https://www.soriana.com/jugos-y-bebidas/,/refresco-penafiel-mandarina-600-ml/1017015.html,17.00,0.0,,,Gratis con 160 Puntos,Puntos 'dobles' al pagar con 'FALABELLA',2026-07-01
Jugos y bebidas,Agua,Refresco Peñafiel Fresa 600 ml,7501073831902_A,https://www.soriana.com/jugos-y-bebidas/,/refresco-penafiel-fresa-600-ml/1017016.html,17.00,0.0,,,Gratis con 160 Puntos,Puntos 'dobles' al pagar con 'FALABELLA',2026-07-01
Jugos y bebidas,Agua,Concentrado en Polvo sabor Fresa Tang 11 g,7622202841941_A,https://www.soriana.com/jugos-y-bebidas/,/concentrado-en-polvo-sabor-fresa-tang-11-g/11925667.html,7.50,0.0,,,Gratis con 75 Puntos,Puntos 'dobles' al pagar con 'FALABELLA',2026-07-01
Jugos y bebidas,Agua,Agua Infusionada Levité con Toque sabor Pepino Limón 1.4 lt,0758104007899_A,https://www.soriana.com/jugos-y-bebidas/,/agua-infusionada-levite-con-toque-sabor-pepino-limon-1.4-lt/11562953.html,22.90,0.0,20% en Dinero electrónico,,Gratis con 160 Puntos,Puntos 'dobles' al pagar con 'FALABELLA',2026-07-01
Jugos y bebidas,Agua,Agua Saborizada Ciel Exprim sabor Limón 1 L,7501055352463_A,https://www.soriana.com/jugos-y-bebidas/,/agua-saborizada-ciel-exprim-sabor-limon-1-l/11145072.html,21.50,0.0,,,Gratis con 160 Puntos,Puntos 'dobles' al pagar con 'FALABELLA',2026-07-01
Jugos y bebidas,Agua,Refresco Peñafiel Sangria 600 ml,7501073831933_A,https://www.soriana.com/jugos-y-bebidas/,/refresco-penafiel-sangria-600-ml/1017017.html,17.00,0.0,,,Gratis con 160 Puntos,Puntos 'dobles' al pagar con 'FALABELLA',2026-07-01
Jugos y bebidas,Agua,Jugo Boing Guayaba 500 ml,0000075003135_A,https://www.soriana.com/jugos-y-bebidas/,/jugo-boing-guayaba-500-ml/1946068.html,18.00,0.0,,,Puntos 'dobles' al pagar con 'FALABELLA',,2026-07-01
Jugos y bebidas,Agua,Jugo Boing Manzana 500 ml,0000075003159_A,https://www.soriana.com/jugos-y-bebidas/,/jugo-boing-manzana-500-ml/1946077.html,18.00,0.0,,,Puntos 'dobles' al pagar con 'FALABELLA',,2026-07-01
Jugos y bebidas,Agua,Bonafont Aguas Frescas Mango 1.4 lts,758104008759_A,https://www.soriana.com/jugos-y-bebidas/,/bonafont-aguas-frescas-mango-1.4-lts/11873958.html,24.50,17.90,20% en Dinero electrónico,,Gratis con 160 Puntos,Puntos 'dobles' al pagar con 'FALABELLA',2026-07-01
Jugos y bebidas,Agua,Agua Saborizada Be Light Mango 1 Lt,7501031303892_A,https://www.soriana.com/jugos-y-bebidas/,/agua-saborizada-be-light-mango-1-lt/1609295.html,15.60,0.0,,,Gratis con 160 Puntos,Puntos 'dobles' al pagar con 'FALABELLA',2026-07-01
Jugos y bebidas,Agua,Concentrado en Polvo sabor Té Negro y Limón Splenda 7 g,722776007426_A,https://www.soriana.com/jugos-y-bebidas/,/concentrado-en-polvo-sabor-te-negro-y-limon-splenda-7-g/11929571.html,8.50,0.0,20% en Dinero electrónico,,Puntos 'dobles' al pagar con 'FALABELLA',,2026-07-01
Jugos y bebidas,Agua,Saborizante de Agua Lichi Splenda 7 g,722776006818_A,https://www.soriana.com/jugos-y-bebidas/,/saborizante-de-agua-lichi-splenda-7-g/11886902.html,6.40,0.0,,,Puntos 'dobles' al pagar con 'FALABELLA',,2026-07-01
Jugos y bebidas,Agua,Concentrado en Polvo Nature's Factory sin Calorías sabor Moras Mix 15 g,7502264286464_A,https://www.soriana.com/jugos-y-bebidas/,/concentrado-en-polvo-natures-factory-sin-calorias-sabor-moras-mix-15-g/11379799.html,16.20,0.0,,,Gratis con 75 Puntos,Puntos 'dobles' al pagar con 'FALABELLA',2026-07-01
Jugos y bebidas,Agua,Concentrado Nestea Te Frutos Rojos 25 Gr,7501088050060_A,https://www.soriana.com/jugos-y-bebidas/,/concentrado-nestea-te-frutos-rojos-25-gr/11651575.html,16.50,0.0,,,Puntos 'dobles' al pagar con 'FALABELLA',,2026-07-01
Jugos y bebidas,Agua,Concentrado en Polvo Zuko Light sabor Arándano 7 g,7802800736065_A,https://www.soriana.com/jugos-y-bebidas/,/concentrado-en-polvo-zuko-light-sabor-arandano-7-g/11516646.html,7.10,0.0,20% en Dinero electrónico,,Gratis con 45 Puntos,Puntos 'dobles' al pagar con 'FALABELLA',2026-07-01
Jugos y bebidas,Agua,Jugo Frutsi Ponche 250 Ml,0000075001988_A,https://www.soriana.com/jugos-y-bebidas/,/jugo-frutsi-ponche-250-ml/245566.html,6.90,0.0,,,Gratis con 60 Puntos,Puntos 'dobles' al pagar con 'FALABELLA',2026-07-01
Jugos y bebidas,Agua,Saborizante de Agua Mango Menta Splenda 7 g,722776006788_A,https://www.soriana.com/jugos-y-bebidas/,/saborizante-de-agua-mango-menta-splenda-7-g/11887029.html,7.40,0.0,,,Gratis con 45 Puntos,Puntos 'dobles' al pagar con 'FALABELLA',2026-07-01
Jugos y bebidas,Agua,Concentrado en Polvo Zuko sabor Manzana 13 g,7503032460161_A,https://www.soriana.com/jugos-y-bebidas/,/concentrado-en-polvo-zuko-sabor-manzana-13-g/11585509.html,11.20,0.0,20% en Dinero electrónico,,Gratis con 75 Puntos,Puntos 'dobles' al pagar con 'FALABELLA',2026-07-01
Jugos y bebidas,Agua,Bebida con Jugo Boing sabor Uva 125 ml,0019836100792_A,https://www.soriana.com/jugos-y-bebidas/,/bebida-con-jugo-boing-sabor-uva-125-ml/11086046.html,5.30,0.0,,,Gratis con 60 Puntos,Puntos 'dobles' al pagar con 'FALABELLA',2026-07-01
Jugos y bebidas,Agua,Bebida Pau-Pau Con Jugo de Uva 250 Ml,7501013105353_A,https://www.soriana.com/jugos-y-bebidas/,/bebida-pau-pau-con-jugo-de-uva-250-ml/11689884.html,7.00,0.0,,,Gratis con 60 Puntos,Puntos 'dobles' al pagar con 'FALABELLA',2026-07-01
Jugos y bebidas,Agua,Bebida Pau-Pau Con Jugo de Manzana 250 Ml,7501013105377_A,https://www.soriana.com/jugos-y-bebidas/,/bebida-pau-pau-con-jugo-de-manzana-250-ml/11689886.html,7.00,0.0,,,Gratis con 60 Puntos,Puntos 'dobles' al pagar con 'FALABELLA',2026-07-01
Jugos y bebidas,Agua,Concentrado en Polvo Limonada Fresa Zuko 13 g,7503045425492_A,https://www.soriana.com/jugos-y-bebidas/,/concentrado-en-polvo-limonada-fresa-zuko-13-g/11891904.html,11.70,0.0,,,Gratis con 75 Puntos,Puntos 'dobles' al pagar con 'FALABELLA',2026-07-01
Jugos y bebidas,Agua,Agua Natural Bonafont 330 Ml Botella,0758104000104_A,https://www.soriana.com/jugos-y-bebidas/,/agua-natural-bonafont-330-ml-botella/325722.html,6.90,0.0,20% en Dinero electrónico,,Gratis con 50 Puntos,Puntos 'dobles' al pagar con 'FALABELLA',2026-07-01
Jugos y bebidas,Agua,Jugo Florida 7 Manzana Roja 200 ml,7501055333813_A,https://www.soriana.com/jugos-y-bebidas/,/jugo-florida-7-manzana-roja-200-ml/2071805.html,4.80,4.48,,,Gratis con 60 Puntos,Puntos 'dobles' al pagar con 'FALABELLA',2026-07-01
Jugos y bebidas,Agua,Concentrado en Polvo Zuko Light sabor Piña 7 g,7802800736010_A,https://www.soriana.com/jugos-y-bebidas/,/concentrado-en-polvo-zuko-light-sabor-pina-7-g/11516641.html,6.90,0.0,20% en Dinero electrónico,,Gratis con 45 Puntos,Puntos 'dobles' al pagar con 'FALABELLA',2026-07-01
Jugos y bebidas,Agua,Peñafiel Twist Naranja y Sal 600 Ml,7501073840188_A,https://www.soriana.com/jugos-y-bebidas/,/penafiel-twist-naranja-y-sal-600-ml/11060197.html,22.50,0.0,,,Gratis con 160 Puntos,Puntos 'dobles' al pagar con 'FALABELLA',2026-07-01
Jugos y bebidas,Agua,Agua Saborizada Be Light Mango 1.5 Lt,7501011167070_A,https://www.soriana.com/jugos-y-bebidas/,/agua-saborizada-be-light-mango-1.5-lt/1333975.html,23.50,0.0,,,Gratis con 160 Puntos,Puntos 'dobles' al pagar con 'FALABELLA',2026-07-01
Jugos y bebidas,Agua,Té Negro Bonafont sabor Durazno 500 ml,758104008575_A,https://www.soriana.com/jugos-y-bebidas/,/te-negro-bonafont-sabor-durazno-500-ml/11873896.html,14.40,0.0,20% en Dinero electrónico,,Gratis con 130 Puntos,Puntos 'dobles' al pagar con 'FALABELLA',2026-07-01
Jugos y bebidas,Agua,Bebida de Sábila Vitaloe Mandarina-Naranja 500 Ml,7506192508285_A,https://www.soriana.com/jugos-y-bebidas/,/bebida-de-sabila-vitaloe-mandarina-naranja-500-ml/11632192.html,19.30,13.00,,,Puntos 'dobles' al pagar con 'FALABELLA',,2026-07-01
Jugos y bebidas,Agua,Concentrado en Polvo Zuko Té Negro Limón 200 g,7802800714902_A,https://www.soriana.com/jugos-y-bebidas/,/concentrado-en-polvo-zuko-te-negro-limon-200-g/11713310.html,49.90,0.0,20% en Dinero electrónico,,Puntos 'dobles' al pagar con 'FALABELLA',,2026-07-01
Jugos y bebidas,Agua,Agua Mineral La Croix Lata Naranja 2.84 L 8 Pack,0012993126834_A,https://www.soriana.com/jugos-y-bebidas/,/agua-mineral-la-croix-lata-naranja-2.84-l-8-pack/11663033.html,194.00,0.0,,,Puntos 'dobles' al pagar con 'FALABELLA',,2026-07-01
Jugos y bebidas,Agua,Bebida Del Valle Frut sabor Guayaba 2 L,7501055342730_A,https://www.soriana.com/jugos-y-bebidas/,/bebida-del-valle-frut-sabor-guayaba-2-l/11200260.html,36.00,0.0,,,Puntos 'dobles' al pagar con 'FALABELLA',,2026-07-01
Jugos y bebidas,Agua,Jugo Boing Fresa 500 ml,0000075003166_A,https://www.soriana.com/jugos-y-bebidas/,/jugo-boing-fresa-500-ml/1946081.html,18.00,0.0,,,Puntos 'dobles' al pagar con 'FALABELLA',,2026-07-01
Jugos y bebidas,Agua,Bebida con Jugo Jumex Fresh Cítricos 600 ml,7501031307210_A,https://www.soriana.com/jugos-y-bebidas/,/bebida-con-jugo-jumex-fresh-citricos-600-ml/2452046.html,16.00,0.0,,,Puntos 'dobles' al pagar con 'FALABELLA',,2026-07-01
Jugos y bebidas,Agua,Concentrado para preparar Horchata de Coco Sureña 700 ml,7501495814743_A,https://www.soriana.com/jugos-y-bebidas/,/concentrado-para-preparar-horchata-de-coco-surena-700-ml/1001707.html,47.00,0.0,,,Puntos 'dobles' al pagar con 'FALABELLA',,2026-07-01
Jugos y bebidas,Agua,Concentrado De Tamarindo Deliciosa 700 ml,7501088021336_A,https://www.soriana.com/jugos-y-bebidas/,/concentrado-de-tamarindo-deliciosa-700-ml/1061414.html,73.90,0.0,,,Puntos 'dobles' al pagar con 'FALABELLA',,2026-07-01
Jugos y bebidas,Agua,Horchata Tradicional 250 Grs Mega Silk,7502279340465_A,https://www.soriana.com/jugos-y-bebidas/,/horchata-tradicional-250-grs-mega-silk/11475170.html,53.00,0.0,,,Puntos 'dobles' al pagar con 'FALABELLA',,2026-07-01
Jugos y bebidas,Agua,Concentrado en Polvo Zuko Light sabor Mango 7 g,7802800736041_A,https://www.soriana.com/jugos-y-bebidas/,/concentrado-en-polvo-zuko-light-sabor-mango-7-g/11516644.html,6.90,0.0,,,Gratis con 45 Puntos,Puntos 'dobles' al pagar con 'FALABELLA',2026-07-01
Jugos y bebidas,Agua,Bebida Lipton Té Citricos 1 L Botella,7501022014899_A,https://www.soriana.com/jugos-y-bebidas/,/bebida-lipton-te-citricos-1-l-botella/11567737.html,26.50,0.0,,,Gratis con 160 Puntos,Puntos 'dobles' al pagar con 'FALABELLA',2026-07-01
Jugos y bebidas,Agua,Concentrado Nestea Sabores Variados 4 Cajas 10 Sobres C/U,7501088050183_A,https://www.soriana.com/jugos-y-bebidas/,/concentrado-nestea-sabores-variados-4-cajas-10-sobres-c-u/11666927.html,299.90,0.0,,,Puntos 'dobles' al pagar con 'FALABELLA',,2026-07-01
Jugos y bebidas,Agua,Concentrado Zuko Té Negro Durazno 15 Gr Sobre,7802800719631_A,https://www.soriana.com/jugos-y-bebidas/,/concentrado-zuko-te-negro-durazno-15-gr-sobre/2198801.html,5.00,0.0,20% en Dinero electrónico,,Puntos 'dobles' al pagar con 'FALABELLA',,2026-07-01
Jugos y bebidas,Agua,Concentrado Liquido Princesa Jamaica 700 Ml Botella,7501029051835_A,https://www.soriana.com/jugos-y-bebidas/,/concentrado-liquido-princesa-jamaica-700-ml-botella/370101.html,52.50,0.0,,,Puntos 'dobles' al pagar con 'FALABELLA',,2026-07-01
Jugos y bebidas,Agua,Agua Tónica Franklin & Sons Natural Indian Botella 200 ml,5032678004870_A,https://www.soriana.com/jugos-y-bebidas/,/agua-tonica-franklin-sons-natural-indian-botella-200-ml/11582144.html,52.00,0.0,,,Puntos 'dobles' al pagar con 'FALABELLA',,2026-07-01
Jugos y bebidas,Agua,Agua Mineral Velvet Soda sabor Pomelo 275 ml,7500326303449_A,https://www.soriana.com/jugos-y-bebidas/,/agua-mineral-velvet-soda-sabor-pomelo-275-ml/11203028.html,47.90,0.0,2 x 84.00,,Puntos 'dobles' al pagar con 'FALABELLA',,2026-07-01
Jugos y bebidas,Agua,Refresco Joya Piña 2.5 Lt Bot,7501055314201_A,https://www.soriana.com/jugos-y-bebidas/,/refresco-joya-pina-2.5-lt-bot/1186819.html,23.00,0.0,,,Gratis con 400 Puntos,Puntos 'dobles' al pagar con 'FALABELLA',2026-07-01
Jugos y bebidas,Agua,Agua Natural Epura 600 Ml Botella,7501086801121_A,https://www.soriana.com/jugos-y-bebidas/,/agua-natural-epura-600-ml-botella/387491.html,11.70,0.0,,,Gratis con 80 Puntos,Puntos 'dobles' al pagar con 'FALABELLA',2026-07-01
Jugos y bebidas,Agua,4 pack Agua Tonica Fentimans 200 ml,667450000570_A,https://www.soriana.com/jugos-y-bebidas/,/4-pack-agua-tonica-fentimans-200-ml/11887022.html,198.17,0.0,,,Puntos 'dobles' al pagar con 'FALABELLA',,2026-07-01
Jugos y bebidas,Agua,Refresco Pet N.R. 2 Lt Zubba,0744886293056_A,https://www.soriana.com/jugos-y-bebidas/,/refresco-pet-n.r.-2-lt-zubba/1240004.html,33.00,0.0,,,Gratis con 300 Puntos,Puntos 'dobles' al pagar con 'FALABELLA',2026-07-01
Jugos y bebidas,Agua,Agua Mineral Ciel 2 lt,7501055305742_A,https://www.soriana.com/jugos-y-bebidas/,/agua-mineral-ciel-2-lt/1028319.html,30.90,0.0,,,Gratis con 300 Puntos,Puntos 'dobles' al pagar con 'FALABELLA',2026-07-01
Jugos y bebidas,Agua,Agua Mineral Vichy Catalán Botella 1 L,8410749001107_A,https://www.soriana.com/jugos-y-bebidas/,/agua-mineral-vichy-catalan-botella-1-l/11153781.html,85.90,0.0,,,Puntos 'dobles' al pagar con 'FALABELLA',,2026-07-01
Jugos y bebidas,Agua,Agua Mineral Ciel Lata 355 ml,7501055365630_A,https://www.soriana.com/jugos-y-bebidas/,/agua-mineral-ciel-lata-355-ml/11425277.html,23.50,0.0,,,Puntos 'dobles' al pagar con 'FALABELLA',,2026-07-01
Jugos y bebidas,Agua,Bebida de Guayaba Félix 355 ml,7500462969615_A,https://www.soriana.com/jugos-y-bebidas/,/bebida-de-guayaba-felix-355-ml/11894498.html,38.50,0.0,,,Puntos 'dobles' al pagar con 'FALABELLA',,2026-07-01
Jugos y bebidas,Agua,Bebida Arizona Zero de Durazno 460 ml,613008771249_A,https://www.soriana.com/jugos-y-bebidas/,/bebida-arizona-zero-de-durazno-460-ml/11869258.html,18.10,0.0,,,Gratis con 130 Puntos,Puntos 'dobles' al pagar con 'FALABELLA',2026-07-01
Jugos y bebidas,Agua,Sobre para hacer agua de limón Lemonfresh 2L natural 10g,7503003628118_A,https://www.soriana.com/jugos-y-bebidas/,/sobre-para-hacer-agua-de-limon-lemonfresh-2l-natural-10g/11659075.html,1.50,0.0,,,Puntos 'dobles' al pagar con 'FALABELLA',,2026-07-01
Jugos y bebidas,Agua,Agua Purificada Blanquita 5 lts,7501625000459_A,https://www.soriana.com/jugos-y-bebidas/,/agua-purificada-blanquita-5-lts/11893926.html,32.00,0.0,,,Puntos 'dobles' al pagar con 'FALABELLA',,2026-07-01
Jugos y bebidas,Agua,Agua Mineral Velvet Soda sabor Maracuyá 275 ml,7500326303432_A,https://www.soriana.com/jugos-y-bebidas/,/agua-mineral-velvet-soda-sabor-maracuya-275-ml/11203029.html,47.90,0.0,2 x 84.00,,Puntos 'dobles' al pagar con 'FALABELLA',,2026-07-01
Jugos y bebidas,Agua,Envase Electropura 20 l Garrafón,7501086800759_A,https://www.soriana.com/jugos-y-bebidas/,/envase-electropura-20-l-garrafon/11092798.html,137.00,0.0,,,Puntos 'dobles' al pagar con 'FALABELLA',,2026-07-01
Jugos y bebidas,Agua,Agua Natural Aqua 1 lt,7503049695631_A,https://www.soriana.com/jugos-y-bebidas/,/agua-natural-aqua-1-lt/11921317.html,8.86,0.0,,,Puntos 'dobles' al pagar con 'FALABELLA',,2026-07-01
Jugos y bebidas,Agua,Refresco Manzana Pieza 2 Lt California,0761746000319_A,https://www.soriana.com/jugos-y-bebidas/,/refresco-manzana-pieza-2-lt-california/641616.html,31.50,0.0,,,Gratis con 300 Puntos,Puntos 'dobles' al pagar con 'FALABELLA',2026-07-01
Jugos y bebidas,Agua,Agua Natural Skarch 1 Lt Pet,0040232838699_A,https://www.soriana.com/jugos-y-bebidas/,/agua-natural-skarch-1-lt-pet/9059083.html,12.00,0.0,,,Gratis con 100 Puntos,Puntos 'dobles' al pagar con 'FALABELLA',2026-07-01
Jugos y bebidas,Agua,Concentrado en Polvo sabor Té Negro Limón Tang 13 g,7622210577306_A,https://www.soriana.com/jugos-y-bebidas/,/concentrado-en-polvo-sabor-te-negro-limon-tang-13-g/11863794.html,11.50,0.0,,,Gratis con 75 Puntos,Puntos 'dobles' al pagar con 'FALABELLA',2026-07-01
Jugos y bebidas,Agua,Jugo Boing Piña 1 L,7501039400852_A,https://www.soriana.com/jugos-y-bebidas/,/jugo-boing-pina-1-l/1009043.html,33.50,0.0,,,Gratis con 240 Puntos,Puntos 'dobles' al pagar con 'FALABELLA',2026-07-01
Jugos y bebidas,Agua,Concentrado Nestea Te Durazno 25 Gr,7501088050077_A,https://www.soriana.com/jugos-y-bebidas/,/concentrado-nestea-te-durazno-25-gr/11651553.html,16.50,0.0,,,Puntos 'dobles' al pagar con 'FALABELLA',,2026-07-01
Jugos y bebidas,Agua,Agua Tónica Franklin & Sons Mandarina 200 Ml Botella,5032678008106_A,https://www.soriana.com/jugos-y-bebidas/,/agua-tonica-franklin-sons-mandarina-200-ml-botella/11582207.html,52.00,0.0,,,Puntos 'dobles' al pagar con 'FALABELLA',,2026-07-01
Jugos y bebidas,Agua,Agua Mineral Skarch 600 Ml Pet,0744886523238_A,https://www.soriana.com/jugos-y-bebidas/,/agua-mineral-skarch-600-ml-pet/624419.html,13.00,0.0,,,Gratis con 160 Puntos,Puntos 'dobles' al pagar con 'FALABELLA',2026-07-01
Jugos y bebidas,Agua,Bebida de Mandarina Félix 355 ml,7500462969639_A,https://www.soriana.com/jugos-y-bebidas/,/bebida-de-mandarina-felix-355-ml/11894660.html,38.50,0.0,,,Puntos 'dobles' al pagar con 'FALABELLA',,2026-07-01
Jugos y bebidas,Agua,Refresco Manzana,0744886195466_A,https://www.soriana.com/jugos-y-bebidas/,/refresco-manzana/9049551.html,35.00,0.0,,,Gratis con 400 Puntos,Puntos 'dobles' al pagar con 'FALABELLA',2026-07-01
Jugos y bebidas,Agua,Agua Natural en Galon Liv 3.78 lts,7503003436058_A,https://www.soriana.com/jugos-y-bebidas/,/agua-natural-en-galon-liv-3.78-lts/3127385.html,25.00,0.0,,,Puntos 'dobles' al pagar con 'FALABELLA',,2026-07-01
Jugos y bebidas,Agua,Bebida Ciel Aguas Frescas Jamaica 1 lt,7501055389735_A,https://www.soriana.com/jugos-y-bebidas/,/bebida-ciel-aguas-frescas-jamaica-1-lt/11937540.html,19.50,0.0,,,Puntos 'dobles' al pagar con 'FALABELLA',,2026-07-01
Jugos y bebidas,Agua,Agua Mineral,0030385246007_A,https://www.soriana.com/jugos-y-bebidas/,/agua-mineral/9001566.html,18.00,0.0,,,Gratis con 160 Puntos,Puntos 'dobles' al pagar con 'FALABELLA',2026-07-01
Jugos y bebidas,Agua,Agua Alcalina Zoe Water Sport 900 ml,7500326211218_A,https://www.soriana.com/jugos-y-bebidas/,/agua-alcalina-zoe-water-sport-900-ml/11268269.html,30.90,0.0,,,Puntos 'dobles' al pagar con 'FALABELLA',,2026-07-01
Jugos y bebidas,Agua,Agua Natural Cristal 5 Lt,7501032411879_A,https://www.soriana.com/jugos-y-bebidas/,/agua-natural-cristal-5-lt/1908009.html,20.99,0.0,,,Puntos 'dobles' al pagar con 'FALABELLA',,2026-07-01
Jugos y bebidas,Agua,Concentrado de Jamaica Jamaikfresh 25 Gr,7503003628040_A,https://www.soriana.com/jugos-y-bebidas/,/concentrado-de-jamaica-jamaikfresh-25-gr/11658798.html,2.50,0.0,,,Puntos 'dobles' al pagar con 'FALABELLA',,2026-07-01
Jugos y bebidas,Agua,Concentrado en Polvo Jamaikfresh con 6 sobres 4 lts,7503003628231_A,https://www.soriana.com/jugos-y-bebidas/,/concentrado-en-polvo-jamaikfresh-con-6-sobres-4-lts/11929843.html,131.90,0.0,,,Puntos 'dobles' al pagar con 'FALABELLA',,2026-07-01
Jugos y bebidas,Agua,Agua Mineral Topo Chico con Twist sabor Toronja 600 ml,0021136016185_A,https://www.soriana.com/jugos-y-bebidas/,/agua-mineral-topo-chico-con-twist-sabor-toronja-600-ml/11532023.html,23.50,0.0,,,Gratis con 160 Puntos,Puntos 'dobles' al pagar con 'FALABELLA',2026-07-01
Jugos y bebidas,Agua,Whisky Buchanans 750 ml + Termo Tumbler Edición Limitada,5000196007475_A,https://www.soriana.com/jugos-y-bebidas/,/whisky-buchanans-750-ml-termo-tumbler-edicion-limitada/11897853.html,989.00,0.0,,,Puntos 'dobles' al pagar con 'FALABELLA',,2026-07-01
Jugos y bebidas,Agua,Conce Liqu Delicia Tamarin Bot 960ml,0729984000317_A,https://www.soriana.com/jugos-y-bebidas/,/conce-liqu-delicia-tamarin-bot-960ml/600418.html,91.00,0.0,,,Puntos 'dobles' al pagar con 'FALABELLA',,2026-07-01
Jugos y bebidas,Agua,Agua Mineral Schweppes 325 ml,7501073845039-A,https://www.soriana.com/jugos-y-bebidas/,/agua-mineral-schweppes-325-ml/11931949.html,17.00,0.0,,,Puntos 'dobles' al pagar con 'FALABELLA',,2026-07-01
Jugos y bebidas,Agua,Agua de Manantial Santa María 4 L Botella,7501059236776_A,https://www.soriana.com/jugos-y-bebidas/,/agua-de-manantial-santa-maria-4-l-botella/379495.html,36.90,34.00,,,Puntos 'dobles' al pagar con 'FALABELLA',,2026-07-01
Jugos y bebidas,Agua,Skarch Agua Natural 600 Ml Botell,0744886233236_A,https://www.soriana.com/jugos-y-bebidas/,/skarch-agua-natural-600-ml-botell/1140647.html,6.50,0.0,,,Gratis con 80 Puntos,Puntos 'dobles' al pagar con 'FALABELLA',2026-07-01
Jugos y bebidas,Agua,Agua Saborizada Ciel Exprim sabor Jamaica 1 L,7501055352531_A,https://www.soriana.com/jugos-y-bebidas/,/agua-saborizada-ciel-exprim-sabor-jamaica-1-l/11144619.html,21.50,0.0,,,Gratis con 160 Puntos,Puntos 'dobles' al pagar con 'FALABELLA',2026-07-01
Jugos y bebidas,Agua,Concentrado en Polvo sabor Jamaica Tang 13 g,7622210576965_A,https://www.soriana.com/jugos-y-bebidas/,/concentrado-en-polvo-sabor-jamaica-tang-13-g/11863750.html,10.90,0.0,,,Gratis con 75 Puntos,Puntos 'dobles' al pagar con 'FALABELLA',2026-07-01
Jugos y bebidas,Agua,Agua de Manantial Sta. María 1 lt,7501059235441_A,https://www.soriana.com/jugos-y-bebidas/,/agua-de-manantial-sta.-maria-1-lt/11204952.html,11.70,0.0,,,Gratis con 100 Puntos,Puntos 'dobles' al pagar con 'FALABELLA',2026-07-01
Jugos y bebidas,Agua,Bebida con Jugo Epura sabor Cítricos 5 L,7501022014325_A,https://www.soriana.com/jugos-y-bebidas/,/bebida-con-jugo-epura-sabor-citricos-5-l/11654359.html,52.90,0.0,,,Puntos 'dobles' al pagar con 'FALABELLA',,2026-07-01
Jugos y bebidas,Agua,Bebida Del Valle Frut sabor Cítricos 600 ml,7501055330683_A,https://www.soriana.com/jugos-y-bebidas/,/bebida-del-valle-frut-sabor-citricos-600-ml/2161665.html,20.50,0.0,,,Puntos 'dobles' al pagar con 'FALABELLA',,2026-07-01
Jugos y bebidas,Agua,Agua De Jamaica De La Abuela Avia 3.7 Lt,7503012487423_A,https://www.soriana.com/jugos-y-bebidas/,/agua-de-jamaica-de-la-abuela-avia-3.7-lt/9015154.html,56.50,0.0,,,Puntos 'dobles' al pagar con 'FALABELLA',,2026-07-01
Jugos y bebidas,Agua,Agua Mineral Peñafiel sabor Coco 600 ml,7501073842274_A,https://www.soriana.com/jugos-y-bebidas/,/agua-mineral-penafiel-sabor-coco-600-ml/11273947.html,17.50,0.0,,,Gratis con 160 Puntos,Puntos 'dobles' al pagar con 'FALABELLA',2026-07-01
Jugos y bebidas,Agua,Bebida de Frambuesa Félix 355 ml,7500462969646_A,https://www.soriana.com/jugos-y-bebidas/,/bebida-de-frambuesa-felix-355-ml/11894452.html,38.50,0.0,,,Puntos 'dobles' al pagar con 'FALABELLA',,2026-07-01
Jugos y bebidas,Agua,Skarch Agua Natural 1.5 Lt Botell,0744886233144_A,https://www.soriana.com/jugos-y-bebidas/,/skarch-agua-natural-1.5-lt-botell/1140648.html,11.00,0.0,,,Gratis con 100 Puntos,Puntos 'dobles' al pagar con 'FALABELLA',2026-07-01
Jugos y bebidas,Agua,Tibi Soda Mora 235 ml,7500464923820_A,https://www.soriana.com/jugos-y-bebidas/,/tibi-soda-mora-235-ml/11699379.html,49.90,0.0,,,Puntos 'dobles' al pagar con 'FALABELLA',,2026-07-01
Jugos y bebidas,Agua,Tibi Soda Limón 235 ml,7500464923806_A,https://www.soriana.com/jugos-y-bebidas/,/tibi-soda-limon-235-ml/11699382.html,49.90,0.0,,,Puntos 'dobles' al pagar con 'FALABELLA',,2026-07-01
Jugos y bebidas,Agua,Skarch Agua Natural 1 Lt Pz,0744886239283_A,https://www.soriana.com/jugos-y-bebidas/,/skarch-agua-natural-1-lt-pz/2447985.html,10.00,0.0,,,Gratis con 100 Puntos,Puntos 'dobles' al pagar con 'FALABELLA',2026-07-01
Jugos y bebidas,Agua,Agua Voss 850 ml,682430400119_A,https://www.soriana.com/jugos-y-bebidas/,/agua-voss-850-ml/11886983.html,69.00,0.0,,,Puntos 'dobles' al pagar con 'FALABELLA',,2026-07-01
Jugos y bebidas,Agua,Bebida Ciel Aguas Frescas Limón 1 lt,7501055389742_A,https://www.soriana.com/jugos-y-bebidas/,/bebida-ciel-aguas-frescas-limon-1-lt/11937594.html,19.50,0.0,,,Puntos 'dobles' al pagar con 'FALABELLA',,2026-07-01
Jugos y bebidas,Agua,6 pack de Agua Mineral Twist Naranja Peñafiel 355 ml,7501073846258_A,https://www.soriana.com/jugos-y-bebidas/,/6-pack-de-agua-mineral-twist-naranja-penafiel-355-ml/11902031.html,60.90,0.0,,,Puntos 'dobles' al pagar con 'FALABELLA',,2026-07-01
Jugos y bebidas,Agua,Agua Mineral De Lourdes 355 Ml Bot,0030385371020_A,https://www.soriana.com/jugos-y-bebidas/,/agua-mineral-de-lourdes-355-ml-bot/630329.html,13.50,0.0,,,Puntos 'dobles' al pagar con 'FALABELLA',,2026-07-01
Jugos y bebidas,Agua,Agua Purificada Nestlé Pureza Vital 24 / 355 ml,7501059236943_PK024,https://www.soriana.com/jugos-y-bebidas/,/agua-purificada-nestle-pureza-vital-24-355-ml/2042261.html,65.40,0.0,,,Puntos 'dobles' al pagar con 'FALABELLA',,2026-07-01
Jugos y bebidas,Agua,Refresco Caballito Mandarina 2 Lt Pet,0744886034055_A,https://www.soriana.com/jugos-y-bebidas/,/refresco-caballito-mandarina-2-lt-pet/1278236.html,33.00,0.0,,,Gratis con 300 Puntos,Puntos 'dobles' al pagar con 'FALABELLA',2026-07-01
Jugos y bebidas,Agua,Agua Mineral Natural Perrier 4 pack 330 ml,7506475122023_A,https://www.soriana.com/jugos-y-bebidas/,/agua-mineral-natural-perrier-4-pack-330-ml/11923974.html,110.00,0.0,,,Puntos 'dobles' al pagar con 'FALABELLA',,2026-07-01
Jugos y bebidas,Agua,Refresco Peñafiel Manzanita 600 ml,7501073831926_A,https://www.soriana.com/jugos-y-bebidas/,/refresco-penafiel-manzanita-600-ml/1017014.html,17.00,0.0,,,Gratis con 160 Puntos,Puntos 'dobles' al pagar con 'FALABELLA',2026-07-01
Jugos y bebidas,Agua,Agua Natural Cristal 1 lt Bot,7501032401085_A,https://www.soriana.com/jugos-y-bebidas/,/agua-natural-cristal-1-lt-bot/1061334.html,8.99,0.0,,,Gratis con 100 Puntos,Puntos 'dobles' al pagar con 'FALABELLA',2026-07-01
Jugos y bebidas,Agua,Bebida Vida Jumex Mora Azul 500 ml,7501013101386_A,https://www.soriana.com/jugos-y-bebidas/,/bebida-vida-jumex-mora-azul-500-ml/11928851.html,15.50,0.0,,,Puntos 'dobles' al pagar con 'FALABELLA',,2026-07-01
Jugos y bebidas,Agua,Concentrado en Polvo sabor Naranjada Citrus Tang 13 g,7622210577238_A,https://www.soriana.com/jugos-y-bebidas/,/concentrado-en-polvo-sabor-naranjada-citrus-tang-13-g/11863793.html,10.90,0.0,,,Gratis con 75 Puntos,Puntos 'dobles' al pagar con 'FALABELLA',2026-07-01
Jugos y bebidas,Agua,Té Natures Factory Blanco Acai 485 Ml Botella,7502264287072_A,https://www.soriana.com/jugos-y-bebidas/,/te-natures-factory-blanco-acai-485-ml-botella/11600093.html,39.50,0.0,,,Puntos 'dobles' al pagar con 'FALABELLA',,2026-07-01
Jugos y bebidas,Agua,Agua Mineral Ciel 600 ml,7501055308248_A,https://www.soriana.com/jugos-y-bebidas/,/agua-mineral-ciel-600-ml/1029018.html,19.00,0.0,,,Gratis con 160 Puntos,Puntos 'dobles' al pagar con 'FALABELLA',2026-07-01
Jugos y bebidas,Agua,Agua Mineral Velvet Soda sabor Lychee 275 ml,7500326303418_A,https://www.soriana.com/jugos-y-bebidas/,/agua-mineral-velvet-soda-sabor-lychee-275-ml/11203026.html,47.90,0.0,2 x 84.00,,Puntos 'dobles' al pagar con 'FALABELLA',,2026-07-01
Jugos y bebidas,Agua,Agua Tónica Franklin & Sons Piña Almendra 200 Ml Botella,5032678008083_A,https://www.soriana.com/jugos-y-bebidas/,/agua-tonica-franklin-sons-pina-almendra-200-ml-botella/11582146.html,52.00,0.0,,,Puntos 'dobles' al pagar con 'FALABELLA',,2026-07-01
Jugos y bebidas,Agua,Bebida de Coco Kuii 290 ml,674806008203_A,https://www.soriana.com/jugos-y-bebidas/,/bebida-de-coco-kuii-290-ml/11855384.html,50.90,0.0,,,Puntos 'dobles' al pagar con 'FALABELLA',,2026-07-01
Jugos y bebidas,Agua,Refresco Seagram's sabor Ginger Ale 235 ml,7501055350681_A,https://www.soriana.com/jugos-y-bebidas/,/refresco-seagrams-sabor-ginger-ale-235-ml/11536103.html,17.00,0.0,,,Puntos 'dobles' al pagar con 'FALABELLA',,2026-07-01
Jugos y bebidas,Agua,Refresco Jarritos Piña 600 Ml,7501441610122_A,https://www.soriana.com/jugos-y-bebidas/,/refresco-jarritos-pina-600-ml/1205192.html,9.00,0.0,,,Gratis con 160 Puntos,Puntos 'dobles' al pagar con 'FALABELLA',2026-07-01
Jugos y bebidas,Agua,Bebida Pau Pau con Jugo de Fruta Cereza 250 ml,7501013105360_A,https://www.soriana.com/jugos-y-bebidas/,/bebida-pau-pau-con-jugo-de-fruta-cereza-250-ml/11689885.html,7.00,0.0,,,Gratis con 60 Puntos,Puntos 'dobles' al pagar con 'FALABELLA',2026-07-01
Jugos y bebidas,Agua,Agua de Coco Calahua Acapulcoco sabor Arándano 330 ml,0810990005769_A,https://www.soriana.com/jugos-y-bebidas/,/agua-de-coco-calahua-acapulcoco-sabor-arandano-330-ml/11272841.html,24.50,0.0,,,Puntos 'dobles' al pagar con 'FALABELLA',,2026-07-01
Jugos y bebidas,Agua,Bebida Del Valle Frut Guayaba 600 ml,7501055342716_A,https://www.soriana.com/jugos-y-bebidas/,/bebida-del-valle-frut-guayaba-600-ml/2502293.html,20.50,0.0,,,Puntos 'dobles' al pagar con 'FALABELLA',,2026-07-01
Jugos y bebidas,Agua,Bebida Del Valle Frut sabor Manzana 600 ml,7501055337477_A,https://www.soriana.com/jugos-y-bebidas/,/bebida-del-valle-frut-sabor-manzana-600-ml/2191376.html,20.50,0.0,,,Puntos 'dobles' al pagar con 'FALABELLA',,2026-07-01
Jugos y bebidas,Agua,Bebida con Jugo Florida 7 Mango 200 ml,7501055343638_A,https://www.soriana.com/jugos-y-bebidas/,/bebida-con-jugo-florida-7-mango-200-ml/2425999.html,6.10,0.0,,,Gratis con 60 Puntos,Puntos 'dobles' al pagar con 'FALABELLA',2026-07-01
Jugos y bebidas,Agua,Concentrado Liq Delicia Horch Arr 960 Ml,0729984000119_A,https://www.soriana.com/jugos-y-bebidas/,/concentrado-liq-delicia-horch-arr-960-ml/600412.html,85.00,0.0,,,Puntos 'dobles' al pagar con 'FALABELLA',,2026-07-01
Jugos y bebidas,Agua,Concentrado Frut Uva 15 Gr,7502264285849_A,https://www.soriana.com/jugos-y-bebidas/,/concentrado-frut-uva-15-gr/11196075.html,4.00,0.0,,,Puntos 'dobles' al pagar con 'FALABELLA',,2026-07-01
Jugos y bebidas,Agua,Agua Mineral La Croix Lata Limón 355 Ml 8 Pack,0012993126827_A,https://www.soriana.com/jugos-y-bebidas/,/agua-mineral-la-croix-lata-limon-355-ml-8-pack/11663032.html,193.00,0.0,,,Puntos 'dobles' al pagar con 'FALABELLA',,2026-07-01
Jugos y bebidas,Agua,Agua Mineral La Croix Lata Arándano y Frambuesa 355 Ml 8 Pack,0012993126858_A,https://www.soriana.com/jugos-y-bebidas/,/agua-mineral-la-croix-lata-arandano-y-frambuesa-355-ml-8-pack/11663034.html,194.00,151.72,,,Puntos 'dobles' al pagar con 'FALABELLA',,2026-07-01
Jugos y bebidas,Agua,Refresco Crush Tutti Frutti 2 Lt,7501198353075_A,https://www.soriana.com/jugos-y-bebidas/,/refresco-crush-tutti-frutti-2-lt/1731375.html,26.50,0.0,,,Gratis con 300 Puntos,Puntos 'dobles' al pagar con 'FALABELLA',2026-07-01
Jugos y bebidas,Agua,Concentrado en Polvo sabor Manzana Tang 13 g,7622201765903_A,https://www.soriana.com/jugos-y-bebidas/,/concentrado-en-polvo-sabor-manzana-tang-13-g/11863753.html,7.30,0.0,,,Gratis con 75 Puntos,Puntos 'dobles' al pagar con 'FALABELLA',2026-07-01
Jugos y bebidas,Agua,Bebida de Maracuya Félix 355 ml,7500462969622_A,https://www.soriana.com/jugos-y-bebidas/,/bebida-de-maracuya-felix-355-ml/11894479.html,38.50,0.0,,,Puntos 'dobles' al pagar con 'FALABELLA',,2026-07-01
Jugos y bebidas,Agua,Agua Mineral San Pellegrino en Vidrio 750 ml,8002270726897_A,https://www.soriana.com/jugos-y-bebidas/,/agua-mineral-san-pellegrino-en-vidrio-750-ml/11747885.html,66.50,0.0,,,Puntos 'dobles' al pagar con 'FALABELLA',,2026-07-01
Jugos y bebidas,Agua,Refresco Jarritos Manzana 2 Lt,7503006897214_A,https://www.soriana.com/jugos-y-bebidas/,/refresco-jarritos-manzana-2-lt/1732724.html,24.90,0.0,,,Gratis con 300 Puntos,Puntos 'dobles' al pagar con 'FALABELLA',2026-07-01
Jugos y bebidas,Agua,Refresco Naranja Fanta 355 Ml Six Pack,7501055300174_A,https://www.soriana.com/jugos-y-bebidas/,/refresco-naranja-fanta-355-ml-six-pack/377051.html,48.00,0.0,,,Puntos 'dobles' al pagar con 'FALABELLA',,2026-07-01
Jugos y bebidas,Agua,Agua Saborizada Ciel Exprim sabor Fresa 1 L,7501055352609_A,https://www.soriana.com/jugos-y-bebidas/,/agua-saborizada-ciel-exprim-sabor-fresa-1-l/11265837.html,22.50,0.0,,,Gratis con 160 Puntos,Puntos 'dobles' al pagar con 'FALABELLA',2026-07-01
Jugos y bebidas,Agua,Bebida con Jugo Pulpy Durazno con Trocitos de Mango 400 ml,7501055361861_A,https://www.soriana.com/jugos-y-bebidas/,/bebida-con-jugo-pulpy-durazno-con-trocitos-de-mango-400-ml/9107175.html,20.90,0.0,,,Puntos 'dobles' al pagar con 'FALABELLA',,2026-07-01
Jugos y bebidas,Agua,Bebida Valle Frut Naranja 2 lt,7501055336425_A,https://www.soriana.com/jugos-y-bebidas/,/bebida-valle-frut-naranja-2-lt/2169758.html,16.40,0.0,,,Puntos 'dobles' al pagar con 'FALABELLA',,2026-07-01
Jugos y bebidas,Agua,Bebida Boing sabor Guayaba 340 ml,0019836500035_A,https://www.soriana.com/jugos-y-bebidas/,/bebida-boing-sabor-guayaba-340-ml/11298985.html,15.00,0.0,,,Puntos 'dobles' al pagar con 'FALABELLA',,2026-07-01
Jugos y bebidas,Agua,Concentrado en Polvo Nature's Factory Té Verde sabor Frutas Tropicales 20 g,7502264281407_A,https://www.soriana.com/jugos-y-bebidas/,/concentrado-en-polvo-natures-factory-te-verde-sabor-frutas-tropicales-20-g/2557682.html,16.20,0.0,,,Puntos 'dobles' al pagar con 'FALABELLA',,2026-07-01
Jugos y bebidas,Agua,Jugo De Concentrado De Limón Mega Limón 1 Lt,0738545010740_A,https://www.soriana.com/jugos-y-bebidas/,/jugo-de-concentrado-de-limon-mega-limon-1-lt/545704.html,26.50,0.0,,,Puntos 'dobles' al pagar con 'FALABELLA',,2026-07-01
Jugos y bebidas,Agua,Concentrado Frut Tamarindo 15 Gr,7502264285856_A,https://www.soriana.com/jugos-y-bebidas/,/concentrado-frut-tamarindo-15-gr/11196220.html,4.00,0.0,,,Puntos 'dobles' al pagar con 'FALABELLA',,2026-07-01
Jugos y bebidas,Agua,Concentrado en Polvo Zuko Light sabor Horchata7 g,7802800736119_A,https://www.soriana.com/jugos-y-bebidas/,/concentrado-en-polvo-zuko-light-sabor-horchata7-g/11516688.html,6.90,0.0,20% en Dinero electrónico,,Gratis con 45 Puntos,Puntos 'dobles' al pagar con 'FALABELLA',2026-07-01
Jugos y bebidas,Agua,Concentrado en Polvo Zuko Té Helado sabor Durazno 13 g,7503032460697_A,https://www.soriana.com/jugos-y-bebidas/,/concentrado-en-polvo-zuko-te-helado-sabor-durazno-13-g/11653803.html,13.30,0.0,20% en Dinero electrónico,,Puntos 'dobles' al pagar con 'FALABELLA',,2026-07-01
Jugos y bebidas,Agua,Refresco Peñafiel sabor Toronja 600 ml,7501073844537_A,https://www.soriana.com/jugos-y-bebidas/,/refresco-penafiel-sabor-toronja-600-ml/11529072.html,17.60,0.0,,,Gratis con 160 Puntos,Puntos 'dobles' al pagar con 'FALABELLA',2026-07-01
Jugos y bebidas,Agua,Agua Mineral Velvet Soda sabor Damasco 275 ml,7500326303463_A,https://www.soriana.com/jugos-y-bebidas/,/agua-mineral-velvet-soda-sabor-damasco-275-ml/11299682.html,47.90,0.0,2 x 84.00,,Puntos 'dobles' al pagar con 'FALABELLA',,2026-07-01
Jugos y bebidas,Agua,Agua Mineral Natures Factory 600 Mililitro Botella,7502264286884_A,https://www.soriana.com/jugos-y-bebidas/,/agua-mineral-natures-factory-600-mililitro-botella/11395762.html,13.00,0.0,,,Puntos 'dobles' al pagar con 'FALABELLA',,2026-07-01
Jugos y bebidas,Agua,Agua Mineral Vichy Catalan Natural Botella 500 ml,8410749001121_A,https://www.soriana.com/jugos-y-bebidas/,/agua-mineral-vichy-catalan-natural-botella-500-ml/11138410.html,70.90,0.0,,,Puntos 'dobles' al pagar con 'FALABELLA',,2026-07-01
Jugos y bebidas,Agua,Agua de Manantial Perrier Gasificada 4 Botellas de 330 ml,3179730012564_A,https://www.soriana.com/jugos-y-bebidas/,/agua-de-manantial-perrier-gasificada-4-botellas-de-330-ml/1541370.html,157.00,0.0,,,Puntos 'dobles' al pagar con 'FALABELLA',,2026-07-01
Jugos y bebidas,Agua,Agua Mineral San Pellegrino Naturali sabor Limonata 330 ml,8002270526817_A,https://www.soriana.com/jugos-y-bebidas/,/agua-mineral-san-pellegrino-naturali-sabor-limonata-330-ml/11660145.html,37.90,0.0,,,Puntos 'dobles' al pagar con 'FALABELLA',,2026-07-01
Jugos y bebidas,Agua,Refresco Joya Ponche 3 Lt,7501055339402_A,https://www.soriana.com/jugos-y-bebidas/,/refresco-joya-ponche-3-lt/2093875.html,21.00,0.0,,,Gratis con 400 Puntos,Puntos 'dobles' al pagar con 'FALABELLA',2026-07-01
Jugos y bebidas,Agua,Refresco Jarritos Mandarina 600 ml,7501441610115_A,https://www.soriana.com/jugos-y-bebidas/,/refresco-jarritos-mandarina-600-ml/1205179.html,9.00,0.0,,,Puntos 'dobles' al pagar con 'FALABELLA',,2026-07-01
Jugos y bebidas,Agua,Agua Mineral Evian en Vidrio 750 ml,79298500523_A,https://www.soriana.com/jugos-y-bebidas/,/agua-mineral-evian-en-vidrio-750-ml/11849873.html,119.90,0.0,,,Puntos 'dobles' al pagar con 'FALABELLA',,2026-07-01
Jugos y bebidas,Agua,Refresco Joya Manzana 3 lt,7501055339396_A,https://www.soriana.com/jugos-y-bebidas/,/refresco-joya-manzana-3-lt/2093874.html,21.00,0.0,,,Gratis con 400 Puntos,Puntos 'dobles' al pagar con 'FALABELLA',2026-07-01
Jugos y bebidas,Agua,Concentrado en Polvo sabor Uva Tang 13 g,7622210577450_A,https://www.soriana.com/jugos-y-bebidas/,/concentrado-en-polvo-sabor-uva-tang-13-g/11863787.html,7.30,0.0,,,Gratis con 75 Puntos,Puntos 'dobles' al pagar con 'FALABELLA',2026-07-01
Jugos y bebidas,Agua,Agua Mineral Peñafiel Twist sabor Pepino y Limón 600 ml,7501073842007_A,https://www.soriana.com/jugos-y-bebidas/,/agua-mineral-penafiel-twist-sabor-pepino-y-limon-600-ml/11198306.html,22.50,0.0,,,Gratis con 160 Puntos,Puntos 'dobles' al pagar con 'FALABELLA',2026-07-01
Jugos y bebidas,Agua,Agua Natural Mineral Mondariz 700ml,8412042502084_A,https://www.soriana.com/jugos-y-bebidas/,/agua-natural-mineral-mondariz-700ml/11203053.html,24.00,0.0,,,Puntos 'dobles' al pagar con 'FALABELLA',,2026-07-01
Jugos y bebidas,Agua,Bebida de Coco con Fresa Kuii 290 ml,674806008227_A,https://www.soriana.com/jugos-y-bebidas/,/bebida-de-coco-con-fresa-kuii-290-ml/11855385.html,50.90,0.0,,,Puntos 'dobles' al pagar con 'FALABELLA',,2026-07-01
Jugos y bebidas,Agua,Agua Mineral Evian en Vidrio 330 ml,79298500547_A,https://www.soriana.com/jugos-y-bebidas/,/agua-mineral-evian-en-vidrio-330-ml/11849872.html,69.00,0.0,,,Puntos 'dobles' al pagar con 'FALABELLA',,2026-07-01
Jugos y bebidas,Agua,Agua Mineral Velvet Soda sabor Guanábana 275 ml,7500326303470_A,https://www.soriana.com/jugos-y-bebidas/,/agua-mineral-velvet-soda-sabor-guanabana-275-ml/11299684.html,47.90,0.0,2 x 84.00,,Puntos 'dobles' al pagar con 'FALABELLA',,2026-07-01
Jugos y bebidas,Agua,Agua Mineral Sabor Limón Lacroix 355 ml,12993103828_A,https://www.soriana.com/jugos-y-bebidas/,/agua-mineral-sabor-limon-lacroix-355-ml/11803073.html,24.50,0.0,,,Puntos 'dobles' al pagar con 'FALABELLA',,2026-07-01
Jugos y bebidas,Agua,Té negro Sabor Limón Sin Calorías Nestea 17 g,7501088050138_A,https://www.soriana.com/jugos-y-bebidas/,/te-negro-sabor-limon-sin-calorias-nestea-17-g/11804848.html,16.50,0.0,,,Puntos 'dobles' al pagar con 'FALABELLA',,2026-07-01
Jugos y bebidas,Agua,Refresco Jarritos Toronja 600 ml,0744886348824_A,https://www.soriana.com/jugos-y-bebidas/,/refresco-jarritos-toronja-600-ml/1238843.html,15.50,0.0,,,Gratis con 160 Puntos,Puntos 'dobles' al pagar con 'FALABELLA',2026-07-01
Jugos y bebidas,Agua,Agua Natural Cristal 500 ml,7501032401238_A,https://www.soriana.com/jugos-y-bebidas/,/agua-natural-cristal-500-ml/1061333.html,6.21,0.0,4 x 3,,Gratis con 80 Puntos,Puntos 'dobles' al pagar con 'FALABELLA',2026-07-01
Jugos y bebidas,Agua,Agua Mineral de Manantial Garci Crespo Botella 650 ml,7501022013113_A,https://www.soriana.com/jugos-y-bebidas/,/agua-mineral-de-manantial-garci-crespo-botella-650-ml/11434290.html,43.50,0.0,3 x 2,,Puntos 'dobles' al pagar con 'FALABELLA',,2026-07-01
Jugos y bebidas,Agua,Agua Mineral de Manantial Schweppes 1.5 L,7501073845022_A,https://www.soriana.com/jugos-y-bebidas/,/agua-mineral-de-manantial-schweppes-1.5-l/11554037.html,30.90,0.0,3 x 2,,Gratis con 300 Puntos,Puntos 'dobles' al pagar con 'FALABELLA',2026-07-01
Jugos y bebidas,Agua,Agua Mineral Maison Perrier Forever Lime 300 ml,8445291064836_A,https://www.soriana.com/jugos-y-bebidas/,/agua-mineral-maison-perrier-forever-lime-300-ml/11926834.html,30.00,0.0,,,Puntos 'dobles' al pagar con 'FALABELLA',,2026-07-01
Jugos y bebidas,Agua,BonIce Doble Limon y Chamoy 4 pzas,7506192511575_A,https://www.soriana.com/jugos-y-bebidas/,/bonice-doble-limon-y-chamoy-4-pzas/11924674.html,36.00,0.0,,,Puntos 'dobles' al pagar con 'FALABELLA',,2026-07-01
Jugos y bebidas,Agua,Agua Natural Artesanal Fiji 1.5 L,0632565000036_A,https://www.soriana.com/jugos-y-bebidas/,/agua-natural-artesanal-fiji-1.5-l/3054998.html,106.00,0.0,,,Puntos 'dobles' al pagar con 'FALABELLA',,2026-07-01
Jugos y bebidas,Agua,Bebida Reca Te Verde 1 Lt Pet,7503012487324_A,https://www.soriana.com/jugos-y-bebidas/,/bebida-reca-te-verde-1-lt-pet/9025584.html,18.90,0.0,,,Puntos 'dobles' al pagar con 'FALABELLA',,2026-07-01
Jugos y bebidas,Agua,Concentrado Zuko Té Negro Limón 15 Gr,7802800719624_A,https://www.soriana.com/jugos-y-bebidas/,/concentrado-zuko-te-negro-limon-15-gr/2198799.html,5.00,0.0,20% en Dinero electrónico,,Puntos 'dobles' al pagar con 'FALABELLA',,2026-07-01
Jugos y bebidas,Agua,Agua Natural en Galon Liv 1.87 lts,7503003436072_A,https://www.soriana.com/jugos-y-bebidas/,/agua-natural-en-galon-liv-1.87-lts/3127386.html,15.50,0.0,,,Puntos 'dobles' al pagar con 'FALABELLA',,2026-07-01
Jugos y bebidas,Agua,Bebida Té Blanco sabor Mango y Durazno Natures Factory 355 ml,7502264288734_A,https://www.soriana.com/jugos-y-bebidas/,/bebida-te-blanco-sabor-mango-y-durazno-natures-factory--355-ml/11929488.html,37.00,0.0,,,Puntos 'dobles' al pagar con 'FALABELLA',,2026-07-01
Jugos y bebidas,Agua,BonIce Bonnieve 4 pzas surtido,7506192511599_A,https://www.soriana.com/jugos-y-bebidas/,/bonice-bonnieve-4-pzas-surtido/11924675.html,36.00,0.0,,,Puntos 'dobles' al pagar con 'FALABELLA',,2026-07-01
Jugos y bebidas,Agua,Agua Natural Artesanal Fiji 500 ml,0632565000012_A,https://www.soriana.com/jugos-y-bebidas/,/agua-natural-artesanal-fiji-500-ml/3054986.html,53.50,0.0,,,Puntos 'dobles' al pagar con 'FALABELLA',,2026-07-01
Jugos y bebidas,Agua,Bebida Carbonatada Canada Dry sabor Quina 6 Pack Lata 237 ml,7501198353792_A,https://www.soriana.com/jugos-y-bebidas/,/bebida-carbonatada-canada-dry-sabor-quina-6-pack-lata-237-ml/2388021.html,60.90,0.0,3 x 2,,Puntos 'dobles' al pagar con 'FALABELLA',,2026-07-01
Jugos y bebidas,Agua,Agua Natural Ciel 355 Ml Pet,7501055310920_A,https://www.soriana.com/jugos-y-bebidas/,/agua-natural-ciel-355-ml-pet/1922989.html,4.50,0.0,,,Puntos 'dobles' al pagar con 'FALABELLA',,2026-07-01
Jugos y bebidas,Agua,Bebida Jumex Fresh Conga 600 ml,7501031307241_A,https://www.soriana.com/jugos-y-bebidas/,/bebida-jumex-fresh-conga-600-ml/2452047.html,14.90,0.0,,,Puntos 'dobles' al pagar con 'FALABELLA',,2026-07-01
Jugos y bebidas,Agua,Bebida Ciel Exprim sabor Pepino Piña 1 L,7501055361717_A,https://www.soriana.com/jugos-y-bebidas/,/bebida-ciel-exprim-sabor-pepino-pina-1-l/11362466.html,17.00,0.0,,,Puntos 'dobles' al pagar con 'FALABELLA',,2026-07-01
Jugos y bebidas,Agua,Concentrado Zuko Té Verde Limón 15 Gr Sobre,7802800719617_A,https://www.soriana.com/jugos-y-bebidas/,/concentrado-zuko-te-verde-limon-15-gr-sobre/2198800.html,5.00,0.0,20% en Dinero electrónico,,Puntos 'dobles' al pagar con 'FALABELLA',,2026-07-01
Jugos y bebidas,Agua,Conce L Flor Tabasco Horchat Bot 700ml,7502208551115_A,https://www.soriana.com/jugos-y-bebidas/,/conce-l-flor-tabasco-horchat-bot-700ml/2412702.html,40.00,0.0,,,Puntos 'dobles' al pagar con 'FALABELLA',,2026-07-01
Jugos y bebidas,Agua,Concentrado Liq Delicias 960 Ml Bot,0729984000287_A,https://www.soriana.com/jugos-y-bebidas/,/concentrado-liq-delicias-960-ml-bot/600417.html,91.00,0.0,,,Puntos 'dobles' al pagar con 'FALABELLA',,2026-07-01
Jugos y bebidas,Agua,Polvo para Preparar Horchata Mega Silk Instantánea 250 g,7502279340441_A,https://www.soriana.com/jugos-y-bebidas/,/polvo-para-preparar-horchata-mega-silk-instantanea-250-g/11475169.html,59.00,0.0,,,Puntos 'dobles' al pagar con 'FALABELLA',,2026-07-01
Jugos y bebidas,Agua,Concentrado en Polvo Nature's Factory sin Calorías sabor Fresa Kiwi 15 g,7502264286440_A,https://www.soriana.com/jugos-y-bebidas/,/concentrado-en-polvo-natures-factory-sin-calorias-sabor-fresa-kiwi-15-g/11382149.html,16.00,0.0,,,Gratis con 75 Puntos,Puntos 'dobles' al pagar con 'FALABELLA',2026-07-01
Jugos y bebidas,Agua,Agua Mineral de Manantial Schweppes 600 ml,7501073845015_A,https://www.soriana.com/jugos-y-bebidas/,/agua-mineral-de-manantial-schweppes-600-ml/11554038.html,21.90,0.0,3 x 2,,Gratis con 160 Puntos,Puntos 'dobles' al pagar con 'FALABELLA',2026-07-01
Jugos y bebidas,Agua,Refresco Manzana Botella 2 Lt Soto,7501827500023_A,https://www.soriana.com/jugos-y-bebidas/,/refresco-manzana-botella-2-lt-soto/2225698.html,26.90,0.0,,,Gratis con 300 Puntos,Puntos 'dobles' al pagar con 'FALABELLA',2026-07-01
Jugos y bebidas,Agua,Agua Quina Seagram's Original 237 ml,7501055350674_A,https://www.soriana.com/jugos-y-bebidas/,/agua-quina-seagrams-original-237-ml/11536102.html,17.80,0.0,,,Puntos 'dobles' al pagar con 'FALABELLA',,2026-07-01
Jugos y bebidas,Agua,Agua Franklin & Sons Ltd Natural Mallorcan Tonic Water 200 Ml Botella,5032678007413_A,https://www.soriana.com/jugos-y-bebidas/,/agua-franklin-sons-ltd-natural-mallorcan-tonic-water-200-ml-botella/11582145.html,52.00,0.0,,,Puntos 'dobles' al pagar con 'FALABELLA',,2026-07-01
Jugos y bebidas,Agua,Agua Bonafont sabor Horchata con Canela 946 ml,758104008711_A,https://www.soriana.com/jugos-y-bebidas/,/agua-bonafont-sabor-horchata-con-canela-946-ml/11838306.html,39.20,0.0,,,Puntos 'dobles' al pagar con 'FALABELLA',,2026-07-01
Jugos y bebidas,Agua,Bebida Ciel Aguas Frescas Piña 1 lt,7501055389728_A,https://www.soriana.com/jugos-y-bebidas/,/bebida-ciel-aguas-frescas-pina-1-lt/11937643.html,19.50,0.0,,,Puntos 'dobles' al pagar con 'FALABELLA',,2026-07-01
Jugos y bebidas,Agua,4 pack Agua Mineral San Pellegrino Melograno y Arancia 330 ml,8002270726811_A,https://www.soriana.com/jugos-y-bebidas/,/4-pack-agua-mineral-san-pellegrino-melograno-y-arancia-330-ml/11901011.html,110.00,0.0,,,Puntos 'dobles' al pagar con 'FALABELLA',,2026-07-01
Jugos y bebidas,Agua,Refresco Jarritos Tuti Fruti 600 ml,7501441610412_A,https://www.soriana.com/jugos-y-bebidas/,/refresco-jarritos-tuti-fruti-600-ml/1205190.html,14.00,0.0,,,Puntos 'dobles' al pagar con 'FALABELLA',,2026-07-01
Jugos y bebidas,Agua,Agua Mineral San Pellegrino Naturali sabor Aranciata 330 ml,8002270496813_A,https://www.soriana.com/jugos-y-bebidas/,/agua-mineral-san-pellegrino-naturali-sabor-aranciata-330-ml/11660144.html,37.90,0.0,,,Puntos 'dobles' al pagar con 'FALABELLA',,2026-07-01
Jugos y bebidas,Agua,Tibi Soda Jengibre 235 ml,7500464923837_A,https://www.soriana.com/jugos-y-bebidas/,/tibi-soda-jengibre-235-ml/11699381.html,49.90,0.0,,,Puntos 'dobles' al pagar con 'FALABELLA',,2026-07-01
Jugos y bebidas,Agua,Envase Garrafón Bonafont 20 lt,0758104000500_A,https://www.soriana.com/jugos-y-bebidas/,/envase-garrafon-bonafont-20-lt/1981940.html,127.00,0.0,,,Puntos 'dobles' al pagar con 'FALABELLA',,2026-07-01
Jugos y bebidas,Agua,BonIcessote Mutante 4 pzas,7506192511667_A,https://www.soriana.com/jugos-y-bebidas/,/bonicessote-mutante-4-pzas/11924667.html,36.00,0.0,,,Puntos 'dobles' al pagar con 'FALABELLA',,2026-07-01
Jugos y bebidas,Agua,Garrafon Envase Vacío Cristal 19 lts,7501032400903_A,https://www.soriana.com/jugos-y-bebidas/,/garrafon-envase--cristal-19-lts/1140563.html,45.00,0.0,,,Puntos 'dobles' al pagar con 'FALABELLA',,2026-07-01
Jugos y bebidas,Agua,4 pack Agua Mineral San Pellegrino Aranciata 330 ml,8002270666834_A,https://www.soriana.com/jugos-y-bebidas/,/4-pack-agua-mineral-san-pellegrino-aranciata-330-ml/11901104.html,110.00,0.0,,,Puntos 'dobles' al pagar con 'FALABELLA',,2026-07-01
Jugos y bebidas,Agua,Agua natural alcalina Valley Foods 1 L,7500525495617_A,https://www.soriana.com/jugos-y-bebidas/,/agua-natural-alcalina-valley-foods-1-l/11728396.html,16.50,0.0,,Aplica cupón,Gratis con 100 Puntos,Puntos 'dobles' al pagar con 'FALABELLA',2026-07-01
Jugos y bebidas,Agua,Bonafont Aguas Frescas Limón 1L,0758104008070_A,https://www.soriana.com/jugos-y-bebidas/,/bonafont-aguas-frescas-limon-1l/11668115.html,20.90,0.0,20% en Dinero electrónico,,Gratis con 160 Puntos,Puntos 'dobles' al pagar con 'FALABELLA',2026-07-01
Jugos y bebidas,Agua,Evian Agua Natural 1 lt,0061314000070_A,https://www.soriana.com/jugos-y-bebidas/,/evian-agua-natural-1-lt/281358.html,93.50,0.0,20% en Dinero electrónico,,Puntos 'dobles' al pagar con 'FALABELLA',,2026-07-01
Jugos y bebidas,Agua,Agua Natural Bonafont 6 Pack PET 500 ml,0758104007691_A,https://www.soriana.com/jugos-y-bebidas/,/agua-natural-bonafont-6-pack-pet-500-ml/11543868.html,40.90,0.0,20% en Dinero electrónico,,Puntos 'dobles' al pagar con 'FALABELLA',,2026-07-01
Jugos y bebidas,Agua,Bebida Bonafont Aguas Frescas Sabor Jamaica 1 Litro,0758104006311_A,https://www.soriana.com/jugos-y-bebidas/,/bebida-bonafont-aguas-frescas-sabor-jamaica-1-litro/9103953.html,21.50,0.0,20% en Dinero electrónico,,Gratis con 160 Puntos,Puntos 'dobles' al pagar con 'FALABELLA',2026-07-01
Jugos y bebidas,Agua,Agua Natural Bonafont 750 ml,0758104005505_A,https://www.soriana.com/jugos-y-bebidas/,/agua-natural-bonafont-750-ml/9066680.html,9.60,0.0,20% en Dinero electrónico,,Gratis con 80 Puntos,Puntos 'dobles' al pagar con 'FALABELLA',2026-07-01
Jugos y bebidas,Agua,Agua Infusionada Levité con Toque sabor Piña Coco 1.4 lt,0758104007905_A,https://www.soriana.com/jugos-y-bebidas/,/agua-infusionada-levite-con-toque-sabor-pina-coco-1.4-lt/11562030.html,18.10,0.0,20% en Dinero electrónico,,Gratis con 160 Puntos,Puntos 'dobles' al pagar con 'FALABELLA',2026-07-01
Jugos y bebidas,Agua,Refresco Coca Cola Sin Azucar 1 Lt Pet,7501055326785_A,https://www.soriana.com/jugos-y-bebidas/,/refresco-coca-cola-sin-azucar-1-lt-pet/1806226.html,23.00,0.0,,,Puntos 'dobles' al pagar con 'FALABELLA',,2026-07-01
Jugos y bebidas,Agua,Agua Natural Bonafont 600 ml,0758104001712_A,https://www.soriana.com/jugos-y-bebidas/,/agua-natural-bonafont-600-ml/3058565.html,8.30,0.0,20% en Dinero electrónico,,Gratis con 80 Puntos,Puntos 'dobles' al pagar con 'FALABELLA',2026-07-01
Jugos y bebidas,Agua,Bonafont Kids Agua con Jugo Natural de Uva 300 ml chupón,0000075061685_A,https://www.soriana.com/jugos-y-bebidas/,/bonafont-kids-agua-con-jugo-natural-de-uva-300-ml-chupon/11299093.html,9.50,0.0,20% en Dinero electrónico,,Puntos 'dobles' al pagar con 'FALABELLA',,2026-07-01
Jugos y bebidas,Agua,Bebida Bonafont Aguas Frescas sabor Jamaica 1.4 L,0758104007929_A,https://www.soriana.com/jugos-y-bebidas/,/bebida-bonafont-aguas-frescas-sabor-jamaica-1.4-l/11562941.html,24.50,17.90,20% en Dinero electrónico,,Gratis con 160 Puntos,Puntos 'dobles' al pagar con 'FALABELLA',2026-07-01
Jugos y bebidas,Agua,Agua Natural Bonafont 750 ml Chupón,0758104000340_A,https://www.soriana.com/jugos-y-bebidas/,/agua-natural-bonafont-750-ml-chupon/1282892.html,16.00,0.0,20% en Dinero electrónico,,Gratis con 80 Puntos,Puntos 'dobles' al pagar con 'FALABELLA',2026-07-01
Jugos y bebidas,Agua,Agua Natural Bonafont Kids 6 Pack 300 ml con Tapa Chupón,0758104003204_A,https://www.soriana.com/jugos-y-bebidas/,/agua-natural-bonafont-kids-6-pack-300-ml-con-tapa-chupon/2307888.html,38.90,0.0,20% en Dinero electrónico,,Puntos 'dobles' al pagar con 'FALABELLA',,2026-07-01
Jugos y bebidas,Agua,Té Negro Bonafont sabor Limón 500 ml,758104008568_A,https://www.soriana.com/jugos-y-bebidas/,/te-negro-bonafont-sabor-limon-500-ml/11873895.html,14.40,0.0,20% en Dinero electrónico,,Gratis con 130 Puntos,Puntos 'dobles' al pagar con 'FALABELLA',2026-07-01
Jugos y bebidas,Agua,Agua sabor Manzana sin Azúcar Bonafont Kids 300 ml c/u,758104008896_A,https://www.soriana.com/jugos-y-bebidas/,/agua-sabor-manzana-sin-azucar-bonafont-kids-300-ml-c-u/11922016.html,12.20,0.0,20% en Dinero electrónico,,Puntos 'dobles' al pagar con 'FALABELLA',,2026-07-01
Jugos y bebidas,Agua,Agua sabor Uva sin Azúcar Bonafont Kids 6 pzas de 300 ml c/u,758104008919_A,https://www.soriana.com/jugos-y-bebidas/,/agua-sabor-uva-sin-azucar-bonafont-kids-6-pzas-de-300-ml-c-u/11922063.html,60.00,0.0,20% en Dinero electrónico,,Puntos 'dobles' al pagar con 'FALABELLA',,2026-07-01
Jugos y bebidas,Agua,6 pack Bonafont Kids Agüita de Limón 300 ml,758104008841_A,https://www.soriana.com/jugos-y-bebidas/,/6-pack-bonafont-kids-aguita-de-limon-300-ml/11897023.html,57.00,0.0,20% en Dinero electrónico,,Puntos 'dobles' al pagar con 'FALABELLA',,2026-07-01
Jugos y bebidas,Agua,Agua sabor Uva sin Azúcar Bonafont Kids 300 ml c/u,758104008902_A,https://www.soriana.com/jugos-y-bebidas/,/agua-sabor-uva-sin-azucar-bonafont-kids-300-ml-c-u/11922081.html,11.50,0.0,20% en Dinero electrónico,,Puntos 'dobles' al pagar con 'FALABELLA',,2026-07-01
Jugos y bebidas,Agua,Agua Fresca Bonafont Sabor Naranja 1L,0758104008193_A,https://www.soriana.com/jugos-y-bebidas/,/agua-fresca-bonafont-sabor-naranja-1l/11696515.html,21.90,0.0,20% en Dinero electrónico,,Gratis con 160 Puntos,Puntos 'dobles' al pagar con 'FALABELLA',2026-07-01
Jugos y bebidas,Agua,Levité Agua Infusionada con Piña Coco 1 Litro,0758104006526_A,https://www.soriana.com/jugos-y-bebidas/,/levite-agua-infusionada-con-pina-coco-1-litro/11090497.html,21.50,0.0,20% en Dinero electrónico,,Gratis con 160 Puntos,Puntos 'dobles' al pagar con 'FALABELLA',2026-07-01
Jugos y bebidas,Agua,Evian Agua Natural 500 ml,0061314000032_A,https://www.soriana.com/jugos-y-bebidas/,/evian-agua-natural-500-ml/281356.html,60.90,0.0,20% en Dinero electrónico,,Puntos 'dobles' al pagar con 'FALABELLA',,2026-07-01
Jugos y bebidas,Agua,Agua Natural Evian 1.5 lt,3068320111919_A,https://www.soriana.com/jugos-y-bebidas/,/agua-natural-evian-1.5-lt/11600048.html,144.00,0.0,20% en Dinero electrónico,,Puntos 'dobles' al pagar con 'FALABELLA',,2026-07-01
Jugos y bebidas,Agua,Té Verde Bonafont sabor Limón 500 ml,758104008551_A,https://www.soriana.com/jugos-y-bebidas/,/te-verde-bonafont-sabor-limon-500-ml/11873894.html,14.40,0.0,20% en Dinero electrónico,,Gratis con 130 Puntos,Puntos 'dobles' al pagar con 'FALABELLA',2026-07-01
Jugos y bebidas,Agua,Bonafont Aguas Frescas Tamarindo 1 Litro,0758104006472_A,https://www.soriana.com/jugos-y-bebidas/,/bonafont-aguas-frescas-tamarindo-1-litro/11360679.html,21.50,0.0,20% en Dinero electrónico,,Gratis con 160 Puntos,Puntos 'dobles' al pagar con 'FALABELLA',2026-07-01
Jugos y bebidas,Agua,Bonafont Kids Agua con Jugo Natural de Manzana 300 ml chupón,0000075061678_A,https://www.soriana.com/jugos-y-bebidas/,/bonafont-kids-agua-con-jugo-natural-de-manzana-300-ml-chupon/11299092.html,9.50,0.0,20% en Dinero electrónico,,Puntos 'dobles' al pagar con 'FALABELLA',,2026-07-01
Jugos y bebidas,Agua,Bonafont Aguas Frescas Piña 1 Litro,0758104005635_A,https://www.soriana.com/jugos-y-bebidas/,/bonafont-aguas-frescas-pina-1-litro/11240394.html,21.50,0.0,20% en Dinero electrónico,,Gratis con 160 Puntos,Puntos 'dobles' al pagar con 'FALABELLA',2026-07-01
Jugos y bebidas,Agua,Agua Natural Evian 330 Ml Botella,0061314000056_A,https://www.soriana.com/jugos-y-bebidas/,/agua-natural-evian-330-ml-botella/281357.html,47.90,0.0,20% en Dinero electrónico,,Puntos 'dobles' al pagar con 'FALABELLA',,2026-07-01
Jugos y bebidas,Agua,Agua Infusionada Sabor Frutos Rojos Bonafont Levité 1 L,758104008391_A,https://www.soriana.com/jugos-y-bebidas/,/agua-infusionada-sabor-frutos-rojos-bonafont-levite-1-l/11771006.html,22.50,0.0,20% en Dinero electrónico,,Gratis con 160 Puntos,Puntos 'dobles' al pagar con 'FALABELLA',2026-07-01
Jugos y bebidas,Agua,Agua Natural Mineral Evian 6 pack de 500 ml,0079298000191_A,https://www.soriana.com/jugos-y-bebidas/,/agua-natural-mineral-evian-6-pack-de-500-ml/2382806.html,249.00,0.0,20% en Dinero electrónico,,Puntos 'dobles' al pagar con 'FALABELLA',,2026-07-01
Jugos y bebidas,Agua,Agua sabor Manzana sin Azúcar Bonafont Kids 6 pzas de 300 ml c/u,758104008926_A,https://www.soriana.com/jugos-y-bebidas/,/agua-sabor-manzana-sin-azucar-bonafont-kids-6-pzas-de-300-ml-c-u/11922009.html,49.90,0.0,20% en Dinero electrónico,,Puntos 'dobles' al pagar con 'FALABELLA',,2026-07-01
Jugos y bebidas,Energetizantes e hidratantes,Bebida Powerade Frutas 500 ml,7501055329298_A,https://www.soriana.com/jugos-y-bebidas/,/bebida-powerade-frutas-500-ml/1628896.html,23.90,0.0,,,Gratis con 170 Puntos,Puntos 'dobles' al pagar con 'FALABELLA',2026-07-01
Jugos y bebidas,Energetizantes e hidratantes,Bebida Powerade Frutas 600 ml,7501055310784_A,https://www.soriana.com/jugos-y-bebidas/,/bebida-powerade-frutas-600-ml/1103500.html,26.90,0.0,,,Gratis con 170 Puntos,Puntos 'dobles' al pagar con 'FALABELLA',2026-07-01
Jugos y bebidas,Energetizantes e hidratantes,Bebida Powerade Lima Limón 600 ml,7501055310791_A,https://www.soriana.com/jugos-y-bebidas/,/bebida-powerade-lima-limon-600-ml/1103501.html,27.90,0.0,,,Gratis con 170 Puntos,Puntos 'dobles' al pagar con 'FALABELLA',2026-07-01
Jugos y bebidas,Energetizantes e hidratantes,Bebida Powerade Limon 500 ml,7501055329328_A,https://www.soriana.com/jugos-y-bebidas/,/bebida-powerade-limon-500-ml/1628897.html,23.90,0.0,,,Gratis con 170 Puntos,Puntos 'dobles' al pagar con 'FALABELLA',2026-07-01
Jugos y bebidas,Energetizantes e hidratantes,Bebida Powerade Mandarina 500 ml,7501055329380_A,https://www.soriana.com/jugos-y-bebidas/,/bebida-powerade-mandarina-500-ml/1628899.html,23.90,0.0,,,Gratis con 170 Puntos,Puntos 'dobles' al pagar con 'FALABELLA',2026-07-01
Jugos y bebidas,Energetizantes e hidratantes,Bebida Powerade Mora 500 ml,7501055329267_A,https://www.soriana.com/jugos-y-bebidas/,/bebida-powerade-mora-500-ml/1628895.html,19.60,0.0,,,Gratis con 170 Puntos,Puntos 'dobles' al pagar con 'FALABELLA',2026-07-01
Jugos y bebidas,Energetizantes e hidratantes,Bebida Powerade Naranja 600 ml,7501055310807_A,https://www.soriana.com/jugos-y-bebidas/,/bebida-powerade-naranja-600-ml/1103503.html,26.90,0.0,,,Gratis con 170 Puntos,Puntos 'dobles' al pagar con 'FALABELLA',2026-07-01
Jugos y bebidas,Energetizantes e hidratantes,Bebida Powerade Mora 1 Lt,7501055317653_A,https://www.soriana.com/jugos-y-bebidas/,/bebida-powerade-mora-1-lt/1311442.html,33.90,0.0,,,Puntos 'dobles' al pagar con 'FALABELLA',,2026-07-01
Jugos y bebidas,Energetizantes e hidratantes,Bebida Powerade Frutas 1 Lt,7501055317660_A,https://www.soriana.com/jugos-y-bebidas/,/bebida-powerade-frutas-1-lt/1311444.html,33.90,0.0,,,Puntos 'dobles' al pagar con 'FALABELLA',,2026-07-01
Jugos y bebidas,Energetizantes e hidratantes,Agua de Coco Calahua Acapulcoco Natural 1 L,0810990005752_A,https://www.soriana.com/jugos-y-bebidas/,/agua-de-coco-calahua-acapulcoco-natural-1-l/11067364.html,71.50,0.0,,,Puntos 'dobles' al pagar con 'FALABELLA',,2026-07-01
Jugos y bebidas,Energetizantes e hidratantes,Bebida Red Bull 250 ml Pack con 4 Piezas,9002490100490_A,https://www.soriana.com/jugos-y-bebidas/,/bebida-red-bull-250-ml-pack-con-4-piezas/1233467.html,164.00,0.0,20% en Dinero electrónico,,Puntos 'dobles' al pagar con 'FALABELLA',,2026-07-01
Jugos y bebidas,Energetizantes e hidratantes,Bebida Energética Amper Icee Mora Azul 473 ml,750619251179_A,https://www.soriana.com/jugos-y-bebidas/,/bebida-energetica-amper-icee-mora-azul-473-ml/11927234.html,21.50,0.0,,,Puntos 'dobles' al pagar con 'FALABELLA',,2026-07-01
Jugos y bebidas,Energetizantes e hidratantes,Bebida Isotónica Powerade sabor Uva 1 L,7501055329373_A,https://www.soriana.com/jugos-y-bebidas/,/bebida-isotonica-powerade-sabor-uva-1-l/11085952.html,33.90,0.0,,,Puntos 'dobles' al pagar con 'FALABELLA',,2026-07-01
Jugos y bebidas,Energetizantes e hidratantes,Bebida Energizante Volt Energy Fans 473 ml,7503049695242_A,https://www.soriana.com/jugos-y-bebidas/,/bebida-energizante-volt-energy-fans-473-ml/11921883.html,22.50,0.0,,,Puntos 'dobles' al pagar con 'FALABELLA',,2026-07-01
Jugos y bebidas,Energetizantes e hidratantes,Agua de Coco A de Coco 100% Natural 330 ml,7503008669000_A,https://www.soriana.com/jugos-y-bebidas/,/agua-de-coco-a-de-coco-100--natural-330-ml/11130568.html,27.90,0.0,,,Puntos 'dobles' al pagar con 'FALABELLA',,2026-07-01
Jugos y bebidas,Energetizantes e hidratantes,Bebida Gatorade Ponche 1 lt,0036731326003_A,https://www.soriana.com/jugos-y-bebidas/,/bebida-gatorade-ponche-1-lt/1201546.html,33.50,0.0,,,Puntos 'dobles' al pagar con 'FALABELLA',,2026-07-01
Jugos y bebidas,Energetizantes e hidratantes,Bebida Gatorade Naranja 1 lt,0036731321008_A,https://www.soriana.com/jugos-y-bebidas/,/bebida-gatorade-naranja-1-lt/1201482.html,33.50,0.0,,,Puntos 'dobles' al pagar con 'FALABELLA',,2026-07-01
Jugos y bebidas,Energetizantes e hidratantes,Bebida Energética Monster Energy Zero Ultra sin Azúcar 473 ml,0070847036043_A,https://www.soriana.com/jugos-y-bebidas/,/bebida-energetica-monster-energy-zero-ultra-sin-azucar-473-ml/11501994.html,41.50,0.0,,,Puntos 'dobles' al pagar con 'FALABELLA',,2026-07-01
Jugos y bebidas,Energetizantes e hidratantes,Gatorlyte Bebida Hidratante con Electrolitos sabor Frutas tropicales 591 ml,7501022016053_A,https://www.soriana.com/jugos-y-bebidas/,/gatorlyte-bebida-hidratante-con-electrolitos-sabor-frutas-tropicales-591-ml/11873568.html,25.50,0.0,,,Puntos 'dobles' al pagar con 'FALABELLA',,2026-07-01
Jugos y bebidas,Energetizantes e hidratantes,Agua de Coco A de Coco 100% Natural 1 L,7503008669147_A,https://www.soriana.com/jugos-y-bebidas/,/agua-de-coco-a-de-coco-100--natural-1-l/11154843.html,67.50,0.0,,,Puntos 'dobles' al pagar con 'FALABELLA',,2026-07-01
Jugos y bebidas,Energetizantes e hidratantes,Bebida Energética Vive 100% sabor Ginseng Citrus 500 ml,7506192507417_A,https://www.soriana.com/jugos-y-bebidas/,/bebida-energetica-vive-100--sabor-ginseng-citrus-500-ml/11413948.html,15.20,0.0,,,Puntos 'dobles' al pagar con 'FALABELLA',,2026-07-01
Jugos y bebidas,Energetizantes e hidratantes,Bebida Energiética Amper Energy Drink Original 473 ml,7506192507349_A,https://www.soriana.com/jugos-y-bebidas/,/bebida-energietica-amper-energy-drink-original-473-ml/11421268.html,21.90,0.0,,,Puntos 'dobles' al pagar con 'FALABELLA',,2026-07-01
Jugos y bebidas,Energetizantes e hidratantes,Bebida Energética Volt Blue Energy sabor Mora Azul 473 ml,7506241203000_A,https://www.soriana.com/jugos-y-bebidas/,/bebida-energetica-volt-blue-energy-sabor-mora-azul-473-ml/11255964.html,21.90,0.0,,,Puntos 'dobles' al pagar con 'FALABELLA',,2026-07-01
Jugos y bebidas,Energetizantes e hidratantes,Bebida Gatorade Fierce sabor Moras 1 lt,7501022009857_A,https://www.soriana.com/jugos-y-bebidas/,/bebida-gatorade-fierce-sabor-moras-1-lt/11167742.html,34.50,0.0,,,Puntos 'dobles' al pagar con 'FALABELLA',,2026-07-01
Jugos y bebidas,Energetizantes e hidratantes,Bebida Energética Vive 100 500 ml,7506192505918_A,https://www.soriana.com/jugos-y-bebidas/,/bebida-energetica-vive-100-500-ml/11229826.html,17.10,0.0,,,Puntos 'dobles' al pagar con 'FALABELLA',,2026-07-01
Jugos y bebidas,Energetizantes e hidratantes,Bebida Hidratante Powerade Naranja 1 L Botella,7501055317677_A,https://www.soriana.com/jugos-y-bebidas/,/bebida-hidratante-powerade-naranja-1-l-botella/1311446.html,33.90,0.0,,,Puntos 'dobles' al pagar con 'FALABELLA',,2026-07-01
Jugos y bebidas,Energetizantes e hidratantes,4 pack Bebida Powerade Moras 600 ml + Cilindro gratis,7501055391479_A,https://www.soriana.com/jugos-y-bebidas/,/4-pack-bebida-powerade-moras-600-ml-cilindro-gratis/11923838.html,111.00,0.0,,,Puntos 'dobles' al pagar con 'FALABELLA',,2026-07-01
Jugos y bebidas,Energetizantes e hidratantes,Bebida Vitamin Water Power-C 500 ml,7501055386369_A,https://www.soriana.com/jugos-y-bebidas/,/bebida-vitamin-water-power-c-500-ml/11870190.html,34.00,0.0,2 x 57.00,,Puntos 'dobles' al pagar con 'FALABELLA',,2026-07-01
Jugos y bebidas,Energetizantes e hidratantes,Bebida Monster Energy Low Carb 473 ml,0070847036005_A,https://www.soriana.com/jugos-y-bebidas/,/bebida-monster-energy-low-carb-473-ml/11501995.html,41.50,0.0,,,Puntos 'dobles' al pagar con 'FALABELLA',,2026-07-01
Jugos y bebidas,Energetizantes e hidratantes,Bebida Energética Monster sabor Mango Loco 473 ml,0070847036272_A,https://www.soriana.com/jugos-y-bebidas/,/bebida-energetica-monster-sabor-mango-loco-473-ml/11429330.html,41.50,0.0,,,Puntos 'dobles' al pagar con 'FALABELLA',,2026-07-01
Jugos y bebidas,Energetizantes e hidratantes,Bebida Energizante Boost 470 ml,7501013100631_A,https://www.soriana.com/jugos-y-bebidas/,/bebida-energizante-boost-470-ml/11921893.html,39.50,0.0,,,Puntos 'dobles' al pagar con 'FALABELLA',,2026-07-01
Jugos y bebidas,Energetizantes e hidratantes,Bebida Gatorade Ponche 600 ml,0036731106063_A,https://www.soriana.com/jugos-y-bebidas/,/bebida-gatorade-ponche-600-ml/2023630.html,24.90,0.0,,,Gratis con 170 Puntos,Puntos 'dobles' al pagar con 'FALABELLA',2026-07-01
Jugos y bebidas,Energetizantes e hidratantes,Bebida Energética Volt Dark 473 Ml Lata,7503027753605_A,https://www.soriana.com/jugos-y-bebidas/,/bebida-energetica-volt-dark-473-ml-lata/11608498.html,22.50,0.0,,,Puntos 'dobles' al pagar con 'FALABELLA',,2026-07-01
Jugos y bebidas,Energetizantes e hidratantes,Bebida Gatorade Lima Limón 1 lt,0036731323002_A,https://www.soriana.com/jugos-y-bebidas/,/bebida-gatorade-lima-limon-1-lt/1201542.html,33.50,0.0,,,Puntos 'dobles' al pagar con 'FALABELLA',,2026-07-01
Jugos y bebidas,Energetizantes e hidratantes,Bebida Vitamin Water Ponche de Frutas 500 ml,7501055386376_A,https://www.soriana.com/jugos-y-bebidas/,/bebida-vitamin-water-ponche-de-frutas-500-ml/11870191.html,34.00,0.0,2 x 57.00,,Puntos 'dobles' al pagar con 'FALABELLA',,2026-07-01
Jugos y bebidas,Energetizantes e hidratantes,Bebida Vitamin Water Cítrico Tropical 500 ml,7501055386390_A,https://www.soriana.com/jugos-y-bebidas/,/bebida-vitamin-water-citrico-tropical-500-ml/11870192.html,34.00,0.0,,,Puntos 'dobles' al pagar con 'FALABELLA',,2026-07-01
Jugos y bebidas,Energetizantes e hidratantes,Bebida Powerade Lima Limon 1 Lt,7501055317684_A,https://www.soriana.com/jugos-y-bebidas/,/bebida-powerade-lima-limon-1-lt/1311448.html,33.90,0.0,,,Puntos 'dobles' al pagar con 'FALABELLA',,2026-07-01
Jugos y bebidas,Energetizantes e hidratantes,Bebida Vitamin Water Cítrico Tropical en Lata 340 ml,7501055386352_A,https://www.soriana.com/jugos-y-bebidas/,/bebida-vitamin-water-citrico-tropical-en-lata-340-ml/11870188.html,24.50,0.0,,,Puntos 'dobles' al pagar con 'FALABELLA',,2026-07-01
Jugos y bebidas,Energetizantes e hidratantes,Bebida Energética Amper Speed 473 ml,7506192508520_A,https://www.soriana.com/jugos-y-bebidas/,/bebida-energetica-amper-speed-473-ml/11558599.html,21.90,0.0,,,Puntos 'dobles' al pagar con 'FALABELLA',,2026-07-01
Jugos y bebidas,Energetizantes e hidratantes,Bebida Gatorade Naranja 600 ml,0036731106018_A,https://www.soriana.com/jugos-y-bebidas/,/bebida-gatorade-naranja-600-ml/1835463.html,24.90,0.0,,,Gratis con 170 Puntos,Puntos 'dobles' al pagar con 'FALABELLA',2026-07-01
Jugos y bebidas,Energetizantes e hidratantes,Bebida Energética Volt Yellow Energy sabor Guaraná 473 ml,7503027753629_A,https://www.soriana.com/jugos-y-bebidas/,/bebida-energetica-volt-yellow-energy-sabor-guarana-473-ml/11255965.html,21.90,0.0,,,Puntos 'dobles' al pagar con 'FALABELLA',,2026-07-01
Jugos y bebidas,Energetizantes e hidratantes,Bebida Carbonatada Predator Energy 473 Ml Lata,0815154022705_A,https://www.soriana.com/jugos-y-bebidas/,/bebida-carbonatada-predator-energy-473-ml-lata/11507083.html,18.70,0.0,,,Puntos 'dobles' al pagar con 'FALABELLA',,2026-07-01
Jugos y bebidas,Energetizantes e hidratantes,Bebida Energética Vive 100 sabor Azai 500 ml,7506192506953_A,https://www.soriana.com/jugos-y-bebidas/,/bebida-energetica-vive-100-sabor-azai-500-ml/11348965.html,14.70,0.0,,,Puntos 'dobles' al pagar con 'FALABELLA',,2026-07-01
Jugos y bebidas,Energetizantes e hidratantes,Bebida Vitamin Water Ponche de Frutas en Lata 340 ml,7501055386345_A,https://www.soriana.com/jugos-y-bebidas/,/bebida-vitamin-water-ponche-de-frutas-en-lata-340-ml/11870189.html,24.50,0.0,,,Puntos 'dobles' al pagar con 'FALABELLA',,2026-07-01
Jugos y bebidas,Energetizantes e hidratantes,Bebida Powerade Uva 600 ml,7501055329366_A,https://www.soriana.com/jugos-y-bebidas/,/bebida-powerade-uva-600-ml/1628898.html,27.90,0.0,,,Gratis con 170 Puntos,Puntos 'dobles' al pagar con 'FALABELLA',2026-07-01
Jugos y bebidas,Energetizantes e hidratantes,Bebida Monster Energy Zero Sugar 473 ml,70847896753_A,https://www.soriana.com/jugos-y-bebidas/,/bebida-monster-energy-zero-sugar-473-ml/11798427.html,42.90,0.0,,,Puntos 'dobles' al pagar con 'FALABELLA',,2026-07-01
Jugos y bebidas,Energetizantes e hidratantes,Bebida Energizante con CBD Rocket High California sabor Té Negro 473 ml,7503024957860_A,https://www.soriana.com/jugos-y-bebidas/,/bebida-energizante-con-cbd-rocket-high-california-sabor-te-negro-473-ml/11535340.html,38.00,0.0,,,Puntos 'dobles' al pagar con 'FALABELLA',,2026-07-01
Jugos y bebidas,Energetizantes e hidratantes,Bebida Powerade Moras 750 ml,7501055360949_A,https://www.soriana.com/jugos-y-bebidas/,/bebida-powerade-moras-750-ml/11937507.html,22.00,0.0,,,Puntos 'dobles' al pagar con 'FALABELLA',,2026-07-01
Jugos y bebidas,Energetizantes e hidratantes,Bebida Monster Energy Ultra Paradise 473 ml,70847036715_A,https://www.soriana.com/jugos-y-bebidas/,/bebida-monster-energy-ultra-paradise-473-ml/11670196.html,46.50,0.0,,,Puntos 'dobles' al pagar con 'FALABELLA',,2026-07-01
Jugos y bebidas,Energetizantes e hidratantes,Bebida Gatorade Uva 500 ml,0036731504005_A,https://www.soriana.com/jugos-y-bebidas/,/bebida-gatorade-uva-500-ml/1052107.html,22.50,0.0,,,Gratis con 170 Puntos,Puntos 'dobles' al pagar con 'FALABELLA',2026-07-01
Jugos y bebidas,Energetizantes e hidratantes,Gatorade de Moras Freeze 1 lt,7501022016084_A,https://www.soriana.com/jugos-y-bebidas/,/gatorade-de-moras-freeze-1-lt/11883763.html,34.90,0.0,,,Puntos 'dobles' al pagar con 'FALABELLA',,2026-07-01
Jugos y bebidas,Energetizantes e hidratantes,Bebida Energética Boost Active Energy 470 ml,7501035046252_A,https://www.soriana.com/jugos-y-bebidas/,/bebida-energetica-boost-active-energy-470-ml/11128010.html,35.50,0.0,,,Puntos 'dobles' al pagar con 'FALABELLA',,2026-07-01
Jugos y bebidas,Energetizantes e hidratantes,Bebida Powerade Moras 600 ml,7501055310777_A,https://www.soriana.com/jugos-y-bebidas/,/bebida-powerade-moras-600-ml/1103502.html,27.90,0.0,,,Gratis con 170 Puntos,Puntos 'dobles' al pagar con 'FALABELLA',2026-07-01
Jugos y bebidas,Energetizantes e hidratantes,Bebida Energética Monster Green 473 ml 4 pack,70847897071_A,https://www.soriana.com/jugos-y-bebidas/,/bebida-energetica-monster-green-473-ml-4-pack/11824694.html,154.00,0.0,,,Puntos 'dobles' al pagar con 'FALABELLA',,2026-07-01
Jugos y bebidas,Energetizantes e hidratantes,Bebida Isotónica Gatorade sin Azúcar sabor Frambuesa 1 L,7501022014295_A,https://www.soriana.com/jugos-y-bebidas/,/bebida-isotonica-gatorade-sin-azucar-sabor-frambuesa-1-l/11540247.html,34.90,0.0,,,Puntos 'dobles' al pagar con 'FALABELLA',,2026-07-01
Jugos y bebidas,Energetizantes e hidratantes,Bebida Gatorade Limón 500 ml,0036731503008_A,https://www.soriana.com/jugos-y-bebidas/,/bebida-gatorade-limon-500-ml/1052102.html,20.00,0.0,,,Gratis con 170 Puntos,Puntos 'dobles' al pagar con 'FALABELLA',2026-07-01
Jugos y bebidas,Energetizantes e hidratantes,Amper Beat 473 Ml Lata,7506192509084_A,https://www.soriana.com/jugos-y-bebidas/,/amper-beat-473-ml-lata/11605680.html,21.90,0.0,,,Puntos 'dobles' al pagar con 'FALABELLA',,2026-07-01
Jugos y bebidas,Energetizantes e hidratantes,Bebida Jumex Sport Frutas Tropicales 946 ml,7501013105186_A,https://www.soriana.com/jugos-y-bebidas/,/bebida-jumex-sport-frutas-tropicales-946-ml/11901748.html,24.30,0.0,,,Puntos 'dobles' al pagar con 'FALABELLA',,2026-07-01
Jugos y bebidas,Energetizantes e hidratantes,Bebida Energética Monster Energy Original 473 ml,0070847035916_A,https://www.soriana.com/jugos-y-bebidas/,/bebida-energetica-monster-energy-original-473-ml/11498347.html,41.50,0.0,,,Puntos 'dobles' al pagar con 'FALABELLA',,2026-07-01
Jugos y bebidas,Energetizantes e hidratantes,Bebida Vive 100% 600 ml,7506192505451_A,https://www.soriana.com/jugos-y-bebidas/,/bebida-vive-100---600-ml/11149314.html,15.10,0.0,,,Puntos 'dobles' al pagar con 'FALABELLA',,2026-07-01
Jugos y bebidas,Energetizantes e hidratantes,Bebida Gatorade Lima Limón 350 ml,0036731103536_A,https://www.soriana.com/jugos-y-bebidas/,/bebida-gatorade-lima-limon-350-ml/2156573.html,15.40,0.0,,,Puntos 'dobles' al pagar con 'FALABELLA',,2026-07-01
Jugos y bebidas,Energetizantes e hidratantes,Bebida Red Bull Winter Edition Sabor Moras 250 ml,00090457159_A,https://www.soriana.com/jugos-y-bebidas/,/bebida-red-bull-winter-edition-sabor-moras-250-ml/11844140.html,49.50,0.0,,,Puntos 'dobles' al pagar con 'FALABELLA',,2026-07-01
Jugos y bebidas,Energetizantes e hidratantes,Bebida Powerade Zero Moras 1 lt,7501055391776_A,https://www.soriana.com/jugos-y-bebidas/,/bebida-powerade-zero-moras-1-lt/11929396.html,33.50,0.0,,,Puntos 'dobles' al pagar con 'FALABELLA',,2026-07-01
Jugos y bebidas,Energetizantes e hidratantes,Bebida Hidratante sabor Frutas Jumex Sport 591 ml,7501013107869_A,https://www.soriana.com/jugos-y-bebidas/,/bebida-hidratante-sabor-frutas-jumex-sport-591-ml/11900381.html,22.50,0.0,,,Gratis con 170 Puntos,Puntos 'dobles' al pagar con 'FALABELLA',2026-07-01
Jugos y bebidas,Energetizantes e hidratantes,Bebida Carbonatada Frutas Mixtas Xot Energy 470 ml,7501013106077_A,https://www.soriana.com/jugos-y-bebidas/,/bebida-carbonatada-frutas-mixtas-xot-energy--470-ml/11701936.html,23.50,0.0,,,Puntos 'dobles' al pagar con 'FALABELLA',,2026-07-01
Jugos y bebidas,Energetizantes e hidratantes,Gatorade Fierce Moras 350 ml,7501022009529_A,https://www.soriana.com/jugos-y-bebidas/,/gatorade-fierce-moras-350-ml/11703420.html,16.00,0.0,,,Puntos 'dobles' al pagar con 'FALABELLA',,2026-07-01
Jugos y bebidas,Energetizantes e hidratantes,Bebida Prime Fresa-Sandia 500 ml,810116123124_A,https://www.soriana.com/jugos-y-bebidas/,/bebida-prime-fresa-sandia-500-ml/11772840.html,38.90,0.0,,,Puntos 'dobles' al pagar con 'FALABELLA',,2026-07-01
Jugos y bebidas,Energetizantes e hidratantes,Bebida Baly Zero Energy Drink Manzana Verde 473 ml,7898080664815_A,https://www.soriana.com/jugos-y-bebidas/,/bebida-baly-zero-energy-drink-manzana-verde-473-ml/11885163.html,39.90,0.0,,,Puntos 'dobles' al pagar con 'FALABELLA',,2026-07-01
Jugos y bebidas,Energetizantes e hidratantes,Bebida Energética H2O Power Mora Azul sin Azúcar 100 ml,7503046128040_A,https://www.soriana.com/jugos-y-bebidas/,/bebida-energetica-h2o-power-mora-azul-sin-azucar-100-ml/11926519.html,28.90,0.0,,,Puntos 'dobles' al pagar con 'FALABELLA',,2026-07-01
Jugos y bebidas,Energetizantes e hidratantes,Bebida Powerade Zero Uva 1 lt,7501055391783_A,https://www.soriana.com/jugos-y-bebidas/,/bebida-powerade-zero-uva-1-lt/11929472.html,33.50,0.0,,,Puntos 'dobles' al pagar con 'FALABELLA',,2026-07-01
Jugos y bebidas,Energetizantes e hidratantes,Bebida Hidratante sabor Naranja Jumex Sport 591 ml,7501013107890_A,https://www.soriana.com/jugos-y-bebidas/,/bebida-hidratante-sabor-naranja-jumex-sport-591-ml/11900342.html,22.50,0.0,,,Gratis con 170 Puntos,Puntos 'dobles' al pagar con 'FALABELLA',2026-07-01
Jugos y bebidas,Energetizantes e hidratantes,Bebida Energetica Amper sabor Mango Party 473 ml,7506192511155_A,https://www.soriana.com/jugos-y-bebidas/,/bebida-energetica-amper-sabor-mango-party-473-ml/11899646.html,21.90,0.0,,,Puntos 'dobles' al pagar con 'FALABELLA',,2026-07-01
Jugos y bebidas,Energetizantes e hidratantes,Bebida Monster Energy Durazno 473 ml,70847897637_A,https://www.soriana.com/jugos-y-bebidas/,/bebida-monster-energy-durazno-473-ml/11848972.html,43.50,0.0,,,Puntos 'dobles' al pagar con 'FALABELLA',,2026-07-01
Jugos y bebidas,Energetizantes e hidratantes,Polvo Para Bebida Gatorade Naranja 521 g,0036731451002_A,https://www.soriana.com/jugos-y-bebidas/,/polvo-para-bebida-gatorade-naranja-521-g/1226617.html,164.00,0.0,,,Puntos 'dobles' al pagar con 'FALABELLA',,2026-07-01
Jugos y bebidas,Energetizantes e hidratantes,Bebida Baly Zero Energy Drink Original 473 ml,7898080664662_A,https://www.soriana.com/jugos-y-bebidas/,/bebida-baly-zero-energy-drink-original-473-ml/11885075.html,39.90,0.0,,,Puntos 'dobles' al pagar con 'FALABELLA',,2026-07-01
Jugos y bebidas,Energetizantes e hidratantes,Bebida Powerade Playstyle Melon 1 lt,7501055391400_A,https://www.soriana.com/jugos-y-bebidas/,/bebida-powerade-playstyle-melon-1-lt/11923790.html,36.90,0.0,,,Puntos 'dobles' al pagar con 'FALABELLA',,2026-07-01
Jugos y bebidas,Energetizantes e hidratantes,Bebida Gatorade Fierce sabor Moras 600 ml,0036731136916_A,https://www.soriana.com/jugos-y-bebidas/,/bebida-gatorade-fierce-sabor-moras-600-ml/2348256.html,25.50,0.0,,,Gratis con 170 Puntos,Puntos 'dobles' al pagar con 'FALABELLA',2026-07-01
Jugos y bebidas,Energetizantes e hidratantes,Bebida Gatorade Uva 600 ml,0036731106049_A,https://www.soriana.com/jugos-y-bebidas/,/bebida-gatorade-uva-600-ml/2023629.html,24.90,0.0,,,Gratis con 170 Puntos,Puntos 'dobles' al pagar con 'FALABELLA',2026-07-01
Jugos y bebidas,Energetizantes e hidratantes,Bebida Isotónica Gatorade sin Azúcar sabor Moras 1 L,7501022014288_A,https://www.soriana.com/jugos-y-bebidas/,/bebida-isotonica-gatorade-sin-azucar-sabor-moras-1-l/11540156.html,34.90,0.0,,,Puntos 'dobles' al pagar con 'FALABELLA',,2026-07-01
Jugos y bebidas,Energetizantes e hidratantes,Polvo Para Bebida Gatorade Lima Limón 70 g,0036731143532_A,https://www.soriana.com/jugos-y-bebidas/,/polvo-para-bebida-gatorade-lima-limon-70-g/2063826.html,25.50,0.0,,,Puntos 'dobles' al pagar con 'FALABELLA',,2026-07-01
Jugos y bebidas,Energetizantes e hidratantes,Bebida Xot Energy Moras 470 ml,7501013105094_A,https://www.soriana.com/jugos-y-bebidas/,/bebida-xot-energy-moras-470-ml/11885507.html,22.00,0.0,,,Puntos 'dobles' al pagar con 'FALABELLA',,2026-07-01
Jugos y bebidas,Energetizantes e hidratantes,Predator Wild Berry 473 ml,815154027007_A,https://www.soriana.com/jugos-y-bebidas/,/predator-wild-berry-473-ml/11898652.html,19.00,0.0,,,Puntos 'dobles' al pagar con 'FALABELLA',,2026-07-01
Jugos y bebidas,Energetizantes e hidratantes,Bebida Gatorade Naranja 500 ml,0036731501004_A,https://www.soriana.com/jugos-y-bebidas/,/bebida-gatorade-naranja-500-ml/1052098.html,22.50,0.0,,,Gratis con 170 Puntos,Puntos 'dobles' al pagar con 'FALABELLA',2026-07-01
Jugos y bebidas,Energetizantes e hidratantes,Bebida Gatorade Uva 350 ml,0036731103543_A,https://www.soriana.com/jugos-y-bebidas/,/bebida-gatorade-uva-350-ml/2156574.html,15.40,0.0,,,Puntos 'dobles' al pagar con 'FALABELLA',,2026-07-01
Jugos y bebidas,Energetizantes e hidratantes,Polvo Para Bebida Gatorade Naranja 70 g,0036731143518_A,https://www.soriana.com/jugos-y-bebidas/,/polvo-para-bebida-gatorade-naranja-70-g/2063825.html,25.50,0.0,,,Puntos 'dobles' al pagar con 'FALABELLA',,2026-07-01
Jugos y bebidas,Energetizantes e hidratantes,Bebida Baly Zero Energy Drink Sandía 473 ml,7898080664839_A,https://www.soriana.com/jugos-y-bebidas/,/bebida-baly-zero-energy-drink-sandia-473-ml/11885188.html,39.90,0.0,,,Puntos 'dobles' al pagar con 'FALABELLA',,2026-07-01
Jugos y bebidas,Energetizantes e hidratantes,Bebida Prime Ice Pop 500 ml,810116120871_A,https://www.soriana.com/jugos-y-bebidas/,/bebida-prime-ice-pop-500-ml/11772838.html,38.90,0.0,,,Puntos 'dobles' al pagar con 'FALABELLA',,2026-07-01
Jugos y bebidas,Energetizantes e hidratantes,Bebida Isotónica Powerade sabor Uva 500 ml,7501055329359_A,https://www.soriana.com/jugos-y-bebidas/,/bebida-isotonica-powerade-sabor-uva-500-ml/11078852.html,23.90,0.0,,,Gratis con 170 Puntos,Puntos 'dobles' al pagar con 'FALABELLA',2026-07-01
Jugos y bebidas,Energetizantes e hidratantes,Polvo Para Bebida Gatorade Lima Limón 521 g,0036731453006_A,https://www.soriana.com/jugos-y-bebidas/,/polvo-para-bebida-gatorade-lima-limon-521-g/1226618.html,175.00,0.0,,,Puntos 'dobles' al pagar con 'FALABELLA',,2026-07-01
Jugos y bebidas,Energetizantes e hidratantes,Bebida Gatorade Ponche 500 ml,0036731506009_A,https://www.soriana.com/jugos-y-bebidas/,/bebida-gatorade-ponche-500-ml/1052110.html,22.50,0.0,,,Gratis con 170 Puntos,Puntos 'dobles' al pagar con 'FALABELLA',2026-07-01
Jugos y bebidas,Energetizantes e hidratantes,Bebida Energética Tropical Predator 473 ml,815154025621_A,https://www.soriana.com/jugos-y-bebidas/,/bebida-energetica-tropical-predator-473-ml/11797806.html,19.00,0.0,,,Puntos 'dobles' al pagar con 'FALABELLA',,2026-07-01
Jugos y bebidas,Energetizantes e hidratantes,Bebida Jumex Sport Mora Azul 946 ml,7501013105193_A,https://www.soriana.com/jugos-y-bebidas/,/bebida-jumex-sport-mora-azul-946-ml/11901757.html,24.30,0.0,,,Puntos 'dobles' al pagar con 'FALABELLA',,2026-07-01
Jugos y bebidas,Energetizantes e hidratantes,Bebida Gatorade Naranja 350 ml,0036731103512_A,https://www.soriana.com/jugos-y-bebidas/,/bebida-gatorade-naranja-350-ml/2156572.html,15.40,0.0,,,Puntos 'dobles' al pagar con 'FALABELLA',,2026-07-01
Jugos y bebidas,Energetizantes e hidratantes,Gatorade de Moras Freeze 600 ml,7501022016060_A,https://www.soriana.com/jugos-y-bebidas/,/gatorade-de-moras-freeze-600-ml/11883858.html,25.50,0.0,,,Gratis con 170 Puntos,Puntos 'dobles' al pagar con 'FALABELLA',2026-07-01
Jugos y bebidas,Energetizantes e hidratantes,BENZACARE Microbioma Equalizer Loción hidratante de uso diario 50 ml,3499320014298 _A,https://www.soriana.com/jugos-y-bebidas/,/benzacare-microbioma-equalizer-locion-hidratante-de-uso-diario-50-ml/11737755.html,499.00,0.0,,,Puntos 'dobles' al pagar con 'FALABELLA',,2026-07-01
Jugos y bebidas,Energetizantes e hidratantes,Bebida Prime Limonada 500 ml,810116123643_A,https://www.soriana.com/jugos-y-bebidas/,/bebida-prime-limonada-500-ml/11772839.html,38.90,0.0,,,Puntos 'dobles' al pagar con 'FALABELLA',,2026-07-01
Jugos y bebidas,Energetizantes e hidratantes,Bebida Prime Ponche Tropical 500 ml,810116120895_A,https://www.soriana.com/jugos-y-bebidas/,/bebida-prime-ponche-tropical-500-ml/11772842.html,38.90,0.0,,,Puntos 'dobles' al pagar con 'FALABELLA',,2026-07-01
Jugos y bebidas,Energetizantes e hidratantes,Bebida Energética H2O Power Frutos Rojos sin Azúcar 100 ml,7500464706355_A,https://www.soriana.com/jugos-y-bebidas/,/bebida-energetica-h2o-power-frutos-rojos-sin-azucar-100-ml/11926525.html,28.90,0.0,,,Puntos 'dobles' al pagar con 'FALABELLA',,2026-07-01
Jugos y bebidas,Energetizantes e hidratantes,Bebida Volt Blue 400 Ml Botella,7503027753667_A,https://www.soriana.com/jugos-y-bebidas/,/bebida-volt-blue-400-ml-botella/11379317.html,13.00,0.0,,,Puntos 'dobles' al pagar con 'FALABELLA',,2026-07-01
Jugos y bebidas,Energetizantes e hidratantes,Bebida Energizante con CBD Rocket High sabor Guaraná 473 ml,7503024957822_A,https://www.soriana.com/jugos-y-bebidas/,/bebida-energizante-con-cbd-rocket-high-sabor-guarana-473-ml/11535337.html,45.50,0.0,,,Puntos 'dobles' al pagar con 'FALABELLA',,2026-07-01
Jugos y bebidas,Energetizantes e hidratantes,Bebida Prime Frambuesa 500 ml,810116120888_A,https://www.soriana.com/jugos-y-bebidas/,/bebida-prime-frambuesa-500-ml/11772837.html,38.90,0.0,,,Puntos 'dobles' al pagar con 'FALABELLA',,2026-07-01
Jugos y bebidas,Energetizantes e hidratantes,Bebida Prime Lima Limón 500 ml,810116120901_A,https://www.soriana.com/jugos-y-bebidas/,/bebida-prime-lima-limon-500-ml/11778693.html,38.90,0.0,,,Puntos 'dobles' al pagar con 'FALABELLA',,2026-07-01
Jugos y bebidas,Energetizantes e hidratantes,Bebida Energética Amper Predator 473 ml,7506192508216_A,https://www.soriana.com/jugos-y-bebidas/,/bebida-energetica-amper-predator-473-ml/11520621.html,21.90,0.0,,,Puntos 'dobles' al pagar con 'FALABELLA',,2026-07-01
Jugos y bebidas,Energetizantes e hidratantes,Bebida Hidratante sabor Lima Limón Jumex Sport 591 ml,7501013107876_A,https://www.soriana.com/jugos-y-bebidas/,/bebida-hidratante-sabor-lima-limon-jumex-sport-591-ml/11900363.html,19.90,0.0,,,Gratis con 170 Puntos,Puntos 'dobles' al pagar con 'FALABELLA',2026-07-01
Jugos y bebidas,Energetizantes e hidratantes,Bebida Energética H2O Power Mango sin Azúcar 100 ml,7503046128064_A,https://www.soriana.com/jugos-y-bebidas/,/bebida-energetica-h2o-power-mango-sin-azucar-100-ml/11926509.html,29.90,0.0,,,Puntos 'dobles' al pagar con 'FALABELLA',,2026-07-01
Jugos y bebidas,Energetizantes e hidratantes,Bebida Hidratante sabor Uva Jumex Sport 591 ml,7501013107906_A,https://www.soriana.com/jugos-y-bebidas/,/bebida-hidratante-sabor-uva-jumex-sport-591-ml/11900323.html,22.50,0.0,,,Gratis con 170 Puntos,Puntos 'dobles' al pagar con 'FALABELLA',2026-07-01
Jugos y bebidas,Energetizantes e hidratantes,Bebida Gatorade Uva 1 Lt,0036731324009_A,https://www.soriana.com/jugos-y-bebidas/,/bebida-gatorade-uva-1-lt/1201544.html,33.50,0.0,,,Puntos 'dobles' al pagar con 'FALABELLA',,2026-07-01
Jugos y bebidas,Energetizantes e hidratantes,Bebida Energizante Boost Zero 470 ml,7501013100570_A,https://www.soriana.com/jugos-y-bebidas/,/bebida-energizante-boost-zero-470-ml/11921894.html,40.50,0.0,,,Puntos 'dobles' al pagar con 'FALABELLA',,2026-07-01
Jugos y bebidas,Energetizantes e hidratantes,Bebida Energética Amper Blue sabor Blueberry 473 ml,7506192507714_A,https://www.soriana.com/jugos-y-bebidas/,/bebida-energetica-amper-blue-sabor-blueberry-473-ml/11478106.html,21.90,0.0,,,Puntos 'dobles' al pagar con 'FALABELLA',,2026-07-01
Jugos y bebidas,Energetizantes e hidratantes,Bebida Energizante Vive 100 Lata 355 ml,7506192503259_A,https://www.soriana.com/jugos-y-bebidas/,/bebida-energizante-vive-100-lata-355-ml/11057770.html,14.80,0.0,,,Puntos 'dobles' al pagar con 'FALABELLA',,2026-07-01
Jugos y bebidas,Energetizantes e hidratantes,Bebida Hidratante sabor Mora Azul Jumex Sport 591 ml,7501013107883_A,https://www.soriana.com/jugos-y-bebidas/,/bebida-hidratante-sabor-mora-azul-jumex-sport-591-ml/11900398.html,22.50,0.0,,,Gratis con 170 Puntos,Puntos 'dobles' al pagar con 'FALABELLA',2026-07-01
Jugos y bebidas,Energetizantes e hidratantes,Bebida Red Bull 355 ml,9002490207717_A,https://www.soriana.com/jugos-y-bebidas/,/bebida-red-bull-355-ml/1722214.html,59.50,0.0,20% en Dinero electrónico,,Puntos 'dobles' al pagar con 'FALABELLA',,2026-07-01
Jugos y bebidas,Energetizantes e hidratantes,Bebida Energética Red Bull sabor Tropical 250 ml,0000090424441_A,https://www.soriana.com/jugos-y-bebidas/,/bebida-energetica-red-bull-sabor-tropical-250-ml/11209391.html,45.50,0.0,20% en Dinero electrónico,,Puntos 'dobles' al pagar con 'FALABELLA',,2026-07-01
Jugos y bebidas,Energetizantes e hidratantes,Bebida Red Bull 473 ml,9002490211486_A,https://www.soriana.com/jugos-y-bebidas/,/bebida-red-bull-473-ml/2050086.html,76.50,0.0,20% en Dinero electrónico,,Puntos 'dobles' al pagar con 'FALABELLA',,2026-07-01
Jugos y bebidas,Energetizantes e hidratantes,Bebida Energetica Red Bull 250 ml,9002490100070_A,https://www.soriana.com/jugos-y-bebidas/,/bebida-energetica-red-bull-250-ml/1078783.html,45.50,0.0,20% en Dinero electrónico,,Puntos 'dobles' al pagar con 'FALABELLA',,2026-07-01
Jugos y bebidas,Energetizantes e hidratantes,Bebida Energizante Red Bull Sugar Free 250 ml,9002490200220_A,https://www.soriana.com/jugos-y-bebidas/,/bebida-energizante-red-bull-sugar-free-250-ml/1135650.html,46.90,0.0,20% en Dinero electrónico,,Puntos 'dobles' al pagar con 'FALABELLA',,2026-07-01
Jugos y bebidas,Energetizantes e hidratantes,Red Bull Summer Edition Durazno y Fresa 250 ml,90474552_A,https://www.soriana.com/jugos-y-bebidas/,/red-bull-summer-edition-durazno-y-fresa-250-ml/11884283.html,45.50,0.0,20% en Dinero electrónico,,Puntos 'dobles' al pagar con 'FALABELLA',,2026-07-01
Jugos y bebidas,Energetizantes e hidratantes,Red Bull Sandia Edition 250 ml,0000090453083_A,https://www.soriana.com/jugos-y-bebidas/,/red-bull-sandia-edition-250-ml/11663387.html,45.90,0.0,20% en Dinero electrónico,,Puntos 'dobles' al pagar con 'FALABELLA',,2026-07-01
Jugos y bebidas,Energetizantes e hidratantes,Bebida Energética Tropical Red Bull 4 Pack 250 ml,9002490234881_A,https://www.soriana.com/jugos-y-bebidas/,/bebida-energetica-tropical-red-bull-4-pack-250-ml/11929151.html,188.00,0.0,20% en Dinero electrónico,,Puntos 'dobles' al pagar con 'FALABELLA',,2026-07-01
Jugos y bebidas,Bebidas de café y té,Te Blanco Natures Factory Mango Maracuya 485 Ml Botella,07502264287096_A,https://www.soriana.com/jugos-y-bebidas/,/te-blanco-natures-factory-mango-maracuya-485-ml-botella/11600096.html,39.50,0.0,,,Puntos 'dobles' al pagar con 'FALABELLA',,2026-07-01
Jugos y bebidas,Bebidas de café y té,Agua Natures Factory N F Té Blanco Fresa 485 Ml Botella,7502264287058_A,https://www.soriana.com/jugos-y-bebidas/,/agua-natures-factory-n-f-te-blanco-fresa-485-ml-botella/11600095.html,39.50,0.0,,,Puntos 'dobles' al pagar con 'FALABELLA',,2026-07-01
Jugos y bebidas,Bebidas de café y té,Bebida Lipton Té Citricos 1 L Botella,7501022014899_A,https://www.soriana.com/jugos-y-bebidas/,/bebida-lipton-te-citricos-1-l-botella/11567737.html,26.50,0.0,,,Gratis con 160 Puntos,Puntos 'dobles' al pagar con 'FALABELLA',2026-07-01
Jugos y bebidas,Bebidas de café y té,Bebida de Café Fría Peppermint Mocha Almond Latte Califia Farms 1.42 lts,813636024049_A,https://www.soriana.com/jugos-y-bebidas/,/bebida-de-cafe-fria-peppermint-mocha-almond-latte-califia-farms-1.42-lts/11900370.html,195.00,0.0,,,Puntos 'dobles' al pagar con 'FALABELLA',,2026-07-01
Jugos y bebidas,Bebidas de café y té,Cafe Lechero Alpura 315 ml,7501055915187_A,https://www.soriana.com/jugos-y-bebidas/,/cafe-lechero-alpura-315-ml/11663610.html,23.90,0.0,,,Puntos 'dobles' al pagar con 'FALABELLA',,2026-07-01
Jugos y bebidas,Bebidas de café y té,Café Santa Fe Molido Regular 900g,7501430023278_A,https://www.soriana.com/jugos-y-bebidas/,/cafe-santa-fe-molido-regular-900g/11651537.html,390.00,0.0,,,Puntos 'dobles' al pagar con 'FALABELLA',,2026-07-01
Jugos y bebidas,Bebidas de café y té,Té Verde sabor Citrus Natures Factory 150 ml,7502264288727_A,https://www.soriana.com/jugos-y-bebidas/,/te-verde-sabor-citrus-natures-factory-150-ml/11929122.html,37.00,0.0,,,Puntos 'dobles' al pagar con 'FALABELLA',,2026-07-01
Jugos y bebidas,Bebidas de café y té,Té Rojo sabor Frutos Rojos Natures Factory 150 ml,7502264288970_A,https://www.soriana.com/jugos-y-bebidas/,/te-rojo-sabor-frutos-rojos-natures-factory-150-ml/11929094.html,37.00,0.0,,,Puntos 'dobles' al pagar con 'FALABELLA',,2026-07-01
Jugos y bebidas,Bebidas de café y té,Té Negro sabor Limón Natures Factory 150 ml,7502264288697_A,https://www.soriana.com/jugos-y-bebidas/,/te-negro-sabor-limon-natures-factory-150-ml/11929057.html,37.00,0.0,,,Puntos 'dobles' al pagar con 'FALABELLA',,2026-07-01
Jugos y bebidas,Bebidas de café y té,Bebida Té Helado Cristal 1 lt,7501032415747_A,https://www.soriana.com/jugos-y-bebidas/,/bebida-te-helado-cristal-1-lt/2169357.html,15.30,0.0,,,Puntos 'dobles' al pagar con 'FALABELLA',,2026-07-01
Jugos y bebidas,Bebidas de café y té,Té Blanco Nature's Factory sabor Arándano 485 ml,7502264281148_A,https://www.soriana.com/jugos-y-bebidas/,/te-blanco-natures-factory-sabor-arandano-485-ml/2487328.html,39.50,0.0,,,Puntos 'dobles' al pagar con 'FALABELLA',,2026-07-01
Jugos y bebidas,Bebidas de café y té,Té Helado Snapple sabor Durazno 473 ml,0076183000830_A,https://www.soriana.com/jugos-y-bebidas/,/te-helado-snapple-sabor-durazno-473-ml/3055756.html,23.50,0.0,,,Puntos 'dobles' al pagar con 'FALABELLA',,2026-07-01
Jugos y bebidas,Bebidas de café y té,Té Negro sabor Durazno sin Azúcar Natures Factory 355 ml,7502264288703_A,https://www.soriana.com/jugos-y-bebidas/,/te-negro-sabor-durazno-sin-azucar-natures-factory-355-ml/11933907.html,37.00,0.0,,,Puntos 'dobles' al pagar con 'FALABELLA',,2026-07-01
Jugos y bebidas,Bebidas de café y té,Té Negro Snapple Frambuesa 473 ml,0076183000892_A,https://www.soriana.com/jugos-y-bebidas/,/te-negro-snapple-frambuesa-473-ml/1722367.html,23.50,0.0,,,Puntos 'dobles' al pagar con 'FALABELLA',,2026-07-01
Jugos y bebidas,Bebidas de café y té,Té Negro Lipton Sabor Durazno 600 Ml,7501031304868_A,https://www.soriana.com/jugos-y-bebidas/,/te-negro-lipton-sabor-durazno-600-ml/2336830.html,17.60,0.0,,,Gratis con 130 Puntos,Puntos 'dobles' al pagar con 'FALABELLA',2026-07-01
Jugos y bebidas,Bebidas de café y té,Bebida Nescafé Latte 330 ml,7506475105606_A,https://www.soriana.com/jugos-y-bebidas/,/bebida-nescafe-latte-330-ml/11590783.html,27.50,0.0,,,Puntos 'dobles' al pagar con 'FALABELLA',,2026-07-01
Jugos y bebidas,Bebidas de café y té,Frappuccino con Leche Descremada Caramel Starbucks 280 ml,7506475113564_A,https://www.soriana.com/jugos-y-bebidas/,/frappuccino-con-leche-descremada-caramel-starbucks-280-ml/11928727.html,42.00,0.0,,,Puntos 'dobles' al pagar con 'FALABELLA',,2026-07-01
Jugos y bebidas,Bebidas de café y té,Té Blanco sabor Arandanos sin Azúcar Natures Factory 355 ml,7502264288888_A,https://www.soriana.com/jugos-y-bebidas/,/te-blanco-sabor-arandanos-sin-azucar-natures-factory-355-ml/11933842.html,37.00,0.0,,,Puntos 'dobles' al pagar con 'FALABELLA',,2026-07-01
Jugos y bebidas,Bebidas de café y té,Frappuccino con Leche Descremada Mocha Starbucks 280 ml,7506475114189_A,https://www.soriana.com/jugos-y-bebidas/,/frappuccino-con-leche-descremada-mocha-starbucks-280-ml/11928852.html,42.00,0.0,,,Puntos 'dobles' al pagar con 'FALABELLA',,2026-07-01
Jugos y bebidas,Bebidas de café y té,Té Blanco sabor Mango Maracuyá Natures Factory 150 ml,7502264288741_A,https://www.soriana.com/jugos-y-bebidas/,/te-blanco-sabor-mango-maracuya-natures-factory-150-ml/11929009.html,37.00,0.0,,,Puntos 'dobles' al pagar con 'FALABELLA',,2026-07-01
Jugos y bebidas,Bebidas de café y té,Té Verde Lipton Sabor Cítricos 600 ml,7501031302376_A,https://www.soriana.com/jugos-y-bebidas/,/te-verde-lipton-sabor-citricos-600-ml/1374973.html,17.60,0.0,,,Gratis con 130 Puntos,Puntos 'dobles' al pagar con 'FALABELLA',2026-07-01
Jugos y bebidas,Bebidas de café y té,Te Seleccion Gourmet Verde Y Robos,7501090540962_A,https://www.soriana.com/jugos-y-bebidas/,/te-seleccion-gourmet-verde-y-robos/9019595.html,46.50,0.0,,,Puntos 'dobles' al pagar con 'FALABELLA',,2026-07-01
Jugos y bebidas,Bebidas de café y té,Bebida Almendra Café 330 ml,7502252484247_A,https://www.soriana.com/jugos-y-bebidas/,/bebida-almendra-cafe-330-ml/11824572.html,25.00,0.0,,,Puntos 'dobles' al pagar con 'FALABELLA',,2026-07-01
Jugos y bebidas,Bebidas de café y té,Té Helado Snapple sabor Limón 473 ml,0076183000854_A,https://www.soriana.com/jugos-y-bebidas/,/te-helado-snapple-sabor-limon-473-ml/3055758.html,21.90,0.0,,,Puntos 'dobles' al pagar con 'FALABELLA',,2026-07-01
Jugos y bebidas,Bebidas de café y té,Té Negro Snapple Light Durazno 473 ml,0076183000816_A,https://www.soriana.com/jugos-y-bebidas/,/te-negro-snapple-light-durazno-473-ml/1722365.html,23.00,0.0,,,Puntos 'dobles' al pagar con 'FALABELLA',,2026-07-01
Jugos y bebidas,Bebidas de café y té,Té Oolong Nature's Factory sabor Jamaica 485 ml,7502264286242_A,https://www.soriana.com/jugos-y-bebidas/,/te-oolong-natures-factory-sabor-jamaica-485-ml/11335411.html,39.50,0.0,,,Puntos 'dobles' al pagar con 'FALABELLA',,2026-07-01
Jugos y bebidas,Bebidas de café y té,Té McCormick Manzanilla 20 sobres,7501003304216_A,https://www.soriana.com/jugos-y-bebidas/,/te-mccormick-manzanilla-20-sobres/11610875.html,26.50,0.0,,Aplica cupón,Puntos 'dobles' al pagar con 'FALABELLA',,2026-07-01
Jugos y bebidas,Bebidas de café y té,Té Negro Snapple Light 473 ml,0076183000915_A,https://www.soriana.com/jugos-y-bebidas/,/te-negro-snapple-light-473-ml/1722368.html,23.00,0.0,,,Puntos 'dobles' al pagar con 'FALABELLA',,2026-07-01
Jugos y bebidas,Bebidas de café y té,Frappuccino Café con Leche Starbucks 280 ml,7506475114172_A,https://www.soriana.com/jugos-y-bebidas/,/frappuccino-cafe-con-leche-starbucks-280-ml/11924163.html,42.00,0.0,,,Puntos 'dobles' al pagar con 'FALABELLA',,2026-07-01
Jugos y bebidas,Bebidas de café y té,Té McCormick Balance Gordolobo y Miel 20 sobres,7501003301826_A,https://www.soriana.com/jugos-y-bebidas/,/te-mccormick-balance-gordolobo-y-miel-20-sobres/11496977.html,37.90,0.0,,Aplica cupón,Puntos 'dobles' al pagar con 'FALABELLA',,2026-07-01
Jugos y bebidas,Bebidas de café y té,Café Helado Punta del Cielo Cold Brew Shot 60 ml,7500464238115_A,https://www.soriana.com/jugos-y-bebidas/,/cafe-helado-punta-del-cielo-cold-brew-shot-60-ml/11636190.html,24.90,0.0,,,Puntos 'dobles' al pagar con 'FALABELLA',,2026-07-01
Jugos y bebidas,Bebidas de café y té,Té McCormick tila 25 sobres,7501003304827_A,https://www.soriana.com/jugos-y-bebidas/,/te-mccormick-tila-25-sobres/11614848.html,41.00,0.0,,Aplica cupón,Puntos 'dobles' al pagar con 'FALABELLA',,2026-07-01
Jugos y bebidas,Bebidas de café y té,Té Verde Lipton Sin Azúcar Sabor Cítricos 600 ml,7501031302383_A,https://www.soriana.com/jugos-y-bebidas/,/te-verde-lipton-sin-azucar-sabor-citricos-600-ml/1374975.html,17.60,0.0,,,Gratis con 130 Puntos,Puntos 'dobles' al pagar con 'FALABELLA',2026-07-01
Jugos y bebidas,Bebidas de café y té,Producto Lácteo Combinado Nescafé Latte Café 330ml,7501058610959_A,https://www.soriana.com/jugos-y-bebidas/,/producto-lacteo-combinado-nescafe-latte-cafe-330ml/11658603.html,26.90,0.0,,,Puntos 'dobles' al pagar con 'FALABELLA',,2026-07-01
Jugos y bebidas,Bebidas de café y té,Té Negro Lipton Sabor Limón 600 Ml,7501031302352_A,https://www.soriana.com/jugos-y-bebidas/,/te-negro-lipton-sabor-limon-600-ml/1374969.html,17.60,0.0,,,Gratis con 130 Puntos,Puntos 'dobles' al pagar con 'FALABELLA',2026-07-01
Jugos y bebidas,Bebidas de café y té,Té Helado Nature's Factory sabor Durazno 485 ml,7502264282756_A,https://www.soriana.com/jugos-y-bebidas/,/te-helado-natures-factory-sabor-durazno-485-ml/11212597.html,39.50,0.0,,,Puntos 'dobles' al pagar con 'FALABELLA',,2026-07-01
Jugos y bebidas,Bebidas de café y té,Jugo Del Valle 100% Naranja 200 ml,7501055373161_A,https://www.soriana.com/jugos-y-bebidas/,/jugo-del-valle-100--naranja-200-ml/11554925.html,11.20,0.0,,,Gratis con 60 Puntos,Puntos 'dobles' al pagar con 'FALABELLA',2026-07-01
Jugos y bebidas,Bebidas de café y té,Bebida Energizante con CBD Rocket High California sabor Té Negro 473 ml,7503024957860_A,https://www.soriana.com/jugos-y-bebidas/,/bebida-energizante-con-cbd-rocket-high-california-sabor-te-negro-473-ml/11535340.html,38.00,0.0,,,Puntos 'dobles' al pagar con 'FALABELLA',,2026-07-01
Jugos y bebidas,Bebidas de café y té,Té Negro Snapple Light Limón 473 ml,0076183000878_A,https://www.soriana.com/jugos-y-bebidas/,/te-negro-snapple-light-limon-473-ml/1722366.html,23.00,0.0,,,Puntos 'dobles' al pagar con 'FALABELLA',,2026-07-01
Jugos y bebidas,Bebidas de café y té,Té McCormick Balance Buenas Noches 20 sobres,7501003301802_A,https://www.soriana.com/jugos-y-bebidas/,/te-mccormick-balance-buenas-noches-20-sobres/11497012.html,35.90,0.0,,Aplica cupón,Puntos 'dobles' al pagar con 'FALABELLA',,2026-07-01
Jugos y bebidas,Bebidas de café y té,Jugo Del Valle 100% Manzana 200 ml,7501055373178_A,https://www.soriana.com/jugos-y-bebidas/,/jugo-del-valle-100--manzana-200-ml/11555417.html,11.20,0.0,,,Gratis con 60 Puntos,Puntos 'dobles' al pagar con 'FALABELLA',2026-07-01
Jugos y bebidas,Bebidas de café y té,Té Helado Nature's Factory sabor Limón 485 ml,7502264281131_A,https://www.soriana.com/jugos-y-bebidas/,/te-helado-natures-factory-sabor-limon-485-ml/2487327.html,39.50,0.0,,,Puntos 'dobles' al pagar con 'FALABELLA',,2026-07-01
Jugos y bebidas,Bebidas de café y té,Bebida Lipton Té Limón 1 L Botella,7501022014905_A,https://www.soriana.com/jugos-y-bebidas/,/bebida-lipton-te-limon-1-l-botella/11565806.html,26.50,0.0,,,Gratis con 160 Puntos,Puntos 'dobles' al pagar con 'FALABELLA',2026-07-01
Jugos y bebidas,Bebidas de café y té,Té McCormick Manzanilla Curcuma sabor Vainilla Miel 20 sobres,7501003304162_A,https://www.soriana.com/jugos-y-bebidas/,/te-mccormick-manzanilla-curcuma-sabor-vainilla-miel-20-sobres/11610977.html,26.50,0.0,,Aplica cupón,Puntos 'dobles' al pagar con 'FALABELLA',,2026-07-01
Jugos y bebidas,Bebidas de café y té,Té McCormick Jengibre Limón 25 sobres,7501003314918_A,https://www.soriana.com/jugos-y-bebidas/,/te-mccormick-jengibre-limon-25-sobres/11386649.html,45.50,0.0,,Aplica cupón,Puntos 'dobles' al pagar con 'FALABELLA',,2026-07-01
Jugos y bebidas,Bebidas de café y té,Te McCormick limón jengibre 50 sobres,7501003303707_A,https://www.soriana.com/jugos-y-bebidas/,/te-mccormick-limon-jengibre-50-sobres/11537923.html,94.50,0.0,3 x 2,Aplica cupón,Puntos 'dobles' al pagar con 'FALABELLA',,2026-07-01
Jugos y bebidas,Bebidas de café y té,Té McCormick negro 25 sobres,7501003339034_A,https://www.soriana.com/jugos-y-bebidas/,/te-mccormick-negro-25-sobres/360076.html,38.50,0.0,,Aplica cupón,Puntos 'dobles' al pagar con 'FALABELLA',,2026-07-01
Jugos y bebidas,Bebidas de café y té,Café Vanicanela Juan Valdez 95g,7707211632169_A,https://www.soriana.com/jugos-y-bebidas/,/cafe-vanicanela-juan-valdez-95g/11259041.html,225.00,0.0,,,Puntos 'dobles' al pagar con 'FALABELLA',,2026-07-01
Jugos y bebidas,Bebidas de café y té,Café Con Lala Deslactosado 960 ml,7501020565133_A,https://www.soriana.com/jugos-y-bebidas/,/cafe-con-lala-deslactosado-960-ml/11586967.html,42.50,0.0,,,Puntos 'dobles' al pagar con 'FALABELLA',,2026-07-01
Jugos y bebidas,Bebidas de café y té,Té McCormick de Hierbabuena 50 sobres,7501003304865_A,https://www.soriana.com/jugos-y-bebidas/,/te-mccormick-de-hierbabuena-50-sobres/11614850.html,53.90,0.0,,Aplica cupón,Puntos 'dobles' al pagar con 'FALABELLA',,2026-07-01
Jugos y bebidas,Bebidas de café y té,Té McCormick Chai 20 sobres,7501003304988_A,https://www.soriana.com/jugos-y-bebidas/,/te-mccormick-chai-20-sobres/11592043.html,56.90,0.0,,Aplica cupón,Puntos 'dobles' al pagar con 'FALABELLA',,2026-07-01
Jugos y bebidas,Bebidas de café y té,Fuze Tea con Té Negro sabor Limón 453 ml,7501055346691_A,https://www.soriana.com/jugos-y-bebidas/,/fuze-tea-con-te-negro-sabor-limon-453-ml/11505987.html,23.50,0.0,,,Gratis con 130 Puntos,Puntos 'dobles' al pagar con 'FALABELLA',2026-07-01
Jugos y bebidas,Bebidas de café y té,Café Con Lala Chocolate 330 ml,7501020565218_A,https://www.soriana.com/jugos-y-bebidas/,/cafe-con-lala-chocolate-330-ml/11559953.html,26.50,0.0,,,Puntos 'dobles' al pagar con 'FALABELLA',,2026-07-01
Jugos y bebidas,Bebidas de café y té,Té McCormick Manzanilla Toronjil y Menta sabor Piña 24 sobres,7501003304209_A,https://www.soriana.com/jugos-y-bebidas/,/te-mccormick-manzanilla-toronjil-y-menta-sabor-pina-24-sobres/11610876.html,26.50,0.0,,Aplica cupón,Puntos 'dobles' al pagar con 'FALABELLA',,2026-07-01
Jugos y bebidas,Bebidas de café y té,Té McCormick 7 Azahares 25 sobres,0052100737249_A,https://www.soriana.com/jugos-y-bebidas/,/te-mccormick-7-azahares-25-sobres/1718081.html,40.90,0.0,,Aplica cupón,Puntos 'dobles' al pagar con 'FALABELLA',,2026-07-01
Jugos y bebidas,Bebidas de café y té,Café con Leche Lala UHT Clásico 330 ml,7501020555288_A,https://www.soriana.com/jugos-y-bebidas/,/cafe-con-leche-lala-uht-clasico-330-ml/11334064.html,24.50,0.0,,,Puntos 'dobles' al pagar con 'FALABELLA',,2026-07-01
Jugos y bebidas,Bebidas de café y té,Té McCormick verde sabores surtidos 25 sobres,0052100737256_A,https://www.soriana.com/jugos-y-bebidas/,/te-mccormick-verde-sabores-surtidos-25-sobres/1718082.html,51.50,0.0,,Aplica cupón,Puntos 'dobles' al pagar con 'FALABELLA',,2026-07-01
Jugos y bebidas,Bebidas de café y té,Fuze Tea con Té Negro sabor Durazno 1.89 L,7501055373451_A,https://www.soriana.com/jugos-y-bebidas/,/fuze-tea-con-te-negro-sabor-durazno-1.89-l/11555001.html,45.50,0.0,,,Puntos 'dobles' al pagar con 'FALABELLA',,2026-07-01
Jugos y bebidas,Bebidas de café y té,Té McCormick jamaica 25 sobres,7501003339560_A,https://www.soriana.com/jugos-y-bebidas/,/te-mccormick-jamaica-25-sobres/1924588.html,38.50,0.0,,Aplica cupón,Puntos 'dobles' al pagar con 'FALABELLA',,2026-07-01
Jugos y bebidas,Bebidas de café y té,Café Con Lala Vainilla 330 ml,7501020563429_A,https://www.soriana.com/jugos-y-bebidas/,/cafe-con-lala-vainilla-330-ml/11560124.html,24.50,0.0,,,Puntos 'dobles' al pagar con 'FALABELLA',,2026-07-01
Jugos y bebidas,Bebidas de café y té,Bebida Café Olé Capuccino Moka Deslactosado 281 ml,7501040070242_A,https://www.soriana.com/jugos-y-bebidas/,/bebida-cafe-ole-capuccino-moka-deslactosado-281-ml/11153062.html,36.00,0.0,3 x 2,,Puntos 'dobles' al pagar con 'FALABELLA',,2026-07-01
Jugos y bebidas,Bebidas de café y té,Té McCormick Limón 50 sobres,7501003304896_A,https://www.soriana.com/jugos-y-bebidas/,/te-mccormick-limon-50-sobres/11614851.html,50.90,0.0,,Aplica cupón,Puntos 'dobles' al pagar con 'FALABELLA',,2026-07-01
Jugos y bebidas,Bebidas de café y té,Té McCormick Canela Manzana 25 sobres,7501003339522_A,https://www.soriana.com/jugos-y-bebidas/,/te-mccormick-canela-manzana-25-sobres/360086.html,48.90,0.0,,Aplica cupón,Puntos 'dobles' al pagar con 'FALABELLA',,2026-07-01
Jugos y bebidas,Bebidas de café y té,Bebida Café Olé Espresso 281 ml,7501040070198_A,https://www.soriana.com/jugos-y-bebidas/,/bebida-cafe-ole-espresso-281-ml/11066915.html,34.50,0.0,20% en Dinero electrónico,,Puntos 'dobles' al pagar con 'FALABELLA',,2026-07-01
Jugos y bebidas,Bebidas de café y té,Té McCormick Hierbabuena 25 sobres,7501003304889_A,https://www.soriana.com/jugos-y-bebidas/,/te-mccormick-hierbabuena-25-sobres/11614849.html,26.50,0.0,,Aplica cupón,Puntos 'dobles' al pagar con 'FALABELLA',,2026-07-01
Jugos y bebidas,Bebidas de café y té,Té McCormick Manzanilla 100 Sobres,7501003339140_A,https://www.soriana.com/jugos-y-bebidas/,/te-mccormick-manzanilla-100-sobres/360078.html,85.50,0.0,,Aplica cupón,Puntos 'dobles' al pagar con 'FALABELLA',,2026-07-01
Jugos y bebidas,Bebidas de café y té,Cappuccino Café Olé con Galleta Oreo 281 ml,7501040070440_A,https://www.soriana.com/jugos-y-bebidas/,/cappuccino-cafe-ole-con-galleta-oreo-281-ml/11364598.html,34.50,0.0,3 x 2,,Puntos 'dobles' al pagar con 'FALABELLA',,2026-07-01
Jugos y bebidas,Bebidas de café y té,Bebida Arizona Té Verde Lata 446 ml,0613008765255_A,https://www.soriana.com/jugos-y-bebidas/,/bebida-arizona-te-verde-lata-446-ml/11686330.html,18.00,0.0,,,Gratis con 130 Puntos,Puntos 'dobles' al pagar con 'FALABELLA',2026-07-01
Jugos y bebidas,Bebidas de café y té,Bebida de Té Fuze Tea sabor Durazno 1 L,7501055366798_A,https://www.soriana.com/jugos-y-bebidas/,/bebida-de-te-fuze-tea-sabor-durazno-1-l/11413750.html,32.00,0.0,,,Puntos 'dobles' al pagar con 'FALABELLA',,2026-07-01
Jugos y bebidas,Bebidas de café y té,Té McCormick Manzanilla 50 sobres,7501003339171_A,https://www.soriana.com/jugos-y-bebidas/,/te-mccormick-manzanilla-50-sobres/360080.html,34.30,0.0,,Aplica cupón,Puntos 'dobles' al pagar con 'FALABELLA',,2026-07-01
Jugos y bebidas,Bebidas de café y té,Fuze Tea con Té Negro sabor Limón 1 Lt,7501055358861_A,https://www.soriana.com/jugos-y-bebidas/,/fuze-tea-con-te-negro-sabor-limon-1-lt/1153076.html,32.00,0.0,,,Puntos 'dobles' al pagar con 'FALABELLA',,2026-07-01
Jugos y bebidas,Bebidas de café y té,Fuze Tea con Té Verde sabor Mango y Manzanilla 600 ml,7501055350650_A,https://www.soriana.com/jugos-y-bebidas/,/fuze-tea-con-te-verde-sabor-mango-y-manzanilla-600-ml/11136480.html,22.90,0.0,,,Gratis con 130 Puntos,Puntos 'dobles' al pagar con 'FALABELLA',2026-07-01
Jugos y bebidas,Bebidas de café y té,Té McCormick Limón 25 sobres,7501003304919_A,https://www.soriana.com/jugos-y-bebidas/,/te-mccormick-limon-25-sobres/11592044.html,23.50,0.0,,Aplica cupón,Puntos 'dobles' al pagar con 'FALABELLA',,2026-07-01
Jugos y bebidas,Bebidas de café y té,Fuze Tea con Té Negro sabor Frutos Rojos 600 ml,7501055343690_A,https://www.soriana.com/jugos-y-bebidas/,/fuze-tea-con-te-negro-sabor-frutos-rojos-600-ml/11136088.html,22.90,0.0,,,Gratis con 130 Puntos,Puntos 'dobles' al pagar con 'FALABELLA',2026-07-01
Jugos y bebidas,Bebidas de café y té,Bebida Arizona Kiwi con Fresa Lata 446 ml,0613008765286_A,https://www.soriana.com/jugos-y-bebidas/,/bebida-arizona-kiwi-con-fresa-lata-446-ml/11686328.html,17.50,0.0,,,Gratis con 130 Puntos,Puntos 'dobles' al pagar con 'FALABELLA',2026-07-01
Jugos y bebidas,Bebidas de café y té,Fuze Tea con Té Negro sabor Limón 600 ml,7501055358885_A,https://www.soriana.com/jugos-y-bebidas/,/fuze-tea-con-te-negro-sabor-limon-600-ml/1325699.html,22.90,0.0,,,Gratis con 130 Puntos,Puntos 'dobles' al pagar con 'FALABELLA',2026-07-01
Jugos y bebidas,Bebidas de café y té,Bebida Arizona Mucho Mango 446 ml,0613008765224_A,https://www.soriana.com/jugos-y-bebidas/,/bebida-arizona-mucho-mango-446-ml/11686329.html,18.00,0.0,,,Gratis con 130 Puntos,Puntos 'dobles' al pagar con 'FALABELLA',2026-07-01
Jugos y bebidas,Bebidas de café y té,Bebida Arizona Sandía Lata 460 ml,0613008765194_A,https://www.soriana.com/jugos-y-bebidas/,/bebida-arizona-sandia-lata-460-ml/11686327.html,17.50,0.0,,,Gratis con 130 Puntos,Puntos 'dobles' al pagar con 'FALABELLA',2026-07-01
Jugos y bebidas,Bebidas de café y té,Fuze Tea con Té Negro sabor Durazno 600 ml,7501055317875_A,https://www.soriana.com/jugos-y-bebidas/,/fuze-tea-con-te-negro-sabor-durazno-600-ml/1482202.html,22.90,0.0,,,Gratis con 130 Puntos,Puntos 'dobles' al pagar con 'FALABELLA',2026-07-01
Jugos y bebidas,Bebidas de café y té,Té McCormick Manzanilla 25 sobres,7501003339133_A,https://www.soriana.com/jugos-y-bebidas/,/te-mccormick-manzanilla-25-sobres/360079.html,22.90,0.0,,Aplica cupón,Puntos 'dobles' al pagar con 'FALABELLA',,2026-07-01
Jugos y bebidas,Bebidas de café y té,4 pack Fuze Tea Surtido Durazno y Limón 600 ml,7501055390632_A,https://www.soriana.com/jugos-y-bebidas/,/4-pack-fuze-tea-surtido-durazno-y-limon-600-ml/11923844.html,71.00,0.0,,,Puntos 'dobles' al pagar con 'FALABELLA',,2026-07-01
Jugos y bebidas,Ofertas,Agua Mineral Peñafiel Natural 6 Pack Botella 296 ml,7501073841642_A,https://www.soriana.com/jugos-y-bebidas/,/agua-mineral-penafiel-natural-6-pack-botella-296-ml/11188881.html,87.00,0.0,3 x 2,,Puntos 'dobles' al pagar con 'FALABELLA',,2026-07-01
Jugos y bebidas,Ofertas,Jugo de Tomate Clamato El Original con Almeja 1.89 L,0014800515343_A,https://www.soriana.com/jugos-y-bebidas/,/jugo-de-tomate-clamato-el-original-con-almeja-1.89-l/3003350.html,84.50,0.0,3 x 2,,Puntos 'dobles' al pagar con 'FALABELLA',,2026-07-01
Jugos y bebidas,Ofertas,Jugo de Tomate Kermato Jumex con Salsa Negra La Costeña 413 ml,7501013101522_A,https://www.soriana.com/jugos-y-bebidas/,/jugo-de-tomate-kermato-jumex-con-salsa-negra-la-costena-413-ml/11928708.html,69.00,0.0,3 x 2,,Puntos 'dobles' al pagar con 'FALABELLA',,2026-07-01
Jugos y bebidas,Ofertas,6 pack de Agua Mineral Peñafiel 355 ml,7501073843066_A,https://www.soriana.com/jugos-y-bebidas/,/6-pack-de-agua-mineral-penafiel-355-ml/11658661.html,63.50,0.0,3 x 2,,Puntos 'dobles' al pagar con 'FALABELLA',,2026-07-01
Jugos y bebidas,Ofertas,Refresco Canada Dry Ginger Ale 6 Pack Lata 237 ml,7501198353808_A,https://www.soriana.com/jugos-y-bebidas/,/refresco-canada-dry-ginger-ale-6-pack-lata-237-ml/2388020.html,60.90,0.0,3 x 2,,Puntos 'dobles' al pagar con 'FALABELLA',,2026-07-01
Jugos y bebidas,Ofertas,Bebida Carbonatada Canada Dry sabor Quina 6 Pack Lata 237 ml,7501198353792_A,https://www.soriana.com/jugos-y-bebidas/,/bebida-carbonatada-canada-dry-sabor-quina-6-pack-lata-237-ml/2388021.html,60.90,0.0,3 x 2,,Puntos 'dobles' al pagar con 'FALABELLA',,2026-07-01
Jugos y bebidas,Ofertas,Refresco Squirt Light Toronja 6 Pack Lata 237 ml,7501071140587_A,https://www.soriana.com/jugos-y-bebidas/,/refresco-squirt-light-toronja-6-pack-lata-237-ml/2388018.html,60.50,0.0,4 x 3,,Puntos 'dobles' al pagar con 'FALABELLA',,2026-07-01
Jugos y bebidas,Ofertas,Refresco Squirt Toronja 6 Pack Lata 237 ml,7501071121364_A,https://www.soriana.com/jugos-y-bebidas/,/refresco-squirt-toronja-6-pack-lata-237-ml/2388017.html,60.50,0.0,4 x 3,,Puntos 'dobles' al pagar con 'FALABELLA',,2026-07-01
Jugos y bebidas,Ofertas,Jugo de Tomate Clamato Cubano 946 ml,0014800005684_A,https://www.soriana.com/jugos-y-bebidas/,/jugo-de-tomate-clamato-cubano-946-ml/9105801.html,55.50,0.0,3 x 2,,Puntos 'dobles' al pagar con 'FALABELLA',,2026-07-01
Jugos y bebidas,Ofertas,Agua Natural Ciel 8 Pack PET 600 ml,7501055338146_A,https://www.soriana.com/jugos-y-bebidas/,/agua-natural-ciel-8-pack-pet-600-ml/11426681.html,54.00,0.0,4 x 3,,Puntos 'dobles' al pagar con 'FALABELLA',,2026-07-01
Jugos y bebidas,Ofertas,Jugo De Tomate Clamato El Original Con Almeja 946 Ml Botella,0014800515336_A,https://www.soriana.com/jugos-y-bebidas/,/jugo-de-tomate-clamato-el-original-con-almeja-946-ml-botella/250525.html,53.00,0.0,3 x 2,,Puntos 'dobles' al pagar con 'FALABELLA',,2026-07-01
Jugos y bebidas,Ofertas,Bebida de Jugo de Tomate Clamato Vuelve a la Vida 946 ml,0014800515664_A,https://www.soriana.com/jugos-y-bebidas/,/bebida-de-jugo-de-tomate-clamato-vuelve-a-la-vida-946-ml/2125250.html,52.00,0.0,3 x 2,,Puntos 'dobles' al pagar con 'FALABELLA',,2026-07-01
Jugos y bebidas,Ofertas,Refresco Pepsi 3 Lt,7501031310098_A,https://www.soriana.com/jugos-y-bebidas/,/refresco-pepsi-3-lt/1116456.html,49.50,0.0,4 x 3,,Gratis con 400 Puntos,Puntos 'dobles' al pagar con 'FALABELLA',2026-07-01
Jugos y bebidas,Ofertas,Agua Mineral Velvet Soda sabor Pomelo 275 ml,7500326303449_A,https://www.soriana.com/jugos-y-bebidas/,/agua-mineral-velvet-soda-sabor-pomelo-275-ml/11203028.html,47.90,0.0,2 x 84.00,,Puntos 'dobles' al pagar con 'FALABELLA',,2026-07-01
Jugos y bebidas,Ofertas,Agua Mineral Velvet Soda sabor Maracuyá 275 ml,7500326303432_A,https://www.soriana.com/jugos-y-bebidas/,/agua-mineral-velvet-soda-sabor-maracuya-275-ml/11203029.html,47.90,0.0,2 x 84.00,,Puntos 'dobles' al pagar con 'FALABELLA',,2026-07-01
Jugos y bebidas,Ofertas,Agua Mineral Velvet Soda sabor Lychee 275 ml,7500326303418_A,https://www.soriana.com/jugos-y-bebidas/,/agua-mineral-velvet-soda-sabor-lychee-275-ml/11203026.html,47.90,0.0,2 x 84.00,,Puntos 'dobles' al pagar con 'FALABELLA',,2026-07-01
Jugos y bebidas,Ofertas,Agua Mineral Velvet Soda sabor Damasco 275 ml,7500326303463_A,https://www.soriana.com/jugos-y-bebidas/,/agua-mineral-velvet-soda-sabor-damasco-275-ml/11299682.html,47.90,0.0,2 x 84.00,,Puntos 'dobles' al pagar con 'FALABELLA',,2026-07-01
Jugos y bebidas,Ofertas,Agua Mineral Velvet Soda sabor Guanábana 275 ml,7500326303470_A,https://www.soriana.com/jugos-y-bebidas/,/agua-mineral-velvet-soda-sabor-guanabana-275-ml/11299684.html,47.90,0.0,2 x 84.00,,Puntos 'dobles' al pagar con 'FALABELLA',,2026-07-01
Jugos y bebidas,Ofertas,Refresco 7 Up sabor Lima Limón 3 L,7501022014646_A,https://www.soriana.com/jugos-y-bebidas/,/refresco-7-up-sabor-lima-limon-3-l/11561968.html,47.90,0.0,4 x 3,,Gratis con 400 Puntos,Puntos 'dobles' al pagar con 'FALABELLA',2026-07-01
Jugos y bebidas,Ofertas,Refresco Squirt 3 L,7501071120305_A,https://www.soriana.com/jugos-y-bebidas/,/refresco-squirt-3-l/1111693.html,45.90,0.0,4 x 3,,Gratis con 400 Puntos,Puntos 'dobles' al pagar con 'FALABELLA',2026-07-01
Jugos y bebidas,Ofertas,Agua Natural Ciel 1 Lt Pack Con 6 Piezas,7501055320899_A,https://www.soriana.com/jugos-y-bebidas/,/agua-natural-ciel-1-lt-pack-con-6-piezas/1505866.html,44.50,0.0,4 x 3,,Puntos 'dobles' al pagar con 'FALABELLA',,2026-07-01
Jugos y bebidas,Ofertas,Agua Mineral de Manantial Garci Crespo Botella 650 ml,7501022013113_A,https://www.soriana.com/jugos-y-bebidas/,/agua-mineral-de-manantial-garci-crespo-botella-650-ml/11434290.html,43.50,0.0,3 x 2,,Puntos 'dobles' al pagar con 'FALABELLA',,2026-07-01
Jugos y bebidas,Ofertas,Jugo Cóctel de Tomate Kermato con Almeja 950 ml,7501013100549_A,https://www.soriana.com/jugos-y-bebidas/,/jugo-coctel-de-tomate-kermato-con-almeja-950-ml/9105993.html,42.50,0.0,3 x 2,,Puntos 'dobles' al pagar con 'FALABELLA',,2026-07-01
Jugos y bebidas,Ofertas,Refresco Squirt 2.5 lt,7501071120411_A,https://www.soriana.com/jugos-y-bebidas/,/refresco-squirt-2.5-lt/1110937.html,41.50,0.0,4 x 3,,Gratis con 400 Puntos,Puntos 'dobles' al pagar con 'FALABELLA',2026-07-01
Jugos y bebidas,Ofertas,Refresco Pepsi Light 2.5 Lt,7501031312771_A,https://www.soriana.com/jugos-y-bebidas/,/refresco-pepsi-light-2.5-lt/1130904.html,41.50,0.0,4 x 3,,Gratis con 400 Puntos,Puntos 'dobles' al pagar con 'FALABELLA',2026-07-01
Jugos y bebidas,Ofertas,Refresco Pepsi 2.5 lt,7501031310258_A,https://www.soriana.com/jugos-y-bebidas/,/refresco-pepsi-2.5-lt/1110896.html,39.90,0.0,4 x 3,,Gratis con 400 Puntos,Puntos 'dobles' al pagar con 'FALABELLA',2026-07-01
Jugos y bebidas,Ofertas,Refresco 7 Up sabor Lima Limón 2.5 L,7501022014639_A,https://www.soriana.com/jugos-y-bebidas/,/refresco-7-up-sabor-lima-limon-2.5-l/11561967.html,38.50,0.0,4 x 3,,Gratis con 400 Puntos,Puntos 'dobles' al pagar con 'FALABELLA',2026-07-01
Jugos y bebidas,Ofertas,Refresco Vita Fresa 3 Lt Pet,7501371001366_A,https://www.soriana.com/jugos-y-bebidas/,/refresco-vita-fresa-3-lt-pet/1111668.html,38.00,0.0,4 x 3,,Gratis con 400 Puntos,Puntos 'dobles' al pagar con 'FALABELLA',2026-07-01
Jugos y bebidas,Ofertas,Refresco Pepsi 2L,7501031311606_A,https://www.soriana.com/jugos-y-bebidas/,/refresco-pepsi-2l/370615.html,36.90,0.0,4 x 3,,Gratis con 300 Puntos,Puntos 'dobles' al pagar con 'FALABELLA',2026-07-01
Jugos y bebidas,Ofertas,Refresco Squirt Light 2 L Botella,7501071140075_A,https://www.soriana.com/jugos-y-bebidas/,/refresco-squirt-light-2-l-botella/383197.html,36.90,0.0,4 x 3,,Gratis con 300 Puntos,Puntos 'dobles' al pagar con 'FALABELLA',2026-07-01
Jugos y bebidas,Ofertas,Refresco Pepsi Light 2L,7501031312405_A,https://www.soriana.com/jugos-y-bebidas/,/refresco-pepsi-light-2l/370633.html,36.50,0.0,4 x 3,,Gratis con 300 Puntos,Puntos 'dobles' al pagar con 'FALABELLA',2026-07-01
Jugos y bebidas,Ofertas,Refresco Squirt 2 L Botella,7501071120077_A,https://www.soriana.com/jugos-y-bebidas/,/refresco-squirt-2-l-botella/383193.html,36.50,0.0,4 x 3,,Gratis con 300 Puntos,Puntos 'dobles' al pagar con 'FALABELLA',2026-07-01
Jugos y bebidas,Ofertas,Bebida Café Olé Capuccino Moka Deslactosado 281 ml,7501040070242_A,https://www.soriana.com/jugos-y-bebidas/,/bebida-cafe-ole-capuccino-moka-deslactosado-281-ml/11153062.html,36.00,0.0,20% en Dinero electrónico,,Puntos 'dobles' al pagar con 'FALABELLA',,2026-07-01
Jugos y bebidas,Ofertas,Refresco Mirinda Cero Calorías 2 lt,7501022015698_A,https://www.soriana.com/jugos-y-bebidas/,/refresco-mirinda-cero-calorias-2-lt/11850986.html,35.00,0.0,4 x 3,,Gratis con 300 Puntos,Puntos 'dobles' al pagar con 'FALABELLA',2026-07-01
Jugos y bebidas,Ofertas,Refresco Sangria Casera 2 L Botella,7501505630028_A,https://www.soriana.com/jugos-y-bebidas/,/refresco-sangria-casera-2-l-botella/598241.html,34.90,0.0,4 x 3,,Gratis con 300 Puntos,Puntos 'dobles' al pagar con 'FALABELLA',2026-07-01
Jugos y bebidas,Ofertas,Cappuccino Café Olé con Galleta Oreo 281 ml,7501040070440_A,https://www.soriana.com/jugos-y-bebidas/,/cappuccino-cafe-ole-con-galleta-oreo-281-ml/11364598.html,34.50,0.0,3 x 2,,Puntos 'dobles' al pagar con 'FALABELLA',,2026-07-01
Jugos y bebidas,Ofertas,Bebida Café Olé Espresso 281 ml,7501040070198_A,https://www.soriana.com/jugos-y-bebidas/,/bebida-cafe-ole-espresso-281-ml/11066915.html,34.50,0.0,3 x 2,,Puntos 'dobles' al pagar con 'FALABELLA',,2026-07-01
Jugos y bebidas,Ofertas,Refresco 7Up 2 L Botella,7501022014622_A,https://www.soriana.com/jugos-y-bebidas/,/refresco-7up-2-l-botella/11559916.html,34.50,0.0,4 x 3,,Puntos 'dobles' al pagar con 'FALABELLA',,2026-07-01
Jugos y bebidas,Ofertas,Refresco Sangria Casera 2.5 Lt,7501505630080_A,https://www.soriana.com/jugos-y-bebidas/,/refresco-sangria-casera-2.5-lt/1206662.html,33.00,0.0,4 x 3,,Gratis con 400 Puntos,Puntos 'dobles' al pagar con 'FALABELLA',2026-07-01
Jugos y bebidas,Ofertas,Refresco Pepsi 1.5 L Botella,7501031311682_A,https://www.soriana.com/jugos-y-bebidas/,/refresco-pepsi-1.5-l-botella/370619.html,32.00,0.0,4 x 3,,Gratis con 300 Puntos,Puntos 'dobles' al pagar con 'FALABELLA',2026-07-01
Jugos y bebidas,Ofertas,Agua Mineral Peñafiel Sifón 1.75 L,7501073840843_A,https://www.soriana.com/jugos-y-bebidas/,/agua-mineral-penafiel-sifon-1.75-l/11143883.html,31.90,0.0,3 x 2,,Gratis con 300 Puntos,Puntos 'dobles' al pagar con 'FALABELLA',2026-07-01
Jugos y bebidas,Ofertas,Jugo Ades Soya Manzana 946 Ml,7501005102674_A,https://www.soriana.com/jugos-y-bebidas/,/jugo-ades-soya-manzana-946-ml/552806.html,31.50,0.0,3 x 2,,Gratis con 240 Puntos,Puntos 'dobles' al pagar con 'FALABELLA',2026-07-01
Jugos y bebidas,Ofertas,Jugo Ades Soya Mango 946 Ml,7501005102681_A,https://www.soriana.com/jugos-y-bebidas/,/jugo-ades-soya-mango-946-ml/626399.html,31.50,0.0,3 x 2,,Gratis con 240 Puntos,Puntos 'dobles' al pagar con 'FALABELLA',2026-07-01
Jugos y bebidas,Ofertas,Jugo Ades Soya Guanabana 946 Ml,7501005102704_A,https://www.soriana.com/jugos-y-bebidas/,/jugo-ades-soya-guanabana-946-ml/626397.html,31.50,0.0,3 x 2,,Gratis con 240 Puntos,Puntos 'dobles' al pagar con 'FALABELLA',2026-07-01
Jugos y bebidas,Ofertas,Jugo Ades Soya Durazno 946 ml,7501005102698_A,https://www.soriana.com/jugos-y-bebidas/,/jugo-ades-soya-durazno-946-ml/1036286.html,31.50,0.0,3 x 2,,Gratis con 240 Puntos,Puntos 'dobles' al pagar con 'FALABELLA',2026-07-01
Jugos y bebidas,Ofertas,Jugo Ades Soya Uva 946 ml,7501005109086_A,https://www.soriana.com/jugos-y-bebidas/,/jugo-ades-soya-uva-946-ml/1445771.html,31.50,0.0,3 x 2,,Gratis con 240 Puntos,Puntos 'dobles' al pagar con 'FALABELLA',2026-07-01
Jugos y bebidas,Ofertas,Jugo Cóctel Clamato Cubano 473 ml,0014800000276_A,https://www.soriana.com/jugos-y-bebidas/,/jugo-coctel-clamato-cubano-473-ml/11191255.html,31.50,0.0,3 x 2,,Puntos 'dobles' al pagar con 'FALABELLA',,2026-07-01
Jugos y bebidas,Ofertas,Agua Mineral de Manantial Schweppes 1.5 L,7501073845022_A,https://www.soriana.com/jugos-y-bebidas/,/agua-mineral-de-manantial-schweppes-1.5-l/11554037.html,30.90,0.0,3 x 2,,Gratis con 300 Puntos,Puntos 'dobles' al pagar con 'FALABELLA',2026-07-01
Jugos y bebidas,Ofertas,Jugo Clamato El Original 473 Ml Botella,0014800515329_A,https://www.soriana.com/jugos-y-bebidas/,/jugo-clamato-el-original-473-ml-botella/250524.html,30.50,0.0,3 x 2,,Puntos 'dobles' al pagar con 'FALABELLA',,2026-07-01
Jugos y bebidas,Ofertas,Refresco Pepsi Light 1.5 L,7501022008584_A,https://www.soriana.com/jugos-y-bebidas/,/refresco-pepsi-light-1.5-l/11155903.html,30.00,0.0,4 x 3,,Gratis con 300 Puntos,Puntos 'dobles' al pagar con 'FALABELLA',2026-07-01
Jugos y bebidas,Ofertas,Agua Mineral Peñafiel 2 L,7501073800908_A,https://www.soriana.com/jugos-y-bebidas/,/agua-mineral-penafiel-2-l/383939.html,31.00,26.00,3 x 2,,Gratis con 300 Puntos,Puntos 'dobles' al pagar con 'FALABELLA',2026-07-01
Jugos y bebidas,Ofertas,Bebida con Jugo V8 Splash Naranja Zanahoria 500 ml,7501011350700_A,https://www.soriana.com/jugos-y-bebidas/,/bebida-con-jugo-v8-splash-naranja-zanahoria-500-ml/9100691.html,24.90,0.0,3 x 2,,Puntos 'dobles' al pagar con 'FALABELLA',,2026-07-01
Jugos y bebidas,Ofertas,Jugo de Tomate Kermato Jumex con Salsa Negra La Costeña 1.8 lts,7501013101515_A,https://www.soriana.com/jugos-y-bebidas/,/jugo-de-tomate-kermato-jumex-con-salsa-negra-la-costena-1.8-lts/11928618.html,24.50,0.0,3 x 2,,Puntos 'dobles' al pagar con 'FALABELLA',,2026-07-01
Jugos y bebidas,Ofertas,Agua Mineral de Manantial Garci Crespo Botella 275 ml,7501022013106_A,https://www.soriana.com/jugos-y-bebidas/,/agua-mineral-de-manantial-garci-crespo-botella-275-ml/11434279.html,23.50,0.0,3 x 2,,Puntos 'dobles' al pagar con 'FALABELLA',,2026-07-01
Jugos y bebidas,Ofertas,Bebida con Jugo V8 Splash sabor Moras 500 ml,7501011350687_A,https://www.soriana.com/jugos-y-bebidas/,/bebida-con-jugo-v8-splash-sabor-moras-500-ml/9100694.html,23.00,0.0,3 x 2,,Puntos 'dobles' al pagar con 'FALABELLA',,2026-07-01
Jugos y bebidas,Ofertas,Bebida con Jugo V8 Splash sabor Fresa Kiwi 500 ml,7501011350694_A,https://www.soriana.com/jugos-y-bebidas/,/bebida-con-jugo-v8-splash-sabor-fresa-kiwi-500-ml/9100690.html,23.00,0.0,3 x 2,,Puntos 'dobles' al pagar con 'FALABELLA',,2026-07-01
Jugos y bebidas,Ofertas,Refresco Coca Cola Original 600 ml,0000075007614_A,https://www.soriana.com/jugos-y-bebidas/,/refresco-coca-cola-original-600-ml/245837.html,23.00,0.0,20% en Dinero electrónico,,Gratis con 160 Puntos,Puntos 'dobles' al pagar con 'FALABELLA',2026-07-01
Jugos y bebidas,Ofertas,Agua Mineral Canada Dry 2 L Botella,7501198333565_A,https://www.soriana.com/jugos-y-bebidas/,/agua-mineral-canada-dry-2-l-botella/559891.html,22.90,0.0,3 x 2,,Gratis con 300 Puntos,Puntos 'dobles' al pagar con 'FALABELLA',2026-07-01
Jugos y bebidas,Ofertas,Jugo de Tomate Clamato Con Almeja 296 Ml Botella,0014800515312_A,https://www.soriana.com/jugos-y-bebidas/,/jugo-de-tomate-clamato-con-almeja-296-ml-botella/250523.html,22.50,0.0,3 x 2,,Puntos 'dobles' al pagar con 'FALABELLA',,2026-07-01
Jugos y bebidas,Ofertas,Agua Mineral de Manantial Schweppes 600 ml,7501073845015_A,https://www.soriana.com/jugos-y-bebidas/,/agua-mineral-de-manantial-schweppes-600-ml/11554038.html,21.90,0.0,3 x 2,,Gratis con 160 Puntos,Puntos 'dobles' al pagar con 'FALABELLA',2026-07-01
Jugos y bebidas,Ofertas,Agua Mineral Peñafiel 1 L Botella,7501073830028_A,https://www.soriana.com/jugos-y-bebidas/,/agua-mineral-penafiel-1-l-botella/658232.html,20.90,0.0,3 x 2,,Puntos 'dobles' al pagar con 'FALABELLA',,2026-07-01
Jugos y bebidas,Ofertas,Agua Mineral Garci Crespo 2 Lt,7501022012062_A,https://www.soriana.com/jugos-y-bebidas/,/agua-mineral-garci-crespo-2-lt/11501005.html,20.50,0.0,3 x 2,,Gratis con 300 Puntos,Puntos 'dobles' al pagar con 'FALABELLA',2026-07-01
Jugos y bebidas,Ofertas,Agua Mineral Peñafiel 600 ml,7501073830509_A,https://www.soriana.com/jugos-y-bebidas/,/agua-mineral-penafiel-600-ml/1017013.html,19.90,0.0,3 x 2,,Gratis con 160 Puntos,Puntos 'dobles' al pagar con 'FALABELLA',2026-07-01
Jugos y bebidas,Ofertas,Refresco Squirt 600 Ml,7501071120183_A,https://www.soriana.com/jugos-y-bebidas/,/refresco-squirt-600-ml/555320.html,19.00,0.0,4 x 3,,Gratis con 160 Puntos,Puntos 'dobles' al pagar con 'FALABELLA',2026-07-01
Jugos y bebidas,Ofertas,Refresco Casera Sangria 600 ml,7501505630073_A,https://www.soriana.com/jugos-y-bebidas/,/refresco-casera-sangria-600-ml/1036281.html,18.00,0.0,4 x 3,,Gratis con 160 Puntos,Puntos 'dobles' al pagar con 'FALABELLA',2026-07-01
Jugos y bebidas,Ofertas,Refresco Mirinda Naranja Botella 600 ml,7501022014912_A,https://www.soriana.com/jugos-y-bebidas/,/refresco-mirinda-naranja-botella-600-ml/11726501.html,18.00,0.0,4 x 3,,Gratis con 160 Puntos,Puntos 'dobles' al pagar con 'FALABELLA',2026-07-01
Jugos y bebidas,Ofertas,Refresco 7 Up sabor Lima Limón 600 ml,7501022014585_A,https://www.soriana.com/jugos-y-bebidas/,/refresco-7-up-sabor-lima-limon-600-ml/11528152.html,18.00,0.0,4 x 3,,Gratis con 160 Puntos,Puntos 'dobles' al pagar con 'FALABELLA',2026-07-01
Jugos y bebidas,Ofertas,Refresco Pepsi 600 Ml Botella,7501031310012_A,https://www.soriana.com/jugos-y-bebidas/,/refresco-pepsi-600-ml-botella/553832.html,18.00,0.0,4 x 3,,Gratis con 160 Puntos,Puntos 'dobles' al pagar con 'FALABELLA',2026-07-01
Jugos y bebidas,Ofertas,Refresco Squirt Light 600 ml,7501071140242_A,https://www.soriana.com/jugos-y-bebidas/,/refresco-squirt-light-600-ml/1013955.html,17.50,0.0,4 x 3,,Gratis con 160 Puntos,Puntos 'dobles' al pagar con 'FALABELLA',2026-07-01
Jugos y bebidas,Ofertas,Refresco Pepsi Black sin Azúcar 600 ml,7501022013052_A,https://www.soriana.com/jugos-y-bebidas/,/refresco-pepsi-black-sin-azucar-600-ml/11425966.html,17.50,0.0,4 x 3,,Gratis con 160 Puntos,Puntos 'dobles' al pagar con 'FALABELLA',2026-07-01
Jugos y bebidas,Ofertas,Refresco Pepsi Light 600 Ml Botella,7501031312559_A,https://www.soriana.com/jugos-y-bebidas/,/refresco-pepsi-light-600-ml-botella/630617.html,17.50,0.0,4 x 3,,Gratis con 160 Puntos,Puntos 'dobles' al pagar con 'FALABELLA',2026-07-01
Jugos y bebidas,Ofertas,Refresco Coca Cola Zero 600 ml,7501055320639_A,https://www.soriana.com/jugos-y-bebidas/,/refresco-coca-cola-zero-600-ml/3040115.html,17.50,0.0,Combo,,Gratis con 160 Puntos,Puntos 'dobles' al pagar con 'FALABELLA',2026-07-01
Jugos y bebidas,Ofertas,Refresco 7 Up Libre Lima/Limón 600 ml,7501031305087_A,https://www.soriana.com/jugos-y-bebidas/,/refresco-7-up-libre-lima-limon-600-ml/1118839.html,17.00,0.0,4 x 3,,Puntos 'dobles' al pagar con 'FALABELLA',,2026-07-01
Jugos y bebidas,Ofertas,Jugo de 8 Verduras Herdez Picante Limón 330 ml,7501003106155_A,https://www.soriana.com/jugos-y-bebidas/,/jugo-de-8-verduras-herdez-picante-limon-330-ml/11662521.html,17.00,0.0,3 x 2,Aplica cupón,Puntos 'dobles' al pagar con 'FALABELLA',,2026-07-01
Jugos y bebidas,Ofertas,Agua Natural Ciel 1.5 L Botella,7501055304721_A,https://www.soriana.com/jugos-y-bebidas/,/agua-natural-ciel-1.5-l-botella/554552.html,16.40,0.0,4 x 3,,Gratis con 100 Puntos,Puntos 'dobles' al pagar con 'FALABELLA',2026-07-01
Jugos y bebidas,Ofertas,Jugo Kermato Tomate con Almeja 245 ml,7501013100969_A,https://www.soriana.com/jugos-y-bebidas/,/jugo-kermato-tomate-con-almeja-245-ml/11389514.html,16.00,0.0,3 x 2,,Puntos 'dobles' al pagar con 'FALABELLA',,2026-07-01
Jugos y bebidas,Ofertas,Jugo de 8 Verduras Herdez Original 330 ml,7501003106223_A,https://www.soriana.com/jugos-y-bebidas/,/jugo-de-8-verduras-herdez-original-330-ml/11662520.html,16.00,0.0,3 x 2,Aplica cupón,Puntos 'dobles' al pagar con 'FALABELLA',,2026-07-01
Jugos y bebidas,Ofertas,Jugo de Verduras V8 Original Lata 340 ml,7501011351097_A,https://www.soriana.com/jugos-y-bebidas/,/jugo-de-verduras-v8-original-lata-340-ml/11580113.html,15.90,0.0,3 x 2,,Puntos 'dobles' al pagar con 'FALABELLA',,2026-07-01
Jugos y bebidas,Ofertas,Refresco Vita Botella Fresa 600 ml,7501371000796_A,https://www.soriana.com/jugos-y-bebidas/,/refresco-vita-botella-fresa-600-ml/1021891.html,15.50,0.0,4 x 3,,Gratis con 160 Puntos,Puntos 'dobles' al pagar con 'FALABELLA',2026-07-01
Jugos y bebidas,Ofertas,Refresco 7 Up sabor Lima Limón 400 ml,7501022013885_A,https://www.soriana.com/jugos-y-bebidas/,/refresco-7-up-sabor-lima-limon-400-ml/11435726.html,12.70,0.0,3 x 30.00,,Puntos 'dobles' al pagar con 'FALABELLA',,2026-07-01
Jugos y bebidas,Ofertas,Refresco Squirt 400 Ml Botella,7501071120664_A,https://www.soriana.com/jugos-y-bebidas/,/refresco-squirt-400-ml-botella/2100578.html,12.70,0.0,3 x 30.00,,Puntos 'dobles' al pagar con 'FALABELLA',,2026-07-01
Jugos y bebidas,Ofertas,Refresco Pepsi Original 400 ml,7501031302741_A,https://www.soriana.com/jugos-y-bebidas/,/refresco-pepsi-original-400-ml/3069713.html,12.60,0.0,3 x 30.00,,Puntos 'dobles' al pagar con 'FALABELLA',,2026-07-01
Jugos y bebidas,Ofertas,Refresco Manzanita Sol 0 Calorías 400 ml,7501022015513_A,https://www.soriana.com/jugos-y-bebidas/,/refresco-manzanita-sol-0-calorias-400-ml/11803355.html,12.00,0.0,3 x 30.00,,Puntos 'dobles' al pagar con 'FALABELLA',,2026-07-01
Jugos y bebidas,Ofertas,Agua Mineral Canada Dry 600 ml,7501198350012_A,https://www.soriana.com/jugos-y-bebidas/,/agua-mineral-canada-dry-600-ml/1008379.html,11.70,0.0,3 x 2,,Gratis con 160 Puntos,Puntos 'dobles' al pagar con 'FALABELLA',2026-07-01
Jugos y bebidas,Ofertas,Agua Natural Ciel 1 Lt,7501055310883_A,https://www.soriana.com/jugos-y-bebidas/,/agua-natural-ciel-1-lt/1226131.html,11.00,0.0,4 x 3,,Gratis con 100 Puntos,Puntos 'dobles' al pagar con 'FALABELLA',2026-07-01
Jugos y bebidas,Ofertas,Jugo Ades Soya Naranja 200 ml,7501005114516_A,https://www.soriana.com/jugos-y-bebidas/,/jugo-ades-soya-naranja-200-ml/1032223.html,10.10,0.0,3 x 2,,Gratis con 60 Puntos,Puntos 'dobles' al pagar con 'FALABELLA',2026-07-01
Jugos y bebidas,Ofertas,Agua Mineral Peñafiel 355 ml,7501073831148_A,https://www.soriana.com/jugos-y-bebidas/,/agua-mineral-penafiel-355-ml/1995158.html,10.00,0.0,3 x 2,,Puntos 'dobles' al pagar con 'FALABELLA',,2026-07-01
Jugos y bebidas,Ofertas,Agua Natural Ciel 600 ml,7501055307906_A,https://www.soriana.com/jugos-y-bebidas/,/agua-natural-ciel-600-ml/1037811.html,10.00,0.0,4 x 3,,Gratis con 80 Puntos,Puntos 'dobles' al pagar con 'FALABELLA',2026-07-01
Jugos y bebidas,Ofertas,Refresco Pepsi Light 400 ml,7501031306022_A,https://www.soriana.com/jugos-y-bebidas/,/refresco-pepsi-light-400-ml/2100577.html,10.00,0.0,3 x 30.00,,Puntos 'dobles' al pagar con 'FALABELLA',,2026-07-01
Jugos y bebidas,Ofertas,Jugo Ades Soya Manzana 200 ml,7501005114509_A,https://www.soriana.com/jugos-y-bebidas/,/jugo-ades-soya-manzana-200-ml/1032221.html,9.90,0.0,3 x 2,,Gratis con 60 Puntos,Puntos 'dobles' al pagar con 'FALABELLA',2026-07-01
Jugos y bebidas,Ofertas,Jugo Ades Soya Uva 200 ml,7501005109079_A,https://www.soriana.com/jugos-y-bebidas/,/jugo-ades-soya-uva-200-ml/1445765.html,9.90,0.0,3 x 2,,Gratis con 60 Puntos,Puntos 'dobles' al pagar con 'FALABELLA',2026-07-01
Jugos y bebidas,Ofertas,Jugo Ades Soya Mango 200 ml,7501005114523_A,https://www.soriana.com/jugos-y-bebidas/,/jugo-ades-soya-mango-200-ml/1032224.html,9.90,0.0,3 x 2,,Gratis con 60 Puntos,Puntos 'dobles' al pagar con 'FALABELLA',2026-07-01
Jugos y bebidas,Ofertas,Jugo Ades Soya Durazno 200 ml,7501005113373_A,https://www.soriana.com/jugos-y-bebidas/,/jugo-ades-soya-durazno-200-ml/1154007.html,9.90,0.0,3 x 2,,Gratis con 60 Puntos,Puntos 'dobles' al pagar con 'FALABELLA',2026-07-01
Jugos y bebidas,Ofertas,Agua Natural Cristal 500 ml,7501032401238_A,https://www.soriana.com/jugos-y-bebidas/,/agua-natural-cristal-500-ml/1061333.html,6.21,0.0,4 x 3,,Gratis con 80 Puntos,Puntos 'dobles' al pagar con 'FALABELLA',2026-07-01
