[2026-09-21T22:31:49.264+0000] {processor.py:186} INFO - Started process (PID=171) to work on /opt/airflow/dags/spotify_etl_pro.py
[2026-09-21T22:31:49.267+0000] {processor.py:914} INFO - Processing file /opt/airflow/dags/spotify_etl_pro.py for tasks to queue
[2026-09-21T22:31:49.277+0000] {logging_mixin.py:190} INFO - [2026-09-21T22:31:49.277+0000] {dagbag.py:588} INFO - Filling up the DagBag from /opt/airflow/dags/spotify_etl_pro.py
[2026-09-21T22:31:49.357+0000] {processor.py:925} INFO - DAG(s) 'spotify_etl_pro' retrieved from /opt/airflow/dags/spotify_etl_pro.py
[2026-09-21T22:31:49.939+0000] {logging_mixin.py:190} INFO - [2026-09-21T22:31:49.939+0000] {dag.py:3239} INFO - Sync 1 DAGs
[2026-09-21T22:31:50.031+0000] {logging_mixin.py:190} INFO - [2026-09-21T22:31:50.031+0000] {dag.py:4180} INFO - Setting next_dagrun for spotify_etl_pro to 2026-09-21 00:00:00+00:00, run_after=2026-09-22 00:00:00+00:00
[2026-09-21T22:31:50.117+0000] {processor.py:208} INFO - Processing /opt/airflow/dags/spotify_etl_pro.py took 0.874 seconds
[2026-09-21T22:32:20.711+0000] {processor.py:186} INFO - Started process (PID=218) to work on /opt/airflow/dags/spotify_etl_pro.py
[2026-09-21T22:32:20.712+0000] {processor.py:914} INFO - Processing file /opt/airflow/dags/spotify_etl_pro.py for tasks to queue
[2026-09-21T22:32:20.718+0000] {logging_mixin.py:190} INFO - [2026-09-21T22:32:20.717+0000] {dagbag.py:588} INFO - Filling up the DagBag from /opt/airflow/dags/spotify_etl_pro.py
[2026-09-21T22:32:20.756+0000] {processor.py:925} INFO - DAG(s) 'spotify_etl_pro' retrieved from /opt/airflow/dags/spotify_etl_pro.py
[2026-09-21T22:32:20.832+0000] {logging_mixin.py:190} INFO - [2026-09-21T22:32:20.832+0000] {dag.py:3239} INFO - Sync 1 DAGs
[2026-09-21T22:32:20.850+0000] {logging_mixin.py:190} INFO - [2026-09-21T22:32:20.850+0000] {dag.py:4180} INFO - Setting next_dagrun for spotify_etl_pro to 2026-09-21 00:00:00+00:00, run_after=2026-09-22 00:00:00+00:00
[2026-09-21T22:32:20.860+0000] {processor.py:208} INFO - Processing /opt/airflow/dags/spotify_etl_pro.py took 0.161 seconds
[2026-09-21T22:32:29.998+0000] {processor.py:186} INFO - Started process (PID=223) to work on /opt/airflow/dags/spotify_etl_pro.py
[2026-09-21T22:32:30.000+0000] {processor.py:914} INFO - Processing file /opt/airflow/dags/spotify_etl_pro.py for tasks to queue
[2026-09-21T22:32:30.004+0000] {logging_mixin.py:190} INFO - [2026-09-21T22:32:30.004+0000] {dagbag.py:588} INFO - Filling up the DagBag from /opt/airflow/dags/spotify_etl_pro.py
[2026-09-21T22:32:30.066+0000] {processor.py:925} INFO - DAG(s) 'spotify_etl_pro' retrieved from /opt/airflow/dags/spotify_etl_pro.py
[2026-09-21T22:32:30.328+0000] {logging_mixin.py:190} INFO - [2026-09-21T22:32:30.328+0000] {dag.py:3239} INFO - Sync 1 DAGs
[2026-09-21T22:32:30.342+0000] {logging_mixin.py:190} INFO - [2026-09-21T22:32:30.342+0000] {dag.py:4180} INFO - Setting next_dagrun for spotify_etl_pro to 2026-09-21 00:00:00+00:00, run_after=2026-09-22 00:00:00+00:00
[2026-09-21T22:32:30.356+0000] {processor.py:208} INFO - Processing /opt/airflow/dags/spotify_etl_pro.py took 0.376 seconds
[2026-09-21T22:33:00.716+0000] {processor.py:186} INFO - Started process (PID=258) to work on /opt/airflow/dags/spotify_etl_pro.py
[2026-09-21T22:33:00.718+0000] {processor.py:914} INFO - Processing file /opt/airflow/dags/spotify_etl_pro.py for tasks to queue
[2026-09-21T22:33:00.728+0000] {logging_mixin.py:190} INFO - [2026-09-21T22:33:00.727+0000] {dagbag.py:588} INFO - Filling up the DagBag from /opt/airflow/dags/spotify_etl_pro.py
[2026-09-21T22:33:00.768+0000] {processor.py:925} INFO - DAG(s) 'spotify_etl_pro' retrieved from /opt/airflow/dags/spotify_etl_pro.py
[2026-09-21T22:33:00.852+0000] {logging_mixin.py:190} INFO - [2026-09-21T22:33:00.852+0000] {dag.py:3239} INFO - Sync 1 DAGs
[2026-09-21T22:33:00.870+0000] {logging_mixin.py:190} INFO - [2026-09-21T22:33:00.870+0000] {dag.py:4180} INFO - Setting next_dagrun for spotify_etl_pro to 2026-09-21 00:00:00+00:00, run_after=2026-09-22 00:00:00+00:00
[2026-09-21T22:33:00.888+0000] {processor.py:208} INFO - Processing /opt/airflow/dags/spotify_etl_pro.py took 0.183 seconds
[2026-09-21T22:33:31.148+0000] {processor.py:186} INFO - Started process (PID=270) to work on /opt/airflow/dags/spotify_etl_pro.py
[2026-09-21T22:33:31.149+0000] {processor.py:914} INFO - Processing file /opt/airflow/dags/spotify_etl_pro.py for tasks to queue
[2026-09-21T22:33:31.153+0000] {logging_mixin.py:190} INFO - [2026-09-21T22:33:31.152+0000] {dagbag.py:588} INFO - Filling up the DagBag from /opt/airflow/dags/spotify_etl_pro.py
[2026-09-21T22:33:31.187+0000] {processor.py:925} INFO - DAG(s) 'spotify_etl_pro' retrieved from /opt/airflow/dags/spotify_etl_pro.py
[2026-09-21T22:33:31.257+0000] {logging_mixin.py:190} INFO - [2026-09-21T22:33:31.257+0000] {dag.py:3239} INFO - Sync 1 DAGs
[2026-09-21T22:33:31.278+0000] {logging_mixin.py:190} INFO - [2026-09-21T22:33:31.277+0000] {dag.py:4180} INFO - Setting next_dagrun for spotify_etl_pro to 2026-09-21 00:00:00+00:00, run_after=2026-09-22 00:00:00+00:00
[2026-09-21T22:33:31.289+0000] {processor.py:208} INFO - Processing /opt/airflow/dags/spotify_etl_pro.py took 0.160 seconds
[2026-09-21T22:34:01.634+0000] {processor.py:186} INFO - Started process (PID=278) to work on /opt/airflow/dags/spotify_etl_pro.py
[2026-09-21T22:34:01.636+0000] {processor.py:914} INFO - Processing file /opt/airflow/dags/spotify_etl_pro.py for tasks to queue
[2026-09-21T22:34:01.641+0000] {logging_mixin.py:190} INFO - [2026-09-21T22:34:01.640+0000] {dagbag.py:588} INFO - Filling up the DagBag from /opt/airflow/dags/spotify_etl_pro.py
[2026-09-21T22:34:01.686+0000] {processor.py:925} INFO - DAG(s) 'spotify_etl_pro' retrieved from /opt/airflow/dags/spotify_etl_pro.py
[2026-09-21T22:34:01.768+0000] {logging_mixin.py:190} INFO - [2026-09-21T22:34:01.768+0000] {dag.py:3239} INFO - Sync 1 DAGs
[2026-09-21T22:34:01.790+0000] {logging_mixin.py:190} INFO - [2026-09-21T22:34:01.789+0000] {dag.py:4180} INFO - Setting next_dagrun for spotify_etl_pro to 2026-09-21 00:00:00+00:00, run_after=2026-09-22 00:00:00+00:00
[2026-09-21T22:34:01.802+0000] {processor.py:208} INFO - Processing /opt/airflow/dags/spotify_etl_pro.py took 0.182 seconds
[2026-09-21T22:34:32.227+0000] {processor.py:186} INFO - Started process (PID=283) to work on /opt/airflow/dags/spotify_etl_pro.py
[2026-09-21T22:34:32.229+0000] {processor.py:914} INFO - Processing file /opt/airflow/dags/spotify_etl_pro.py for tasks to queue
[2026-09-21T22:34:32.233+0000] {logging_mixin.py:190} INFO - [2026-09-21T22:34:32.233+0000] {dagbag.py:588} INFO - Filling up the DagBag from /opt/airflow/dags/spotify_etl_pro.py
[2026-09-21T22:34:32.277+0000] {processor.py:925} INFO - DAG(s) 'spotify_etl_pro' retrieved from /opt/airflow/dags/spotify_etl_pro.py
[2026-09-21T22:34:32.360+0000] {logging_mixin.py:190} INFO - [2026-09-21T22:34:32.360+0000] {dag.py:3239} INFO - Sync 1 DAGs
[2026-09-21T22:34:32.386+0000] {logging_mixin.py:190} INFO - [2026-09-21T22:34:32.385+0000] {dag.py:4180} INFO - Setting next_dagrun for spotify_etl_pro to 2026-09-21 00:00:00+00:00, run_after=2026-09-22 00:00:00+00:00
[2026-09-21T22:34:32.397+0000] {processor.py:208} INFO - Processing /opt/airflow/dags/spotify_etl_pro.py took 0.198 seconds
[2026-09-21T22:35:02.719+0000] {processor.py:186} INFO - Started process (PID=288) to work on /opt/airflow/dags/spotify_etl_pro.py
[2026-09-21T22:35:02.721+0000] {processor.py:914} INFO - Processing file /opt/airflow/dags/spotify_etl_pro.py for tasks to queue
[2026-09-21T22:35:02.724+0000] {logging_mixin.py:190} INFO - [2026-09-21T22:35:02.724+0000] {dagbag.py:588} INFO - Filling up the DagBag from /opt/airflow/dags/spotify_etl_pro.py
[2026-09-21T22:35:02.771+0000] {processor.py:925} INFO - DAG(s) 'spotify_etl_pro' retrieved from /opt/airflow/dags/spotify_etl_pro.py
[2026-09-21T22:35:02.876+0000] {logging_mixin.py:190} INFO - [2026-09-21T22:35:02.875+0000] {dag.py:3239} INFO - Sync 1 DAGs
[2026-09-21T22:35:02.916+0000] {logging_mixin.py:190} INFO - [2026-09-21T22:35:02.916+0000] {dag.py:4180} INFO - Setting next_dagrun for spotify_etl_pro to 2026-09-21 00:00:00+00:00, run_after=2026-09-22 00:00:00+00:00
[2026-09-21T22:35:02.935+0000] {processor.py:208} INFO - Processing /opt/airflow/dags/spotify_etl_pro.py took 0.230 seconds
[2026-09-21T22:35:33.187+0000] {processor.py:186} INFO - Started process (PID=330) to work on /opt/airflow/dags/spotify_etl_pro.py
[2026-09-21T22:35:33.188+0000] {processor.py:914} INFO - Processing file /opt/airflow/dags/spotify_etl_pro.py for tasks to queue
[2026-09-21T22:35:33.191+0000] {logging_mixin.py:190} INFO - [2026-09-21T22:35:33.191+0000] {dagbag.py:588} INFO - Filling up the DagBag from /opt/airflow/dags/spotify_etl_pro.py
[2026-09-21T22:35:33.217+0000] {processor.py:925} INFO - DAG(s) 'spotify_etl_pro' retrieved from /opt/airflow/dags/spotify_etl_pro.py
[2026-09-21T22:35:33.291+0000] {logging_mixin.py:190} INFO - [2026-09-21T22:35:33.290+0000] {dag.py:3239} INFO - Sync 1 DAGs
[2026-09-21T22:35:33.306+0000] {logging_mixin.py:190} INFO - [2026-09-21T22:35:33.305+0000] {dag.py:4180} INFO - Setting next_dagrun for spotify_etl_pro to 2026-09-21 00:00:00+00:00, run_after=2026-09-22 00:00:00+00:00
[2026-09-21T22:35:33.315+0000] {processor.py:208} INFO - Processing /opt/airflow/dags/spotify_etl_pro.py took 0.137 seconds
[2026-09-21T22:36:03.616+0000] {processor.py:186} INFO - Started process (PID=338) to work on /opt/airflow/dags/spotify_etl_pro.py
[2026-09-21T22:36:03.618+0000] {processor.py:914} INFO - Processing file /opt/airflow/dags/spotify_etl_pro.py for tasks to queue
[2026-09-21T22:36:03.620+0000] {logging_mixin.py:190} INFO - [2026-09-21T22:36:03.620+0000] {dagbag.py:588} INFO - Filling up the DagBag from /opt/airflow/dags/spotify_etl_pro.py
[2026-09-21T22:36:03.646+0000] {processor.py:925} INFO - DAG(s) 'spotify_etl_pro' retrieved from /opt/airflow/dags/spotify_etl_pro.py
[2026-09-21T22:36:03.713+0000] {logging_mixin.py:190} INFO - [2026-09-21T22:36:03.713+0000] {dag.py:3239} INFO - Sync 1 DAGs
[2026-09-21T22:36:03.727+0000] {logging_mixin.py:190} INFO - [2026-09-21T22:36:03.727+0000] {dag.py:4180} INFO - Setting next_dagrun for spotify_etl_pro to 2026-09-21 00:00:00+00:00, run_after=2026-09-22 00:00:00+00:00
[2026-09-21T22:36:03.737+0000] {processor.py:208} INFO - Processing /opt/airflow/dags/spotify_etl_pro.py took 0.132 seconds
[2026-09-21T22:36:34.070+0000] {processor.py:186} INFO - Started process (PID=343) to work on /opt/airflow/dags/spotify_etl_pro.py
[2026-09-21T22:36:34.071+0000] {processor.py:914} INFO - Processing file /opt/airflow/dags/spotify_etl_pro.py for tasks to queue
[2026-09-21T22:36:34.074+0000] {logging_mixin.py:190} INFO - [2026-09-21T22:36:34.073+0000] {dagbag.py:588} INFO - Filling up the DagBag from /opt/airflow/dags/spotify_etl_pro.py
[2026-09-21T22:36:34.102+0000] {processor.py:925} INFO - DAG(s) 'spotify_etl_pro' retrieved from /opt/airflow/dags/spotify_etl_pro.py
[2026-09-21T22:36:34.168+0000] {logging_mixin.py:190} INFO - [2026-09-21T22:36:34.168+0000] {dag.py:3239} INFO - Sync 1 DAGs
[2026-09-21T22:36:34.185+0000] {logging_mixin.py:190} INFO - [2026-09-21T22:36:34.185+0000] {dag.py:4180} INFO - Setting next_dagrun for spotify_etl_pro to 2026-09-21 00:00:00+00:00, run_after=2026-09-22 00:00:00+00:00
[2026-09-21T22:36:34.196+0000] {processor.py:208} INFO - Processing /opt/airflow/dags/spotify_etl_pro.py took 0.135 seconds
[2026-09-21T22:37:04.601+0000] {processor.py:186} INFO - Started process (PID=348) to work on /opt/airflow/dags/spotify_etl_pro.py
[2026-09-21T22:37:04.602+0000] {processor.py:914} INFO - Processing file /opt/airflow/dags/spotify_etl_pro.py for tasks to queue
[2026-09-21T22:37:04.606+0000] {logging_mixin.py:190} INFO - [2026-09-21T22:37:04.606+0000] {dagbag.py:588} INFO - Filling up the DagBag from /opt/airflow/dags/spotify_etl_pro.py
[2026-09-21T22:37:04.638+0000] {processor.py:925} INFO - DAG(s) 'spotify_etl_pro' retrieved from /opt/airflow/dags/spotify_etl_pro.py
[2026-09-21T22:37:04.727+0000] {logging_mixin.py:190} INFO - [2026-09-21T22:37:04.727+0000] {dag.py:3239} INFO - Sync 1 DAGs
[2026-09-21T22:37:04.750+0000] {logging_mixin.py:190} INFO - [2026-09-21T22:37:04.750+0000] {dag.py:4180} INFO - Setting next_dagrun for spotify_etl_pro to 2026-09-21 00:00:00+00:00, run_after=2026-09-22 00:00:00+00:00
[2026-09-21T22:37:04.763+0000] {processor.py:208} INFO - Processing /opt/airflow/dags/spotify_etl_pro.py took 0.175 seconds
[2026-09-21T22:37:35.054+0000] {processor.py:186} INFO - Started process (PID=353) to work on /opt/airflow/dags/spotify_etl_pro.py
[2026-09-21T22:37:35.055+0000] {processor.py:914} INFO - Processing file /opt/airflow/dags/spotify_etl_pro.py for tasks to queue
[2026-09-21T22:37:35.059+0000] {logging_mixin.py:190} INFO - [2026-09-21T22:37:35.058+0000] {dagbag.py:588} INFO - Filling up the DagBag from /opt/airflow/dags/spotify_etl_pro.py
[2026-09-21T22:37:35.096+0000] {processor.py:925} INFO - DAG(s) 'spotify_etl_pro' retrieved from /opt/airflow/dags/spotify_etl_pro.py
[2026-09-21T22:37:35.172+0000] {logging_mixin.py:190} INFO - [2026-09-21T22:37:35.172+0000] {dag.py:3239} INFO - Sync 1 DAGs
[2026-09-21T22:37:35.187+0000] {logging_mixin.py:190} INFO - [2026-09-21T22:37:35.187+0000] {dag.py:4180} INFO - Setting next_dagrun for spotify_etl_pro to 2026-09-21 00:00:00+00:00, run_after=2026-09-22 00:00:00+00:00
[2026-09-21T22:37:35.197+0000] {processor.py:208} INFO - Processing /opt/airflow/dags/spotify_etl_pro.py took 0.163 seconds
[2026-09-21T22:38:05.660+0000] {processor.py:186} INFO - Started process (PID=358) to work on /opt/airflow/dags/spotify_etl_pro.py
[2026-09-21T22:38:05.662+0000] {processor.py:914} INFO - Processing file /opt/airflow/dags/spotify_etl_pro.py for tasks to queue
[2026-09-21T22:38:05.666+0000] {logging_mixin.py:190} INFO - [2026-09-21T22:38:05.665+0000] {dagbag.py:588} INFO - Filling up the DagBag from /opt/airflow/dags/spotify_etl_pro.py
[2026-09-21T22:38:05.703+0000] {processor.py:925} INFO - DAG(s) 'spotify_etl_pro' retrieved from /opt/airflow/dags/spotify_etl_pro.py
[2026-09-21T22:38:05.770+0000] {logging_mixin.py:190} INFO - [2026-09-21T22:38:05.770+0000] {dag.py:3239} INFO - Sync 1 DAGs
[2026-09-21T22:38:05.784+0000] {logging_mixin.py:190} INFO - [2026-09-21T22:38:05.784+0000] {dag.py:4180} INFO - Setting next_dagrun for spotify_etl_pro to 2026-09-21 00:00:00+00:00, run_after=2026-09-22 00:00:00+00:00
[2026-09-21T22:38:05.799+0000] {processor.py:208} INFO - Processing /opt/airflow/dags/spotify_etl_pro.py took 0.153 seconds
[2026-09-21T22:38:36.120+0000] {processor.py:186} INFO - Started process (PID=363) to work on /opt/airflow/dags/spotify_etl_pro.py
[2026-09-21T22:38:36.122+0000] {processor.py:914} INFO - Processing file /opt/airflow/dags/spotify_etl_pro.py for tasks to queue
[2026-09-21T22:38:36.129+0000] {logging_mixin.py:190} INFO - [2026-09-21T22:38:36.128+0000] {dagbag.py:588} INFO - Filling up the DagBag from /opt/airflow/dags/spotify_etl_pro.py
[2026-09-21T22:38:36.156+0000] {processor.py:925} INFO - DAG(s) 'spotify_etl_pro' retrieved from /opt/airflow/dags/spotify_etl_pro.py
[2026-09-21T22:38:36.226+0000] {logging_mixin.py:190} INFO - [2026-09-21T22:38:36.226+0000] {dag.py:3239} INFO - Sync 1 DAGs
[2026-09-21T22:38:36.243+0000] {logging_mixin.py:190} INFO - [2026-09-21T22:38:36.242+0000] {dag.py:4180} INFO - Setting next_dagrun for spotify_etl_pro to 2026-09-21 00:00:00+00:00, run_after=2026-09-22 00:00:00+00:00
[2026-09-21T22:38:36.252+0000] {processor.py:208} INFO - Processing /opt/airflow/dags/spotify_etl_pro.py took 0.142 seconds
[2026-09-21T22:39:06.697+0000] {processor.py:186} INFO - Started process (PID=405) to work on /opt/airflow/dags/spotify_etl_pro.py
[2026-09-21T22:39:06.699+0000] {processor.py:914} INFO - Processing file /opt/airflow/dags/spotify_etl_pro.py for tasks to queue
[2026-09-21T22:39:06.702+0000] {logging_mixin.py:190} INFO - [2026-09-21T22:39:06.702+0000] {dagbag.py:588} INFO - Filling up the DagBag from /opt/airflow/dags/spotify_etl_pro.py
[2026-09-21T22:39:06.744+0000] {processor.py:925} INFO - DAG(s) 'spotify_etl_pro' retrieved from /opt/airflow/dags/spotify_etl_pro.py
[2026-09-21T22:39:06.831+0000] {logging_mixin.py:190} INFO - [2026-09-21T22:39:06.830+0000] {dag.py:3239} INFO - Sync 1 DAGs
[2026-09-21T22:39:06.857+0000] {logging_mixin.py:190} INFO - [2026-09-21T22:39:06.857+0000] {dag.py:4180} INFO - Setting next_dagrun for spotify_etl_pro to 2026-09-21 00:00:00+00:00, run_after=2026-09-22 00:00:00+00:00
[2026-09-21T22:39:06.877+0000] {processor.py:208} INFO - Processing /opt/airflow/dags/spotify_etl_pro.py took 0.196 seconds
[2026-09-21T22:39:37.399+0000] {processor.py:186} INFO - Started process (PID=413) to work on /opt/airflow/dags/spotify_etl_pro.py
[2026-09-21T22:39:37.404+0000] {processor.py:914} INFO - Processing file /opt/airflow/dags/spotify_etl_pro.py for tasks to queue
[2026-09-21T22:39:37.408+0000] {logging_mixin.py:190} INFO - [2026-09-21T22:39:37.408+0000] {dagbag.py:588} INFO - Filling up the DagBag from /opt/airflow/dags/spotify_etl_pro.py
[2026-09-21T22:39:37.447+0000] {processor.py:925} INFO - DAG(s) 'spotify_etl_pro' retrieved from /opt/airflow/dags/spotify_etl_pro.py
[2026-09-21T22:39:37.520+0000] {logging_mixin.py:190} INFO - [2026-09-21T22:39:37.520+0000] {dag.py:3239} INFO - Sync 1 DAGs
[2026-09-21T22:39:37.538+0000] {logging_mixin.py:190} INFO - [2026-09-21T22:39:37.538+0000] {dag.py:4180} INFO - Setting next_dagrun for spotify_etl_pro to 2026-09-21 00:00:00+00:00, run_after=2026-09-22 00:00:00+00:00
[2026-09-21T22:39:37.548+0000] {processor.py:208} INFO - Processing /opt/airflow/dags/spotify_etl_pro.py took 0.166 seconds
[2026-09-21T22:40:07.954+0000] {processor.py:186} INFO - Started process (PID=418) to work on /opt/airflow/dags/spotify_etl_pro.py
[2026-09-21T22:40:07.956+0000] {processor.py:914} INFO - Processing file /opt/airflow/dags/spotify_etl_pro.py for tasks to queue
[2026-09-21T22:40:07.960+0000] {logging_mixin.py:190} INFO - [2026-09-21T22:40:07.959+0000] {dagbag.py:588} INFO - Filling up the DagBag from /opt/airflow/dags/spotify_etl_pro.py
[2026-09-21T22:40:07.993+0000] {processor.py:925} INFO - DAG(s) 'spotify_etl_pro' retrieved from /opt/airflow/dags/spotify_etl_pro.py
[2026-09-21T22:40:08.061+0000] {logging_mixin.py:190} INFO - [2026-09-21T22:40:08.061+0000] {dag.py:3239} INFO - Sync 1 DAGs
[2026-09-21T22:40:08.080+0000] {logging_mixin.py:190} INFO - [2026-09-21T22:40:08.080+0000] {dag.py:4180} INFO - Setting next_dagrun for spotify_etl_pro to 2026-09-21 00:00:00+00:00, run_after=2026-09-22 00:00:00+00:00
[2026-09-21T22:40:08.091+0000] {processor.py:208} INFO - Processing /opt/airflow/dags/spotify_etl_pro.py took 0.154 seconds
[2026-09-21T22:40:38.353+0000] {processor.py:186} INFO - Started process (PID=423) to work on /opt/airflow/dags/spotify_etl_pro.py
[2026-09-21T22:40:38.355+0000] {processor.py:914} INFO - Processing file /opt/airflow/dags/spotify_etl_pro.py for tasks to queue
[2026-09-21T22:40:38.359+0000] {logging_mixin.py:190} INFO - [2026-09-21T22:40:38.359+0000] {dagbag.py:588} INFO - Filling up the DagBag from /opt/airflow/dags/spotify_etl_pro.py
[2026-09-21T22:40:38.396+0000] {processor.py:925} INFO - DAG(s) 'spotify_etl_pro' retrieved from /opt/airflow/dags/spotify_etl_pro.py
[2026-09-21T22:40:38.491+0000] {logging_mixin.py:190} INFO - [2026-09-21T22:40:38.491+0000] {dag.py:3239} INFO - Sync 1 DAGs
[2026-09-21T22:40:38.517+0000] {logging_mixin.py:190} INFO - [2026-09-21T22:40:38.516+0000] {dag.py:4180} INFO - Setting next_dagrun for spotify_etl_pro to 2026-09-21 00:00:00+00:00, run_after=2026-09-22 00:00:00+00:00
[2026-09-21T22:40:38.527+0000] {processor.py:208} INFO - Processing /opt/airflow/dags/spotify_etl_pro.py took 0.190 seconds
[2026-09-21T22:41:09.324+0000] {processor.py:186} INFO - Started process (PID=428) to work on /opt/airflow/dags/spotify_etl_pro.py
[2026-09-21T22:41:09.326+0000] {processor.py:914} INFO - Processing file /opt/airflow/dags/spotify_etl_pro.py for tasks to queue
[2026-09-21T22:41:09.330+0000] {logging_mixin.py:190} INFO - [2026-09-21T22:41:09.330+0000] {dagbag.py:588} INFO - Filling up the DagBag from /opt/airflow/dags/spotify_etl_pro.py
[2026-09-21T22:41:09.369+0000] {processor.py:925} INFO - DAG(s) 'spotify_etl_pro' retrieved from /opt/airflow/dags/spotify_etl_pro.py
[2026-09-21T22:41:09.443+0000] {logging_mixin.py:190} INFO - [2026-09-21T22:41:09.443+0000] {dag.py:3239} INFO - Sync 1 DAGs
[2026-09-21T22:41:09.463+0000] {logging_mixin.py:190} INFO - [2026-09-21T22:41:09.463+0000] {dag.py:4180} INFO - Setting next_dagrun for spotify_etl_pro to 2026-09-21 00:00:00+00:00, run_after=2026-09-22 00:00:00+00:00
[2026-09-21T22:41:09.473+0000] {processor.py:208} INFO - Processing /opt/airflow/dags/spotify_etl_pro.py took 0.163 seconds
[2026-09-21T22:41:39.815+0000] {processor.py:186} INFO - Started process (PID=433) to work on /opt/airflow/dags/spotify_etl_pro.py
[2026-09-21T22:41:39.816+0000] {processor.py:914} INFO - Processing file /opt/airflow/dags/spotify_etl_pro.py for tasks to queue
[2026-09-21T22:41:39.820+0000] {logging_mixin.py:190} INFO - [2026-09-21T22:41:39.820+0000] {dagbag.py:588} INFO - Filling up the DagBag from /opt/airflow/dags/spotify_etl_pro.py
[2026-09-21T22:41:39.850+0000] {processor.py:925} INFO - DAG(s) 'spotify_etl_pro' retrieved from /opt/airflow/dags/spotify_etl_pro.py
[2026-09-21T22:41:39.923+0000] {logging_mixin.py:190} INFO - [2026-09-21T22:41:39.923+0000] {dag.py:3239} INFO - Sync 1 DAGs
[2026-09-21T22:41:39.941+0000] {logging_mixin.py:190} INFO - [2026-09-21T22:41:39.941+0000] {dag.py:4180} INFO - Setting next_dagrun for spotify_etl_pro to 2026-09-21 00:00:00+00:00, run_after=2026-09-22 00:00:00+00:00
[2026-09-21T22:41:39.953+0000] {processor.py:208} INFO - Processing /opt/airflow/dags/spotify_etl_pro.py took 0.151 seconds
[2026-09-21T22:42:10.406+0000] {processor.py:186} INFO - Started process (PID=438) to work on /opt/airflow/dags/spotify_etl_pro.py
[2026-09-21T22:42:10.408+0000] {processor.py:914} INFO - Processing file /opt/airflow/dags/spotify_etl_pro.py for tasks to queue
[2026-09-21T22:42:10.415+0000] {logging_mixin.py:190} INFO - [2026-09-21T22:42:10.414+0000] {dagbag.py:588} INFO - Filling up the DagBag from /opt/airflow/dags/spotify_etl_pro.py
[2026-09-21T22:42:10.448+0000] {processor.py:925} INFO - DAG(s) 'spotify_etl_pro' retrieved from /opt/airflow/dags/spotify_etl_pro.py
[2026-09-21T22:42:10.524+0000] {logging_mixin.py:190} INFO - [2026-09-21T22:42:10.524+0000] {dag.py:3239} INFO - Sync 1 DAGs
[2026-09-21T22:42:10.554+0000] {logging_mixin.py:190} INFO - [2026-09-21T22:42:10.553+0000] {dag.py:4180} INFO - Setting next_dagrun for spotify_etl_pro to 2026-09-21 00:00:00+00:00, run_after=2026-09-22 00:00:00+00:00
[2026-09-21T22:42:10.567+0000] {processor.py:208} INFO - Processing /opt/airflow/dags/spotify_etl_pro.py took 0.176 seconds
[2026-09-21T22:42:40.914+0000] {processor.py:186} INFO - Started process (PID=443) to work on /opt/airflow/dags/spotify_etl_pro.py
[2026-09-21T22:42:40.917+0000] {processor.py:914} INFO - Processing file /opt/airflow/dags/spotify_etl_pro.py for tasks to queue
[2026-09-21T22:42:40.921+0000] {logging_mixin.py:190} INFO - [2026-09-21T22:42:40.921+0000] {dagbag.py:588} INFO - Filling up the DagBag from /opt/airflow/dags/spotify_etl_pro.py
[2026-09-21T22:42:40.951+0000] {processor.py:925} INFO - DAG(s) 'spotify_etl_pro' retrieved from /opt/airflow/dags/spotify_etl_pro.py
[2026-09-21T22:42:41.021+0000] {logging_mixin.py:190} INFO - [2026-09-21T22:42:41.021+0000] {dag.py:3239} INFO - Sync 1 DAGs
[2026-09-21T22:42:41.037+0000] {logging_mixin.py:190} INFO - [2026-09-21T22:42:41.037+0000] {dag.py:4180} INFO - Setting next_dagrun for spotify_etl_pro to 2026-09-21 00:00:00+00:00, run_after=2026-09-22 00:00:00+00:00
[2026-09-21T22:42:41.047+0000] {processor.py:208} INFO - Processing /opt/airflow/dags/spotify_etl_pro.py took 0.152 seconds
[2026-09-21T22:43:11.476+0000] {processor.py:186} INFO - Started process (PID=485) to work on /opt/airflow/dags/spotify_etl_pro.py
[2026-09-21T22:43:11.482+0000] {processor.py:914} INFO - Processing file /opt/airflow/dags/spotify_etl_pro.py for tasks to queue
[2026-09-21T22:43:11.488+0000] {logging_mixin.py:190} INFO - [2026-09-21T22:43:11.487+0000] {dagbag.py:588} INFO - Filling up the DagBag from /opt/airflow/dags/spotify_etl_pro.py
[2026-09-21T22:43:11.543+0000] {processor.py:925} INFO - DAG(s) 'spotify_etl_pro' retrieved from /opt/airflow/dags/spotify_etl_pro.py
[2026-09-21T22:43:11.617+0000] {logging_mixin.py:190} INFO - [2026-09-21T22:43:11.617+0000] {dag.py:3239} INFO - Sync 1 DAGs
[2026-09-21T22:43:11.635+0000] {logging_mixin.py:190} INFO - [2026-09-21T22:43:11.635+0000] {dag.py:4180} INFO - Setting next_dagrun for spotify_etl_pro to 2026-09-21 00:00:00+00:00, run_after=2026-09-22 00:00:00+00:00
[2026-09-21T22:43:11.645+0000] {processor.py:208} INFO - Processing /opt/airflow/dags/spotify_etl_pro.py took 0.184 seconds
[2026-09-21T22:43:42.148+0000] {processor.py:186} INFO - Started process (PID=493) to work on /opt/airflow/dags/spotify_etl_pro.py
[2026-09-21T22:43:42.151+0000] {processor.py:914} INFO - Processing file /opt/airflow/dags/spotify_etl_pro.py for tasks to queue
[2026-09-21T22:43:42.156+0000] {logging_mixin.py:190} INFO - [2026-09-21T22:43:42.155+0000] {dagbag.py:588} INFO - Filling up the DagBag from /opt/airflow/dags/spotify_etl_pro.py
[2026-09-21T22:43:42.208+0000] {processor.py:925} INFO - DAG(s) 'spotify_etl_pro' retrieved from /opt/airflow/dags/spotify_etl_pro.py
[2026-09-21T22:43:42.285+0000] {logging_mixin.py:190} INFO - [2026-09-21T22:43:42.285+0000] {dag.py:3239} INFO - Sync 1 DAGs
[2026-09-21T22:43:42.309+0000] {logging_mixin.py:190} INFO - [2026-09-21T22:43:42.309+0000] {dag.py:4180} INFO - Setting next_dagrun for spotify_etl_pro to 2026-09-21 00:00:00+00:00, run_after=2026-09-22 00:00:00+00:00
[2026-09-21T22:43:42.644+0000] {processor.py:208} INFO - Processing /opt/airflow/dags/spotify_etl_pro.py took 0.509 seconds
[2026-09-21T22:44:12.888+0000] {processor.py:186} INFO - Started process (PID=498) to work on /opt/airflow/dags/spotify_etl_pro.py
[2026-09-21T22:44:12.895+0000] {processor.py:914} INFO - Processing file /opt/airflow/dags/spotify_etl_pro.py for tasks to queue
[2026-09-21T22:44:12.901+0000] {logging_mixin.py:190} INFO - [2026-09-21T22:44:12.900+0000] {dagbag.py:588} INFO - Filling up the DagBag from /opt/airflow/dags/spotify_etl_pro.py
[2026-09-21T22:44:12.947+0000] {processor.py:925} INFO - DAG(s) 'spotify_etl_pro' retrieved from /opt/airflow/dags/spotify_etl_pro.py
[2026-09-21T22:44:13.121+0000] {logging_mixin.py:190} INFO - [2026-09-21T22:44:13.121+0000] {dag.py:3239} INFO - Sync 1 DAGs
[2026-09-21T22:44:13.171+0000] {logging_mixin.py:190} INFO - [2026-09-21T22:44:13.171+0000] {dag.py:4180} INFO - Setting next_dagrun for spotify_etl_pro to 2026-09-21 00:00:00+00:00, run_after=2026-09-22 00:00:00+00:00
[2026-09-21T22:44:13.200+0000] {processor.py:208} INFO - Processing /opt/airflow/dags/spotify_etl_pro.py took 0.376 seconds
[2026-09-21T22:44:43.538+0000] {processor.py:186} INFO - Started process (PID=503) to work on /opt/airflow/dags/spotify_etl_pro.py
[2026-09-21T22:44:43.539+0000] {processor.py:914} INFO - Processing file /opt/airflow/dags/spotify_etl_pro.py for tasks to queue
[2026-09-21T22:44:43.542+0000] {logging_mixin.py:190} INFO - [2026-09-21T22:44:43.542+0000] {dagbag.py:588} INFO - Filling up the DagBag from /opt/airflow/dags/spotify_etl_pro.py
[2026-09-21T22:44:43.575+0000] {processor.py:925} INFO - DAG(s) 'spotify_etl_pro' retrieved from /opt/airflow/dags/spotify_etl_pro.py
[2026-09-21T22:44:43.668+0000] {logging_mixin.py:190} INFO - [2026-09-21T22:44:43.668+0000] {dag.py:3239} INFO - Sync 1 DAGs
[2026-09-21T22:44:43.700+0000] {logging_mixin.py:190} INFO - [2026-09-21T22:44:43.700+0000] {dag.py:4180} INFO - Setting next_dagrun for spotify_etl_pro to 2026-09-21 00:00:00+00:00, run_after=2026-09-22 00:00:00+00:00
[2026-09-21T22:44:43.712+0000] {processor.py:208} INFO - Processing /opt/airflow/dags/spotify_etl_pro.py took 0.187 seconds
[2026-09-21T22:45:14.041+0000] {processor.py:186} INFO - Started process (PID=508) to work on /opt/airflow/dags/spotify_etl_pro.py
[2026-09-21T22:45:14.043+0000] {processor.py:914} INFO - Processing file /opt/airflow/dags/spotify_etl_pro.py for tasks to queue
[2026-09-21T22:45:14.046+0000] {logging_mixin.py:190} INFO - [2026-09-21T22:45:14.046+0000] {dagbag.py:588} INFO - Filling up the DagBag from /opt/airflow/dags/spotify_etl_pro.py
[2026-09-21T22:45:14.129+0000] {processor.py:925} INFO - DAG(s) 'spotify_etl_pro' retrieved from /opt/airflow/dags/spotify_etl_pro.py
[2026-09-21T22:45:14.315+0000] {logging_mixin.py:190} INFO - [2026-09-21T22:45:14.314+0000] {dag.py:3239} INFO - Sync 1 DAGs
[2026-09-21T22:45:14.382+0000] {logging_mixin.py:190} INFO - [2026-09-21T22:45:14.382+0000] {dag.py:4180} INFO - Setting next_dagrun for spotify_etl_pro to 2026-09-21 00:00:00+00:00, run_after=2026-09-22 00:00:00+00:00
[2026-09-21T22:45:14.405+0000] {processor.py:208} INFO - Processing /opt/airflow/dags/spotify_etl_pro.py took 0.378 seconds
[2026-09-21T22:45:44.677+0000] {processor.py:186} INFO - Started process (PID=513) to work on /opt/airflow/dags/spotify_etl_pro.py
[2026-09-21T22:45:44.680+0000] {processor.py:914} INFO - Processing file /opt/airflow/dags/spotify_etl_pro.py for tasks to queue
[2026-09-21T22:45:44.686+0000] {logging_mixin.py:190} INFO - [2026-09-21T22:45:44.685+0000] {dagbag.py:588} INFO - Filling up the DagBag from /opt/airflow/dags/spotify_etl_pro.py
[2026-09-21T22:45:44.751+0000] {processor.py:925} INFO - DAG(s) 'spotify_etl_pro' retrieved from /opt/airflow/dags/spotify_etl_pro.py
[2026-09-21T22:45:44.884+0000] {logging_mixin.py:190} INFO - [2026-09-21T22:45:44.884+0000] {dag.py:3239} INFO - Sync 1 DAGs
[2026-09-21T22:45:44.912+0000] {logging_mixin.py:190} INFO - [2026-09-21T22:45:44.911+0000] {dag.py:4180} INFO - Setting next_dagrun for spotify_etl_pro to 2026-09-21 00:00:00+00:00, run_after=2026-09-22 00:00:00+00:00
[2026-09-21T22:45:44.926+0000] {processor.py:208} INFO - Processing /opt/airflow/dags/spotify_etl_pro.py took 0.270 seconds
[2026-09-21T22:46:15.315+0000] {processor.py:186} INFO - Started process (PID=518) to work on /opt/airflow/dags/spotify_etl_pro.py
[2026-09-21T22:46:15.318+0000] {processor.py:914} INFO - Processing file /opt/airflow/dags/spotify_etl_pro.py for tasks to queue
[2026-09-21T22:46:15.328+0000] {logging_mixin.py:190} INFO - [2026-09-21T22:46:15.327+0000] {dagbag.py:588} INFO - Filling up the DagBag from /opt/airflow/dags/spotify_etl_pro.py
[2026-09-21T22:46:15.382+0000] {processor.py:925} INFO - DAG(s) 'spotify_etl_pro' retrieved from /opt/airflow/dags/spotify_etl_pro.py
[2026-09-21T22:46:15.475+0000] {logging_mixin.py:190} INFO - [2026-09-21T22:46:15.475+0000] {dag.py:3239} INFO - Sync 1 DAGs
[2026-09-21T22:46:15.513+0000] {logging_mixin.py:190} INFO - [2026-09-21T22:46:15.513+0000] {dag.py:4180} INFO - Setting next_dagrun for spotify_etl_pro to 2026-09-21 00:00:00+00:00, run_after=2026-09-22 00:00:00+00:00
[2026-09-21T22:46:16.375+0000] {processor.py:208} INFO - Processing /opt/airflow/dags/spotify_etl_pro.py took 1.079 seconds
[2026-09-21T22:46:46.908+0000] {processor.py:186} INFO - Started process (PID=523) to work on /opt/airflow/dags/spotify_etl_pro.py
[2026-09-21T22:46:46.911+0000] {processor.py:914} INFO - Processing file /opt/airflow/dags/spotify_etl_pro.py for tasks to queue
[2026-09-21T22:46:46.915+0000] {logging_mixin.py:190} INFO - [2026-09-21T22:46:46.914+0000] {dagbag.py:588} INFO - Filling up the DagBag from /opt/airflow/dags/spotify_etl_pro.py
[2026-09-21T22:46:46.978+0000] {processor.py:925} INFO - DAG(s) 'spotify_etl_pro' retrieved from /opt/airflow/dags/spotify_etl_pro.py
[2026-09-21T22:46:47.527+0000] {logging_mixin.py:190} INFO - [2026-09-21T22:46:47.527+0000] {dag.py:3239} INFO - Sync 1 DAGs
[2026-09-21T22:46:47.543+0000] {logging_mixin.py:190} INFO - [2026-09-21T22:46:47.543+0000] {dag.py:4180} INFO - Setting next_dagrun for spotify_etl_pro to 2026-09-21 00:00:00+00:00, run_after=2026-09-22 00:00:00+00:00
[2026-09-21T22:46:47.557+0000] {processor.py:208} INFO - Processing /opt/airflow/dags/spotify_etl_pro.py took 0.666 seconds
[2026-09-21T22:47:18.299+0000] {processor.py:186} INFO - Started process (PID=528) to work on /opt/airflow/dags/spotify_etl_pro.py
[2026-09-21T22:47:18.301+0000] {processor.py:914} INFO - Processing file /opt/airflow/dags/spotify_etl_pro.py for tasks to queue
[2026-09-21T22:47:18.304+0000] {logging_mixin.py:190} INFO - [2026-09-21T22:47:18.304+0000] {dagbag.py:588} INFO - Filling up the DagBag from /opt/airflow/dags/spotify_etl_pro.py
[2026-09-21T22:47:18.372+0000] {processor.py:925} INFO - DAG(s) 'spotify_etl_pro' retrieved from /opt/airflow/dags/spotify_etl_pro.py
[2026-09-21T22:47:18.513+0000] {logging_mixin.py:190} INFO - [2026-09-21T22:47:18.513+0000] {dag.py:3239} INFO - Sync 1 DAGs
[2026-09-21T22:47:18.549+0000] {logging_mixin.py:190} INFO - [2026-09-21T22:47:18.549+0000] {dag.py:4180} INFO - Setting next_dagrun for spotify_etl_pro to 2026-09-21 00:00:00+00:00, run_after=2026-09-22 00:00:00+00:00
[2026-09-21T22:47:18.566+0000] {processor.py:208} INFO - Processing /opt/airflow/dags/spotify_etl_pro.py took 0.293 seconds
[2026-09-21T22:47:48.894+0000] {processor.py:186} INFO - Started process (PID=533) to work on /opt/airflow/dags/spotify_etl_pro.py
[2026-09-21T22:47:48.903+0000] {processor.py:914} INFO - Processing file /opt/airflow/dags/spotify_etl_pro.py for tasks to queue
[2026-09-21T22:47:48.914+0000] {logging_mixin.py:190} INFO - [2026-09-21T22:47:48.913+0000] {dagbag.py:588} INFO - Filling up the DagBag from /opt/airflow/dags/spotify_etl_pro.py
[2026-09-21T22:47:48.977+0000] {processor.py:925} INFO - DAG(s) 'spotify_etl_pro' retrieved from /opt/airflow/dags/spotify_etl_pro.py
[2026-09-21T22:47:49.165+0000] {logging_mixin.py:190} INFO - [2026-09-21T22:47:49.165+0000] {dag.py:3239} INFO - Sync 1 DAGs
[2026-09-21T22:47:50.158+0000] {logging_mixin.py:190} INFO - [2026-09-21T22:47:50.156+0000] {dag.py:4180} INFO - Setting next_dagrun for spotify_etl_pro to 2026-09-21 00:00:00+00:00, run_after=2026-09-22 00:00:00+00:00
[2026-09-21T22:47:50.181+0000] {processor.py:208} INFO - Processing /opt/airflow/dags/spotify_etl_pro.py took 1.337 seconds
[2026-09-21T22:48:20.518+0000] {processor.py:186} INFO - Started process (PID=538) to work on /opt/airflow/dags/spotify_etl_pro.py
[2026-09-21T22:48:20.524+0000] {processor.py:914} INFO - Processing file /opt/airflow/dags/spotify_etl_pro.py for tasks to queue
[2026-09-21T22:48:20.531+0000] {logging_mixin.py:190} INFO - [2026-09-21T22:48:20.528+0000] {dagbag.py:588} INFO - Filling up the DagBag from /opt/airflow/dags/spotify_etl_pro.py
[2026-09-21T22:48:20.613+0000] {processor.py:925} INFO - DAG(s) 'spotify_etl_pro' retrieved from /opt/airflow/dags/spotify_etl_pro.py
[2026-09-21T22:48:20.740+0000] {logging_mixin.py:190} INFO - [2026-09-21T22:48:20.740+0000] {dag.py:3239} INFO - Sync 1 DAGs
[2026-09-21T22:48:20.766+0000] {logging_mixin.py:190} INFO - [2026-09-21T22:48:20.766+0000] {dag.py:4180} INFO - Setting next_dagrun for spotify_etl_pro to 2026-09-21 00:00:00+00:00, run_after=2026-09-22 00:00:00+00:00
[2026-09-21T22:48:20.787+0000] {processor.py:208} INFO - Processing /opt/airflow/dags/spotify_etl_pro.py took 0.290 seconds
[2026-09-21T22:48:51.961+0000] {processor.py:186} INFO - Started process (PID=543) to work on /opt/airflow/dags/spotify_etl_pro.py
[2026-09-21T22:48:51.970+0000] {processor.py:914} INFO - Processing file /opt/airflow/dags/spotify_etl_pro.py for tasks to queue
[2026-09-21T22:48:52.021+0000] {logging_mixin.py:190} INFO - [2026-09-21T22:48:52.017+0000] {dagbag.py:588} INFO - Filling up the DagBag from /opt/airflow/dags/spotify_etl_pro.py
[2026-09-21T22:48:52.389+0000] {processor.py:925} INFO - DAG(s) 'spotify_etl_pro' retrieved from /opt/airflow/dags/spotify_etl_pro.py
[2026-09-21T22:48:52.606+0000] {logging_mixin.py:190} INFO - [2026-09-21T22:48:52.606+0000] {dag.py:3239} INFO - Sync 1 DAGs
[2026-09-21T22:48:52.674+0000] {logging_mixin.py:190} INFO - [2026-09-21T22:48:52.673+0000] {dag.py:4180} INFO - Setting next_dagrun for spotify_etl_pro to 2026-09-21 00:00:00+00:00, run_after=2026-09-22 00:00:00+00:00
[2026-09-21T22:48:56.337+0000] {processor.py:208} INFO - Processing /opt/airflow/dags/spotify_etl_pro.py took 4.469 seconds
[2026-09-21T22:49:27.053+0000] {processor.py:186} INFO - Started process (PID=548) to work on /opt/airflow/dags/spotify_etl_pro.py
[2026-09-21T22:49:27.060+0000] {processor.py:914} INFO - Processing file /opt/airflow/dags/spotify_etl_pro.py for tasks to queue
[2026-09-21T22:49:27.098+0000] {logging_mixin.py:190} INFO - [2026-09-21T22:49:27.096+0000] {dagbag.py:588} INFO - Filling up the DagBag from /opt/airflow/dags/spotify_etl_pro.py
[2026-09-21T22:49:27.268+0000] {processor.py:925} INFO - DAG(s) 'spotify_etl_pro' retrieved from /opt/airflow/dags/spotify_etl_pro.py
[2026-09-21T22:49:28.019+0000] {logging_mixin.py:190} INFO - [2026-09-21T22:49:28.019+0000] {dag.py:3239} INFO - Sync 1 DAGs
[2026-09-21T22:49:28.045+0000] {logging_mixin.py:190} INFO - [2026-09-21T22:49:28.044+0000] {dag.py:4180} INFO - Setting next_dagrun for spotify_etl_pro to 2026-09-21 00:00:00+00:00, run_after=2026-09-22 00:00:00+00:00
[2026-09-21T22:49:28.062+0000] {processor.py:208} INFO - Processing /opt/airflow/dags/spotify_etl_pro.py took 1.081 seconds
[2026-09-21T22:49:58.785+0000] {processor.py:186} INFO - Started process (PID=553) to work on /opt/airflow/dags/spotify_etl_pro.py
[2026-09-21T22:49:58.789+0000] {processor.py:914} INFO - Processing file /opt/airflow/dags/spotify_etl_pro.py for tasks to queue
[2026-09-21T22:49:58.809+0000] {logging_mixin.py:190} INFO - [2026-09-21T22:49:58.807+0000] {dagbag.py:588} INFO - Filling up the DagBag from /opt/airflow/dags/spotify_etl_pro.py
[2026-09-21T22:49:59.269+0000] {processor.py:925} INFO - DAG(s) 'spotify_etl_pro' retrieved from /opt/airflow/dags/spotify_etl_pro.py
[2026-09-21T22:49:59.354+0000] {logging_mixin.py:190} INFO - [2026-09-21T22:49:59.354+0000] {dag.py:3239} INFO - Sync 1 DAGs
[2026-09-21T22:49:59.367+0000] {logging_mixin.py:190} INFO - [2026-09-21T22:49:59.367+0000] {dag.py:4180} INFO - Setting next_dagrun for spotify_etl_pro to 2026-09-21 00:00:00+00:00, run_after=2026-09-22 00:00:00+00:00
[2026-09-21T22:49:59.376+0000] {processor.py:208} INFO - Processing /opt/airflow/dags/spotify_etl_pro.py took 0.626 seconds
[2026-09-21T22:50:30.600+0000] {processor.py:186} INFO - Started process (PID=558) to work on /opt/airflow/dags/spotify_etl_pro.py
[2026-09-21T22:50:30.606+0000] {processor.py:914} INFO - Processing file /opt/airflow/dags/spotify_etl_pro.py for tasks to queue
[2026-09-21T22:50:30.618+0000] {logging_mixin.py:190} INFO - [2026-09-21T22:50:30.617+0000] {dagbag.py:588} INFO - Filling up the DagBag from /opt/airflow/dags/spotify_etl_pro.py
[2026-09-21T22:50:30.723+0000] {processor.py:925} INFO - DAG(s) 'spotify_etl_pro' retrieved from /opt/airflow/dags/spotify_etl_pro.py
[2026-09-21T22:50:30.949+0000] {logging_mixin.py:190} INFO - [2026-09-21T22:50:30.949+0000] {dag.py:3239} INFO - Sync 1 DAGs
[2026-09-21T22:50:30.992+0000] {logging_mixin.py:190} INFO - [2026-09-21T22:50:30.991+0000] {dag.py:4180} INFO - Setting next_dagrun for spotify_etl_pro to 2026-09-21 00:00:00+00:00, run_after=2026-09-22 00:00:00+00:00
[2026-09-21T22:50:31.007+0000] {processor.py:208} INFO - Processing /opt/airflow/dags/spotify_etl_pro.py took 0.432 seconds
[2026-09-21T22:51:02.028+0000] {processor.py:186} INFO - Started process (PID=563) to work on /opt/airflow/dags/spotify_etl_pro.py
[2026-09-21T22:51:02.031+0000] {processor.py:914} INFO - Processing file /opt/airflow/dags/spotify_etl_pro.py for tasks to queue
[2026-09-21T22:51:02.038+0000] {logging_mixin.py:190} INFO - [2026-09-21T22:51:02.037+0000] {dagbag.py:588} INFO - Filling up the DagBag from /opt/airflow/dags/spotify_etl_pro.py
[2026-09-21T22:51:02.094+0000] {processor.py:925} INFO - DAG(s) 'spotify_etl_pro' retrieved from /opt/airflow/dags/spotify_etl_pro.py
[2026-09-21T22:51:02.290+0000] {logging_mixin.py:190} INFO - [2026-09-21T22:51:02.290+0000] {dag.py:3239} INFO - Sync 1 DAGs
[2026-09-21T22:51:02.332+0000] {logging_mixin.py:190} INFO - [2026-09-21T22:51:02.332+0000] {dag.py:4180} INFO - Setting next_dagrun for spotify_etl_pro to 2026-09-21 00:00:00+00:00, run_after=2026-09-22 00:00:00+00:00
[2026-09-21T22:51:02.363+0000] {processor.py:208} INFO - Processing /opt/airflow/dags/spotify_etl_pro.py took 0.364 seconds
[2026-09-21T22:51:32.819+0000] {processor.py:186} INFO - Started process (PID=568) to work on /opt/airflow/dags/spotify_etl_pro.py
[2026-09-21T22:51:32.822+0000] {processor.py:914} INFO - Processing file /opt/airflow/dags/spotify_etl_pro.py for tasks to queue
[2026-09-21T22:51:32.827+0000] {logging_mixin.py:190} INFO - [2026-09-21T22:51:32.826+0000] {dagbag.py:588} INFO - Filling up the DagBag from /opt/airflow/dags/spotify_etl_pro.py
[2026-09-21T22:51:32.948+0000] {processor.py:925} INFO - DAG(s) 'spotify_etl_pro' retrieved from /opt/airflow/dags/spotify_etl_pro.py
[2026-09-21T22:51:33.066+0000] {logging_mixin.py:190} INFO - [2026-09-21T22:51:33.066+0000] {dag.py:3239} INFO - Sync 1 DAGs
[2026-09-21T22:51:33.107+0000] {logging_mixin.py:190} INFO - [2026-09-21T22:51:33.107+0000] {dag.py:4180} INFO - Setting next_dagrun for spotify_etl_pro to 2026-09-21 00:00:00+00:00, run_after=2026-09-22 00:00:00+00:00
[2026-09-21T22:51:33.130+0000] {processor.py:208} INFO - Processing /opt/airflow/dags/spotify_etl_pro.py took 0.367 seconds
[2026-09-21T22:52:03.238+0000] {processor.py:186} INFO - Started process (PID=573) to work on /opt/airflow/dags/spotify_etl_pro.py
[2026-09-21T22:52:03.240+0000] {processor.py:914} INFO - Processing file /opt/airflow/dags/spotify_etl_pro.py for tasks to queue
[2026-09-21T22:52:03.247+0000] {logging_mixin.py:190} INFO - [2026-09-21T22:52:03.244+0000] {dagbag.py:588} INFO - Filling up the DagBag from /opt/airflow/dags/spotify_etl_pro.py
[2026-09-21T22:52:03.298+0000] {processor.py:925} INFO - DAG(s) 'spotify_etl_pro' retrieved from /opt/airflow/dags/spotify_etl_pro.py
[2026-09-21T22:52:03.406+0000] {logging_mixin.py:190} INFO - [2026-09-21T22:52:03.406+0000] {dag.py:3239} INFO - Sync 1 DAGs
[2026-09-21T22:52:03.446+0000] {logging_mixin.py:190} INFO - [2026-09-21T22:52:03.446+0000] {dag.py:4180} INFO - Setting next_dagrun for spotify_etl_pro to 2026-09-21 00:00:00+00:00, run_after=2026-09-22 00:00:00+00:00
[2026-09-21T22:52:03.458+0000] {processor.py:208} INFO - Processing /opt/airflow/dags/spotify_etl_pro.py took 0.239 seconds
[2026-09-21T22:52:33.822+0000] {processor.py:186} INFO - Started process (PID=578) to work on /opt/airflow/dags/spotify_etl_pro.py
[2026-09-21T22:52:33.829+0000] {processor.py:914} INFO - Processing file /opt/airflow/dags/spotify_etl_pro.py for tasks to queue
[2026-09-21T22:52:33.849+0000] {logging_mixin.py:190} INFO - [2026-09-21T22:52:33.847+0000] {dagbag.py:588} INFO - Filling up the DagBag from /opt/airflow/dags/spotify_etl_pro.py
[2026-09-21T22:52:33.942+0000] {processor.py:925} INFO - DAG(s) 'spotify_etl_pro' retrieved from /opt/airflow/dags/spotify_etl_pro.py
[2026-09-21T22:52:34.072+0000] {logging_mixin.py:190} INFO - [2026-09-21T22:52:34.072+0000] {dag.py:3239} INFO - Sync 1 DAGs
[2026-09-21T22:52:34.119+0000] {logging_mixin.py:190} INFO - [2026-09-21T22:52:34.119+0000] {dag.py:4180} INFO - Setting next_dagrun for spotify_etl_pro to 2026-09-21 00:00:00+00:00, run_after=2026-09-22 00:00:00+00:00
[2026-09-21T22:52:34.141+0000] {processor.py:208} INFO - Processing /opt/airflow/dags/spotify_etl_pro.py took 0.356 seconds
[2026-09-21T22:53:04.828+0000] {processor.py:186} INFO - Started process (PID=583) to work on /opt/airflow/dags/spotify_etl_pro.py
[2026-09-21T22:53:04.830+0000] {processor.py:914} INFO - Processing file /opt/airflow/dags/spotify_etl_pro.py for tasks to queue
[2026-09-21T22:53:04.834+0000] {logging_mixin.py:190} INFO - [2026-09-21T22:53:04.833+0000] {dagbag.py:588} INFO - Filling up the DagBag from /opt/airflow/dags/spotify_etl_pro.py
[2026-09-21T22:53:04.869+0000] {processor.py:925} INFO - DAG(s) 'spotify_etl_pro' retrieved from /opt/airflow/dags/spotify_etl_pro.py
[2026-09-21T22:53:04.964+0000] {logging_mixin.py:190} INFO - [2026-09-21T22:53:04.963+0000] {dag.py:3239} INFO - Sync 1 DAGs
[2026-09-21T22:53:04.991+0000] {logging_mixin.py:190} INFO - [2026-09-21T22:53:04.991+0000] {dag.py:4180} INFO - Setting next_dagrun for spotify_etl_pro to 2026-09-21 00:00:00+00:00, run_after=2026-09-22 00:00:00+00:00
[2026-09-21T22:53:05.005+0000] {processor.py:208} INFO - Processing /opt/airflow/dags/spotify_etl_pro.py took 0.195 seconds
[2026-09-21T22:53:35.156+0000] {processor.py:186} INFO - Started process (PID=588) to work on /opt/airflow/dags/spotify_etl_pro.py
[2026-09-21T22:53:35.158+0000] {processor.py:914} INFO - Processing file /opt/airflow/dags/spotify_etl_pro.py for tasks to queue
[2026-09-21T22:53:35.163+0000] {logging_mixin.py:190} INFO - [2026-09-21T22:53:35.162+0000] {dagbag.py:588} INFO - Filling up the DagBag from /opt/airflow/dags/spotify_etl_pro.py
[2026-09-21T22:53:35.222+0000] {processor.py:925} INFO - DAG(s) 'spotify_etl_pro' retrieved from /opt/airflow/dags/spotify_etl_pro.py
[2026-09-21T22:53:35.323+0000] {logging_mixin.py:190} INFO - [2026-09-21T22:53:35.323+0000] {dag.py:3239} INFO - Sync 1 DAGs
[2026-09-21T22:53:35.351+0000] {logging_mixin.py:190} INFO - [2026-09-21T22:53:35.351+0000] {dag.py:4180} INFO - Setting next_dagrun for spotify_etl_pro to 2026-09-21 00:00:00+00:00, run_after=2026-09-22 00:00:00+00:00
[2026-09-21T22:53:35.370+0000] {processor.py:208} INFO - Processing /opt/airflow/dags/spotify_etl_pro.py took 0.231 seconds
[2026-09-21T22:54:06.281+0000] {processor.py:186} INFO - Started process (PID=593) to work on /opt/airflow/dags/spotify_etl_pro.py
[2026-09-21T22:54:06.286+0000] {processor.py:914} INFO - Processing file /opt/airflow/dags/spotify_etl_pro.py for tasks to queue
[2026-09-21T22:54:06.289+0000] {logging_mixin.py:190} INFO - [2026-09-21T22:54:06.289+0000] {dagbag.py:588} INFO - Filling up the DagBag from /opt/airflow/dags/spotify_etl_pro.py
[2026-09-21T22:54:06.348+0000] {processor.py:925} INFO - DAG(s) 'spotify_etl_pro' retrieved from /opt/airflow/dags/spotify_etl_pro.py
[2026-09-21T22:54:06.442+0000] {logging_mixin.py:190} INFO - [2026-09-21T22:54:06.442+0000] {dag.py:3239} INFO - Sync 1 DAGs
[2026-09-21T22:54:06.473+0000] {logging_mixin.py:190} INFO - [2026-09-21T22:54:06.473+0000] {dag.py:4180} INFO - Setting next_dagrun for spotify_etl_pro to 2026-09-21 00:00:00+00:00, run_after=2026-09-22 00:00:00+00:00
[2026-09-21T22:54:06.484+0000] {processor.py:208} INFO - Processing /opt/airflow/dags/spotify_etl_pro.py took 0.219 seconds
[2026-09-21T22:54:36.870+0000] {processor.py:186} INFO - Started process (PID=631) to work on /opt/airflow/dags/spotify_etl_pro.py
[2026-09-21T22:54:36.871+0000] {processor.py:914} INFO - Processing file /opt/airflow/dags/spotify_etl_pro.py for tasks to queue
[2026-09-21T22:54:36.874+0000] {logging_mixin.py:190} INFO - [2026-09-21T22:54:36.874+0000] {dagbag.py:588} INFO - Filling up the DagBag from /opt/airflow/dags/spotify_etl_pro.py
[2026-09-21T22:54:36.912+0000] {processor.py:925} INFO - DAG(s) 'spotify_etl_pro' retrieved from /opt/airflow/dags/spotify_etl_pro.py
[2026-09-21T22:54:37.081+0000] {logging_mixin.py:190} INFO - [2026-09-21T22:54:37.081+0000] {dag.py:3239} INFO - Sync 1 DAGs
[2026-09-21T22:54:37.110+0000] {logging_mixin.py:190} INFO - [2026-09-21T22:54:37.110+0000] {dag.py:4180} INFO - Setting next_dagrun for spotify_etl_pro to 2026-09-21 00:00:00+00:00, run_after=2026-09-22 00:00:00+00:00
[2026-09-21T22:54:37.121+0000] {processor.py:208} INFO - Processing /opt/airflow/dags/spotify_etl_pro.py took 0.268 seconds
[2026-09-21T22:55:08.356+0000] {processor.py:186} INFO - Started process (PID=640) to work on /opt/airflow/dags/spotify_etl_pro.py
[2026-09-21T22:55:08.367+0000] {processor.py:914} INFO - Processing file /opt/airflow/dags/spotify_etl_pro.py for tasks to queue
[2026-09-21T22:55:08.430+0000] {logging_mixin.py:190} INFO - [2026-09-21T22:55:08.418+0000] {dagbag.py:588} INFO - Filling up the DagBag from /opt/airflow/dags/spotify_etl_pro.py
[2026-09-21T22:55:08.656+0000] {processor.py:925} INFO - DAG(s) 'spotify_etl_pro' retrieved from /opt/airflow/dags/spotify_etl_pro.py
[2026-09-21T22:55:08.977+0000] {logging_mixin.py:190} INFO - [2026-09-21T22:55:08.976+0000] {dag.py:3239} INFO - Sync 1 DAGs
[2026-09-21T22:55:09.227+0000] {logging_mixin.py:190} INFO - [2026-09-21T22:55:09.227+0000] {dag.py:4180} INFO - Setting next_dagrun for spotify_etl_pro to 2026-09-21 00:00:00+00:00, run_after=2026-09-22 00:00:00+00:00
[2026-09-21T22:55:09.283+0000] {processor.py:208} INFO - Processing /opt/airflow/dags/spotify_etl_pro.py took 0.982 seconds
[2026-09-21T22:55:39.522+0000] {processor.py:186} INFO - Started process (PID=648) to work on /opt/airflow/dags/spotify_etl_pro.py
[2026-09-21T22:55:39.526+0000] {processor.py:914} INFO - Processing file /opt/airflow/dags/spotify_etl_pro.py for tasks to queue
[2026-09-21T22:55:39.532+0000] {logging_mixin.py:190} INFO - [2026-09-21T22:55:39.531+0000] {dagbag.py:588} INFO - Filling up the DagBag from /opt/airflow/dags/spotify_etl_pro.py
[2026-09-21T22:55:39.589+0000] {processor.py:925} INFO - DAG(s) 'spotify_etl_pro' retrieved from /opt/airflow/dags/spotify_etl_pro.py
[2026-09-21T22:55:39.674+0000] {logging_mixin.py:190} INFO - [2026-09-21T22:55:39.674+0000] {dag.py:3239} INFO - Sync 1 DAGs
[2026-09-21T22:55:39.699+0000] {logging_mixin.py:190} INFO - [2026-09-21T22:55:39.699+0000] {dag.py:4180} INFO - Setting next_dagrun for spotify_etl_pro to 2026-09-21 00:00:00+00:00, run_after=2026-09-22 00:00:00+00:00
[2026-09-21T22:55:39.714+0000] {processor.py:208} INFO - Processing /opt/airflow/dags/spotify_etl_pro.py took 0.218 seconds
[2026-09-21T22:56:09.965+0000] {processor.py:186} INFO - Started process (PID=653) to work on /opt/airflow/dags/spotify_etl_pro.py
[2026-09-21T22:56:09.967+0000] {processor.py:914} INFO - Processing file /opt/airflow/dags/spotify_etl_pro.py for tasks to queue
[2026-09-21T22:56:09.971+0000] {logging_mixin.py:190} INFO - [2026-09-21T22:56:09.970+0000] {dagbag.py:588} INFO - Filling up the DagBag from /opt/airflow/dags/spotify_etl_pro.py
[2026-09-21T22:56:10.019+0000] {processor.py:925} INFO - DAG(s) 'spotify_etl_pro' retrieved from /opt/airflow/dags/spotify_etl_pro.py
[2026-09-21T22:56:10.107+0000] {logging_mixin.py:190} INFO - [2026-09-21T22:56:10.107+0000] {dag.py:3239} INFO - Sync 1 DAGs
[2026-09-21T22:56:10.127+0000] {logging_mixin.py:190} INFO - [2026-09-21T22:56:10.127+0000] {dag.py:4180} INFO - Setting next_dagrun for spotify_etl_pro to 2026-09-21 00:00:00+00:00, run_after=2026-09-22 00:00:00+00:00
[2026-09-21T22:56:10.137+0000] {processor.py:208} INFO - Processing /opt/airflow/dags/spotify_etl_pro.py took 0.183 seconds
[2026-09-21T22:56:40.526+0000] {processor.py:186} INFO - Started process (PID=658) to work on /opt/airflow/dags/spotify_etl_pro.py
[2026-09-21T22:56:40.530+0000] {processor.py:914} INFO - Processing file /opt/airflow/dags/spotify_etl_pro.py for tasks to queue
[2026-09-21T22:56:40.535+0000] {logging_mixin.py:190} INFO - [2026-09-21T22:56:40.535+0000] {dagbag.py:588} INFO - Filling up the DagBag from /opt/airflow/dags/spotify_etl_pro.py
[2026-09-21T22:56:40.582+0000] {processor.py:925} INFO - DAG(s) 'spotify_etl_pro' retrieved from /opt/airflow/dags/spotify_etl_pro.py
[2026-09-21T22:56:40.660+0000] {logging_mixin.py:190} INFO - [2026-09-21T22:56:40.660+0000] {dag.py:3239} INFO - Sync 1 DAGs
[2026-09-21T22:56:40.682+0000] {logging_mixin.py:190} INFO - [2026-09-21T22:56:40.682+0000] {dag.py:4180} INFO - Setting next_dagrun for spotify_etl_pro to 2026-09-21 00:00:00+00:00, run_after=2026-09-22 00:00:00+00:00
[2026-09-21T22:56:40.698+0000] {processor.py:208} INFO - Processing /opt/airflow/dags/spotify_etl_pro.py took 0.193 seconds
[2026-09-21T22:57:11.068+0000] {processor.py:186} INFO - Started process (PID=663) to work on /opt/airflow/dags/spotify_etl_pro.py
[2026-09-21T22:57:11.070+0000] {processor.py:914} INFO - Processing file /opt/airflow/dags/spotify_etl_pro.py for tasks to queue
[2026-09-21T22:57:11.073+0000] {logging_mixin.py:190} INFO - [2026-09-21T22:57:11.073+0000] {dagbag.py:588} INFO - Filling up the DagBag from /opt/airflow/dags/spotify_etl_pro.py
[2026-09-21T22:57:11.107+0000] {processor.py:925} INFO - DAG(s) 'spotify_etl_pro' retrieved from /opt/airflow/dags/spotify_etl_pro.py
[2026-09-21T22:57:11.188+0000] {logging_mixin.py:190} INFO - [2026-09-21T22:57:11.188+0000] {dag.py:3239} INFO - Sync 1 DAGs
[2026-09-21T22:57:11.209+0000] {logging_mixin.py:190} INFO - [2026-09-21T22:57:11.209+0000] {dag.py:4180} INFO - Setting next_dagrun for spotify_etl_pro to 2026-09-21 00:00:00+00:00, run_after=2026-09-22 00:00:00+00:00
[2026-09-21T22:57:11.225+0000] {processor.py:208} INFO - Processing /opt/airflow/dags/spotify_etl_pro.py took 0.167 seconds
[2026-09-21T22:57:41.565+0000] {processor.py:186} INFO - Started process (PID=668) to work on /opt/airflow/dags/spotify_etl_pro.py
[2026-09-21T22:57:41.567+0000] {processor.py:914} INFO - Processing file /opt/airflow/dags/spotify_etl_pro.py for tasks to queue
[2026-09-21T22:57:41.572+0000] {logging_mixin.py:190} INFO - [2026-09-21T22:57:41.571+0000] {dagbag.py:588} INFO - Filling up the DagBag from /opt/airflow/dags/spotify_etl_pro.py
[2026-09-21T22:57:41.611+0000] {processor.py:925} INFO - DAG(s) 'spotify_etl_pro' retrieved from /opt/airflow/dags/spotify_etl_pro.py
[2026-09-21T22:57:41.694+0000] {logging_mixin.py:190} INFO - [2026-09-21T22:57:41.693+0000] {dag.py:3239} INFO - Sync 1 DAGs
[2026-09-21T22:57:41.712+0000] {logging_mixin.py:190} INFO - [2026-09-21T22:57:41.712+0000] {dag.py:4180} INFO - Setting next_dagrun for spotify_etl_pro to 2026-09-21 00:00:00+00:00, run_after=2026-09-22 00:00:00+00:00
[2026-09-21T22:57:41.722+0000] {processor.py:208} INFO - Processing /opt/airflow/dags/spotify_etl_pro.py took 0.165 seconds
[2026-09-21T22:58:12.054+0000] {processor.py:186} INFO - Started process (PID=673) to work on /opt/airflow/dags/spotify_etl_pro.py
[2026-09-21T22:58:12.058+0000] {processor.py:914} INFO - Processing file /opt/airflow/dags/spotify_etl_pro.py for tasks to queue
[2026-09-21T22:58:12.070+0000] {logging_mixin.py:190} INFO - [2026-09-21T22:58:12.069+0000] {dagbag.py:588} INFO - Filling up the DagBag from /opt/airflow/dags/spotify_etl_pro.py
[2026-09-21T22:58:12.146+0000] {processor.py:925} INFO - DAG(s) 'spotify_etl_pro' retrieved from /opt/airflow/dags/spotify_etl_pro.py
[2026-09-21T22:58:12.292+0000] {logging_mixin.py:190} INFO - [2026-09-21T22:58:12.291+0000] {dag.py:3239} INFO - Sync 1 DAGs
[2026-09-21T22:58:12.350+0000] {logging_mixin.py:190} INFO - [2026-09-21T22:58:12.350+0000] {dag.py:4180} INFO - Setting next_dagrun for spotify_etl_pro to 2026-09-21 00:00:00+00:00, run_after=2026-09-22 00:00:00+00:00
[2026-09-21T22:58:12.365+0000] {processor.py:208} INFO - Processing /opt/airflow/dags/spotify_etl_pro.py took 0.325 seconds
[2026-09-21T22:58:42.541+0000] {processor.py:186} INFO - Started process (PID=678) to work on /opt/airflow/dags/spotify_etl_pro.py
[2026-09-21T22:58:42.542+0000] {processor.py:914} INFO - Processing file /opt/airflow/dags/spotify_etl_pro.py for tasks to queue
[2026-09-21T22:58:42.548+0000] {logging_mixin.py:190} INFO - [2026-09-21T22:58:42.546+0000] {dagbag.py:588} INFO - Filling up the DagBag from /opt/airflow/dags/spotify_etl_pro.py
[2026-09-21T22:58:42.597+0000] {processor.py:925} INFO - DAG(s) 'spotify_etl_pro' retrieved from /opt/airflow/dags/spotify_etl_pro.py
[2026-09-21T22:58:42.691+0000] {logging_mixin.py:190} INFO - [2026-09-21T22:58:42.691+0000] {dag.py:3239} INFO - Sync 1 DAGs
[2026-09-21T22:58:42.715+0000] {logging_mixin.py:190} INFO - [2026-09-21T22:58:42.715+0000] {dag.py:4180} INFO - Setting next_dagrun for spotify_etl_pro to 2026-09-21 00:00:00+00:00, run_after=2026-09-22 00:00:00+00:00
[2026-09-21T22:58:42.729+0000] {processor.py:208} INFO - Processing /opt/airflow/dags/spotify_etl_pro.py took 0.203 seconds
[2026-09-21T22:59:12.884+0000] {processor.py:186} INFO - Started process (PID=683) to work on /opt/airflow/dags/spotify_etl_pro.py
[2026-09-21T22:59:12.886+0000] {processor.py:914} INFO - Processing file /opt/airflow/dags/spotify_etl_pro.py for tasks to queue
[2026-09-21T22:59:12.893+0000] {logging_mixin.py:190} INFO - [2026-09-21T22:59:12.892+0000] {dagbag.py:588} INFO - Filling up the DagBag from /opt/airflow/dags/spotify_etl_pro.py
[2026-09-21T22:59:12.949+0000] {processor.py:925} INFO - DAG(s) 'spotify_etl_pro' retrieved from /opt/airflow/dags/spotify_etl_pro.py
[2026-09-21T22:59:13.030+0000] {logging_mixin.py:190} INFO - [2026-09-21T22:59:13.029+0000] {dag.py:3239} INFO - Sync 1 DAGs
[2026-09-21T22:59:13.055+0000] {logging_mixin.py:190} INFO - [2026-09-21T22:59:13.055+0000] {dag.py:4180} INFO - Setting next_dagrun for spotify_etl_pro to 2026-09-21 00:00:00+00:00, run_after=2026-09-22 00:00:00+00:00
[2026-09-21T22:59:13.072+0000] {processor.py:208} INFO - Processing /opt/airflow/dags/spotify_etl_pro.py took 0.203 seconds
[2026-09-21T22:59:43.545+0000] {processor.py:186} INFO - Started process (PID=688) to work on /opt/airflow/dags/spotify_etl_pro.py
[2026-09-21T22:59:43.547+0000] {processor.py:914} INFO - Processing file /opt/airflow/dags/spotify_etl_pro.py for tasks to queue
[2026-09-21T22:59:43.557+0000] {logging_mixin.py:190} INFO - [2026-09-21T22:59:43.556+0000] {dagbag.py:588} INFO - Filling up the DagBag from /opt/airflow/dags/spotify_etl_pro.py
[2026-09-21T22:59:43.607+0000] {processor.py:925} INFO - DAG(s) 'spotify_etl_pro' retrieved from /opt/airflow/dags/spotify_etl_pro.py
[2026-09-21T22:59:43.699+0000] {logging_mixin.py:190} INFO - [2026-09-21T22:59:43.699+0000] {dag.py:3239} INFO - Sync 1 DAGs
[2026-09-21T22:59:43.726+0000] {logging_mixin.py:190} INFO - [2026-09-21T22:59:43.726+0000] {dag.py:4180} INFO - Setting next_dagrun for spotify_etl_pro to 2026-09-21 00:00:00+00:00, run_after=2026-09-22 00:00:00+00:00
[2026-09-21T22:59:43.739+0000] {processor.py:208} INFO - Processing /opt/airflow/dags/spotify_etl_pro.py took 0.212 seconds
[2026-09-21T23:00:14.054+0000] {processor.py:186} INFO - Started process (PID=693) to work on /opt/airflow/dags/spotify_etl_pro.py
[2026-09-21T23:00:14.056+0000] {processor.py:914} INFO - Processing file /opt/airflow/dags/spotify_etl_pro.py for tasks to queue
[2026-09-21T23:00:14.061+0000] {logging_mixin.py:190} INFO - [2026-09-21T23:00:14.060+0000] {dagbag.py:588} INFO - Filling up the DagBag from /opt/airflow/dags/spotify_etl_pro.py
[2026-09-21T23:00:14.105+0000] {processor.py:925} INFO - DAG(s) 'spotify_etl_pro' retrieved from /opt/airflow/dags/spotify_etl_pro.py
[2026-09-21T23:00:14.198+0000] {logging_mixin.py:190} INFO - [2026-09-21T23:00:14.198+0000] {dag.py:3239} INFO - Sync 1 DAGs
[2026-09-21T23:00:14.239+0000] {logging_mixin.py:190} INFO - [2026-09-21T23:00:14.239+0000] {dag.py:4180} INFO - Setting next_dagrun for spotify_etl_pro to 2026-09-21 00:00:00+00:00, run_after=2026-09-22 00:00:00+00:00
[2026-09-21T23:00:14.254+0000] {processor.py:208} INFO - Processing /opt/airflow/dags/spotify_etl_pro.py took 0.222 seconds
[2026-09-21T23:00:44.592+0000] {processor.py:186} INFO - Started process (PID=698) to work on /opt/airflow/dags/spotify_etl_pro.py
[2026-09-21T23:00:44.594+0000] {processor.py:914} INFO - Processing file /opt/airflow/dags/spotify_etl_pro.py for tasks to queue
[2026-09-21T23:00:44.602+0000] {logging_mixin.py:190} INFO - [2026-09-21T23:00:44.601+0000] {dagbag.py:588} INFO - Filling up the DagBag from /opt/airflow/dags/spotify_etl_pro.py
[2026-09-21T23:00:44.651+0000] {processor.py:925} INFO - DAG(s) 'spotify_etl_pro' retrieved from /opt/airflow/dags/spotify_etl_pro.py
[2026-09-21T23:00:44.755+0000] {logging_mixin.py:190} INFO - [2026-09-21T23:00:44.755+0000] {dag.py:3239} INFO - Sync 1 DAGs
[2026-09-21T23:00:44.789+0000] {logging_mixin.py:190} INFO - [2026-09-21T23:00:44.788+0000] {dag.py:4180} INFO - Setting next_dagrun for spotify_etl_pro to 2026-09-21 00:00:00+00:00, run_after=2026-09-22 00:00:00+00:00
[2026-09-21T23:00:44.819+0000] {processor.py:208} INFO - Processing /opt/airflow/dags/spotify_etl_pro.py took 0.249 seconds
[2026-09-21T23:01:15.194+0000] {processor.py:186} INFO - Started process (PID=703) to work on /opt/airflow/dags/spotify_etl_pro.py
[2026-09-21T23:01:15.196+0000] {processor.py:914} INFO - Processing file /opt/airflow/dags/spotify_etl_pro.py for tasks to queue
[2026-09-21T23:01:15.199+0000] {logging_mixin.py:190} INFO - [2026-09-21T23:01:15.199+0000] {dagbag.py:588} INFO - Filling up the DagBag from /opt/airflow/dags/spotify_etl_pro.py
[2026-09-21T23:01:15.241+0000] {processor.py:925} INFO - DAG(s) 'spotify_etl_pro' retrieved from /opt/airflow/dags/spotify_etl_pro.py
[2026-09-21T23:01:15.319+0000] {logging_mixin.py:190} INFO - [2026-09-21T23:01:15.319+0000] {dag.py:3239} INFO - Sync 1 DAGs
[2026-09-21T23:01:15.344+0000] {logging_mixin.py:190} INFO - [2026-09-21T23:01:15.344+0000] {dag.py:4180} INFO - Setting next_dagrun for spotify_etl_pro to 2026-09-21 00:00:00+00:00, run_after=2026-09-22 00:00:00+00:00
[2026-09-21T23:01:15.358+0000] {processor.py:208} INFO - Processing /opt/airflow/dags/spotify_etl_pro.py took 0.184 seconds
[2026-09-21T23:01:45.666+0000] {processor.py:186} INFO - Started process (PID=708) to work on /opt/airflow/dags/spotify_etl_pro.py
[2026-09-21T23:01:45.673+0000] {processor.py:914} INFO - Processing file /opt/airflow/dags/spotify_etl_pro.py for tasks to queue
[2026-09-21T23:01:45.677+0000] {logging_mixin.py:190} INFO - [2026-09-21T23:01:45.677+0000] {dagbag.py:588} INFO - Filling up the DagBag from /opt/airflow/dags/spotify_etl_pro.py
[2026-09-21T23:01:45.710+0000] {processor.py:925} INFO - DAG(s) 'spotify_etl_pro' retrieved from /opt/airflow/dags/spotify_etl_pro.py
[2026-09-21T23:01:45.790+0000] {logging_mixin.py:190} INFO - [2026-09-21T23:01:45.790+0000] {dag.py:3239} INFO - Sync 1 DAGs
[2026-09-21T23:01:45.809+0000] {logging_mixin.py:190} INFO - [2026-09-21T23:01:45.809+0000] {dag.py:4180} INFO - Setting next_dagrun for spotify_etl_pro to 2026-09-21 00:00:00+00:00, run_after=2026-09-22 00:00:00+00:00
[2026-09-21T23:01:45.821+0000] {processor.py:208} INFO - Processing /opt/airflow/dags/spotify_etl_pro.py took 0.179 seconds
[2026-09-21T23:02:16.398+0000] {processor.py:186} INFO - Started process (PID=750) to work on /opt/airflow/dags/spotify_etl_pro.py
[2026-09-21T23:02:16.399+0000] {processor.py:914} INFO - Processing file /opt/airflow/dags/spotify_etl_pro.py for tasks to queue
[2026-09-21T23:02:16.402+0000] {logging_mixin.py:190} INFO - [2026-09-21T23:02:16.401+0000] {dagbag.py:588} INFO - Filling up the DagBag from /opt/airflow/dags/spotify_etl_pro.py
[2026-09-21T23:02:16.447+0000] {processor.py:925} INFO - DAG(s) 'spotify_etl_pro' retrieved from /opt/airflow/dags/spotify_etl_pro.py
[2026-09-21T23:02:16.533+0000] {logging_mixin.py:190} INFO - [2026-09-21T23:02:16.533+0000] {dag.py:3239} INFO - Sync 1 DAGs
[2026-09-21T23:02:16.567+0000] {logging_mixin.py:190} INFO - [2026-09-21T23:02:16.566+0000] {dag.py:4180} INFO - Setting next_dagrun for spotify_etl_pro to 2026-09-21 00:00:00+00:00, run_after=2026-09-22 00:00:00+00:00
[2026-09-21T23:02:16.581+0000] {processor.py:208} INFO - Processing /opt/airflow/dags/spotify_etl_pro.py took 0.199 seconds
[2026-09-21T23:02:47.092+0000] {processor.py:186} INFO - Started process (PID=758) to work on /opt/airflow/dags/spotify_etl_pro.py
[2026-09-21T23:02:47.095+0000] {processor.py:914} INFO - Processing file /opt/airflow/dags/spotify_etl_pro.py for tasks to queue
[2026-09-21T23:02:47.102+0000] {logging_mixin.py:190} INFO - [2026-09-21T23:02:47.102+0000] {dagbag.py:588} INFO - Filling up the DagBag from /opt/airflow/dags/spotify_etl_pro.py
[2026-09-21T23:02:47.159+0000] {processor.py:925} INFO - DAG(s) 'spotify_etl_pro' retrieved from /opt/airflow/dags/spotify_etl_pro.py
[2026-09-21T23:02:47.325+0000] {logging_mixin.py:190} INFO - [2026-09-21T23:02:47.325+0000] {dag.py:3239} INFO - Sync 1 DAGs
[2026-09-21T23:02:47.377+0000] {logging_mixin.py:190} INFO - [2026-09-21T23:02:47.376+0000] {dag.py:4180} INFO - Setting next_dagrun for spotify_etl_pro to 2026-09-21 00:00:00+00:00, run_after=2026-09-22 00:00:00+00:00
[2026-09-21T23:02:47.420+0000] {processor.py:208} INFO - Processing /opt/airflow/dags/spotify_etl_pro.py took 0.342 seconds
[2026-09-21T23:03:17.688+0000] {processor.py:186} INFO - Started process (PID=763) to work on /opt/airflow/dags/spotify_etl_pro.py
[2026-09-21T23:03:17.694+0000] {processor.py:914} INFO - Processing file /opt/airflow/dags/spotify_etl_pro.py for tasks to queue
[2026-09-21T23:03:17.698+0000] {logging_mixin.py:190} INFO - [2026-09-21T23:03:17.698+0000] {dagbag.py:588} INFO - Filling up the DagBag from /opt/airflow/dags/spotify_etl_pro.py
[2026-09-21T23:03:17.738+0000] {processor.py:925} INFO - DAG(s) 'spotify_etl_pro' retrieved from /opt/airflow/dags/spotify_etl_pro.py
[2026-09-21T23:03:17.817+0000] {logging_mixin.py:190} INFO - [2026-09-21T23:03:17.817+0000] {dag.py:3239} INFO - Sync 1 DAGs
[2026-09-21T23:03:17.842+0000] {logging_mixin.py:190} INFO - [2026-09-21T23:03:17.842+0000] {dag.py:4180} INFO - Setting next_dagrun for spotify_etl_pro to 2026-09-21 00:00:00+00:00, run_after=2026-09-22 00:00:00+00:00
[2026-09-21T23:03:17.855+0000] {processor.py:208} INFO - Processing /opt/airflow/dags/spotify_etl_pro.py took 0.182 seconds
[2026-09-21T23:03:48.261+0000] {processor.py:186} INFO - Started process (PID=768) to work on /opt/airflow/dags/spotify_etl_pro.py
[2026-09-21T23:03:48.263+0000] {processor.py:914} INFO - Processing file /opt/airflow/dags/spotify_etl_pro.py for tasks to queue
[2026-09-21T23:03:48.273+0000] {logging_mixin.py:190} INFO - [2026-09-21T23:03:48.273+0000] {dagbag.py:588} INFO - Filling up the DagBag from /opt/airflow/dags/spotify_etl_pro.py
[2026-09-21T23:03:48.323+0000] {processor.py:925} INFO - DAG(s) 'spotify_etl_pro' retrieved from /opt/airflow/dags/spotify_etl_pro.py
[2026-09-21T23:03:48.404+0000] {logging_mixin.py:190} INFO - [2026-09-21T23:03:48.404+0000] {dag.py:3239} INFO - Sync 1 DAGs
[2026-09-21T23:03:48.426+0000] {logging_mixin.py:190} INFO - [2026-09-21T23:03:48.425+0000] {dag.py:4180} INFO - Setting next_dagrun for spotify_etl_pro to 2026-09-21 00:00:00+00:00, run_after=2026-09-22 00:00:00+00:00
[2026-09-21T23:03:48.435+0000] {processor.py:208} INFO - Processing /opt/airflow/dags/spotify_etl_pro.py took 0.196 seconds
[2026-09-21T23:04:18.805+0000] {processor.py:186} INFO - Started process (PID=773) to work on /opt/airflow/dags/spotify_etl_pro.py
[2026-09-21T23:04:18.807+0000] {processor.py:914} INFO - Processing file /opt/airflow/dags/spotify_etl_pro.py for tasks to queue
[2026-09-21T23:04:18.811+0000] {logging_mixin.py:190} INFO - [2026-09-21T23:04:18.811+0000] {dagbag.py:588} INFO - Filling up the DagBag from /opt/airflow/dags/spotify_etl_pro.py
[2026-09-21T23:04:18.858+0000] {processor.py:925} INFO - DAG(s) 'spotify_etl_pro' retrieved from /opt/airflow/dags/spotify_etl_pro.py
[2026-09-21T23:04:18.943+0000] {logging_mixin.py:190} INFO - [2026-09-21T23:04:18.943+0000] {dag.py:3239} INFO - Sync 1 DAGs
[2026-09-21T23:04:18.962+0000] {logging_mixin.py:190} INFO - [2026-09-21T23:04:18.962+0000] {dag.py:4180} INFO - Setting next_dagrun for spotify_etl_pro to 2026-09-21 00:00:00+00:00, run_after=2026-09-22 00:00:00+00:00
[2026-09-21T23:04:18.972+0000] {processor.py:208} INFO - Processing /opt/airflow/dags/spotify_etl_pro.py took 0.187 seconds
[2026-09-21T23:04:49.344+0000] {processor.py:186} INFO - Started process (PID=778) to work on /opt/airflow/dags/spotify_etl_pro.py
[2026-09-21T23:04:49.346+0000] {processor.py:914} INFO - Processing file /opt/airflow/dags/spotify_etl_pro.py for tasks to queue
[2026-09-21T23:04:49.353+0000] {logging_mixin.py:190} INFO - [2026-09-21T23:04:49.353+0000] {dagbag.py:588} INFO - Filling up the DagBag from /opt/airflow/dags/spotify_etl_pro.py
[2026-09-21T23:04:49.401+0000] {processor.py:925} INFO - DAG(s) 'spotify_etl_pro' retrieved from /opt/airflow/dags/spotify_etl_pro.py
[2026-09-21T23:04:49.482+0000] {logging_mixin.py:190} INFO - [2026-09-21T23:04:49.482+0000] {dag.py:3239} INFO - Sync 1 DAGs
[2026-09-21T23:04:49.506+0000] {logging_mixin.py:190} INFO - [2026-09-21T23:04:49.506+0000] {dag.py:4180} INFO - Setting next_dagrun for spotify_etl_pro to 2026-09-21 00:00:00+00:00, run_after=2026-09-22 00:00:00+00:00
[2026-09-21T23:04:49.517+0000] {processor.py:208} INFO - Processing /opt/airflow/dags/spotify_etl_pro.py took 0.190 seconds
[2026-09-21T23:05:19.737+0000] {processor.py:186} INFO - Started process (PID=783) to work on /opt/airflow/dags/spotify_etl_pro.py
[2026-09-21T23:05:19.739+0000] {processor.py:914} INFO - Processing file /opt/airflow/dags/spotify_etl_pro.py for tasks to queue
[2026-09-21T23:05:19.742+0000] {logging_mixin.py:190} INFO - [2026-09-21T23:05:19.742+0000] {dagbag.py:588} INFO - Filling up the DagBag from /opt/airflow/dags/spotify_etl_pro.py
[2026-09-21T23:05:19.784+0000] {processor.py:925} INFO - DAG(s) 'spotify_etl_pro' retrieved from /opt/airflow/dags/spotify_etl_pro.py
[2026-09-21T23:05:19.873+0000] {logging_mixin.py:190} INFO - [2026-09-21T23:05:19.873+0000] {dag.py:3239} INFO - Sync 1 DAGs
[2026-09-21T23:05:19.904+0000] {logging_mixin.py:190} INFO - [2026-09-21T23:05:19.904+0000] {dag.py:4180} INFO - Setting next_dagrun for spotify_etl_pro to 2026-09-21 00:00:00+00:00, run_after=2026-09-22 00:00:00+00:00
[2026-09-21T23:05:19.918+0000] {processor.py:208} INFO - Processing /opt/airflow/dags/spotify_etl_pro.py took 0.210 seconds
[2026-09-21T23:05:50.366+0000] {processor.py:186} INFO - Started process (PID=788) to work on /opt/airflow/dags/spotify_etl_pro.py
[2026-09-21T23:05:50.368+0000] {processor.py:914} INFO - Processing file /opt/airflow/dags/spotify_etl_pro.py for tasks to queue
[2026-09-21T23:05:50.373+0000] {logging_mixin.py:190} INFO - [2026-09-21T23:05:50.372+0000] {dagbag.py:588} INFO - Filling up the DagBag from /opt/airflow/dags/spotify_etl_pro.py
[2026-09-21T23:05:50.420+0000] {processor.py:925} INFO - DAG(s) 'spotify_etl_pro' retrieved from /opt/airflow/dags/spotify_etl_pro.py
[2026-09-21T23:05:50.495+0000] {logging_mixin.py:190} INFO - [2026-09-21T23:05:50.495+0000] {dag.py:3239} INFO - Sync 1 DAGs
[2026-09-21T23:05:50.513+0000] {logging_mixin.py:190} INFO - [2026-09-21T23:05:50.513+0000] {dag.py:4180} INFO - Setting next_dagrun for spotify_etl_pro to 2026-09-21 00:00:00+00:00, run_after=2026-09-22 00:00:00+00:00
[2026-09-21T23:05:50.530+0000] {processor.py:208} INFO - Processing /opt/airflow/dags/spotify_etl_pro.py took 0.182 seconds
[2026-09-21T23:06:20.926+0000] {processor.py:186} INFO - Started process (PID=793) to work on /opt/airflow/dags/spotify_etl_pro.py
[2026-09-21T23:06:20.928+0000] {processor.py:914} INFO - Processing file /opt/airflow/dags/spotify_etl_pro.py for tasks to queue
[2026-09-21T23:06:20.932+0000] {logging_mixin.py:190} INFO - [2026-09-21T23:06:20.931+0000] {dagbag.py:588} INFO - Filling up the DagBag from /opt/airflow/dags/spotify_etl_pro.py
[2026-09-21T23:06:20.972+0000] {processor.py:925} INFO - DAG(s) 'spotify_etl_pro' retrieved from /opt/airflow/dags/spotify_etl_pro.py
[2026-09-21T23:06:21.048+0000] {logging_mixin.py:190} INFO - [2026-09-21T23:06:21.048+0000] {dag.py:3239} INFO - Sync 1 DAGs
[2026-09-21T23:06:21.081+0000] {logging_mixin.py:190} INFO - [2026-09-21T23:06:21.080+0000] {dag.py:4180} INFO - Setting next_dagrun for spotify_etl_pro to 2026-09-21 00:00:00+00:00, run_after=2026-09-22 00:00:00+00:00
[2026-09-21T23:06:21.092+0000] {processor.py:208} INFO - Processing /opt/airflow/dags/spotify_etl_pro.py took 0.186 seconds
[2026-09-21T23:06:51.408+0000] {processor.py:186} INFO - Started process (PID=798) to work on /opt/airflow/dags/spotify_etl_pro.py
[2026-09-21T23:06:51.410+0000] {processor.py:914} INFO - Processing file /opt/airflow/dags/spotify_etl_pro.py for tasks to queue
[2026-09-21T23:06:51.420+0000] {logging_mixin.py:190} INFO - [2026-09-21T23:06:51.419+0000] {dagbag.py:588} INFO - Filling up the DagBag from /opt/airflow/dags/spotify_etl_pro.py
[2026-09-21T23:06:51.473+0000] {processor.py:925} INFO - DAG(s) 'spotify_etl_pro' retrieved from /opt/airflow/dags/spotify_etl_pro.py
[2026-09-21T23:06:51.554+0000] {logging_mixin.py:190} INFO - [2026-09-21T23:06:51.554+0000] {dag.py:3239} INFO - Sync 1 DAGs
[2026-09-21T23:06:51.575+0000] {logging_mixin.py:190} INFO - [2026-09-21T23:06:51.575+0000] {dag.py:4180} INFO - Setting next_dagrun for spotify_etl_pro to 2026-09-21 00:00:00+00:00, run_after=2026-09-22 00:00:00+00:00
[2026-09-21T23:06:51.587+0000] {processor.py:208} INFO - Processing /opt/airflow/dags/spotify_etl_pro.py took 0.201 seconds
[2026-09-21T23:07:21.867+0000] {processor.py:186} INFO - Started process (PID=803) to work on /opt/airflow/dags/spotify_etl_pro.py
[2026-09-21T23:07:21.869+0000] {processor.py:914} INFO - Processing file /opt/airflow/dags/spotify_etl_pro.py for tasks to queue
[2026-09-21T23:07:21.872+0000] {logging_mixin.py:190} INFO - [2026-09-21T23:07:21.871+0000] {dagbag.py:588} INFO - Filling up the DagBag from /opt/airflow/dags/spotify_etl_pro.py
[2026-09-21T23:07:21.916+0000] {processor.py:925} INFO - DAG(s) 'spotify_etl_pro' retrieved from /opt/airflow/dags/spotify_etl_pro.py
[2026-09-21T23:07:21.993+0000] {logging_mixin.py:190} INFO - [2026-09-21T23:07:21.993+0000] {dag.py:3239} INFO - Sync 1 DAGs
[2026-09-21T23:07:22.018+0000] {logging_mixin.py:190} INFO - [2026-09-21T23:07:22.018+0000] {dag.py:4180} INFO - Setting next_dagrun for spotify_etl_pro to 2026-09-21 00:00:00+00:00, run_after=2026-09-22 00:00:00+00:00
[2026-09-21T23:07:22.028+0000] {processor.py:208} INFO - Processing /opt/airflow/dags/spotify_etl_pro.py took 0.180 seconds
[2026-09-21T23:07:52.456+0000] {processor.py:186} INFO - Started process (PID=808) to work on /opt/airflow/dags/spotify_etl_pro.py
[2026-09-21T23:07:52.457+0000] {processor.py:914} INFO - Processing file /opt/airflow/dags/spotify_etl_pro.py for tasks to queue
[2026-09-21T23:07:52.461+0000] {logging_mixin.py:190} INFO - [2026-09-21T23:07:52.461+0000] {dagbag.py:588} INFO - Filling up the DagBag from /opt/airflow/dags/spotify_etl_pro.py
[2026-09-21T23:07:52.496+0000] {processor.py:925} INFO - DAG(s) 'spotify_etl_pro' retrieved from /opt/airflow/dags/spotify_etl_pro.py
[2026-09-21T23:07:52.575+0000] {logging_mixin.py:190} INFO - [2026-09-21T23:07:52.575+0000] {dag.py:3239} INFO - Sync 1 DAGs
[2026-09-21T23:07:52.594+0000] {logging_mixin.py:190} INFO - [2026-09-21T23:07:52.594+0000] {dag.py:4180} INFO - Setting next_dagrun for spotify_etl_pro to 2026-09-21 00:00:00+00:00, run_after=2026-09-22 00:00:00+00:00
[2026-09-21T23:07:52.608+0000] {processor.py:208} INFO - Processing /opt/airflow/dags/spotify_etl_pro.py took 0.164 seconds
[2026-09-21T23:08:23.091+0000] {processor.py:186} INFO - Started process (PID=813) to work on /opt/airflow/dags/spotify_etl_pro.py
[2026-09-21T23:08:23.093+0000] {processor.py:914} INFO - Processing file /opt/airflow/dags/spotify_etl_pro.py for tasks to queue
[2026-09-21T23:08:23.097+0000] {logging_mixin.py:190} INFO - [2026-09-21T23:08:23.097+0000] {dagbag.py:588} INFO - Filling up the DagBag from /opt/airflow/dags/spotify_etl_pro.py
[2026-09-21T23:08:23.141+0000] {processor.py:925} INFO - DAG(s) 'spotify_etl_pro' retrieved from /opt/airflow/dags/spotify_etl_pro.py
[2026-09-21T23:08:23.235+0000] {logging_mixin.py:190} INFO - [2026-09-21T23:08:23.234+0000] {dag.py:3239} INFO - Sync 1 DAGs
[2026-09-21T23:08:23.253+0000] {logging_mixin.py:190} INFO - [2026-09-21T23:08:23.253+0000] {dag.py:4180} INFO - Setting next_dagrun for spotify_etl_pro to 2026-09-21 00:00:00+00:00, run_after=2026-09-22 00:00:00+00:00
[2026-09-21T23:08:23.265+0000] {processor.py:208} INFO - Processing /opt/airflow/dags/spotify_etl_pro.py took 0.194 seconds
[2026-09-21T23:08:53.663+0000] {processor.py:186} INFO - Started process (PID=818) to work on /opt/airflow/dags/spotify_etl_pro.py
[2026-09-21T23:08:53.665+0000] {processor.py:914} INFO - Processing file /opt/airflow/dags/spotify_etl_pro.py for tasks to queue
[2026-09-21T23:08:53.673+0000] {logging_mixin.py:190} INFO - [2026-09-21T23:08:53.672+0000] {dagbag.py:588} INFO - Filling up the DagBag from /opt/airflow/dags/spotify_etl_pro.py
[2026-09-21T23:08:53.716+0000] {processor.py:925} INFO - DAG(s) 'spotify_etl_pro' retrieved from /opt/airflow/dags/spotify_etl_pro.py
[2026-09-21T23:08:53.793+0000] {logging_mixin.py:190} INFO - [2026-09-21T23:08:53.793+0000] {dag.py:3239} INFO - Sync 1 DAGs
[2026-09-21T23:08:53.816+0000] {logging_mixin.py:190} INFO - [2026-09-21T23:08:53.815+0000] {dag.py:4180} INFO - Setting next_dagrun for spotify_etl_pro to 2026-09-21 00:00:00+00:00, run_after=2026-09-22 00:00:00+00:00
[2026-09-21T23:08:53.826+0000] {processor.py:208} INFO - Processing /opt/airflow/dags/spotify_etl_pro.py took 0.178 seconds
[2026-09-21T23:09:24.214+0000] {processor.py:186} INFO - Started process (PID=823) to work on /opt/airflow/dags/spotify_etl_pro.py
[2026-09-21T23:09:24.219+0000] {processor.py:914} INFO - Processing file /opt/airflow/dags/spotify_etl_pro.py for tasks to queue
[2026-09-21T23:09:24.222+0000] {logging_mixin.py:190} INFO - [2026-09-21T23:09:24.222+0000] {dagbag.py:588} INFO - Filling up the DagBag from /opt/airflow/dags/spotify_etl_pro.py
[2026-09-21T23:09:24.256+0000] {processor.py:925} INFO - DAG(s) 'spotify_etl_pro' retrieved from /opt/airflow/dags/spotify_etl_pro.py
[2026-09-21T23:09:24.334+0000] {logging_mixin.py:190} INFO - [2026-09-21T23:09:24.334+0000] {dag.py:3239} INFO - Sync 1 DAGs
[2026-09-21T23:09:24.355+0000] {logging_mixin.py:190} INFO - [2026-09-21T23:09:24.355+0000] {dag.py:4180} INFO - Setting next_dagrun for spotify_etl_pro to 2026-09-21 00:00:00+00:00, run_after=2026-09-22 00:00:00+00:00
[2026-09-21T23:09:24.366+0000] {processor.py:208} INFO - Processing /opt/airflow/dags/spotify_etl_pro.py took 0.166 seconds
[2026-09-21T23:09:54.727+0000] {processor.py:186} INFO - Started process (PID=828) to work on /opt/airflow/dags/spotify_etl_pro.py
[2026-09-21T23:09:54.729+0000] {processor.py:914} INFO - Processing file /opt/airflow/dags/spotify_etl_pro.py for tasks to queue
[2026-09-21T23:09:54.733+0000] {logging_mixin.py:190} INFO - [2026-09-21T23:09:54.733+0000] {dagbag.py:588} INFO - Filling up the DagBag from /opt/airflow/dags/spotify_etl_pro.py
[2026-09-21T23:09:54.799+0000] {processor.py:925} INFO - DAG(s) 'spotify_etl_pro' retrieved from /opt/airflow/dags/spotify_etl_pro.py
[2026-09-21T23:09:54.883+0000] {logging_mixin.py:190} INFO - [2026-09-21T23:09:54.883+0000] {dag.py:3239} INFO - Sync 1 DAGs
[2026-09-21T23:09:54.906+0000] {logging_mixin.py:190} INFO - [2026-09-21T23:09:54.906+0000] {dag.py:4180} INFO - Setting next_dagrun for spotify_etl_pro to 2026-09-21 00:00:00+00:00, run_after=2026-09-22 00:00:00+00:00
[2026-09-21T23:09:54.924+0000] {processor.py:208} INFO - Processing /opt/airflow/dags/spotify_etl_pro.py took 0.222 seconds
[2026-09-21T23:10:25.304+0000] {processor.py:186} INFO - Started process (PID=833) to work on /opt/airflow/dags/spotify_etl_pro.py
[2026-09-21T23:10:25.306+0000] {processor.py:914} INFO - Processing file /opt/airflow/dags/spotify_etl_pro.py for tasks to queue
[2026-09-21T23:10:25.310+0000] {logging_mixin.py:190} INFO - [2026-09-21T23:10:25.309+0000] {dagbag.py:588} INFO - Filling up the DagBag from /opt/airflow/dags/spotify_etl_pro.py
[2026-09-21T23:10:25.351+0000] {processor.py:925} INFO - DAG(s) 'spotify_etl_pro' retrieved from /opt/airflow/dags/spotify_etl_pro.py
[2026-09-21T23:10:25.475+0000] {logging_mixin.py:190} INFO - [2026-09-21T23:10:25.475+0000] {dag.py:3239} INFO - Sync 1 DAGs
[2026-09-21T23:10:25.497+0000] {logging_mixin.py:190} INFO - [2026-09-21T23:10:25.497+0000] {dag.py:4180} INFO - Setting next_dagrun for spotify_etl_pro to 2026-09-21 00:00:00+00:00, run_after=2026-09-22 00:00:00+00:00
[2026-09-21T23:10:25.509+0000] {processor.py:208} INFO - Processing /opt/airflow/dags/spotify_etl_pro.py took 0.227 seconds
[2026-09-21T23:10:55.798+0000] {processor.py:186} INFO - Started process (PID=838) to work on /opt/airflow/dags/spotify_etl_pro.py
[2026-09-21T23:10:55.800+0000] {processor.py:914} INFO - Processing file /opt/airflow/dags/spotify_etl_pro.py for tasks to queue
[2026-09-21T23:10:55.804+0000] {logging_mixin.py:190} INFO - [2026-09-21T23:10:55.804+0000] {dagbag.py:588} INFO - Filling up the DagBag from /opt/airflow/dags/spotify_etl_pro.py
[2026-09-21T23:10:55.843+0000] {processor.py:925} INFO - DAG(s) 'spotify_etl_pro' retrieved from /opt/airflow/dags/spotify_etl_pro.py
[2026-09-21T23:10:55.916+0000] {logging_mixin.py:190} INFO - [2026-09-21T23:10:55.916+0000] {dag.py:3239} INFO - Sync 1 DAGs
[2026-09-21T23:10:55.937+0000] {logging_mixin.py:190} INFO - [2026-09-21T23:10:55.937+0000] {dag.py:4180} INFO - Setting next_dagrun for spotify_etl_pro to 2026-09-21 00:00:00+00:00, run_after=2026-09-22 00:00:00+00:00
[2026-09-21T23:10:55.947+0000] {processor.py:208} INFO - Processing /opt/airflow/dags/spotify_etl_pro.py took 0.174 seconds
[2026-09-21T23:11:26.310+0000] {processor.py:186} INFO - Started process (PID=843) to work on /opt/airflow/dags/spotify_etl_pro.py
[2026-09-21T23:11:26.312+0000] {processor.py:914} INFO - Processing file /opt/airflow/dags/spotify_etl_pro.py for tasks to queue
[2026-09-21T23:11:26.316+0000] {logging_mixin.py:190} INFO - [2026-09-21T23:11:26.316+0000] {dagbag.py:588} INFO - Filling up the DagBag from /opt/airflow/dags/spotify_etl_pro.py
[2026-09-21T23:11:26.356+0000] {processor.py:925} INFO - DAG(s) 'spotify_etl_pro' retrieved from /opt/airflow/dags/spotify_etl_pro.py
[2026-09-21T23:11:26.435+0000] {logging_mixin.py:190} INFO - [2026-09-21T23:11:26.434+0000] {dag.py:3239} INFO - Sync 1 DAGs
[2026-09-21T23:11:26.454+0000] {logging_mixin.py:190} INFO - [2026-09-21T23:11:26.454+0000] {dag.py:4180} INFO - Setting next_dagrun for spotify_etl_pro to 2026-09-21 00:00:00+00:00, run_after=2026-09-22 00:00:00+00:00
[2026-09-21T23:11:26.466+0000] {processor.py:208} INFO - Processing /opt/airflow/dags/spotify_etl_pro.py took 0.172 seconds
[2026-09-21T23:11:56.700+0000] {processor.py:186} INFO - Started process (PID=848) to work on /opt/airflow/dags/spotify_etl_pro.py
[2026-09-21T23:11:56.704+0000] {processor.py:914} INFO - Processing file /opt/airflow/dags/spotify_etl_pro.py for tasks to queue
[2026-09-21T23:11:56.709+0000] {logging_mixin.py:190} INFO - [2026-09-21T23:11:56.709+0000] {dagbag.py:588} INFO - Filling up the DagBag from /opt/airflow/dags/spotify_etl_pro.py
[2026-09-21T23:11:56.749+0000] {processor.py:925} INFO - DAG(s) 'spotify_etl_pro' retrieved from /opt/airflow/dags/spotify_etl_pro.py
[2026-09-21T23:11:56.831+0000] {logging_mixin.py:190} INFO - [2026-09-21T23:11:56.830+0000] {dag.py:3239} INFO - Sync 1 DAGs
[2026-09-21T23:11:56.852+0000] {logging_mixin.py:190} INFO - [2026-09-21T23:11:56.852+0000] {dag.py:4180} INFO - Setting next_dagrun for spotify_etl_pro to 2026-09-21 00:00:00+00:00, run_after=2026-09-22 00:00:00+00:00
[2026-09-21T23:11:56.873+0000] {processor.py:208} INFO - Processing /opt/airflow/dags/spotify_etl_pro.py took 0.193 seconds
[2026-09-21T23:12:27.349+0000] {processor.py:186} INFO - Started process (PID=853) to work on /opt/airflow/dags/spotify_etl_pro.py
[2026-09-21T23:12:27.350+0000] {processor.py:914} INFO - Processing file /opt/airflow/dags/spotify_etl_pro.py for tasks to queue
[2026-09-21T23:12:27.355+0000] {logging_mixin.py:190} INFO - [2026-09-21T23:12:27.354+0000] {dagbag.py:588} INFO - Filling up the DagBag from /opt/airflow/dags/spotify_etl_pro.py
[2026-09-21T23:12:27.399+0000] {processor.py:925} INFO - DAG(s) 'spotify_etl_pro' retrieved from /opt/airflow/dags/spotify_etl_pro.py
[2026-09-21T23:12:27.471+0000] {logging_mixin.py:190} INFO - [2026-09-21T23:12:27.471+0000] {dag.py:3239} INFO - Sync 1 DAGs
[2026-09-21T23:12:27.488+0000] {logging_mixin.py:190} INFO - [2026-09-21T23:12:27.488+0000] {dag.py:4180} INFO - Setting next_dagrun for spotify_etl_pro to 2026-09-21 00:00:00+00:00, run_after=2026-09-22 00:00:00+00:00
[2026-09-21T23:12:27.503+0000] {processor.py:208} INFO - Processing /opt/airflow/dags/spotify_etl_pro.py took 0.177 seconds
[2026-09-21T23:12:57.753+0000] {processor.py:186} INFO - Started process (PID=858) to work on /opt/airflow/dags/spotify_etl_pro.py
[2026-09-21T23:12:57.755+0000] {processor.py:914} INFO - Processing file /opt/airflow/dags/spotify_etl_pro.py for tasks to queue
[2026-09-21T23:12:57.760+0000] {logging_mixin.py:190} INFO - [2026-09-21T23:12:57.759+0000] {dagbag.py:588} INFO - Filling up the DagBag from /opt/airflow/dags/spotify_etl_pro.py
[2026-09-21T23:12:57.804+0000] {processor.py:925} INFO - DAG(s) 'spotify_etl_pro' retrieved from /opt/airflow/dags/spotify_etl_pro.py
[2026-09-21T23:12:57.894+0000] {logging_mixin.py:190} INFO - [2026-09-21T23:12:57.894+0000] {dag.py:3239} INFO - Sync 1 DAGs
[2026-09-21T23:12:57.918+0000] {logging_mixin.py:190} INFO - [2026-09-21T23:12:57.918+0000] {dag.py:4180} INFO - Setting next_dagrun for spotify_etl_pro to 2026-09-21 00:00:00+00:00, run_after=2026-09-22 00:00:00+00:00
[2026-09-21T23:12:57.931+0000] {processor.py:208} INFO - Processing /opt/airflow/dags/spotify_etl_pro.py took 0.203 seconds
[2026-09-21T23:13:28.312+0000] {processor.py:186} INFO - Started process (PID=863) to work on /opt/airflow/dags/spotify_etl_pro.py
[2026-09-21T23:13:28.314+0000] {processor.py:914} INFO - Processing file /opt/airflow/dags/spotify_etl_pro.py for tasks to queue
[2026-09-21T23:13:28.319+0000] {logging_mixin.py:190} INFO - [2026-09-21T23:13:28.318+0000] {dagbag.py:588} INFO - Filling up the DagBag from /opt/airflow/dags/spotify_etl_pro.py
[2026-09-21T23:13:28.361+0000] {processor.py:925} INFO - DAG(s) 'spotify_etl_pro' retrieved from /opt/airflow/dags/spotify_etl_pro.py
[2026-09-21T23:13:28.434+0000] {logging_mixin.py:190} INFO - [2026-09-21T23:13:28.434+0000] {dag.py:3239} INFO - Sync 1 DAGs
[2026-09-21T23:13:28.452+0000] {logging_mixin.py:190} INFO - [2026-09-21T23:13:28.452+0000] {dag.py:4180} INFO - Setting next_dagrun for spotify_etl_pro to 2026-09-21 00:00:00+00:00, run_after=2026-09-22 00:00:00+00:00
[2026-09-21T23:13:28.462+0000] {processor.py:208} INFO - Processing /opt/airflow/dags/spotify_etl_pro.py took 0.170 seconds
[2026-09-21T23:13:58.738+0000] {processor.py:186} INFO - Started process (PID=868) to work on /opt/airflow/dags/spotify_etl_pro.py
[2026-09-21T23:13:58.739+0000] {processor.py:914} INFO - Processing file /opt/airflow/dags/spotify_etl_pro.py for tasks to queue
[2026-09-21T23:13:58.742+0000] {logging_mixin.py:190} INFO - [2026-09-21T23:13:58.742+0000] {dagbag.py:588} INFO - Filling up the DagBag from /opt/airflow/dags/spotify_etl_pro.py
[2026-09-21T23:13:58.784+0000] {processor.py:925} INFO - DAG(s) 'spotify_etl_pro' retrieved from /opt/airflow/dags/spotify_etl_pro.py
[2026-09-21T23:13:58.859+0000] {logging_mixin.py:190} INFO - [2026-09-21T23:13:58.859+0000] {dag.py:3239} INFO - Sync 1 DAGs
[2026-09-21T23:13:58.877+0000] {logging_mixin.py:190} INFO - [2026-09-21T23:13:58.877+0000] {dag.py:4180} INFO - Setting next_dagrun for spotify_etl_pro to 2026-09-21 00:00:00+00:00, run_after=2026-09-22 00:00:00+00:00
[2026-09-21T23:13:58.887+0000] {processor.py:208} INFO - Processing /opt/airflow/dags/spotify_etl_pro.py took 0.164 seconds
[2026-09-21T23:14:29.115+0000] {processor.py:186} INFO - Started process (PID=873) to work on /opt/airflow/dags/spotify_etl_pro.py
[2026-09-21T23:14:29.117+0000] {processor.py:914} INFO - Processing file /opt/airflow/dags/spotify_etl_pro.py for tasks to queue
[2026-09-21T23:14:29.121+0000] {logging_mixin.py:190} INFO - [2026-09-21T23:14:29.121+0000] {dagbag.py:588} INFO - Filling up the DagBag from /opt/airflow/dags/spotify_etl_pro.py
[2026-09-21T23:14:29.158+0000] {processor.py:925} INFO - DAG(s) 'spotify_etl_pro' retrieved from /opt/airflow/dags/spotify_etl_pro.py
[2026-09-21T23:14:29.235+0000] {logging_mixin.py:190} INFO - [2026-09-21T23:14:29.234+0000] {dag.py:3239} INFO - Sync 1 DAGs
[2026-09-21T23:14:29.252+0000] {logging_mixin.py:190} INFO - [2026-09-21T23:14:29.252+0000] {dag.py:4180} INFO - Setting next_dagrun for spotify_etl_pro to 2026-09-21 00:00:00+00:00, run_after=2026-09-22 00:00:00+00:00
[2026-09-21T23:14:29.263+0000] {processor.py:208} INFO - Processing /opt/airflow/dags/spotify_etl_pro.py took 0.165 seconds
[2026-09-21T23:14:59.717+0000] {processor.py:186} INFO - Started process (PID=878) to work on /opt/airflow/dags/spotify_etl_pro.py
[2026-09-21T23:14:59.719+0000] {processor.py:914} INFO - Processing file /opt/airflow/dags/spotify_etl_pro.py for tasks to queue
[2026-09-21T23:14:59.727+0000] {logging_mixin.py:190} INFO - [2026-09-21T23:14:59.727+0000] {dagbag.py:588} INFO - Filling up the DagBag from /opt/airflow/dags/spotify_etl_pro.py
[2026-09-21T23:14:59.773+0000] {processor.py:925} INFO - DAG(s) 'spotify_etl_pro' retrieved from /opt/airflow/dags/spotify_etl_pro.py
[2026-09-21T23:14:59.858+0000] {logging_mixin.py:190} INFO - [2026-09-21T23:14:59.858+0000] {dag.py:3239} INFO - Sync 1 DAGs
[2026-09-21T23:14:59.875+0000] {logging_mixin.py:190} INFO - [2026-09-21T23:14:59.875+0000] {dag.py:4180} INFO - Setting next_dagrun for spotify_etl_pro to 2026-09-21 00:00:00+00:00, run_after=2026-09-22 00:00:00+00:00
[2026-09-21T23:14:59.889+0000] {processor.py:208} INFO - Processing /opt/airflow/dags/spotify_etl_pro.py took 0.191 seconds
[2026-09-21T23:15:30.227+0000] {processor.py:186} INFO - Started process (PID=883) to work on /opt/airflow/dags/spotify_etl_pro.py
[2026-09-21T23:15:30.229+0000] {processor.py:914} INFO - Processing file /opt/airflow/dags/spotify_etl_pro.py for tasks to queue
[2026-09-21T23:15:30.236+0000] {logging_mixin.py:190} INFO - [2026-09-21T23:15:30.232+0000] {dagbag.py:588} INFO - Filling up the DagBag from /opt/airflow/dags/spotify_etl_pro.py
[2026-09-21T23:15:30.279+0000] {processor.py:925} INFO - DAG(s) 'spotify_etl_pro' retrieved from /opt/airflow/dags/spotify_etl_pro.py
[2026-09-21T23:15:30.357+0000] {logging_mixin.py:190} INFO - [2026-09-21T23:15:30.357+0000] {dag.py:3239} INFO - Sync 1 DAGs
[2026-09-21T23:15:30.378+0000] {logging_mixin.py:190} INFO - [2026-09-21T23:15:30.378+0000] {dag.py:4180} INFO - Setting next_dagrun for spotify_etl_pro to 2026-09-21 00:00:00+00:00, run_after=2026-09-22 00:00:00+00:00
[2026-09-21T23:15:30.391+0000] {processor.py:208} INFO - Processing /opt/airflow/dags/spotify_etl_pro.py took 0.195 seconds
[2026-09-21T23:16:00.691+0000] {processor.py:186} INFO - Started process (PID=888) to work on /opt/airflow/dags/spotify_etl_pro.py
[2026-09-21T23:16:00.693+0000] {processor.py:914} INFO - Processing file /opt/airflow/dags/spotify_etl_pro.py for tasks to queue
[2026-09-21T23:16:00.696+0000] {logging_mixin.py:190} INFO - [2026-09-21T23:16:00.695+0000] {dagbag.py:588} INFO - Filling up the DagBag from /opt/airflow/dags/spotify_etl_pro.py
[2026-09-21T23:16:00.749+0000] {processor.py:925} INFO - DAG(s) 'spotify_etl_pro' retrieved from /opt/airflow/dags/spotify_etl_pro.py
[2026-09-21T23:16:00.830+0000] {logging_mixin.py:190} INFO - [2026-09-21T23:16:00.830+0000] {dag.py:3239} INFO - Sync 1 DAGs
[2026-09-21T23:16:00.851+0000] {logging_mixin.py:190} INFO - [2026-09-21T23:16:00.851+0000] {dag.py:4180} INFO - Setting next_dagrun for spotify_etl_pro to 2026-09-21 00:00:00+00:00, run_after=2026-09-22 00:00:00+00:00
[2026-09-21T23:16:00.862+0000] {processor.py:208} INFO - Processing /opt/airflow/dags/spotify_etl_pro.py took 0.187 seconds
[2026-09-21T23:16:31.234+0000] {processor.py:186} INFO - Started process (PID=893) to work on /opt/airflow/dags/spotify_etl_pro.py
[2026-09-21T23:16:31.236+0000] {processor.py:914} INFO - Processing file /opt/airflow/dags/spotify_etl_pro.py for tasks to queue
[2026-09-21T23:16:31.241+0000] {logging_mixin.py:190} INFO - [2026-09-21T23:16:31.241+0000] {dagbag.py:588} INFO - Filling up the DagBag from /opt/airflow/dags/spotify_etl_pro.py
[2026-09-21T23:16:31.286+0000] {processor.py:925} INFO - DAG(s) 'spotify_etl_pro' retrieved from /opt/airflow/dags/spotify_etl_pro.py
[2026-09-21T23:16:31.356+0000] {logging_mixin.py:190} INFO - [2026-09-21T23:16:31.356+0000] {dag.py:3239} INFO - Sync 1 DAGs
[2026-09-21T23:16:31.376+0000] {logging_mixin.py:190} INFO - [2026-09-21T23:16:31.376+0000] {dag.py:4180} INFO - Setting next_dagrun for spotify_etl_pro to 2026-09-21 00:00:00+00:00, run_after=2026-09-22 00:00:00+00:00
[2026-09-21T23:16:31.387+0000] {processor.py:208} INFO - Processing /opt/airflow/dags/spotify_etl_pro.py took 0.173 seconds
[2026-09-21T23:17:01.783+0000] {processor.py:186} INFO - Started process (PID=898) to work on /opt/airflow/dags/spotify_etl_pro.py
[2026-09-21T23:17:01.785+0000] {processor.py:914} INFO - Processing file /opt/airflow/dags/spotify_etl_pro.py for tasks to queue
[2026-09-21T23:17:01.790+0000] {logging_mixin.py:190} INFO - [2026-09-21T23:17:01.790+0000] {dagbag.py:588} INFO - Filling up the DagBag from /opt/airflow/dags/spotify_etl_pro.py
[2026-09-21T23:17:01.825+0000] {processor.py:925} INFO - DAG(s) 'spotify_etl_pro' retrieved from /opt/airflow/dags/spotify_etl_pro.py
[2026-09-21T23:17:01.899+0000] {logging_mixin.py:190} INFO - [2026-09-21T23:17:01.898+0000] {dag.py:3239} INFO - Sync 1 DAGs
[2026-09-21T23:17:01.918+0000] {logging_mixin.py:190} INFO - [2026-09-21T23:17:01.917+0000] {dag.py:4180} INFO - Setting next_dagrun for spotify_etl_pro to 2026-09-21 00:00:00+00:00, run_after=2026-09-22 00:00:00+00:00
[2026-09-21T23:17:01.935+0000] {processor.py:208} INFO - Processing /opt/airflow/dags/spotify_etl_pro.py took 0.174 seconds
[2026-09-21T23:17:32.310+0000] {processor.py:186} INFO - Started process (PID=903) to work on /opt/airflow/dags/spotify_etl_pro.py
[2026-09-21T23:17:32.315+0000] {processor.py:914} INFO - Processing file /opt/airflow/dags/spotify_etl_pro.py for tasks to queue
[2026-09-21T23:17:32.323+0000] {logging_mixin.py:190} INFO - [2026-09-21T23:17:32.322+0000] {dagbag.py:588} INFO - Filling up the DagBag from /opt/airflow/dags/spotify_etl_pro.py
[2026-09-21T23:17:32.390+0000] {processor.py:925} INFO - DAG(s) 'spotify_etl_pro' retrieved from /opt/airflow/dags/spotify_etl_pro.py
[2026-09-21T23:17:32.464+0000] {logging_mixin.py:190} INFO - [2026-09-21T23:17:32.464+0000] {dag.py:3239} INFO - Sync 1 DAGs
[2026-09-21T23:17:32.486+0000] {logging_mixin.py:190} INFO - [2026-09-21T23:17:32.486+0000] {dag.py:4180} INFO - Setting next_dagrun for spotify_etl_pro to 2026-09-21 00:00:00+00:00, run_after=2026-09-22 00:00:00+00:00
[2026-09-21T23:17:32.496+0000] {processor.py:208} INFO - Processing /opt/airflow/dags/spotify_etl_pro.py took 0.211 seconds
[2026-09-21T23:18:02.877+0000] {processor.py:186} INFO - Started process (PID=908) to work on /opt/airflow/dags/spotify_etl_pro.py
[2026-09-21T23:18:02.879+0000] {processor.py:914} INFO - Processing file /opt/airflow/dags/spotify_etl_pro.py for tasks to queue
[2026-09-21T23:18:02.885+0000] {logging_mixin.py:190} INFO - [2026-09-21T23:18:02.883+0000] {dagbag.py:588} INFO - Filling up the DagBag from /opt/airflow/dags/spotify_etl_pro.py
[2026-09-21T23:18:02.932+0000] {processor.py:925} INFO - DAG(s) 'spotify_etl_pro' retrieved from /opt/airflow/dags/spotify_etl_pro.py
[2026-09-21T23:18:03.010+0000] {logging_mixin.py:190} INFO - [2026-09-21T23:18:03.010+0000] {dag.py:3239} INFO - Sync 1 DAGs
[2026-09-21T23:18:03.035+0000] {logging_mixin.py:190} INFO - [2026-09-21T23:18:03.035+0000] {dag.py:4180} INFO - Setting next_dagrun for spotify_etl_pro to 2026-09-21 00:00:00+00:00, run_after=2026-09-22 00:00:00+00:00
[2026-09-21T23:18:03.045+0000] {processor.py:208} INFO - Processing /opt/airflow/dags/spotify_etl_pro.py took 0.187 seconds
[2026-09-21T23:18:33.464+0000] {processor.py:186} INFO - Started process (PID=913) to work on /opt/airflow/dags/spotify_etl_pro.py
[2026-09-21T23:18:33.466+0000] {processor.py:914} INFO - Processing file /opt/airflow/dags/spotify_etl_pro.py for tasks to queue
[2026-09-21T23:18:33.470+0000] {logging_mixin.py:190} INFO - [2026-09-21T23:18:33.470+0000] {dagbag.py:588} INFO - Filling up the DagBag from /opt/airflow/dags/spotify_etl_pro.py
[2026-09-21T23:18:33.502+0000] {processor.py:925} INFO - DAG(s) 'spotify_etl_pro' retrieved from /opt/airflow/dags/spotify_etl_pro.py
[2026-09-21T23:18:33.580+0000] {logging_mixin.py:190} INFO - [2026-09-21T23:18:33.580+0000] {dag.py:3239} INFO - Sync 1 DAGs
[2026-09-21T23:18:33.597+0000] {logging_mixin.py:190} INFO - [2026-09-21T23:18:33.597+0000] {dag.py:4180} INFO - Setting next_dagrun for spotify_etl_pro to 2026-09-21 00:00:00+00:00, run_after=2026-09-22 00:00:00+00:00
[2026-09-21T23:18:33.609+0000] {processor.py:208} INFO - Processing /opt/airflow/dags/spotify_etl_pro.py took 0.160 seconds
[2026-09-21T23:19:04.017+0000] {processor.py:186} INFO - Started process (PID=918) to work on /opt/airflow/dags/spotify_etl_pro.py
[2026-09-21T23:19:04.019+0000] {processor.py:914} INFO - Processing file /opt/airflow/dags/spotify_etl_pro.py for tasks to queue
[2026-09-21T23:19:04.023+0000] {logging_mixin.py:190} INFO - [2026-09-21T23:19:04.023+0000] {dagbag.py:588} INFO - Filling up the DagBag from /opt/airflow/dags/spotify_etl_pro.py
[2026-09-21T23:19:04.058+0000] {processor.py:925} INFO - DAG(s) 'spotify_etl_pro' retrieved from /opt/airflow/dags/spotify_etl_pro.py
[2026-09-21T23:19:04.132+0000] {logging_mixin.py:190} INFO - [2026-09-21T23:19:04.132+0000] {dag.py:3239} INFO - Sync 1 DAGs
[2026-09-21T23:19:04.150+0000] {logging_mixin.py:190} INFO - [2026-09-21T23:19:04.150+0000] {dag.py:4180} INFO - Setting next_dagrun for spotify_etl_pro to 2026-09-21 00:00:00+00:00, run_after=2026-09-22 00:00:00+00:00
[2026-09-21T23:19:04.164+0000] {processor.py:208} INFO - Processing /opt/airflow/dags/spotify_etl_pro.py took 0.168 seconds
[2026-09-21T23:19:34.503+0000] {processor.py:186} INFO - Started process (PID=923) to work on /opt/airflow/dags/spotify_etl_pro.py
[2026-09-21T23:19:34.505+0000] {processor.py:914} INFO - Processing file /opt/airflow/dags/spotify_etl_pro.py for tasks to queue
[2026-09-21T23:19:34.510+0000] {logging_mixin.py:190} INFO - [2026-09-21T23:19:34.510+0000] {dagbag.py:588} INFO - Filling up the DagBag from /opt/airflow/dags/spotify_etl_pro.py
[2026-09-21T23:19:34.543+0000] {processor.py:925} INFO - DAG(s) 'spotify_etl_pro' retrieved from /opt/airflow/dags/spotify_etl_pro.py
[2026-09-21T23:19:34.618+0000] {logging_mixin.py:190} INFO - [2026-09-21T23:19:34.617+0000] {dag.py:3239} INFO - Sync 1 DAGs
[2026-09-21T23:19:34.636+0000] {logging_mixin.py:190} INFO - [2026-09-21T23:19:34.636+0000] {dag.py:4180} INFO - Setting next_dagrun for spotify_etl_pro to 2026-09-21 00:00:00+00:00, run_after=2026-09-22 00:00:00+00:00
[2026-09-21T23:19:34.645+0000] {processor.py:208} INFO - Processing /opt/airflow/dags/spotify_etl_pro.py took 0.154 seconds
[2026-09-21T23:20:05.044+0000] {processor.py:186} INFO - Started process (PID=928) to work on /opt/airflow/dags/spotify_etl_pro.py
[2026-09-21T23:20:05.046+0000] {processor.py:914} INFO - Processing file /opt/airflow/dags/spotify_etl_pro.py for tasks to queue
[2026-09-21T23:20:05.054+0000] {logging_mixin.py:190} INFO - [2026-09-21T23:20:05.054+0000] {dagbag.py:588} INFO - Filling up the DagBag from /opt/airflow/dags/spotify_etl_pro.py
[2026-09-21T23:20:05.101+0000] {processor.py:925} INFO - DAG(s) 'spotify_etl_pro' retrieved from /opt/airflow/dags/spotify_etl_pro.py
[2026-09-21T23:20:05.179+0000] {logging_mixin.py:190} INFO - [2026-09-21T23:20:05.179+0000] {dag.py:3239} INFO - Sync 1 DAGs
[2026-09-21T23:20:05.201+0000] {logging_mixin.py:190} INFO - [2026-09-21T23:20:05.201+0000] {dag.py:4180} INFO - Setting next_dagrun for spotify_etl_pro to 2026-09-21 00:00:00+00:00, run_after=2026-09-22 00:00:00+00:00
[2026-09-21T23:20:05.216+0000] {processor.py:208} INFO - Processing /opt/airflow/dags/spotify_etl_pro.py took 0.186 seconds
[2026-09-21T23:20:35.697+0000] {processor.py:186} INFO - Started process (PID=933) to work on /opt/airflow/dags/spotify_etl_pro.py
[2026-09-21T23:20:35.698+0000] {processor.py:914} INFO - Processing file /opt/airflow/dags/spotify_etl_pro.py for tasks to queue
[2026-09-21T23:20:35.702+0000] {logging_mixin.py:190} INFO - [2026-09-21T23:20:35.702+0000] {dagbag.py:588} INFO - Filling up the DagBag from /opt/airflow/dags/spotify_etl_pro.py
[2026-09-21T23:20:35.740+0000] {processor.py:925} INFO - DAG(s) 'spotify_etl_pro' retrieved from /opt/airflow/dags/spotify_etl_pro.py
[2026-09-21T23:20:35.814+0000] {logging_mixin.py:190} INFO - [2026-09-21T23:20:35.814+0000] {dag.py:3239} INFO - Sync 1 DAGs
[2026-09-21T23:20:35.839+0000] {logging_mixin.py:190} INFO - [2026-09-21T23:20:35.839+0000] {dag.py:4180} INFO - Setting next_dagrun for spotify_etl_pro to 2026-09-21 00:00:00+00:00, run_after=2026-09-22 00:00:00+00:00
[2026-09-21T23:20:35.851+0000] {processor.py:208} INFO - Processing /opt/airflow/dags/spotify_etl_pro.py took 0.186 seconds
[2026-09-21T23:21:06.194+0000] {processor.py:186} INFO - Started process (PID=938) to work on /opt/airflow/dags/spotify_etl_pro.py
[2026-09-21T23:21:06.196+0000] {processor.py:914} INFO - Processing file /opt/airflow/dags/spotify_etl_pro.py for tasks to queue
[2026-09-21T23:21:06.200+0000] {logging_mixin.py:190} INFO - [2026-09-21T23:21:06.200+0000] {dagbag.py:588} INFO - Filling up the DagBag from /opt/airflow/dags/spotify_etl_pro.py
[2026-09-21T23:21:06.236+0000] {processor.py:925} INFO - DAG(s) 'spotify_etl_pro' retrieved from /opt/airflow/dags/spotify_etl_pro.py
[2026-09-21T23:21:06.311+0000] {logging_mixin.py:190} INFO - [2026-09-21T23:21:06.311+0000] {dag.py:3239} INFO - Sync 1 DAGs
[2026-09-21T23:21:06.332+0000] {logging_mixin.py:190} INFO - [2026-09-21T23:21:06.332+0000] {dag.py:4180} INFO - Setting next_dagrun for spotify_etl_pro to 2026-09-21 00:00:00+00:00, run_after=2026-09-22 00:00:00+00:00
[2026-09-21T23:21:06.347+0000] {processor.py:208} INFO - Processing /opt/airflow/dags/spotify_etl_pro.py took 0.164 seconds
[2026-09-21T23:21:36.704+0000] {processor.py:186} INFO - Started process (PID=943) to work on /opt/airflow/dags/spotify_etl_pro.py
[2026-09-21T23:21:36.706+0000] {processor.py:914} INFO - Processing file /opt/airflow/dags/spotify_etl_pro.py for tasks to queue
[2026-09-21T23:21:36.710+0000] {logging_mixin.py:190} INFO - [2026-09-21T23:21:36.710+0000] {dagbag.py:588} INFO - Filling up the DagBag from /opt/airflow/dags/spotify_etl_pro.py
[2026-09-21T23:21:36.745+0000] {processor.py:925} INFO - DAG(s) 'spotify_etl_pro' retrieved from /opt/airflow/dags/spotify_etl_pro.py
[2026-09-21T23:21:36.813+0000] {logging_mixin.py:190} INFO - [2026-09-21T23:21:36.813+0000] {dag.py:3239} INFO - Sync 1 DAGs
[2026-09-21T23:21:36.828+0000] {logging_mixin.py:190} INFO - [2026-09-21T23:21:36.828+0000] {dag.py:4180} INFO - Setting next_dagrun for spotify_etl_pro to 2026-09-21 00:00:00+00:00, run_after=2026-09-22 00:00:00+00:00
[2026-09-21T23:21:36.838+0000] {processor.py:208} INFO - Processing /opt/airflow/dags/spotify_etl_pro.py took 0.148 seconds
[2026-09-21T23:22:08.062+0000] {processor.py:186} INFO - Started process (PID=948) to work on /opt/airflow/dags/spotify_etl_pro.py
[2026-09-21T23:22:08.065+0000] {processor.py:914} INFO - Processing file /opt/airflow/dags/spotify_etl_pro.py for tasks to queue
[2026-09-21T23:22:08.075+0000] {logging_mixin.py:190} INFO - [2026-09-21T23:22:08.074+0000] {dagbag.py:588} INFO - Filling up the DagBag from /opt/airflow/dags/spotify_etl_pro.py
[2026-09-21T23:22:08.183+0000] {processor.py:925} INFO - DAG(s) 'spotify_etl_pro' retrieved from /opt/airflow/dags/spotify_etl_pro.py
[2026-09-21T23:22:08.269+0000] {logging_mixin.py:190} INFO - [2026-09-21T23:22:08.269+0000] {dag.py:3239} INFO - Sync 1 DAGs
[2026-09-21T23:22:08.299+0000] {logging_mixin.py:190} INFO - [2026-09-21T23:22:08.298+0000] {dag.py:4180} INFO - Setting next_dagrun for spotify_etl_pro to 2026-09-21 00:00:00+00:00, run_after=2026-09-22 00:00:00+00:00
[2026-09-21T23:22:08.322+0000] {processor.py:208} INFO - Processing /opt/airflow/dags/spotify_etl_pro.py took 0.313 seconds
[2026-09-21T23:22:42.644+0000] {processor.py:186} INFO - Started process (PID=953) to work on /opt/airflow/dags/spotify_etl_pro.py
[2026-09-21T23:22:42.647+0000] {processor.py:914} INFO - Processing file /opt/airflow/dags/spotify_etl_pro.py for tasks to queue
[2026-09-21T23:22:42.651+0000] {logging_mixin.py:190} INFO - [2026-09-21T23:22:42.651+0000] {dagbag.py:588} INFO - Filling up the DagBag from /opt/airflow/dags/spotify_etl_pro.py
[2026-09-21T23:22:42.695+0000] {processor.py:925} INFO - DAG(s) 'spotify_etl_pro' retrieved from /opt/airflow/dags/spotify_etl_pro.py
[2026-09-21T23:22:42.774+0000] {logging_mixin.py:190} INFO - [2026-09-21T23:22:42.774+0000] {dag.py:3239} INFO - Sync 1 DAGs
[2026-09-21T23:22:42.797+0000] {logging_mixin.py:190} INFO - [2026-09-21T23:22:42.797+0000] {dag.py:4180} INFO - Setting next_dagrun for spotify_etl_pro to 2026-09-21 00:00:00+00:00, run_after=2026-09-22 00:00:00+00:00
[2026-09-21T23:22:42.808+0000] {processor.py:208} INFO - Processing /opt/airflow/dags/spotify_etl_pro.py took 0.188 seconds
[2026-09-21T23:23:52.723+0000] {processor.py:186} INFO - Started process (PID=958) to work on /opt/airflow/dags/spotify_etl_pro.py
[2026-09-21T23:23:52.725+0000] {processor.py:914} INFO - Processing file /opt/airflow/dags/spotify_etl_pro.py for tasks to queue
[2026-09-21T23:23:52.732+0000] {logging_mixin.py:190} INFO - [2026-09-21T23:23:52.731+0000] {dagbag.py:588} INFO - Filling up the DagBag from /opt/airflow/dags/spotify_etl_pro.py
[2026-09-21T23:23:52.779+0000] {processor.py:925} INFO - DAG(s) 'spotify_etl_pro' retrieved from /opt/airflow/dags/spotify_etl_pro.py
[2026-09-21T23:23:52.876+0000] {logging_mixin.py:190} INFO - [2026-09-21T23:23:52.876+0000] {dag.py:3239} INFO - Sync 1 DAGs
[2026-09-21T23:23:52.900+0000] {logging_mixin.py:190} INFO - [2026-09-21T23:23:52.900+0000] {dag.py:4180} INFO - Setting next_dagrun for spotify_etl_pro to 2026-09-21 00:00:00+00:00, run_after=2026-09-22 00:00:00+00:00
[2026-09-21T23:23:52.913+0000] {processor.py:208} INFO - Processing /opt/airflow/dags/spotify_etl_pro.py took 0.213 seconds
[2026-09-21T23:24:23.217+0000] {processor.py:186} INFO - Started process (PID=963) to work on /opt/airflow/dags/spotify_etl_pro.py
[2026-09-21T23:24:23.219+0000] {processor.py:914} INFO - Processing file /opt/airflow/dags/spotify_etl_pro.py for tasks to queue
[2026-09-21T23:24:23.224+0000] {logging_mixin.py:190} INFO - [2026-09-21T23:24:23.224+0000] {dagbag.py:588} INFO - Filling up the DagBag from /opt/airflow/dags/spotify_etl_pro.py
[2026-09-21T23:24:23.269+0000] {processor.py:925} INFO - DAG(s) 'spotify_etl_pro' retrieved from /opt/airflow/dags/spotify_etl_pro.py
[2026-09-21T23:24:23.367+0000] {logging_mixin.py:190} INFO - [2026-09-21T23:24:23.367+0000] {dag.py:3239} INFO - Sync 1 DAGs
[2026-09-21T23:24:23.387+0000] {logging_mixin.py:190} INFO - [2026-09-21T23:24:23.387+0000] {dag.py:4180} INFO - Setting next_dagrun for spotify_etl_pro to 2026-09-21 00:00:00+00:00, run_after=2026-09-22 00:00:00+00:00
[2026-09-21T23:24:23.398+0000] {processor.py:208} INFO - Processing /opt/airflow/dags/spotify_etl_pro.py took 0.194 seconds
[2026-09-21T23:24:53.856+0000] {processor.py:186} INFO - Started process (PID=968) to work on /opt/airflow/dags/spotify_etl_pro.py
[2026-09-21T23:24:53.862+0000] {processor.py:914} INFO - Processing file /opt/airflow/dags/spotify_etl_pro.py for tasks to queue
[2026-09-21T23:24:53.867+0000] {logging_mixin.py:190} INFO - [2026-09-21T23:24:53.866+0000] {dagbag.py:588} INFO - Filling up the DagBag from /opt/airflow/dags/spotify_etl_pro.py
[2026-09-21T23:24:53.913+0000] {processor.py:925} INFO - DAG(s) 'spotify_etl_pro' retrieved from /opt/airflow/dags/spotify_etl_pro.py
[2026-09-21T23:24:54.005+0000] {logging_mixin.py:190} INFO - [2026-09-21T23:24:54.005+0000] {dag.py:3239} INFO - Sync 1 DAGs
[2026-09-21T23:24:54.035+0000] {logging_mixin.py:190} INFO - [2026-09-21T23:24:54.034+0000] {dag.py:4180} INFO - Setting next_dagrun for spotify_etl_pro to 2026-09-21 00:00:00+00:00, run_after=2026-09-22 00:00:00+00:00
[2026-09-21T23:24:54.047+0000] {processor.py:208} INFO - Processing /opt/airflow/dags/spotify_etl_pro.py took 0.209 seconds
[2026-09-21T23:25:24.284+0000] {processor.py:186} INFO - Started process (PID=973) to work on /opt/airflow/dags/spotify_etl_pro.py
[2026-09-21T23:25:24.286+0000] {processor.py:914} INFO - Processing file /opt/airflow/dags/spotify_etl_pro.py for tasks to queue
[2026-09-21T23:25:24.291+0000] {logging_mixin.py:190} INFO - [2026-09-21T23:25:24.290+0000] {dagbag.py:588} INFO - Filling up the DagBag from /opt/airflow/dags/spotify_etl_pro.py
[2026-09-21T23:25:24.329+0000] {processor.py:925} INFO - DAG(s) 'spotify_etl_pro' retrieved from /opt/airflow/dags/spotify_etl_pro.py
[2026-09-21T23:25:24.414+0000] {logging_mixin.py:190} INFO - [2026-09-21T23:25:24.413+0000] {dag.py:3239} INFO - Sync 1 DAGs
[2026-09-21T23:25:24.436+0000] {logging_mixin.py:190} INFO - [2026-09-21T23:25:24.436+0000] {dag.py:4180} INFO - Setting next_dagrun for spotify_etl_pro to 2026-09-21 00:00:00+00:00, run_after=2026-09-22 00:00:00+00:00
[2026-09-21T23:25:24.447+0000] {processor.py:208} INFO - Processing /opt/airflow/dags/spotify_etl_pro.py took 0.177 seconds
[2026-09-21T23:25:54.957+0000] {processor.py:186} INFO - Started process (PID=978) to work on /opt/airflow/dags/spotify_etl_pro.py
[2026-09-21T23:25:54.962+0000] {processor.py:914} INFO - Processing file /opt/airflow/dags/spotify_etl_pro.py for tasks to queue
[2026-09-21T23:25:54.971+0000] {logging_mixin.py:190} INFO - [2026-09-21T23:25:54.970+0000] {dagbag.py:588} INFO - Filling up the DagBag from /opt/airflow/dags/spotify_etl_pro.py
[2026-09-21T23:25:55.065+0000] {processor.py:925} INFO - DAG(s) 'spotify_etl_pro' retrieved from /opt/airflow/dags/spotify_etl_pro.py
[2026-09-21T23:25:55.174+0000] {logging_mixin.py:190} INFO - [2026-09-21T23:25:55.174+0000] {dag.py:3239} INFO - Sync 1 DAGs
[2026-09-21T23:25:55.201+0000] {logging_mixin.py:190} INFO - [2026-09-21T23:25:55.201+0000] {dag.py:4180} INFO - Setting next_dagrun for spotify_etl_pro to 2026-09-21 00:00:00+00:00, run_after=2026-09-22 00:00:00+00:00
[2026-09-21T23:25:55.216+0000] {processor.py:208} INFO - Processing /opt/airflow/dags/spotify_etl_pro.py took 0.290 seconds
[2026-09-21T23:26:25.590+0000] {processor.py:186} INFO - Started process (PID=983) to work on /opt/airflow/dags/spotify_etl_pro.py
[2026-09-21T23:26:25.594+0000] {processor.py:914} INFO - Processing file /opt/airflow/dags/spotify_etl_pro.py for tasks to queue
[2026-09-21T23:26:25.600+0000] {logging_mixin.py:190} INFO - [2026-09-21T23:26:25.600+0000] {dagbag.py:588} INFO - Filling up the DagBag from /opt/airflow/dags/spotify_etl_pro.py
[2026-09-21T23:26:25.634+0000] {processor.py:925} INFO - DAG(s) 'spotify_etl_pro' retrieved from /opt/airflow/dags/spotify_etl_pro.py
[2026-09-21T23:26:25.721+0000] {logging_mixin.py:190} INFO - [2026-09-21T23:26:25.721+0000] {dag.py:3239} INFO - Sync 1 DAGs
[2026-09-21T23:26:25.741+0000] {logging_mixin.py:190} INFO - [2026-09-21T23:26:25.740+0000] {dag.py:4180} INFO - Setting next_dagrun for spotify_etl_pro to 2026-09-21 00:00:00+00:00, run_after=2026-09-22 00:00:00+00:00
[2026-09-21T23:26:25.751+0000] {processor.py:208} INFO - Processing /opt/airflow/dags/spotify_etl_pro.py took 0.179 seconds
[2026-09-21T23:26:56.144+0000] {processor.py:186} INFO - Started process (PID=988) to work on /opt/airflow/dags/spotify_etl_pro.py
[2026-09-21T23:26:56.146+0000] {processor.py:914} INFO - Processing file /opt/airflow/dags/spotify_etl_pro.py for tasks to queue
[2026-09-21T23:26:56.152+0000] {logging_mixin.py:190} INFO - [2026-09-21T23:26:56.151+0000] {dagbag.py:588} INFO - Filling up the DagBag from /opt/airflow/dags/spotify_etl_pro.py
[2026-09-21T23:26:56.195+0000] {processor.py:925} INFO - DAG(s) 'spotify_etl_pro' retrieved from /opt/airflow/dags/spotify_etl_pro.py
[2026-09-21T23:26:56.268+0000] {logging_mixin.py:190} INFO - [2026-09-21T23:26:56.268+0000] {dag.py:3239} INFO - Sync 1 DAGs
[2026-09-21T23:26:56.287+0000] {logging_mixin.py:190} INFO - [2026-09-21T23:26:56.287+0000] {dag.py:4180} INFO - Setting next_dagrun for spotify_etl_pro to 2026-09-21 00:00:00+00:00, run_after=2026-09-22 00:00:00+00:00
[2026-09-21T23:26:56.297+0000] {processor.py:208} INFO - Processing /opt/airflow/dags/spotify_etl_pro.py took 0.166 seconds
[2026-09-21T23:27:26.602+0000] {processor.py:186} INFO - Started process (PID=993) to work on /opt/airflow/dags/spotify_etl_pro.py
[2026-09-21T23:27:26.604+0000] {processor.py:914} INFO - Processing file /opt/airflow/dags/spotify_etl_pro.py for tasks to queue
[2026-09-21T23:27:26.612+0000] {logging_mixin.py:190} INFO - [2026-09-21T23:27:26.611+0000] {dagbag.py:588} INFO - Filling up the DagBag from /opt/airflow/dags/spotify_etl_pro.py
[2026-09-21T23:27:26.672+0000] {processor.py:925} INFO - DAG(s) 'spotify_etl_pro' retrieved from /opt/airflow/dags/spotify_etl_pro.py
[2026-09-21T23:27:26.754+0000] {logging_mixin.py:190} INFO - [2026-09-21T23:27:26.753+0000] {dag.py:3239} INFO - Sync 1 DAGs
[2026-09-21T23:27:26.774+0000] {logging_mixin.py:190} INFO - [2026-09-21T23:27:26.774+0000] {dag.py:4180} INFO - Setting next_dagrun for spotify_etl_pro to 2026-09-21 00:00:00+00:00, run_after=2026-09-22 00:00:00+00:00
[2026-09-21T23:27:26.787+0000] {processor.py:208} INFO - Processing /opt/airflow/dags/spotify_etl_pro.py took 0.205 seconds
[2026-09-21T23:27:57.213+0000] {processor.py:186} INFO - Started process (PID=998) to work on /opt/airflow/dags/spotify_etl_pro.py
[2026-09-21T23:27:57.217+0000] {processor.py:914} INFO - Processing file /opt/airflow/dags/spotify_etl_pro.py for tasks to queue
[2026-09-21T23:27:57.222+0000] {logging_mixin.py:190} INFO - [2026-09-21T23:27:57.222+0000] {dagbag.py:588} INFO - Filling up the DagBag from /opt/airflow/dags/spotify_etl_pro.py
[2026-09-21T23:27:57.259+0000] {processor.py:925} INFO - DAG(s) 'spotify_etl_pro' retrieved from /opt/airflow/dags/spotify_etl_pro.py
[2026-09-21T23:27:57.337+0000] {logging_mixin.py:190} INFO - [2026-09-21T23:27:57.337+0000] {dag.py:3239} INFO - Sync 1 DAGs
[2026-09-21T23:27:57.362+0000] {logging_mixin.py:190} INFO - [2026-09-21T23:27:57.361+0000] {dag.py:4180} INFO - Setting next_dagrun for spotify_etl_pro to 2026-09-21 00:00:00+00:00, run_after=2026-09-22 00:00:00+00:00
[2026-09-21T23:27:57.372+0000] {processor.py:208} INFO - Processing /opt/airflow/dags/spotify_etl_pro.py took 0.180 seconds
[2026-09-21T23:28:27.827+0000] {processor.py:186} INFO - Started process (PID=1003) to work on /opt/airflow/dags/spotify_etl_pro.py
[2026-09-21T23:28:27.828+0000] {processor.py:914} INFO - Processing file /opt/airflow/dags/spotify_etl_pro.py for tasks to queue
[2026-09-21T23:28:27.835+0000] {logging_mixin.py:190} INFO - [2026-09-21T23:28:27.835+0000] {dagbag.py:588} INFO - Filling up the DagBag from /opt/airflow/dags/spotify_etl_pro.py
[2026-09-21T23:28:27.874+0000] {processor.py:925} INFO - DAG(s) 'spotify_etl_pro' retrieved from /opt/airflow/dags/spotify_etl_pro.py
[2026-09-21T23:28:27.947+0000] {logging_mixin.py:190} INFO - [2026-09-21T23:28:27.947+0000] {dag.py:3239} INFO - Sync 1 DAGs
[2026-09-21T23:28:27.965+0000] {logging_mixin.py:190} INFO - [2026-09-21T23:28:27.965+0000] {dag.py:4180} INFO - Setting next_dagrun for spotify_etl_pro to 2026-09-21 00:00:00+00:00, run_after=2026-09-22 00:00:00+00:00
[2026-09-21T23:28:27.975+0000] {processor.py:208} INFO - Processing /opt/airflow/dags/spotify_etl_pro.py took 0.163 seconds
[2026-09-21T23:28:58.407+0000] {processor.py:186} INFO - Started process (PID=1008) to work on /opt/airflow/dags/spotify_etl_pro.py
[2026-09-21T23:28:58.409+0000] {processor.py:914} INFO - Processing file /opt/airflow/dags/spotify_etl_pro.py for tasks to queue
[2026-09-21T23:28:58.413+0000] {logging_mixin.py:190} INFO - [2026-09-21T23:28:58.413+0000] {dagbag.py:588} INFO - Filling up the DagBag from /opt/airflow/dags/spotify_etl_pro.py
[2026-09-21T23:28:58.447+0000] {processor.py:925} INFO - DAG(s) 'spotify_etl_pro' retrieved from /opt/airflow/dags/spotify_etl_pro.py
[2026-09-21T23:28:58.524+0000] {logging_mixin.py:190} INFO - [2026-09-21T23:28:58.523+0000] {dag.py:3239} INFO - Sync 1 DAGs
[2026-09-21T23:28:58.545+0000] {logging_mixin.py:190} INFO - [2026-09-21T23:28:58.545+0000] {dag.py:4180} INFO - Setting next_dagrun for spotify_etl_pro to 2026-09-21 00:00:00+00:00, run_after=2026-09-22 00:00:00+00:00
[2026-09-21T23:28:58.556+0000] {processor.py:208} INFO - Processing /opt/airflow/dags/spotify_etl_pro.py took 0.170 seconds
[2026-09-21T23:29:28.815+0000] {processor.py:186} INFO - Started process (PID=1013) to work on /opt/airflow/dags/spotify_etl_pro.py
[2026-09-21T23:29:28.817+0000] {processor.py:914} INFO - Processing file /opt/airflow/dags/spotify_etl_pro.py for tasks to queue
[2026-09-21T23:29:28.819+0000] {logging_mixin.py:190} INFO - [2026-09-21T23:29:28.819+0000] {dagbag.py:588} INFO - Filling up the DagBag from /opt/airflow/dags/spotify_etl_pro.py
[2026-09-21T23:29:28.845+0000] {processor.py:925} INFO - DAG(s) 'spotify_etl_pro' retrieved from /opt/airflow/dags/spotify_etl_pro.py
[2026-09-21T23:29:28.915+0000] {logging_mixin.py:190} INFO - [2026-09-21T23:29:28.915+0000] {dag.py:3239} INFO - Sync 1 DAGs
[2026-09-21T23:29:28.928+0000] {logging_mixin.py:190} INFO - [2026-09-21T23:29:28.928+0000] {dag.py:4180} INFO - Setting next_dagrun for spotify_etl_pro to 2026-09-21 00:00:00+00:00, run_after=2026-09-22 00:00:00+00:00
[2026-09-21T23:29:28.937+0000] {processor.py:208} INFO - Processing /opt/airflow/dags/spotify_etl_pro.py took 0.138 seconds
[2026-09-21T23:29:59.386+0000] {processor.py:186} INFO - Started process (PID=1018) to work on /opt/airflow/dags/spotify_etl_pro.py
[2026-09-21T23:29:59.388+0000] {processor.py:914} INFO - Processing file /opt/airflow/dags/spotify_etl_pro.py for tasks to queue
[2026-09-21T23:29:59.392+0000] {logging_mixin.py:190} INFO - [2026-09-21T23:29:59.392+0000] {dagbag.py:588} INFO - Filling up the DagBag from /opt/airflow/dags/spotify_etl_pro.py
[2026-09-21T23:29:59.437+0000] {processor.py:925} INFO - DAG(s) 'spotify_etl_pro' retrieved from /opt/airflow/dags/spotify_etl_pro.py
[2026-09-21T23:29:59.508+0000] {logging_mixin.py:190} INFO - [2026-09-21T23:29:59.508+0000] {dag.py:3239} INFO - Sync 1 DAGs
[2026-09-21T23:29:59.535+0000] {logging_mixin.py:190} INFO - [2026-09-21T23:29:59.535+0000] {dag.py:4180} INFO - Setting next_dagrun for spotify_etl_pro to 2026-09-21 00:00:00+00:00, run_after=2026-09-22 00:00:00+00:00
[2026-09-21T23:29:59.547+0000] {processor.py:208} INFO - Processing /opt/airflow/dags/spotify_etl_pro.py took 0.182 seconds
[2026-09-21T23:30:29.845+0000] {processor.py:186} INFO - Started process (PID=1023) to work on /opt/airflow/dags/spotify_etl_pro.py
[2026-09-21T23:30:29.846+0000] {processor.py:914} INFO - Processing file /opt/airflow/dags/spotify_etl_pro.py for tasks to queue
[2026-09-21T23:30:29.851+0000] {logging_mixin.py:190} INFO - [2026-09-21T23:30:29.850+0000] {dagbag.py:588} INFO - Filling up the DagBag from /opt/airflow/dags/spotify_etl_pro.py
[2026-09-21T23:30:29.887+0000] {processor.py:925} INFO - DAG(s) 'spotify_etl_pro' retrieved from /opt/airflow/dags/spotify_etl_pro.py
[2026-09-21T23:30:29.959+0000] {logging_mixin.py:190} INFO - [2026-09-21T23:30:29.959+0000] {dag.py:3239} INFO - Sync 1 DAGs
[2026-09-21T23:30:29.975+0000] {logging_mixin.py:190} INFO - [2026-09-21T23:30:29.974+0000] {dag.py:4180} INFO - Setting next_dagrun for spotify_etl_pro to 2026-09-21 00:00:00+00:00, run_after=2026-09-22 00:00:00+00:00
[2026-09-21T23:30:29.985+0000] {processor.py:208} INFO - Processing /opt/airflow/dags/spotify_etl_pro.py took 0.153 seconds
[2026-09-21T23:31:00.382+0000] {processor.py:186} INFO - Started process (PID=1028) to work on /opt/airflow/dags/spotify_etl_pro.py
[2026-09-21T23:31:00.384+0000] {processor.py:914} INFO - Processing file /opt/airflow/dags/spotify_etl_pro.py for tasks to queue
[2026-09-21T23:31:00.395+0000] {logging_mixin.py:190} INFO - [2026-09-21T23:31:00.393+0000] {dagbag.py:588} INFO - Filling up the DagBag from /opt/airflow/dags/spotify_etl_pro.py
[2026-09-21T23:31:00.441+0000] {processor.py:925} INFO - DAG(s) 'spotify_etl_pro' retrieved from /opt/airflow/dags/spotify_etl_pro.py
[2026-09-21T23:31:00.524+0000] {logging_mixin.py:190} INFO - [2026-09-21T23:31:00.524+0000] {dag.py:3239} INFO - Sync 1 DAGs
[2026-09-21T23:31:00.548+0000] {logging_mixin.py:190} INFO - [2026-09-21T23:31:00.548+0000] {dag.py:4180} INFO - Setting next_dagrun for spotify_etl_pro to 2026-09-21 00:00:00+00:00, run_after=2026-09-22 00:00:00+00:00
[2026-09-21T23:31:00.559+0000] {processor.py:208} INFO - Processing /opt/airflow/dags/spotify_etl_pro.py took 0.199 seconds
[2026-09-21T23:31:30.772+0000] {processor.py:186} INFO - Started process (PID=1033) to work on /opt/airflow/dags/spotify_etl_pro.py
[2026-09-21T23:31:30.774+0000] {processor.py:914} INFO - Processing file /opt/airflow/dags/spotify_etl_pro.py for tasks to queue
[2026-09-21T23:31:30.776+0000] {logging_mixin.py:190} INFO - [2026-09-21T23:31:30.776+0000] {dagbag.py:588} INFO - Filling up the DagBag from /opt/airflow/dags/spotify_etl_pro.py
[2026-09-21T23:31:30.803+0000] {processor.py:925} INFO - DAG(s) 'spotify_etl_pro' retrieved from /opt/airflow/dags/spotify_etl_pro.py
[2026-09-21T23:31:30.868+0000] {logging_mixin.py:190} INFO - [2026-09-21T23:31:30.868+0000] {dag.py:3239} INFO - Sync 1 DAGs
[2026-09-21T23:31:30.882+0000] {logging_mixin.py:190} INFO - [2026-09-21T23:31:30.882+0000] {dag.py:4180} INFO - Setting next_dagrun for spotify_etl_pro to 2026-09-21 00:00:00+00:00, run_after=2026-09-22 00:00:00+00:00
[2026-09-21T23:31:30.894+0000] {processor.py:208} INFO - Processing /opt/airflow/dags/spotify_etl_pro.py took 0.133 seconds
[2026-09-21T23:32:01.467+0000] {processor.py:186} INFO - Started process (PID=1038) to work on /opt/airflow/dags/spotify_etl_pro.py
[2026-09-21T23:32:01.469+0000] {processor.py:914} INFO - Processing file /opt/airflow/dags/spotify_etl_pro.py for tasks to queue
[2026-09-21T23:32:01.474+0000] {logging_mixin.py:190} INFO - [2026-09-21T23:32:01.474+0000] {dagbag.py:588} INFO - Filling up the DagBag from /opt/airflow/dags/spotify_etl_pro.py
[2026-09-21T23:32:01.514+0000] {processor.py:925} INFO - DAG(s) 'spotify_etl_pro' retrieved from /opt/airflow/dags/spotify_etl_pro.py
[2026-09-21T23:32:01.593+0000] {logging_mixin.py:190} INFO - [2026-09-21T23:32:01.592+0000] {dag.py:3239} INFO - Sync 1 DAGs
[2026-09-21T23:32:01.617+0000] {logging_mixin.py:190} INFO - [2026-09-21T23:32:01.617+0000] {dag.py:4180} INFO - Setting next_dagrun for spotify_etl_pro to 2026-09-21 00:00:00+00:00, run_after=2026-09-22 00:00:00+00:00
[2026-09-21T23:32:01.629+0000] {processor.py:208} INFO - Processing /opt/airflow/dags/spotify_etl_pro.py took 0.182 seconds
[2026-09-21T23:32:32.367+0000] {processor.py:186} INFO - Started process (PID=1043) to work on /opt/airflow/dags/spotify_etl_pro.py
[2026-09-21T23:32:32.370+0000] {processor.py:914} INFO - Processing file /opt/airflow/dags/spotify_etl_pro.py for tasks to queue
[2026-09-21T23:32:32.374+0000] {logging_mixin.py:190} INFO - [2026-09-21T23:32:32.374+0000] {dagbag.py:588} INFO - Filling up the DagBag from /opt/airflow/dags/spotify_etl_pro.py
[2026-09-21T23:32:32.439+0000] {processor.py:925} INFO - DAG(s) 'spotify_etl_pro' retrieved from /opt/airflow/dags/spotify_etl_pro.py
[2026-09-21T23:32:32.581+0000] {logging_mixin.py:190} INFO - [2026-09-21T23:32:32.581+0000] {dag.py:3239} INFO - Sync 1 DAGs
[2026-09-21T23:32:32.610+0000] {logging_mixin.py:190} INFO - [2026-09-21T23:32:32.610+0000] {dag.py:4180} INFO - Setting next_dagrun for spotify_etl_pro to 2026-09-21 00:00:00+00:00, run_after=2026-09-22 00:00:00+00:00
[2026-09-21T23:32:32.642+0000] {processor.py:208} INFO - Processing /opt/airflow/dags/spotify_etl_pro.py took 0.298 seconds
[2026-09-21T23:33:02.847+0000] {processor.py:186} INFO - Started process (PID=1048) to work on /opt/airflow/dags/spotify_etl_pro.py
[2026-09-21T23:33:02.849+0000] {processor.py:914} INFO - Processing file /opt/airflow/dags/spotify_etl_pro.py for tasks to queue
[2026-09-21T23:33:02.856+0000] {logging_mixin.py:190} INFO - [2026-09-21T23:33:02.856+0000] {dagbag.py:588} INFO - Filling up the DagBag from /opt/airflow/dags/spotify_etl_pro.py
[2026-09-21T23:33:02.905+0000] {processor.py:925} INFO - DAG(s) 'spotify_etl_pro' retrieved from /opt/airflow/dags/spotify_etl_pro.py
[2026-09-21T23:33:02.990+0000] {logging_mixin.py:190} INFO - [2026-09-21T23:33:02.990+0000] {dag.py:3239} INFO - Sync 1 DAGs
[2026-09-21T23:33:03.019+0000] {logging_mixin.py:190} INFO - [2026-09-21T23:33:03.019+0000] {dag.py:4180} INFO - Setting next_dagrun for spotify_etl_pro to 2026-09-21 00:00:00+00:00, run_after=2026-09-22 00:00:00+00:00
[2026-09-21T23:33:03.034+0000] {processor.py:208} INFO - Processing /opt/airflow/dags/spotify_etl_pro.py took 0.207 seconds
[2026-09-21T23:33:33.731+0000] {processor.py:186} INFO - Started process (PID=1053) to work on /opt/airflow/dags/spotify_etl_pro.py
[2026-09-21T23:33:33.733+0000] {processor.py:914} INFO - Processing file /opt/airflow/dags/spotify_etl_pro.py for tasks to queue
[2026-09-21T23:33:33.738+0000] {logging_mixin.py:190} INFO - [2026-09-21T23:33:33.737+0000] {dagbag.py:588} INFO - Filling up the DagBag from /opt/airflow/dags/spotify_etl_pro.py
[2026-09-21T23:33:33.789+0000] {processor.py:925} INFO - DAG(s) 'spotify_etl_pro' retrieved from /opt/airflow/dags/spotify_etl_pro.py
[2026-09-21T23:33:33.879+0000] {logging_mixin.py:190} INFO - [2026-09-21T23:33:33.879+0000] {dag.py:3239} INFO - Sync 1 DAGs
[2026-09-21T23:33:33.905+0000] {logging_mixin.py:190} INFO - [2026-09-21T23:33:33.905+0000] {dag.py:4180} INFO - Setting next_dagrun for spotify_etl_pro to 2026-09-21 00:00:00+00:00, run_after=2026-09-22 00:00:00+00:00
[2026-09-21T23:33:33.921+0000] {processor.py:208} INFO - Processing /opt/airflow/dags/spotify_etl_pro.py took 0.208 seconds
[2026-09-21T23:34:04.375+0000] {processor.py:186} INFO - Started process (PID=1058) to work on /opt/airflow/dags/spotify_etl_pro.py
[2026-09-21T23:34:04.376+0000] {processor.py:914} INFO - Processing file /opt/airflow/dags/spotify_etl_pro.py for tasks to queue
[2026-09-21T23:34:04.383+0000] {logging_mixin.py:190} INFO - [2026-09-21T23:34:04.381+0000] {dagbag.py:588} INFO - Filling up the DagBag from /opt/airflow/dags/spotify_etl_pro.py
[2026-09-21T23:34:04.430+0000] {processor.py:925} INFO - DAG(s) 'spotify_etl_pro' retrieved from /opt/airflow/dags/spotify_etl_pro.py
[2026-09-21T23:34:04.515+0000] {logging_mixin.py:190} INFO - [2026-09-21T23:34:04.515+0000] {dag.py:3239} INFO - Sync 1 DAGs
[2026-09-21T23:34:04.538+0000] {logging_mixin.py:190} INFO - [2026-09-21T23:34:04.538+0000] {dag.py:4180} INFO - Setting next_dagrun for spotify_etl_pro to 2026-09-21 00:00:00+00:00, run_after=2026-09-22 00:00:00+00:00
[2026-09-21T23:34:04.549+0000] {processor.py:208} INFO - Processing /opt/airflow/dags/spotify_etl_pro.py took 0.197 seconds
[2026-09-21T23:34:34.997+0000] {processor.py:186} INFO - Started process (PID=1063) to work on /opt/airflow/dags/spotify_etl_pro.py
[2026-09-21T23:34:34.999+0000] {processor.py:914} INFO - Processing file /opt/airflow/dags/spotify_etl_pro.py for tasks to queue
[2026-09-21T23:34:35.003+0000] {logging_mixin.py:190} INFO - [2026-09-21T23:34:35.002+0000] {dagbag.py:588} INFO - Filling up the DagBag from /opt/airflow/dags/spotify_etl_pro.py
[2026-09-21T23:34:35.048+0000] {processor.py:925} INFO - DAG(s) 'spotify_etl_pro' retrieved from /opt/airflow/dags/spotify_etl_pro.py
[2026-09-21T23:34:35.123+0000] {logging_mixin.py:190} INFO - [2026-09-21T23:34:35.122+0000] {dag.py:3239} INFO - Sync 1 DAGs
[2026-09-21T23:34:35.143+0000] {logging_mixin.py:190} INFO - [2026-09-21T23:34:35.143+0000] {dag.py:4180} INFO - Setting next_dagrun for spotify_etl_pro to 2026-09-21 00:00:00+00:00, run_after=2026-09-22 00:00:00+00:00
[2026-09-21T23:34:35.156+0000] {processor.py:208} INFO - Processing /opt/airflow/dags/spotify_etl_pro.py took 0.173 seconds
[2026-09-21T23:35:05.715+0000] {processor.py:186} INFO - Started process (PID=1068) to work on /opt/airflow/dags/spotify_etl_pro.py
[2026-09-21T23:35:05.720+0000] {processor.py:914} INFO - Processing file /opt/airflow/dags/spotify_etl_pro.py for tasks to queue
[2026-09-21T23:35:05.724+0000] {logging_mixin.py:190} INFO - [2026-09-21T23:35:05.724+0000] {dagbag.py:588} INFO - Filling up the DagBag from /opt/airflow/dags/spotify_etl_pro.py
[2026-09-21T23:35:05.768+0000] {processor.py:925} INFO - DAG(s) 'spotify_etl_pro' retrieved from /opt/airflow/dags/spotify_etl_pro.py
[2026-09-21T23:35:05.849+0000] {logging_mixin.py:190} INFO - [2026-09-21T23:35:05.849+0000] {dag.py:3239} INFO - Sync 1 DAGs
[2026-09-21T23:35:05.881+0000] {logging_mixin.py:190} INFO - [2026-09-21T23:35:05.881+0000] {dag.py:4180} INFO - Setting next_dagrun for spotify_etl_pro to 2026-09-21 00:00:00+00:00, run_after=2026-09-22 00:00:00+00:00
[2026-09-21T23:35:05.900+0000] {processor.py:208} INFO - Processing /opt/airflow/dags/spotify_etl_pro.py took 0.200 seconds
[2026-09-21T23:35:36.215+0000] {processor.py:186} INFO - Started process (PID=1073) to work on /opt/airflow/dags/spotify_etl_pro.py
[2026-09-21T23:35:36.219+0000] {processor.py:914} INFO - Processing file /opt/airflow/dags/spotify_etl_pro.py for tasks to queue
[2026-09-21T23:35:36.229+0000] {logging_mixin.py:190} INFO - [2026-09-21T23:35:36.228+0000] {dagbag.py:588} INFO - Filling up the DagBag from /opt/airflow/dags/spotify_etl_pro.py
[2026-09-21T23:35:36.267+0000] {processor.py:925} INFO - DAG(s) 'spotify_etl_pro' retrieved from /opt/airflow/dags/spotify_etl_pro.py
[2026-09-21T23:35:36.344+0000] {logging_mixin.py:190} INFO - [2026-09-21T23:35:36.344+0000] {dag.py:3239} INFO - Sync 1 DAGs
[2026-09-21T23:35:36.366+0000] {logging_mixin.py:190} INFO - [2026-09-21T23:35:36.366+0000] {dag.py:4180} INFO - Setting next_dagrun for spotify_etl_pro to 2026-09-21 00:00:00+00:00, run_after=2026-09-22 00:00:00+00:00
[2026-09-21T23:35:36.376+0000] {processor.py:208} INFO - Processing /opt/airflow/dags/spotify_etl_pro.py took 0.176 seconds
[2026-09-21T23:36:06.823+0000] {processor.py:186} INFO - Started process (PID=1078) to work on /opt/airflow/dags/spotify_etl_pro.py
[2026-09-21T23:36:06.824+0000] {processor.py:914} INFO - Processing file /opt/airflow/dags/spotify_etl_pro.py for tasks to queue
[2026-09-21T23:36:06.828+0000] {logging_mixin.py:190} INFO - [2026-09-21T23:36:06.828+0000] {dagbag.py:588} INFO - Filling up the DagBag from /opt/airflow/dags/spotify_etl_pro.py
[2026-09-21T23:36:06.878+0000] {processor.py:925} INFO - DAG(s) 'spotify_etl_pro' retrieved from /opt/airflow/dags/spotify_etl_pro.py
[2026-09-21T23:36:06.961+0000] {logging_mixin.py:190} INFO - [2026-09-21T23:36:06.961+0000] {dag.py:3239} INFO - Sync 1 DAGs
[2026-09-21T23:36:06.981+0000] {logging_mixin.py:190} INFO - [2026-09-21T23:36:06.981+0000] {dag.py:4180} INFO - Setting next_dagrun for spotify_etl_pro to 2026-09-21 00:00:00+00:00, run_after=2026-09-22 00:00:00+00:00
[2026-09-21T23:36:07.000+0000] {processor.py:208} INFO - Processing /opt/airflow/dags/spotify_etl_pro.py took 0.195 seconds
[2026-09-21T23:36:37.357+0000] {processor.py:186} INFO - Started process (PID=1083) to work on /opt/airflow/dags/spotify_etl_pro.py
[2026-09-21T23:36:37.361+0000] {processor.py:914} INFO - Processing file /opt/airflow/dags/spotify_etl_pro.py for tasks to queue
[2026-09-21T23:36:37.372+0000] {logging_mixin.py:190} INFO - [2026-09-21T23:36:37.372+0000] {dagbag.py:588} INFO - Filling up the DagBag from /opt/airflow/dags/spotify_etl_pro.py
[2026-09-21T23:36:37.443+0000] {processor.py:925} INFO - DAG(s) 'spotify_etl_pro' retrieved from /opt/airflow/dags/spotify_etl_pro.py
[2026-09-21T23:36:37.622+0000] {logging_mixin.py:190} INFO - [2026-09-21T23:36:37.622+0000] {dag.py:3239} INFO - Sync 1 DAGs
[2026-09-21T23:36:37.649+0000] {logging_mixin.py:190} INFO - [2026-09-21T23:36:37.649+0000] {dag.py:4180} INFO - Setting next_dagrun for spotify_etl_pro to 2026-09-21 00:00:00+00:00, run_after=2026-09-22 00:00:00+00:00
[2026-09-21T23:36:37.672+0000] {processor.py:208} INFO - Processing /opt/airflow/dags/spotify_etl_pro.py took 0.336 seconds
[2026-09-21T23:37:07.972+0000] {processor.py:186} INFO - Started process (PID=1088) to work on /opt/airflow/dags/spotify_etl_pro.py
[2026-09-21T23:37:07.975+0000] {processor.py:914} INFO - Processing file /opt/airflow/dags/spotify_etl_pro.py for tasks to queue
[2026-09-21T23:37:07.981+0000] {logging_mixin.py:190} INFO - [2026-09-21T23:37:07.980+0000] {dagbag.py:588} INFO - Filling up the DagBag from /opt/airflow/dags/spotify_etl_pro.py
[2026-09-21T23:37:08.028+0000] {processor.py:925} INFO - DAG(s) 'spotify_etl_pro' retrieved from /opt/airflow/dags/spotify_etl_pro.py
[2026-09-21T23:37:08.105+0000] {logging_mixin.py:190} INFO - [2026-09-21T23:37:08.105+0000] {dag.py:3239} INFO - Sync 1 DAGs
[2026-09-21T23:37:08.130+0000] {logging_mixin.py:190} INFO - [2026-09-21T23:37:08.130+0000] {dag.py:4180} INFO - Setting next_dagrun for spotify_etl_pro to 2026-09-21 00:00:00+00:00, run_after=2026-09-22 00:00:00+00:00
[2026-09-21T23:37:08.142+0000] {processor.py:208} INFO - Processing /opt/airflow/dags/spotify_etl_pro.py took 0.193 seconds
[2026-09-21T23:37:38.604+0000] {processor.py:186} INFO - Started process (PID=1093) to work on /opt/airflow/dags/spotify_etl_pro.py
[2026-09-21T23:37:38.608+0000] {processor.py:914} INFO - Processing file /opt/airflow/dags/spotify_etl_pro.py for tasks to queue
[2026-09-21T23:37:38.616+0000] {logging_mixin.py:190} INFO - [2026-09-21T23:37:38.615+0000] {dagbag.py:588} INFO - Filling up the DagBag from /opt/airflow/dags/spotify_etl_pro.py
[2026-09-21T23:37:38.661+0000] {processor.py:925} INFO - DAG(s) 'spotify_etl_pro' retrieved from /opt/airflow/dags/spotify_etl_pro.py
[2026-09-21T23:37:38.743+0000] {logging_mixin.py:190} INFO - [2026-09-21T23:37:38.742+0000] {dag.py:3239} INFO - Sync 1 DAGs
[2026-09-21T23:37:38.764+0000] {logging_mixin.py:190} INFO - [2026-09-21T23:37:38.763+0000] {dag.py:4180} INFO - Setting next_dagrun for spotify_etl_pro to 2026-09-21 00:00:00+00:00, run_after=2026-09-22 00:00:00+00:00
[2026-09-21T23:37:38.775+0000] {processor.py:208} INFO - Processing /opt/airflow/dags/spotify_etl_pro.py took 0.189 seconds
[2026-09-21T23:38:09.312+0000] {processor.py:186} INFO - Started process (PID=1098) to work on /opt/airflow/dags/spotify_etl_pro.py
[2026-09-21T23:38:09.315+0000] {processor.py:914} INFO - Processing file /opt/airflow/dags/spotify_etl_pro.py for tasks to queue
[2026-09-21T23:38:09.321+0000] {logging_mixin.py:190} INFO - [2026-09-21T23:38:09.320+0000] {dagbag.py:588} INFO - Filling up the DagBag from /opt/airflow/dags/spotify_etl_pro.py
[2026-09-21T23:38:09.361+0000] {processor.py:925} INFO - DAG(s) 'spotify_etl_pro' retrieved from /opt/airflow/dags/spotify_etl_pro.py
[2026-09-21T23:38:09.442+0000] {logging_mixin.py:190} INFO - [2026-09-21T23:38:09.442+0000] {dag.py:3239} INFO - Sync 1 DAGs
[2026-09-21T23:38:09.466+0000] {logging_mixin.py:190} INFO - [2026-09-21T23:38:09.466+0000] {dag.py:4180} INFO - Setting next_dagrun for spotify_etl_pro to 2026-09-21 00:00:00+00:00, run_after=2026-09-22 00:00:00+00:00
[2026-09-21T23:38:09.476+0000] {processor.py:208} INFO - Processing /opt/airflow/dags/spotify_etl_pro.py took 0.181 seconds
[2026-09-21T23:38:40.084+0000] {processor.py:186} INFO - Started process (PID=1103) to work on /opt/airflow/dags/spotify_etl_pro.py
[2026-09-21T23:38:40.089+0000] {processor.py:914} INFO - Processing file /opt/airflow/dags/spotify_etl_pro.py for tasks to queue
[2026-09-21T23:38:40.099+0000] {logging_mixin.py:190} INFO - [2026-09-21T23:38:40.098+0000] {dagbag.py:588} INFO - Filling up the DagBag from /opt/airflow/dags/spotify_etl_pro.py
[2026-09-21T23:38:40.155+0000] {processor.py:925} INFO - DAG(s) 'spotify_etl_pro' retrieved from /opt/airflow/dags/spotify_etl_pro.py
[2026-09-21T23:38:40.248+0000] {logging_mixin.py:190} INFO - [2026-09-21T23:38:40.247+0000] {dag.py:3239} INFO - Sync 1 DAGs
[2026-09-21T23:38:40.275+0000] {logging_mixin.py:190} INFO - [2026-09-21T23:38:40.275+0000] {dag.py:4180} INFO - Setting next_dagrun for spotify_etl_pro to 2026-09-21 00:00:00+00:00, run_after=2026-09-22 00:00:00+00:00
[2026-09-21T23:38:40.299+0000] {processor.py:208} INFO - Processing /opt/airflow/dags/spotify_etl_pro.py took 0.243 seconds
[2026-09-21T23:39:10.672+0000] {processor.py:186} INFO - Started process (PID=1108) to work on /opt/airflow/dags/spotify_etl_pro.py
[2026-09-21T23:39:10.677+0000] {processor.py:914} INFO - Processing file /opt/airflow/dags/spotify_etl_pro.py for tasks to queue
[2026-09-21T23:39:10.688+0000] {logging_mixin.py:190} INFO - [2026-09-21T23:39:10.687+0000] {dagbag.py:588} INFO - Filling up the DagBag from /opt/airflow/dags/spotify_etl_pro.py
[2026-09-21T23:39:10.737+0000] {processor.py:925} INFO - DAG(s) 'spotify_etl_pro' retrieved from /opt/airflow/dags/spotify_etl_pro.py
[2026-09-21T23:39:10.827+0000] {logging_mixin.py:190} INFO - [2026-09-21T23:39:10.826+0000] {dag.py:3239} INFO - Sync 1 DAGs
[2026-09-21T23:39:10.852+0000] {logging_mixin.py:190} INFO - [2026-09-21T23:39:10.852+0000] {dag.py:4180} INFO - Setting next_dagrun for spotify_etl_pro to 2026-09-21 00:00:00+00:00, run_after=2026-09-22 00:00:00+00:00
[2026-09-21T23:39:10.864+0000] {processor.py:208} INFO - Processing /opt/airflow/dags/spotify_etl_pro.py took 0.205 seconds
[2026-09-21T23:39:41.337+0000] {processor.py:186} INFO - Started process (PID=1113) to work on /opt/airflow/dags/spotify_etl_pro.py
[2026-09-21T23:39:41.340+0000] {processor.py:914} INFO - Processing file /opt/airflow/dags/spotify_etl_pro.py for tasks to queue
[2026-09-21T23:39:41.348+0000] {logging_mixin.py:190} INFO - [2026-09-21T23:39:41.347+0000] {dagbag.py:588} INFO - Filling up the DagBag from /opt/airflow/dags/spotify_etl_pro.py
[2026-09-21T23:39:41.392+0000] {processor.py:925} INFO - DAG(s) 'spotify_etl_pro' retrieved from /opt/airflow/dags/spotify_etl_pro.py
[2026-09-21T23:39:41.465+0000] {logging_mixin.py:190} INFO - [2026-09-21T23:39:41.465+0000] {dag.py:3239} INFO - Sync 1 DAGs
[2026-09-21T23:39:41.489+0000] {logging_mixin.py:190} INFO - [2026-09-21T23:39:41.489+0000] {dag.py:4180} INFO - Setting next_dagrun for spotify_etl_pro to 2026-09-21 00:00:00+00:00, run_after=2026-09-22 00:00:00+00:00
[2026-09-21T23:39:41.506+0000] {processor.py:208} INFO - Processing /opt/airflow/dags/spotify_etl_pro.py took 0.188 seconds
[2026-09-21T23:40:12.009+0000] {processor.py:186} INFO - Started process (PID=1118) to work on /opt/airflow/dags/spotify_etl_pro.py
[2026-09-21T23:40:12.013+0000] {processor.py:914} INFO - Processing file /opt/airflow/dags/spotify_etl_pro.py for tasks to queue
[2026-09-21T23:40:12.024+0000] {logging_mixin.py:190} INFO - [2026-09-21T23:40:12.023+0000] {dagbag.py:588} INFO - Filling up the DagBag from /opt/airflow/dags/spotify_etl_pro.py
[2026-09-21T23:40:12.073+0000] {processor.py:925} INFO - DAG(s) 'spotify_etl_pro' retrieved from /opt/airflow/dags/spotify_etl_pro.py
[2026-09-21T23:40:12.164+0000] {logging_mixin.py:190} INFO - [2026-09-21T23:40:12.164+0000] {dag.py:3239} INFO - Sync 1 DAGs
[2026-09-21T23:40:12.206+0000] {logging_mixin.py:190} INFO - [2026-09-21T23:40:12.206+0000] {dag.py:4180} INFO - Setting next_dagrun for spotify_etl_pro to 2026-09-21 00:00:00+00:00, run_after=2026-09-22 00:00:00+00:00
[2026-09-21T23:40:12.223+0000] {processor.py:208} INFO - Processing /opt/airflow/dags/spotify_etl_pro.py took 0.235 seconds
[2026-09-21T23:40:42.724+0000] {processor.py:186} INFO - Started process (PID=1123) to work on /opt/airflow/dags/spotify_etl_pro.py
[2026-09-21T23:40:42.727+0000] {processor.py:914} INFO - Processing file /opt/airflow/dags/spotify_etl_pro.py for tasks to queue
[2026-09-21T23:40:42.734+0000] {logging_mixin.py:190} INFO - [2026-09-21T23:40:42.733+0000] {dagbag.py:588} INFO - Filling up the DagBag from /opt/airflow/dags/spotify_etl_pro.py
[2026-09-21T23:40:42.776+0000] {processor.py:925} INFO - DAG(s) 'spotify_etl_pro' retrieved from /opt/airflow/dags/spotify_etl_pro.py
[2026-09-21T23:40:42.866+0000] {logging_mixin.py:190} INFO - [2026-09-21T23:40:42.866+0000] {dag.py:3239} INFO - Sync 1 DAGs
[2026-09-21T23:40:42.891+0000] {logging_mixin.py:190} INFO - [2026-09-21T23:40:42.891+0000] {dag.py:4180} INFO - Setting next_dagrun for spotify_etl_pro to 2026-09-21 00:00:00+00:00, run_after=2026-09-22 00:00:00+00:00
[2026-09-21T23:40:42.903+0000] {processor.py:208} INFO - Processing /opt/airflow/dags/spotify_etl_pro.py took 0.195 seconds
[2026-09-21T23:41:13.381+0000] {processor.py:186} INFO - Started process (PID=1128) to work on /opt/airflow/dags/spotify_etl_pro.py
[2026-09-21T23:41:13.391+0000] {processor.py:914} INFO - Processing file /opt/airflow/dags/spotify_etl_pro.py for tasks to queue
[2026-09-21T23:41:13.398+0000] {logging_mixin.py:190} INFO - [2026-09-21T23:41:13.397+0000] {dagbag.py:588} INFO - Filling up the DagBag from /opt/airflow/dags/spotify_etl_pro.py
[2026-09-21T23:41:13.492+0000] {processor.py:925} INFO - DAG(s) 'spotify_etl_pro' retrieved from /opt/airflow/dags/spotify_etl_pro.py
[2026-09-21T23:41:13.678+0000] {logging_mixin.py:190} INFO - [2026-09-21T23:41:13.678+0000] {dag.py:3239} INFO - Sync 1 DAGs
[2026-09-21T23:41:13.726+0000] {logging_mixin.py:190} INFO - [2026-09-21T23:41:13.726+0000] {dag.py:4180} INFO - Setting next_dagrun for spotify_etl_pro to 2026-09-21 00:00:00+00:00, run_after=2026-09-22 00:00:00+00:00
[2026-09-21T23:41:13.753+0000] {processor.py:208} INFO - Processing /opt/airflow/dags/spotify_etl_pro.py took 0.400 seconds
[2026-09-21T23:41:43.878+0000] {processor.py:186} INFO - Started process (PID=1133) to work on /opt/airflow/dags/spotify_etl_pro.py
[2026-09-21T23:41:43.881+0000] {processor.py:914} INFO - Processing file /opt/airflow/dags/spotify_etl_pro.py for tasks to queue
[2026-09-21T23:41:43.888+0000] {logging_mixin.py:190} INFO - [2026-09-21T23:41:43.888+0000] {dagbag.py:588} INFO - Filling up the DagBag from /opt/airflow/dags/spotify_etl_pro.py
[2026-09-21T23:41:43.932+0000] {processor.py:925} INFO - DAG(s) 'spotify_etl_pro' retrieved from /opt/airflow/dags/spotify_etl_pro.py
[2026-09-21T23:41:44.015+0000] {logging_mixin.py:190} INFO - [2026-09-21T23:41:44.015+0000] {dag.py:3239} INFO - Sync 1 DAGs
[2026-09-21T23:41:44.040+0000] {logging_mixin.py:190} INFO - [2026-09-21T23:41:44.040+0000] {dag.py:4180} INFO - Setting next_dagrun for spotify_etl_pro to 2026-09-21 00:00:00+00:00, run_after=2026-09-22 00:00:00+00:00
[2026-09-21T23:41:44.052+0000] {processor.py:208} INFO - Processing /opt/airflow/dags/spotify_etl_pro.py took 0.188 seconds
[2026-09-21T23:42:14.636+0000] {processor.py:186} INFO - Started process (PID=1138) to work on /opt/airflow/dags/spotify_etl_pro.py
[2026-09-21T23:42:14.641+0000] {processor.py:914} INFO - Processing file /opt/airflow/dags/spotify_etl_pro.py for tasks to queue
[2026-09-21T23:42:14.645+0000] {logging_mixin.py:190} INFO - [2026-09-21T23:42:14.645+0000] {dagbag.py:588} INFO - Filling up the DagBag from /opt/airflow/dags/spotify_etl_pro.py
[2026-09-21T23:42:14.687+0000] {processor.py:925} INFO - DAG(s) 'spotify_etl_pro' retrieved from /opt/airflow/dags/spotify_etl_pro.py
[2026-09-21T23:42:14.763+0000] {logging_mixin.py:190} INFO - [2026-09-21T23:42:14.763+0000] {dag.py:3239} INFO - Sync 1 DAGs
[2026-09-21T23:42:14.787+0000] {logging_mixin.py:190} INFO - [2026-09-21T23:42:14.786+0000] {dag.py:4180} INFO - Setting next_dagrun for spotify_etl_pro to 2026-09-21 00:00:00+00:00, run_after=2026-09-22 00:00:00+00:00
[2026-09-21T23:42:14.800+0000] {processor.py:208} INFO - Processing /opt/airflow/dags/spotify_etl_pro.py took 0.180 seconds
[2026-09-21T23:42:45.259+0000] {processor.py:186} INFO - Started process (PID=1143) to work on /opt/airflow/dags/spotify_etl_pro.py
[2026-09-21T23:42:45.261+0000] {processor.py:914} INFO - Processing file /opt/airflow/dags/spotify_etl_pro.py for tasks to queue
[2026-09-21T23:42:45.269+0000] {logging_mixin.py:190} INFO - [2026-09-21T23:42:45.268+0000] {dagbag.py:588} INFO - Filling up the DagBag from /opt/airflow/dags/spotify_etl_pro.py
[2026-09-21T23:42:45.312+0000] {processor.py:925} INFO - DAG(s) 'spotify_etl_pro' retrieved from /opt/airflow/dags/spotify_etl_pro.py
[2026-09-21T23:42:45.399+0000] {logging_mixin.py:190} INFO - [2026-09-21T23:42:45.399+0000] {dag.py:3239} INFO - Sync 1 DAGs
[2026-09-21T23:42:45.461+0000] {logging_mixin.py:190} INFO - [2026-09-21T23:42:45.461+0000] {dag.py:4180} INFO - Setting next_dagrun for spotify_etl_pro to 2026-09-21 00:00:00+00:00, run_after=2026-09-22 00:00:00+00:00
[2026-09-21T23:42:45.498+0000] {processor.py:208} INFO - Processing /opt/airflow/dags/spotify_etl_pro.py took 0.255 seconds
[2026-09-21T23:43:01.673+0000] {processor.py:186} INFO - Started process (PID=1148) to work on /opt/airflow/dags/spotify_etl_pro.py
[2026-09-21T23:43:01.677+0000] {processor.py:914} INFO - Processing file /opt/airflow/dags/spotify_etl_pro.py for tasks to queue
[2026-09-21T23:43:01.680+0000] {logging_mixin.py:190} INFO - [2026-09-21T23:43:01.680+0000] {dagbag.py:588} INFO - Filling up the DagBag from /opt/airflow/dags/spotify_etl_pro.py
[2026-09-21T23:43:01.700+0000] {logging_mixin.py:190} INFO - [2026-09-21T23:43:01.690+0000] {dagbag.py:387} ERROR - Failed to import: /opt/airflow/dags/spotify_etl_pro.py
Traceback (most recent call last):
  File "/home/airflow/.local/lib/python3.10/site-packages/airflow/models/dagbag.py", line 383, in parse
    loader.exec_module(new_module)
  File "<frozen importlib._bootstrap_external>", line 879, in exec_module
  File "<frozen importlib._bootstrap_external>", line 1017, in get_code
  File "<frozen importlib._bootstrap_external>", line 947, in source_to_code
  File "<frozen importlib._bootstrap>", line 241, in _call_with_frames_removed
  File "/opt/airflow/dags/spotify_etl_pro.py", line 313
    elif type_update == 'Ejecucion':
    ^^^^
IndentationError: expected an indented block after 'if' statement on line 311
[2026-09-21T23:43:01.701+0000] {processor.py:927} WARNING - No viable dags retrieved from /opt/airflow/dags/spotify_etl_pro.py
[2026-09-21T23:43:01.749+0000] {processor.py:208} INFO - Processing /opt/airflow/dags/spotify_etl_pro.py took 0.098 seconds
[2026-09-21T23:43:32.485+0000] {processor.py:186} INFO - Started process (PID=1153) to work on /opt/airflow/dags/spotify_etl_pro.py
[2026-09-21T23:43:32.487+0000] {processor.py:914} INFO - Processing file /opt/airflow/dags/spotify_etl_pro.py for tasks to queue
[2026-09-21T23:43:32.492+0000] {logging_mixin.py:190} INFO - [2026-09-21T23:43:32.491+0000] {dagbag.py:588} INFO - Filling up the DagBag from /opt/airflow/dags/spotify_etl_pro.py
[2026-09-21T23:43:32.506+0000] {logging_mixin.py:190} INFO - [2026-09-21T23:43:32.505+0000] {dagbag.py:387} ERROR - Failed to import: /opt/airflow/dags/spotify_etl_pro.py
Traceback (most recent call last):
  File "/home/airflow/.local/lib/python3.10/site-packages/airflow/models/dagbag.py", line 383, in parse
    loader.exec_module(new_module)
  File "<frozen importlib._bootstrap_external>", line 879, in exec_module
  File "<frozen importlib._bootstrap_external>", line 1017, in get_code
  File "<frozen importlib._bootstrap_external>", line 947, in source_to_code
  File "<frozen importlib._bootstrap>", line 241, in _call_with_frames_removed
  File "/opt/airflow/dags/spotify_etl_pro.py", line 313
    elif type_update == 'Ejecucion':
    ^^^^
IndentationError: expected an indented block after 'if' statement on line 311
[2026-09-21T23:43:32.507+0000] {processor.py:927} WARNING - No viable dags retrieved from /opt/airflow/dags/spotify_etl_pro.py
[2026-09-21T23:43:32.531+0000] {processor.py:208} INFO - Processing /opt/airflow/dags/spotify_etl_pro.py took 0.075 seconds
[2026-09-21T23:44:02.981+0000] {processor.py:186} INFO - Started process (PID=1158) to work on /opt/airflow/dags/spotify_etl_pro.py
[2026-09-21T23:44:02.983+0000] {processor.py:914} INFO - Processing file /opt/airflow/dags/spotify_etl_pro.py for tasks to queue
[2026-09-21T23:44:02.991+0000] {logging_mixin.py:190} INFO - [2026-09-21T23:44:02.988+0000] {dagbag.py:588} INFO - Filling up the DagBag from /opt/airflow/dags/spotify_etl_pro.py
[2026-09-21T23:44:03.005+0000] {logging_mixin.py:190} INFO - [2026-09-21T23:44:03.003+0000] {dagbag.py:387} ERROR - Failed to import: /opt/airflow/dags/spotify_etl_pro.py
Traceback (most recent call last):
  File "/home/airflow/.local/lib/python3.10/site-packages/airflow/models/dagbag.py", line 383, in parse
    loader.exec_module(new_module)
  File "<frozen importlib._bootstrap_external>", line 879, in exec_module
  File "<frozen importlib._bootstrap_external>", line 1017, in get_code
  File "<frozen importlib._bootstrap_external>", line 947, in source_to_code
  File "<frozen importlib._bootstrap>", line 241, in _call_with_frames_removed
  File "/opt/airflow/dags/spotify_etl_pro.py", line 313
    elif type_update == 'Ejecucion':
    ^^^^
IndentationError: expected an indented block after 'if' statement on line 311
[2026-09-21T23:44:03.006+0000] {processor.py:927} WARNING - No viable dags retrieved from /opt/airflow/dags/spotify_etl_pro.py
[2026-09-21T23:44:03.032+0000] {processor.py:208} INFO - Processing /opt/airflow/dags/spotify_etl_pro.py took 0.069 seconds
[2026-09-21T23:44:33.354+0000] {processor.py:186} INFO - Started process (PID=1163) to work on /opt/airflow/dags/spotify_etl_pro.py
[2026-09-21T23:44:33.356+0000] {processor.py:914} INFO - Processing file /opt/airflow/dags/spotify_etl_pro.py for tasks to queue
[2026-09-21T23:44:33.357+0000] {logging_mixin.py:190} INFO - [2026-09-21T23:44:33.357+0000] {dagbag.py:588} INFO - Filling up the DagBag from /opt/airflow/dags/spotify_etl_pro.py
[2026-09-21T23:44:33.369+0000] {logging_mixin.py:190} INFO - [2026-09-21T23:44:33.368+0000] {dagbag.py:387} ERROR - Failed to import: /opt/airflow/dags/spotify_etl_pro.py
Traceback (most recent call last):
  File "/home/airflow/.local/lib/python3.10/site-packages/airflow/models/dagbag.py", line 383, in parse
    loader.exec_module(new_module)
  File "<frozen importlib._bootstrap_external>", line 879, in exec_module
  File "<frozen importlib._bootstrap_external>", line 1017, in get_code
  File "<frozen importlib._bootstrap_external>", line 947, in source_to_code
  File "<frozen importlib._bootstrap>", line 241, in _call_with_frames_removed
  File "/opt/airflow/dags/spotify_etl_pro.py", line 313
    elif type_update == 'Ejecucion':
    ^^^^
IndentationError: expected an indented block after 'if' statement on line 311
[2026-09-21T23:44:33.370+0000] {processor.py:927} WARNING - No viable dags retrieved from /opt/airflow/dags/spotify_etl_pro.py
[2026-09-21T23:44:33.392+0000] {processor.py:208} INFO - Processing /opt/airflow/dags/spotify_etl_pro.py took 0.057 seconds
[2026-09-21T23:45:04.004+0000] {processor.py:186} INFO - Started process (PID=1168) to work on /opt/airflow/dags/spotify_etl_pro.py
[2026-09-21T23:45:04.006+0000] {processor.py:914} INFO - Processing file /opt/airflow/dags/spotify_etl_pro.py for tasks to queue
[2026-09-21T23:45:04.008+0000] {logging_mixin.py:190} INFO - [2026-09-21T23:45:04.007+0000] {dagbag.py:588} INFO - Filling up the DagBag from /opt/airflow/dags/spotify_etl_pro.py
[2026-09-21T23:45:04.025+0000] {logging_mixin.py:190} INFO - [2026-09-21T23:45:04.024+0000] {dagbag.py:387} ERROR - Failed to import: /opt/airflow/dags/spotify_etl_pro.py
Traceback (most recent call last):
  File "/home/airflow/.local/lib/python3.10/site-packages/airflow/models/dagbag.py", line 383, in parse
    loader.exec_module(new_module)
  File "<frozen importlib._bootstrap_external>", line 879, in exec_module
  File "<frozen importlib._bootstrap_external>", line 1017, in get_code
  File "<frozen importlib._bootstrap_external>", line 947, in source_to_code
  File "<frozen importlib._bootstrap>", line 241, in _call_with_frames_removed
  File "/opt/airflow/dags/spotify_etl_pro.py", line 313
    elif type_update == 'Ejecucion':
    ^^^^
IndentationError: expected an indented block after 'if' statement on line 311
[2026-09-21T23:45:04.026+0000] {processor.py:927} WARNING - No viable dags retrieved from /opt/airflow/dags/spotify_etl_pro.py
[2026-09-21T23:45:04.058+0000] {processor.py:208} INFO - Processing /opt/airflow/dags/spotify_etl_pro.py took 0.081 seconds
[2026-09-21T23:45:34.514+0000] {processor.py:186} INFO - Started process (PID=1173) to work on /opt/airflow/dags/spotify_etl_pro.py
[2026-09-21T23:45:34.515+0000] {processor.py:914} INFO - Processing file /opt/airflow/dags/spotify_etl_pro.py for tasks to queue
[2026-09-21T23:45:34.519+0000] {logging_mixin.py:190} INFO - [2026-09-21T23:45:34.518+0000] {dagbag.py:588} INFO - Filling up the DagBag from /opt/airflow/dags/spotify_etl_pro.py
[2026-09-21T23:45:34.531+0000] {logging_mixin.py:190} INFO - [2026-09-21T23:45:34.528+0000] {dagbag.py:387} ERROR - Failed to import: /opt/airflow/dags/spotify_etl_pro.py
Traceback (most recent call last):
  File "/home/airflow/.local/lib/python3.10/site-packages/airflow/models/dagbag.py", line 383, in parse
    loader.exec_module(new_module)
  File "<frozen importlib._bootstrap_external>", line 879, in exec_module
  File "<frozen importlib._bootstrap_external>", line 1017, in get_code
  File "<frozen importlib._bootstrap_external>", line 947, in source_to_code
  File "<frozen importlib._bootstrap>", line 241, in _call_with_frames_removed
  File "/opt/airflow/dags/spotify_etl_pro.py", line 313
    elif type_update == 'Ejecucion':
    ^^^^
IndentationError: expected an indented block after 'if' statement on line 311
[2026-09-21T23:45:34.532+0000] {processor.py:927} WARNING - No viable dags retrieved from /opt/airflow/dags/spotify_etl_pro.py
[2026-09-21T23:45:34.561+0000] {processor.py:208} INFO - Processing /opt/airflow/dags/spotify_etl_pro.py took 0.062 seconds
[2026-09-21T23:46:05.170+0000] {processor.py:186} INFO - Started process (PID=1178) to work on /opt/airflow/dags/spotify_etl_pro.py
[2026-09-21T23:46:05.172+0000] {processor.py:914} INFO - Processing file /opt/airflow/dags/spotify_etl_pro.py for tasks to queue
[2026-09-21T23:46:05.175+0000] {logging_mixin.py:190} INFO - [2026-09-21T23:46:05.175+0000] {dagbag.py:588} INFO - Filling up the DagBag from /opt/airflow/dags/spotify_etl_pro.py
[2026-09-21T23:46:05.189+0000] {logging_mixin.py:190} INFO - [2026-09-21T23:46:05.188+0000] {dagbag.py:387} ERROR - Failed to import: /opt/airflow/dags/spotify_etl_pro.py
Traceback (most recent call last):
  File "/home/airflow/.local/lib/python3.10/site-packages/airflow/models/dagbag.py", line 383, in parse
    loader.exec_module(new_module)
  File "<frozen importlib._bootstrap_external>", line 879, in exec_module
  File "<frozen importlib._bootstrap_external>", line 1017, in get_code
  File "<frozen importlib._bootstrap_external>", line 947, in source_to_code
  File "<frozen importlib._bootstrap>", line 241, in _call_with_frames_removed
  File "/opt/airflow/dags/spotify_etl_pro.py", line 313
    elif type_update == 'Ejecucion':
    ^^^^
IndentationError: expected an indented block after 'if' statement on line 311
[2026-09-21T23:46:05.189+0000] {processor.py:927} WARNING - No viable dags retrieved from /opt/airflow/dags/spotify_etl_pro.py
[2026-09-21T23:46:05.221+0000] {processor.py:208} INFO - Processing /opt/airflow/dags/spotify_etl_pro.py took 0.067 seconds
[2026-09-21T23:46:09.316+0000] {processor.py:186} INFO - Started process (PID=1183) to work on /opt/airflow/dags/spotify_etl_pro.py
[2026-09-21T23:46:09.318+0000] {processor.py:914} INFO - Processing file /opt/airflow/dags/spotify_etl_pro.py for tasks to queue
[2026-09-21T23:46:09.320+0000] {logging_mixin.py:190} INFO - [2026-09-21T23:46:09.319+0000] {dagbag.py:588} INFO - Filling up the DagBag from /opt/airflow/dags/spotify_etl_pro.py
[2026-09-21T23:46:09.405+0000] {logging_mixin.py:190} INFO - 2026-09-21 23:46:09,405 INFO sqlalchemy.engine.Engine select pg_catalog.version()
[2026-09-21T23:46:09.405+0000] {logging_mixin.py:190} INFO - [2026-09-21T23:46:09.405+0000] {base.py:1863} INFO - select pg_catalog.version()
[2026-09-21T23:46:09.407+0000] {logging_mixin.py:190} INFO - 2026-09-21 23:46:09,407 INFO sqlalchemy.engine.Engine [raw sql] {}
[2026-09-21T23:46:09.407+0000] {logging_mixin.py:190} INFO - [2026-09-21T23:46:09.407+0000] {base.py:1868} INFO - [raw sql] {}
[2026-09-21T23:46:09.409+0000] {logging_mixin.py:190} INFO - 2026-09-21 23:46:09,409 INFO sqlalchemy.engine.Engine select current_schema()
[2026-09-21T23:46:09.409+0000] {logging_mixin.py:190} INFO - [2026-09-21T23:46:09.409+0000] {base.py:1863} INFO - select current_schema()
[2026-09-21T23:46:09.409+0000] {logging_mixin.py:190} INFO - 2026-09-21 23:46:09,409 INFO sqlalchemy.engine.Engine [raw sql] {}
[2026-09-21T23:46:09.409+0000] {logging_mixin.py:190} INFO - [2026-09-21T23:46:09.409+0000] {base.py:1868} INFO - [raw sql] {}
[2026-09-21T23:46:09.410+0000] {logging_mixin.py:190} INFO - 2026-09-21 23:46:09,410 INFO sqlalchemy.engine.Engine show standard_conforming_strings
[2026-09-21T23:46:09.410+0000] {logging_mixin.py:190} INFO - [2026-09-21T23:46:09.410+0000] {base.py:1863} INFO - show standard_conforming_strings
[2026-09-21T23:46:09.410+0000] {logging_mixin.py:190} INFO - 2026-09-21 23:46:09,410 INFO sqlalchemy.engine.Engine [raw sql] {}
[2026-09-21T23:46:09.410+0000] {logging_mixin.py:190} INFO - [2026-09-21T23:46:09.410+0000] {base.py:1868} INFO - [raw sql] {}
[2026-09-21T23:46:09.411+0000] {logging_mixin.py:190} INFO - 2026-09-21 23:46:09,411 INFO sqlalchemy.engine.Engine BEGIN (implicit)
[2026-09-21T23:46:09.411+0000] {logging_mixin.py:190} INFO - [2026-09-21T23:46:09.411+0000] {base.py:1032} INFO - BEGIN (implicit)
[2026-09-21T23:46:09.423+0000] {logging_mixin.py:190} INFO - 2026-09-21 23:46:09,423 INFO sqlalchemy.engine.Engine SELECT artista.nombre_artista 
FROM artista ORDER BY artista.id_artista ASC
[2026-09-21T23:46:09.424+0000] {logging_mixin.py:190} INFO - [2026-09-21T23:46:09.423+0000] {base.py:1863} INFO - SELECT artista.nombre_artista 
FROM artista ORDER BY artista.id_artista ASC
[2026-09-21T23:46:09.424+0000] {logging_mixin.py:190} INFO - 2026-09-21 23:46:09,424 INFO sqlalchemy.engine.Engine [generated in 0.00059s] {}
[2026-09-21T23:46:09.424+0000] {logging_mixin.py:190} INFO - [2026-09-21T23:46:09.424+0000] {base.py:1868} INFO - [generated in 0.00059s] {}
[2026-09-21T23:46:09.426+0000] {logging_mixin.py:190} INFO - 2026-09-21 23:46:09,426 INFO sqlalchemy.engine.Engine ROLLBACK
[2026-09-21T23:46:09.427+0000] {logging_mixin.py:190} INFO - [2026-09-21T23:46:09.426+0000] {base.py:1060} INFO - ROLLBACK
[2026-09-21T23:46:09.435+0000] {logging_mixin.py:190} INFO - [2026-09-21T23:46:09.428+0000] {dagbag.py:387} ERROR - Failed to import: /opt/airflow/dags/spotify_etl_pro.py
Traceback (most recent call last):
  File "/home/airflow/.local/lib/python3.10/site-packages/airflow/models/dagbag.py", line 383, in parse
    loader.exec_module(new_module)
  File "<frozen importlib._bootstrap_external>", line 883, in exec_module
  File "<frozen importlib._bootstrap>", line 241, in _call_with_frames_removed
  File "/opt/airflow/dags/spotify_etl_pro.py", line 381, in <module>
    >> xcom_artista_bigquerry
NameError: name 'xcom_artista_bigquerry' is not defined. Did you mean: 'procesar_artista_big_querry'?
[2026-09-21T23:46:09.441+0000] {processor.py:927} WARNING - No viable dags retrieved from /opt/airflow/dags/spotify_etl_pro.py
[2026-09-21T23:46:09.458+0000] {processor.py:208} INFO - Processing /opt/airflow/dags/spotify_etl_pro.py took 0.162 seconds
[2026-09-21T23:46:39.739+0000] {processor.py:186} INFO - Started process (PID=1188) to work on /opt/airflow/dags/spotify_etl_pro.py
[2026-09-21T23:46:39.741+0000] {processor.py:914} INFO - Processing file /opt/airflow/dags/spotify_etl_pro.py for tasks to queue
[2026-09-21T23:46:39.743+0000] {logging_mixin.py:190} INFO - [2026-09-21T23:46:39.742+0000] {dagbag.py:588} INFO - Filling up the DagBag from /opt/airflow/dags/spotify_etl_pro.py
[2026-09-21T23:46:39.792+0000] {logging_mixin.py:190} INFO - 2026-09-21 23:46:39,792 INFO sqlalchemy.engine.Engine select pg_catalog.version()
[2026-09-21T23:46:39.793+0000] {logging_mixin.py:190} INFO - [2026-09-21T23:46:39.792+0000] {base.py:1863} INFO - select pg_catalog.version()
[2026-09-21T23:46:39.793+0000] {logging_mixin.py:190} INFO - 2026-09-21 23:46:39,793 INFO sqlalchemy.engine.Engine [raw sql] {}
[2026-09-21T23:46:39.793+0000] {logging_mixin.py:190} INFO - [2026-09-21T23:46:39.793+0000] {base.py:1868} INFO - [raw sql] {}
[2026-09-21T23:46:39.794+0000] {logging_mixin.py:190} INFO - 2026-09-21 23:46:39,794 INFO sqlalchemy.engine.Engine select current_schema()
[2026-09-21T23:46:39.794+0000] {logging_mixin.py:190} INFO - [2026-09-21T23:46:39.794+0000] {base.py:1863} INFO - select current_schema()
[2026-09-21T23:46:39.794+0000] {logging_mixin.py:190} INFO - 2026-09-21 23:46:39,794 INFO sqlalchemy.engine.Engine [raw sql] {}
[2026-09-21T23:46:39.794+0000] {logging_mixin.py:190} INFO - [2026-09-21T23:46:39.794+0000] {base.py:1868} INFO - [raw sql] {}
[2026-09-21T23:46:39.794+0000] {logging_mixin.py:190} INFO - 2026-09-21 23:46:39,794 INFO sqlalchemy.engine.Engine show standard_conforming_strings
[2026-09-21T23:46:39.794+0000] {logging_mixin.py:190} INFO - [2026-09-21T23:46:39.794+0000] {base.py:1863} INFO - show standard_conforming_strings
[2026-09-21T23:46:39.794+0000] {logging_mixin.py:190} INFO - 2026-09-21 23:46:39,794 INFO sqlalchemy.engine.Engine [raw sql] {}
[2026-09-21T23:46:39.794+0000] {logging_mixin.py:190} INFO - [2026-09-21T23:46:39.794+0000] {base.py:1868} INFO - [raw sql] {}
[2026-09-21T23:46:39.795+0000] {logging_mixin.py:190} INFO - 2026-09-21 23:46:39,795 INFO sqlalchemy.engine.Engine BEGIN (implicit)
[2026-09-21T23:46:39.795+0000] {logging_mixin.py:190} INFO - [2026-09-21T23:46:39.795+0000] {base.py:1032} INFO - BEGIN (implicit)
[2026-09-21T23:46:39.799+0000] {logging_mixin.py:190} INFO - 2026-09-21 23:46:39,799 INFO sqlalchemy.engine.Engine SELECT artista.nombre_artista 
FROM artista ORDER BY artista.id_artista ASC
[2026-09-21T23:46:39.799+0000] {logging_mixin.py:190} INFO - [2026-09-21T23:46:39.799+0000] {base.py:1863} INFO - SELECT artista.nombre_artista 
FROM artista ORDER BY artista.id_artista ASC
[2026-09-21T23:46:39.800+0000] {logging_mixin.py:190} INFO - 2026-09-21 23:46:39,800 INFO sqlalchemy.engine.Engine [generated in 0.00036s] {}
[2026-09-21T23:46:39.800+0000] {logging_mixin.py:190} INFO - [2026-09-21T23:46:39.800+0000] {base.py:1868} INFO - [generated in 0.00036s] {}
[2026-09-21T23:46:39.801+0000] {logging_mixin.py:190} INFO - 2026-09-21 23:46:39,801 INFO sqlalchemy.engine.Engine ROLLBACK
[2026-09-21T23:46:39.801+0000] {logging_mixin.py:190} INFO - [2026-09-21T23:46:39.801+0000] {base.py:1060} INFO - ROLLBACK
[2026-09-21T23:46:39.809+0000] {logging_mixin.py:190} INFO - [2026-09-21T23:46:39.802+0000] {dagbag.py:387} ERROR - Failed to import: /opt/airflow/dags/spotify_etl_pro.py
Traceback (most recent call last):
  File "/home/airflow/.local/lib/python3.10/site-packages/airflow/models/dagbag.py", line 383, in parse
    loader.exec_module(new_module)
  File "<frozen importlib._bootstrap_external>", line 883, in exec_module
  File "<frozen importlib._bootstrap>", line 241, in _call_with_frames_removed
  File "/opt/airflow/dags/spotify_etl_pro.py", line 381, in <module>
    >> xcom_artista_bigquerry
NameError: name 'xcom_artista_bigquerry' is not defined. Did you mean: 'procesar_artista_big_querry'?
[2026-09-21T23:46:39.816+0000] {processor.py:927} WARNING - No viable dags retrieved from /opt/airflow/dags/spotify_etl_pro.py
[2026-09-21T23:46:39.829+0000] {processor.py:208} INFO - Processing /opt/airflow/dags/spotify_etl_pro.py took 0.105 seconds
[2026-09-21T23:47:10.302+0000] {processor.py:186} INFO - Started process (PID=1193) to work on /opt/airflow/dags/spotify_etl_pro.py
[2026-09-21T23:47:10.303+0000] {processor.py:914} INFO - Processing file /opt/airflow/dags/spotify_etl_pro.py for tasks to queue
[2026-09-21T23:47:10.305+0000] {logging_mixin.py:190} INFO - [2026-09-21T23:47:10.304+0000] {dagbag.py:588} INFO - Filling up the DagBag from /opt/airflow/dags/spotify_etl_pro.py
[2026-09-21T23:47:10.367+0000] {logging_mixin.py:190} INFO - 2026-09-21 23:47:10,367 INFO sqlalchemy.engine.Engine select pg_catalog.version()
[2026-09-21T23:47:10.367+0000] {logging_mixin.py:190} INFO - [2026-09-21T23:47:10.367+0000] {base.py:1863} INFO - select pg_catalog.version()
[2026-09-21T23:47:10.367+0000] {logging_mixin.py:190} INFO - 2026-09-21 23:47:10,367 INFO sqlalchemy.engine.Engine [raw sql] {}
[2026-09-21T23:47:10.367+0000] {logging_mixin.py:190} INFO - [2026-09-21T23:47:10.367+0000] {base.py:1868} INFO - [raw sql] {}
[2026-09-21T23:47:10.368+0000] {logging_mixin.py:190} INFO - 2026-09-21 23:47:10,368 INFO sqlalchemy.engine.Engine select current_schema()
[2026-09-21T23:47:10.368+0000] {logging_mixin.py:190} INFO - [2026-09-21T23:47:10.368+0000] {base.py:1863} INFO - select current_schema()
[2026-09-21T23:47:10.368+0000] {logging_mixin.py:190} INFO - 2026-09-21 23:47:10,368 INFO sqlalchemy.engine.Engine [raw sql] {}
[2026-09-21T23:47:10.369+0000] {logging_mixin.py:190} INFO - [2026-09-21T23:47:10.368+0000] {base.py:1868} INFO - [raw sql] {}
[2026-09-21T23:47:10.369+0000] {logging_mixin.py:190} INFO - 2026-09-21 23:47:10,369 INFO sqlalchemy.engine.Engine show standard_conforming_strings
[2026-09-21T23:47:10.369+0000] {logging_mixin.py:190} INFO - [2026-09-21T23:47:10.369+0000] {base.py:1863} INFO - show standard_conforming_strings
[2026-09-21T23:47:10.369+0000] {logging_mixin.py:190} INFO - 2026-09-21 23:47:10,369 INFO sqlalchemy.engine.Engine [raw sql] {}
[2026-09-21T23:47:10.369+0000] {logging_mixin.py:190} INFO - [2026-09-21T23:47:10.369+0000] {base.py:1868} INFO - [raw sql] {}
[2026-09-21T23:47:10.370+0000] {logging_mixin.py:190} INFO - 2026-09-21 23:47:10,370 INFO sqlalchemy.engine.Engine BEGIN (implicit)
[2026-09-21T23:47:10.370+0000] {logging_mixin.py:190} INFO - [2026-09-21T23:47:10.370+0000] {base.py:1032} INFO - BEGIN (implicit)
[2026-09-21T23:47:10.373+0000] {logging_mixin.py:190} INFO - 2026-09-21 23:47:10,373 INFO sqlalchemy.engine.Engine SELECT artista.nombre_artista 
FROM artista ORDER BY artista.id_artista ASC
[2026-09-21T23:47:10.373+0000] {logging_mixin.py:190} INFO - [2026-09-21T23:47:10.373+0000] {base.py:1863} INFO - SELECT artista.nombre_artista 
FROM artista ORDER BY artista.id_artista ASC
[2026-09-21T23:47:10.373+0000] {logging_mixin.py:190} INFO - 2026-09-21 23:47:10,373 INFO sqlalchemy.engine.Engine [generated in 0.00032s] {}
[2026-09-21T23:47:10.373+0000] {logging_mixin.py:190} INFO - [2026-09-21T23:47:10.373+0000] {base.py:1868} INFO - [generated in 0.00032s] {}
[2026-09-21T23:47:10.374+0000] {logging_mixin.py:190} INFO - 2026-09-21 23:47:10,374 INFO sqlalchemy.engine.Engine ROLLBACK
[2026-09-21T23:47:10.375+0000] {logging_mixin.py:190} INFO - [2026-09-21T23:47:10.374+0000] {base.py:1060} INFO - ROLLBACK
[2026-09-21T23:47:10.383+0000] {logging_mixin.py:190} INFO - [2026-09-21T23:47:10.375+0000] {dagbag.py:387} ERROR - Failed to import: /opt/airflow/dags/spotify_etl_pro.py
Traceback (most recent call last):
  File "/home/airflow/.local/lib/python3.10/site-packages/airflow/models/dagbag.py", line 383, in parse
    loader.exec_module(new_module)
  File "<frozen importlib._bootstrap_external>", line 883, in exec_module
  File "<frozen importlib._bootstrap>", line 241, in _call_with_frames_removed
  File "/opt/airflow/dags/spotify_etl_pro.py", line 381, in <module>
    >> xcom_artista_bigquerry
NameError: name 'xcom_artista_bigquerry' is not defined. Did you mean: 'procesar_artista_big_querry'?
[2026-09-21T23:47:10.389+0000] {processor.py:927} WARNING - No viable dags retrieved from /opt/airflow/dags/spotify_etl_pro.py
[2026-09-21T23:47:10.402+0000] {processor.py:208} INFO - Processing /opt/airflow/dags/spotify_etl_pro.py took 0.113 seconds
[2026-09-21T23:47:40.701+0000] {processor.py:186} INFO - Started process (PID=1198) to work on /opt/airflow/dags/spotify_etl_pro.py
[2026-09-21T23:47:40.703+0000] {processor.py:914} INFO - Processing file /opt/airflow/dags/spotify_etl_pro.py for tasks to queue
[2026-09-21T23:47:40.706+0000] {logging_mixin.py:190} INFO - [2026-09-21T23:47:40.705+0000] {dagbag.py:588} INFO - Filling up the DagBag from /opt/airflow/dags/spotify_etl_pro.py
[2026-09-21T23:47:40.769+0000] {logging_mixin.py:190} INFO - 2026-09-21 23:47:40,769 INFO sqlalchemy.engine.Engine select pg_catalog.version()
[2026-09-21T23:47:40.769+0000] {logging_mixin.py:190} INFO - [2026-09-21T23:47:40.769+0000] {base.py:1863} INFO - select pg_catalog.version()
[2026-09-21T23:47:40.769+0000] {logging_mixin.py:190} INFO - 2026-09-21 23:47:40,769 INFO sqlalchemy.engine.Engine [raw sql] {}
[2026-09-21T23:47:40.770+0000] {logging_mixin.py:190} INFO - [2026-09-21T23:47:40.769+0000] {base.py:1868} INFO - [raw sql] {}
[2026-09-21T23:47:40.770+0000] {logging_mixin.py:190} INFO - 2026-09-21 23:47:40,770 INFO sqlalchemy.engine.Engine select current_schema()
[2026-09-21T23:47:40.770+0000] {logging_mixin.py:190} INFO - [2026-09-21T23:47:40.770+0000] {base.py:1863} INFO - select current_schema()
[2026-09-21T23:47:40.770+0000] {logging_mixin.py:190} INFO - 2026-09-21 23:47:40,770 INFO sqlalchemy.engine.Engine [raw sql] {}
[2026-09-21T23:47:40.770+0000] {logging_mixin.py:190} INFO - [2026-09-21T23:47:40.770+0000] {base.py:1868} INFO - [raw sql] {}
[2026-09-21T23:47:40.771+0000] {logging_mixin.py:190} INFO - 2026-09-21 23:47:40,771 INFO sqlalchemy.engine.Engine show standard_conforming_strings
[2026-09-21T23:47:40.771+0000] {logging_mixin.py:190} INFO - [2026-09-21T23:47:40.771+0000] {base.py:1863} INFO - show standard_conforming_strings
[2026-09-21T23:47:40.771+0000] {logging_mixin.py:190} INFO - 2026-09-21 23:47:40,771 INFO sqlalchemy.engine.Engine [raw sql] {}
[2026-09-21T23:47:40.771+0000] {logging_mixin.py:190} INFO - [2026-09-21T23:47:40.771+0000] {base.py:1868} INFO - [raw sql] {}
[2026-09-21T23:47:40.771+0000] {logging_mixin.py:190} INFO - 2026-09-21 23:47:40,771 INFO sqlalchemy.engine.Engine BEGIN (implicit)
[2026-09-21T23:47:40.772+0000] {logging_mixin.py:190} INFO - [2026-09-21T23:47:40.771+0000] {base.py:1032} INFO - BEGIN (implicit)
[2026-09-21T23:47:40.777+0000] {logging_mixin.py:190} INFO - 2026-09-21 23:47:40,777 INFO sqlalchemy.engine.Engine SELECT artista.nombre_artista 
FROM artista ORDER BY artista.id_artista ASC
[2026-09-21T23:47:40.777+0000] {logging_mixin.py:190} INFO - [2026-09-21T23:47:40.777+0000] {base.py:1863} INFO - SELECT artista.nombre_artista 
FROM artista ORDER BY artista.id_artista ASC
[2026-09-21T23:47:40.777+0000] {logging_mixin.py:190} INFO - 2026-09-21 23:47:40,777 INFO sqlalchemy.engine.Engine [generated in 0.00041s] {}
[2026-09-21T23:47:40.777+0000] {logging_mixin.py:190} INFO - [2026-09-21T23:47:40.777+0000] {base.py:1868} INFO - [generated in 0.00041s] {}
[2026-09-21T23:47:40.781+0000] {logging_mixin.py:190} INFO - 2026-09-21 23:47:40,781 INFO sqlalchemy.engine.Engine ROLLBACK
[2026-09-21T23:47:40.781+0000] {logging_mixin.py:190} INFO - [2026-09-21T23:47:40.781+0000] {base.py:1060} INFO - ROLLBACK
[2026-09-21T23:47:40.788+0000] {logging_mixin.py:190} INFO - [2026-09-21T23:47:40.782+0000] {dagbag.py:387} ERROR - Failed to import: /opt/airflow/dags/spotify_etl_pro.py
Traceback (most recent call last):
  File "/home/airflow/.local/lib/python3.10/site-packages/airflow/models/dagbag.py", line 383, in parse
    loader.exec_module(new_module)
  File "<frozen importlib._bootstrap_external>", line 883, in exec_module
  File "<frozen importlib._bootstrap>", line 241, in _call_with_frames_removed
  File "/opt/airflow/dags/spotify_etl_pro.py", line 381, in <module>
    >> xcom_artista_bigquerry
NameError: name 'xcom_artista_bigquerry' is not defined. Did you mean: 'procesar_artista_big_querry'?
[2026-09-21T23:47:40.794+0000] {processor.py:927} WARNING - No viable dags retrieved from /opt/airflow/dags/spotify_etl_pro.py
[2026-09-21T23:47:40.805+0000] {processor.py:208} INFO - Processing /opt/airflow/dags/spotify_etl_pro.py took 0.115 seconds
[2026-09-21T23:48:11.198+0000] {processor.py:186} INFO - Started process (PID=1203) to work on /opt/airflow/dags/spotify_etl_pro.py
[2026-09-21T23:48:11.201+0000] {processor.py:914} INFO - Processing file /opt/airflow/dags/spotify_etl_pro.py for tasks to queue
[2026-09-21T23:48:11.204+0000] {logging_mixin.py:190} INFO - [2026-09-21T23:48:11.203+0000] {dagbag.py:588} INFO - Filling up the DagBag from /opt/airflow/dags/spotify_etl_pro.py
[2026-09-21T23:48:11.261+0000] {logging_mixin.py:190} INFO - 2026-09-21 23:48:11,260 INFO sqlalchemy.engine.Engine select pg_catalog.version()
[2026-09-21T23:48:11.261+0000] {logging_mixin.py:190} INFO - [2026-09-21T23:48:11.260+0000] {base.py:1863} INFO - select pg_catalog.version()
[2026-09-21T23:48:11.261+0000] {logging_mixin.py:190} INFO - 2026-09-21 23:48:11,261 INFO sqlalchemy.engine.Engine [raw sql] {}
[2026-09-21T23:48:11.261+0000] {logging_mixin.py:190} INFO - [2026-09-21T23:48:11.261+0000] {base.py:1868} INFO - [raw sql] {}
[2026-09-21T23:48:11.262+0000] {logging_mixin.py:190} INFO - 2026-09-21 23:48:11,262 INFO sqlalchemy.engine.Engine select current_schema()
[2026-09-21T23:48:11.262+0000] {logging_mixin.py:190} INFO - [2026-09-21T23:48:11.262+0000] {base.py:1863} INFO - select current_schema()
[2026-09-21T23:48:11.262+0000] {logging_mixin.py:190} INFO - 2026-09-21 23:48:11,262 INFO sqlalchemy.engine.Engine [raw sql] {}
[2026-09-21T23:48:11.262+0000] {logging_mixin.py:190} INFO - [2026-09-21T23:48:11.262+0000] {base.py:1868} INFO - [raw sql] {}
[2026-09-21T23:48:11.263+0000] {logging_mixin.py:190} INFO - 2026-09-21 23:48:11,262 INFO sqlalchemy.engine.Engine show standard_conforming_strings
[2026-09-21T23:48:11.263+0000] {logging_mixin.py:190} INFO - [2026-09-21T23:48:11.262+0000] {base.py:1863} INFO - show standard_conforming_strings
[2026-09-21T23:48:11.263+0000] {logging_mixin.py:190} INFO - 2026-09-21 23:48:11,263 INFO sqlalchemy.engine.Engine [raw sql] {}
[2026-09-21T23:48:11.263+0000] {logging_mixin.py:190} INFO - [2026-09-21T23:48:11.263+0000] {base.py:1868} INFO - [raw sql] {}
[2026-09-21T23:48:11.263+0000] {logging_mixin.py:190} INFO - 2026-09-21 23:48:11,263 INFO sqlalchemy.engine.Engine BEGIN (implicit)
[2026-09-21T23:48:11.263+0000] {logging_mixin.py:190} INFO - [2026-09-21T23:48:11.263+0000] {base.py:1032} INFO - BEGIN (implicit)
[2026-09-21T23:48:11.267+0000] {logging_mixin.py:190} INFO - 2026-09-21 23:48:11,267 INFO sqlalchemy.engine.Engine SELECT artista.nombre_artista 
FROM artista ORDER BY artista.id_artista ASC
[2026-09-21T23:48:11.267+0000] {logging_mixin.py:190} INFO - [2026-09-21T23:48:11.267+0000] {base.py:1863} INFO - SELECT artista.nombre_artista 
FROM artista ORDER BY artista.id_artista ASC
[2026-09-21T23:48:11.267+0000] {logging_mixin.py:190} INFO - 2026-09-21 23:48:11,267 INFO sqlalchemy.engine.Engine [generated in 0.00033s] {}
[2026-09-21T23:48:11.267+0000] {logging_mixin.py:190} INFO - [2026-09-21T23:48:11.267+0000] {base.py:1868} INFO - [generated in 0.00033s] {}
[2026-09-21T23:48:11.268+0000] {logging_mixin.py:190} INFO - 2026-09-21 23:48:11,268 INFO sqlalchemy.engine.Engine ROLLBACK
[2026-09-21T23:48:11.268+0000] {logging_mixin.py:190} INFO - [2026-09-21T23:48:11.268+0000] {base.py:1060} INFO - ROLLBACK
[2026-09-21T23:48:11.276+0000] {logging_mixin.py:190} INFO - [2026-09-21T23:48:11.269+0000] {dagbag.py:387} ERROR - Failed to import: /opt/airflow/dags/spotify_etl_pro.py
Traceback (most recent call last):
  File "/home/airflow/.local/lib/python3.10/site-packages/airflow/models/dagbag.py", line 383, in parse
    loader.exec_module(new_module)
  File "<frozen importlib._bootstrap_external>", line 883, in exec_module
  File "<frozen importlib._bootstrap>", line 241, in _call_with_frames_removed
  File "/opt/airflow/dags/spotify_etl_pro.py", line 381, in <module>
    >> xcom_artista_bigquerry
NameError: name 'xcom_artista_bigquerry' is not defined. Did you mean: 'procesar_artista_big_querry'?
[2026-09-21T23:48:11.281+0000] {processor.py:927} WARNING - No viable dags retrieved from /opt/airflow/dags/spotify_etl_pro.py
[2026-09-21T23:48:11.294+0000] {processor.py:208} INFO - Processing /opt/airflow/dags/spotify_etl_pro.py took 0.112 seconds
[2026-09-21T23:48:41.733+0000] {processor.py:186} INFO - Started process (PID=1208) to work on /opt/airflow/dags/spotify_etl_pro.py
[2026-09-21T23:48:41.734+0000] {processor.py:914} INFO - Processing file /opt/airflow/dags/spotify_etl_pro.py for tasks to queue
[2026-09-21T23:48:41.736+0000] {logging_mixin.py:190} INFO - [2026-09-21T23:48:41.735+0000] {dagbag.py:588} INFO - Filling up the DagBag from /opt/airflow/dags/spotify_etl_pro.py
[2026-09-21T23:48:41.801+0000] {logging_mixin.py:190} INFO - 2026-09-21 23:48:41,801 INFO sqlalchemy.engine.Engine select pg_catalog.version()
[2026-09-21T23:48:41.802+0000] {logging_mixin.py:190} INFO - [2026-09-21T23:48:41.801+0000] {base.py:1863} INFO - select pg_catalog.version()
[2026-09-21T23:48:41.802+0000] {logging_mixin.py:190} INFO - 2026-09-21 23:48:41,802 INFO sqlalchemy.engine.Engine [raw sql] {}
[2026-09-21T23:48:41.802+0000] {logging_mixin.py:190} INFO - [2026-09-21T23:48:41.802+0000] {base.py:1868} INFO - [raw sql] {}
[2026-09-21T23:48:41.802+0000] {logging_mixin.py:190} INFO - 2026-09-21 23:48:41,802 INFO sqlalchemy.engine.Engine select current_schema()
[2026-09-21T23:48:41.803+0000] {logging_mixin.py:190} INFO - [2026-09-21T23:48:41.802+0000] {base.py:1863} INFO - select current_schema()
[2026-09-21T23:48:41.803+0000] {logging_mixin.py:190} INFO - 2026-09-21 23:48:41,803 INFO sqlalchemy.engine.Engine [raw sql] {}
[2026-09-21T23:48:41.803+0000] {logging_mixin.py:190} INFO - [2026-09-21T23:48:41.803+0000] {base.py:1868} INFO - [raw sql] {}
[2026-09-21T23:48:41.803+0000] {logging_mixin.py:190} INFO - 2026-09-21 23:48:41,803 INFO sqlalchemy.engine.Engine show standard_conforming_strings
[2026-09-21T23:48:41.803+0000] {logging_mixin.py:190} INFO - [2026-09-21T23:48:41.803+0000] {base.py:1863} INFO - show standard_conforming_strings
[2026-09-21T23:48:41.803+0000] {logging_mixin.py:190} INFO - 2026-09-21 23:48:41,803 INFO sqlalchemy.engine.Engine [raw sql] {}
[2026-09-21T23:48:41.803+0000] {logging_mixin.py:190} INFO - [2026-09-21T23:48:41.803+0000] {base.py:1868} INFO - [raw sql] {}
[2026-09-21T23:48:41.804+0000] {logging_mixin.py:190} INFO - 2026-09-21 23:48:41,804 INFO sqlalchemy.engine.Engine BEGIN (implicit)
[2026-09-21T23:48:41.804+0000] {logging_mixin.py:190} INFO - [2026-09-21T23:48:41.804+0000] {base.py:1032} INFO - BEGIN (implicit)
[2026-09-21T23:48:41.814+0000] {logging_mixin.py:190} INFO - 2026-09-21 23:48:41,814 INFO sqlalchemy.engine.Engine SELECT artista.nombre_artista 
FROM artista ORDER BY artista.id_artista ASC
[2026-09-21T23:48:41.815+0000] {logging_mixin.py:190} INFO - [2026-09-21T23:48:41.814+0000] {base.py:1863} INFO - SELECT artista.nombre_artista 
FROM artista ORDER BY artista.id_artista ASC
[2026-09-21T23:48:41.815+0000] {logging_mixin.py:190} INFO - 2026-09-21 23:48:41,815 INFO sqlalchemy.engine.Engine [generated in 0.00043s] {}
[2026-09-21T23:48:41.815+0000] {logging_mixin.py:190} INFO - [2026-09-21T23:48:41.815+0000] {base.py:1868} INFO - [generated in 0.00043s] {}
[2026-09-21T23:48:41.816+0000] {logging_mixin.py:190} INFO - 2026-09-21 23:48:41,816 INFO sqlalchemy.engine.Engine ROLLBACK
[2026-09-21T23:48:41.816+0000] {logging_mixin.py:190} INFO - [2026-09-21T23:48:41.816+0000] {base.py:1060} INFO - ROLLBACK
[2026-09-21T23:48:41.824+0000] {logging_mixin.py:190} INFO - [2026-09-21T23:48:41.817+0000] {dagbag.py:387} ERROR - Failed to import: /opt/airflow/dags/spotify_etl_pro.py
Traceback (most recent call last):
  File "/home/airflow/.local/lib/python3.10/site-packages/airflow/models/dagbag.py", line 383, in parse
    loader.exec_module(new_module)
  File "<frozen importlib._bootstrap_external>", line 883, in exec_module
  File "<frozen importlib._bootstrap>", line 241, in _call_with_frames_removed
  File "/opt/airflow/dags/spotify_etl_pro.py", line 381, in <module>
    >> xcom_artista_bigquerry
NameError: name 'xcom_artista_bigquerry' is not defined. Did you mean: 'procesar_artista_big_querry'?
[2026-09-21T23:48:41.830+0000] {processor.py:927} WARNING - No viable dags retrieved from /opt/airflow/dags/spotify_etl_pro.py
[2026-09-21T23:48:41.852+0000] {processor.py:208} INFO - Processing /opt/airflow/dags/spotify_etl_pro.py took 0.132 seconds
[2026-09-21T23:49:12.157+0000] {processor.py:186} INFO - Started process (PID=1213) to work on /opt/airflow/dags/spotify_etl_pro.py
[2026-09-21T23:49:12.159+0000] {processor.py:914} INFO - Processing file /opt/airflow/dags/spotify_etl_pro.py for tasks to queue
[2026-09-21T23:49:12.162+0000] {logging_mixin.py:190} INFO - [2026-09-21T23:49:12.162+0000] {dagbag.py:588} INFO - Filling up the DagBag from /opt/airflow/dags/spotify_etl_pro.py
[2026-09-21T23:49:12.219+0000] {logging_mixin.py:190} INFO - 2026-09-21 23:49:12,219 INFO sqlalchemy.engine.Engine select pg_catalog.version()
[2026-09-21T23:49:12.220+0000] {logging_mixin.py:190} INFO - [2026-09-21T23:49:12.219+0000] {base.py:1863} INFO - select pg_catalog.version()
[2026-09-21T23:49:12.220+0000] {logging_mixin.py:190} INFO - 2026-09-21 23:49:12,220 INFO sqlalchemy.engine.Engine [raw sql] {}
[2026-09-21T23:49:12.220+0000] {logging_mixin.py:190} INFO - [2026-09-21T23:49:12.220+0000] {base.py:1868} INFO - [raw sql] {}
[2026-09-21T23:49:12.221+0000] {logging_mixin.py:190} INFO - 2026-09-21 23:49:12,221 INFO sqlalchemy.engine.Engine select current_schema()
[2026-09-21T23:49:12.221+0000] {logging_mixin.py:190} INFO - [2026-09-21T23:49:12.221+0000] {base.py:1863} INFO - select current_schema()
[2026-09-21T23:49:12.221+0000] {logging_mixin.py:190} INFO - 2026-09-21 23:49:12,221 INFO sqlalchemy.engine.Engine [raw sql] {}
[2026-09-21T23:49:12.221+0000] {logging_mixin.py:190} INFO - [2026-09-21T23:49:12.221+0000] {base.py:1868} INFO - [raw sql] {}
[2026-09-21T23:49:12.222+0000] {logging_mixin.py:190} INFO - 2026-09-21 23:49:12,222 INFO sqlalchemy.engine.Engine show standard_conforming_strings
[2026-09-21T23:49:12.222+0000] {logging_mixin.py:190} INFO - [2026-09-21T23:49:12.222+0000] {base.py:1863} INFO - show standard_conforming_strings
[2026-09-21T23:49:12.222+0000] {logging_mixin.py:190} INFO - 2026-09-21 23:49:12,222 INFO sqlalchemy.engine.Engine [raw sql] {}
[2026-09-21T23:49:12.222+0000] {logging_mixin.py:190} INFO - [2026-09-21T23:49:12.222+0000] {base.py:1868} INFO - [raw sql] {}
[2026-09-21T23:49:12.223+0000] {logging_mixin.py:190} INFO - 2026-09-21 23:49:12,223 INFO sqlalchemy.engine.Engine BEGIN (implicit)
[2026-09-21T23:49:12.223+0000] {logging_mixin.py:190} INFO - [2026-09-21T23:49:12.223+0000] {base.py:1032} INFO - BEGIN (implicit)
[2026-09-21T23:49:12.227+0000] {logging_mixin.py:190} INFO - 2026-09-21 23:49:12,227 INFO sqlalchemy.engine.Engine SELECT artista.nombre_artista 
FROM artista ORDER BY artista.id_artista ASC
[2026-09-21T23:49:12.228+0000] {logging_mixin.py:190} INFO - [2026-09-21T23:49:12.227+0000] {base.py:1863} INFO - SELECT artista.nombre_artista 
FROM artista ORDER BY artista.id_artista ASC
[2026-09-21T23:49:12.228+0000] {logging_mixin.py:190} INFO - 2026-09-21 23:49:12,228 INFO sqlalchemy.engine.Engine [generated in 0.00046s] {}
[2026-09-21T23:49:12.228+0000] {logging_mixin.py:190} INFO - [2026-09-21T23:49:12.228+0000] {base.py:1868} INFO - [generated in 0.00046s] {}
[2026-09-21T23:49:12.229+0000] {logging_mixin.py:190} INFO - 2026-09-21 23:49:12,229 INFO sqlalchemy.engine.Engine ROLLBACK
[2026-09-21T23:49:12.229+0000] {logging_mixin.py:190} INFO - [2026-09-21T23:49:12.229+0000] {base.py:1060} INFO - ROLLBACK
[2026-09-21T23:49:12.237+0000] {logging_mixin.py:190} INFO - [2026-09-21T23:49:12.230+0000] {dagbag.py:387} ERROR - Failed to import: /opt/airflow/dags/spotify_etl_pro.py
Traceback (most recent call last):
  File "/home/airflow/.local/lib/python3.10/site-packages/airflow/models/dagbag.py", line 383, in parse
    loader.exec_module(new_module)
  File "<frozen importlib._bootstrap_external>", line 883, in exec_module
  File "<frozen importlib._bootstrap>", line 241, in _call_with_frames_removed
  File "/opt/airflow/dags/spotify_etl_pro.py", line 381, in <module>
    >> xcom_artista_bigquerry
NameError: name 'xcom_artista_bigquerry' is not defined. Did you mean: 'procesar_artista_big_querry'?
[2026-09-21T23:49:12.244+0000] {processor.py:927} WARNING - No viable dags retrieved from /opt/airflow/dags/spotify_etl_pro.py
[2026-09-21T23:49:12.258+0000] {processor.py:208} INFO - Processing /opt/airflow/dags/spotify_etl_pro.py took 0.114 seconds
[2026-09-21T23:49:42.644+0000] {processor.py:186} INFO - Started process (PID=1218) to work on /opt/airflow/dags/spotify_etl_pro.py
[2026-09-21T23:49:42.645+0000] {processor.py:914} INFO - Processing file /opt/airflow/dags/spotify_etl_pro.py for tasks to queue
[2026-09-21T23:49:42.647+0000] {logging_mixin.py:190} INFO - [2026-09-21T23:49:42.647+0000] {dagbag.py:588} INFO - Filling up the DagBag from /opt/airflow/dags/spotify_etl_pro.py
[2026-09-21T23:49:42.721+0000] {logging_mixin.py:190} INFO - 2026-09-21 23:49:42,721 INFO sqlalchemy.engine.Engine select pg_catalog.version()
[2026-09-21T23:49:42.722+0000] {logging_mixin.py:190} INFO - [2026-09-21T23:49:42.721+0000] {base.py:1863} INFO - select pg_catalog.version()
[2026-09-21T23:49:42.722+0000] {logging_mixin.py:190} INFO - 2026-09-21 23:49:42,722 INFO sqlalchemy.engine.Engine [raw sql] {}
[2026-09-21T23:49:42.722+0000] {logging_mixin.py:190} INFO - [2026-09-21T23:49:42.722+0000] {base.py:1868} INFO - [raw sql] {}
[2026-09-21T23:49:42.723+0000] {logging_mixin.py:190} INFO - 2026-09-21 23:49:42,723 INFO sqlalchemy.engine.Engine select current_schema()
[2026-09-21T23:49:42.723+0000] {logging_mixin.py:190} INFO - [2026-09-21T23:49:42.723+0000] {base.py:1863} INFO - select current_schema()
[2026-09-21T23:49:42.723+0000] {logging_mixin.py:190} INFO - 2026-09-21 23:49:42,723 INFO sqlalchemy.engine.Engine [raw sql] {}
[2026-09-21T23:49:42.723+0000] {logging_mixin.py:190} INFO - [2026-09-21T23:49:42.723+0000] {base.py:1868} INFO - [raw sql] {}
[2026-09-21T23:49:42.724+0000] {logging_mixin.py:190} INFO - 2026-09-21 23:49:42,724 INFO sqlalchemy.engine.Engine show standard_conforming_strings
[2026-09-21T23:49:42.724+0000] {logging_mixin.py:190} INFO - [2026-09-21T23:49:42.724+0000] {base.py:1863} INFO - show standard_conforming_strings
[2026-09-21T23:49:42.724+0000] {logging_mixin.py:190} INFO - 2026-09-21 23:49:42,724 INFO sqlalchemy.engine.Engine [raw sql] {}
[2026-09-21T23:49:42.724+0000] {logging_mixin.py:190} INFO - [2026-09-21T23:49:42.724+0000] {base.py:1868} INFO - [raw sql] {}
[2026-09-21T23:49:42.725+0000] {logging_mixin.py:190} INFO - 2026-09-21 23:49:42,725 INFO sqlalchemy.engine.Engine BEGIN (implicit)
[2026-09-21T23:49:42.725+0000] {logging_mixin.py:190} INFO - [2026-09-21T23:49:42.725+0000] {base.py:1032} INFO - BEGIN (implicit)
[2026-09-21T23:49:42.730+0000] {logging_mixin.py:190} INFO - 2026-09-21 23:49:42,730 INFO sqlalchemy.engine.Engine SELECT artista.nombre_artista 
FROM artista ORDER BY artista.id_artista ASC
[2026-09-21T23:49:42.731+0000] {logging_mixin.py:190} INFO - [2026-09-21T23:49:42.730+0000] {base.py:1863} INFO - SELECT artista.nombre_artista 
FROM artista ORDER BY artista.id_artista ASC
[2026-09-21T23:49:42.731+0000] {logging_mixin.py:190} INFO - 2026-09-21 23:49:42,731 INFO sqlalchemy.engine.Engine [generated in 0.00073s] {}
[2026-09-21T23:49:42.731+0000] {logging_mixin.py:190} INFO - [2026-09-21T23:49:42.731+0000] {base.py:1868} INFO - [generated in 0.00073s] {}
[2026-09-21T23:49:42.733+0000] {logging_mixin.py:190} INFO - 2026-09-21 23:49:42,733 INFO sqlalchemy.engine.Engine ROLLBACK
[2026-09-21T23:49:42.733+0000] {logging_mixin.py:190} INFO - [2026-09-21T23:49:42.733+0000] {base.py:1060} INFO - ROLLBACK
[2026-09-21T23:49:42.742+0000] {logging_mixin.py:190} INFO - [2026-09-21T23:49:42.734+0000] {dagbag.py:387} ERROR - Failed to import: /opt/airflow/dags/spotify_etl_pro.py
Traceback (most recent call last):
  File "/home/airflow/.local/lib/python3.10/site-packages/airflow/models/dagbag.py", line 383, in parse
    loader.exec_module(new_module)
  File "<frozen importlib._bootstrap_external>", line 883, in exec_module
  File "<frozen importlib._bootstrap>", line 241, in _call_with_frames_removed
  File "/opt/airflow/dags/spotify_etl_pro.py", line 381, in <module>
    >> xcom_artista_bigquerry
NameError: name 'xcom_artista_bigquerry' is not defined. Did you mean: 'procesar_artista_big_querry'?
[2026-09-21T23:49:42.748+0000] {processor.py:927} WARNING - No viable dags retrieved from /opt/airflow/dags/spotify_etl_pro.py
[2026-09-21T23:49:42.760+0000] {processor.py:208} INFO - Processing /opt/airflow/dags/spotify_etl_pro.py took 0.132 seconds
[2026-09-21T23:50:13.127+0000] {processor.py:186} INFO - Started process (PID=1223) to work on /opt/airflow/dags/spotify_etl_pro.py
[2026-09-21T23:50:13.129+0000] {processor.py:914} INFO - Processing file /opt/airflow/dags/spotify_etl_pro.py for tasks to queue
[2026-09-21T23:50:13.131+0000] {logging_mixin.py:190} INFO - [2026-09-21T23:50:13.130+0000] {dagbag.py:588} INFO - Filling up the DagBag from /opt/airflow/dags/spotify_etl_pro.py
[2026-09-21T23:50:13.193+0000] {logging_mixin.py:190} INFO - 2026-09-21 23:50:13,193 INFO sqlalchemy.engine.Engine select pg_catalog.version()
[2026-09-21T23:50:13.193+0000] {logging_mixin.py:190} INFO - [2026-09-21T23:50:13.193+0000] {base.py:1863} INFO - select pg_catalog.version()
[2026-09-21T23:50:13.193+0000] {logging_mixin.py:190} INFO - 2026-09-21 23:50:13,193 INFO sqlalchemy.engine.Engine [raw sql] {}
[2026-09-21T23:50:13.194+0000] {logging_mixin.py:190} INFO - [2026-09-21T23:50:13.193+0000] {base.py:1868} INFO - [raw sql] {}
[2026-09-21T23:50:13.194+0000] {logging_mixin.py:190} INFO - 2026-09-21 23:50:13,194 INFO sqlalchemy.engine.Engine select current_schema()
[2026-09-21T23:50:13.194+0000] {logging_mixin.py:190} INFO - [2026-09-21T23:50:13.194+0000] {base.py:1863} INFO - select current_schema()
[2026-09-21T23:50:13.194+0000] {logging_mixin.py:190} INFO - 2026-09-21 23:50:13,194 INFO sqlalchemy.engine.Engine [raw sql] {}
[2026-09-21T23:50:13.195+0000] {logging_mixin.py:190} INFO - [2026-09-21T23:50:13.194+0000] {base.py:1868} INFO - [raw sql] {}
[2026-09-21T23:50:13.195+0000] {logging_mixin.py:190} INFO - 2026-09-21 23:50:13,195 INFO sqlalchemy.engine.Engine show standard_conforming_strings
[2026-09-21T23:50:13.195+0000] {logging_mixin.py:190} INFO - [2026-09-21T23:50:13.195+0000] {base.py:1863} INFO - show standard_conforming_strings
[2026-09-21T23:50:13.196+0000] {logging_mixin.py:190} INFO - 2026-09-21 23:50:13,196 INFO sqlalchemy.engine.Engine [raw sql] {}
[2026-09-21T23:50:13.196+0000] {logging_mixin.py:190} INFO - [2026-09-21T23:50:13.196+0000] {base.py:1868} INFO - [raw sql] {}
[2026-09-21T23:50:13.197+0000] {logging_mixin.py:190} INFO - 2026-09-21 23:50:13,196 INFO sqlalchemy.engine.Engine BEGIN (implicit)
[2026-09-21T23:50:13.197+0000] {logging_mixin.py:190} INFO - [2026-09-21T23:50:13.196+0000] {base.py:1032} INFO - BEGIN (implicit)
[2026-09-21T23:50:13.202+0000] {logging_mixin.py:190} INFO - 2026-09-21 23:50:13,202 INFO sqlalchemy.engine.Engine SELECT artista.nombre_artista 
FROM artista ORDER BY artista.id_artista ASC
[2026-09-21T23:50:13.202+0000] {logging_mixin.py:190} INFO - [2026-09-21T23:50:13.202+0000] {base.py:1863} INFO - SELECT artista.nombre_artista 
FROM artista ORDER BY artista.id_artista ASC
[2026-09-21T23:50:13.202+0000] {logging_mixin.py:190} INFO - 2026-09-21 23:50:13,202 INFO sqlalchemy.engine.Engine [generated in 0.00049s] {}
[2026-09-21T23:50:13.203+0000] {logging_mixin.py:190} INFO - [2026-09-21T23:50:13.202+0000] {base.py:1868} INFO - [generated in 0.00049s] {}
[2026-09-21T23:50:13.204+0000] {logging_mixin.py:190} INFO - 2026-09-21 23:50:13,204 INFO sqlalchemy.engine.Engine ROLLBACK
[2026-09-21T23:50:13.204+0000] {logging_mixin.py:190} INFO - [2026-09-21T23:50:13.204+0000] {base.py:1060} INFO - ROLLBACK
[2026-09-21T23:50:13.212+0000] {logging_mixin.py:190} INFO - [2026-09-21T23:50:13.205+0000] {dagbag.py:387} ERROR - Failed to import: /opt/airflow/dags/spotify_etl_pro.py
Traceback (most recent call last):
  File "/home/airflow/.local/lib/python3.10/site-packages/airflow/models/dagbag.py", line 383, in parse
    loader.exec_module(new_module)
  File "<frozen importlib._bootstrap_external>", line 883, in exec_module
  File "<frozen importlib._bootstrap>", line 241, in _call_with_frames_removed
  File "/opt/airflow/dags/spotify_etl_pro.py", line 381, in <module>
    >> xcom_artista_bigquerry
NameError: name 'xcom_artista_bigquerry' is not defined. Did you mean: 'procesar_artista_big_querry'?
[2026-09-21T23:50:13.219+0000] {processor.py:927} WARNING - No viable dags retrieved from /opt/airflow/dags/spotify_etl_pro.py
[2026-09-21T23:50:13.232+0000] {processor.py:208} INFO - Processing /opt/airflow/dags/spotify_etl_pro.py took 0.121 seconds
[2026-09-21T23:50:43.554+0000] {processor.py:186} INFO - Started process (PID=1228) to work on /opt/airflow/dags/spotify_etl_pro.py
[2026-09-21T23:50:43.555+0000] {processor.py:914} INFO - Processing file /opt/airflow/dags/spotify_etl_pro.py for tasks to queue
[2026-09-21T23:50:43.556+0000] {logging_mixin.py:190} INFO - [2026-09-21T23:50:43.556+0000] {dagbag.py:588} INFO - Filling up the DagBag from /opt/airflow/dags/spotify_etl_pro.py
[2026-09-21T23:50:43.610+0000] {logging_mixin.py:190} INFO - 2026-09-21 23:50:43,610 INFO sqlalchemy.engine.Engine select pg_catalog.version()
[2026-09-21T23:50:43.610+0000] {logging_mixin.py:190} INFO - [2026-09-21T23:50:43.610+0000] {base.py:1863} INFO - select pg_catalog.version()
[2026-09-21T23:50:43.611+0000] {logging_mixin.py:190} INFO - 2026-09-21 23:50:43,610 INFO sqlalchemy.engine.Engine [raw sql] {}
[2026-09-21T23:50:43.611+0000] {logging_mixin.py:190} INFO - [2026-09-21T23:50:43.610+0000] {base.py:1868} INFO - [raw sql] {}
[2026-09-21T23:50:43.611+0000] {logging_mixin.py:190} INFO - 2026-09-21 23:50:43,611 INFO sqlalchemy.engine.Engine select current_schema()
[2026-09-21T23:50:43.611+0000] {logging_mixin.py:190} INFO - [2026-09-21T23:50:43.611+0000] {base.py:1863} INFO - select current_schema()
[2026-09-21T23:50:43.612+0000] {logging_mixin.py:190} INFO - 2026-09-21 23:50:43,611 INFO sqlalchemy.engine.Engine [raw sql] {}
[2026-09-21T23:50:43.612+0000] {logging_mixin.py:190} INFO - [2026-09-21T23:50:43.611+0000] {base.py:1868} INFO - [raw sql] {}
[2026-09-21T23:50:43.612+0000] {logging_mixin.py:190} INFO - 2026-09-21 23:50:43,612 INFO sqlalchemy.engine.Engine show standard_conforming_strings
[2026-09-21T23:50:43.612+0000] {logging_mixin.py:190} INFO - [2026-09-21T23:50:43.612+0000] {base.py:1863} INFO - show standard_conforming_strings
[2026-09-21T23:50:43.612+0000] {logging_mixin.py:190} INFO - 2026-09-21 23:50:43,612 INFO sqlalchemy.engine.Engine [raw sql] {}
[2026-09-21T23:50:43.612+0000] {logging_mixin.py:190} INFO - [2026-09-21T23:50:43.612+0000] {base.py:1868} INFO - [raw sql] {}
[2026-09-21T23:50:43.613+0000] {logging_mixin.py:190} INFO - 2026-09-21 23:50:43,613 INFO sqlalchemy.engine.Engine BEGIN (implicit)
[2026-09-21T23:50:43.613+0000] {logging_mixin.py:190} INFO - [2026-09-21T23:50:43.613+0000] {base.py:1032} INFO - BEGIN (implicit)
[2026-09-21T23:50:43.619+0000] {logging_mixin.py:190} INFO - 2026-09-21 23:50:43,619 INFO sqlalchemy.engine.Engine SELECT artista.nombre_artista 
FROM artista ORDER BY artista.id_artista ASC
[2026-09-21T23:50:43.619+0000] {logging_mixin.py:190} INFO - [2026-09-21T23:50:43.619+0000] {base.py:1863} INFO - SELECT artista.nombre_artista 
FROM artista ORDER BY artista.id_artista ASC
[2026-09-21T23:50:43.619+0000] {logging_mixin.py:190} INFO - 2026-09-21 23:50:43,619 INFO sqlalchemy.engine.Engine [generated in 0.00065s] {}
[2026-09-21T23:50:43.619+0000] {logging_mixin.py:190} INFO - [2026-09-21T23:50:43.619+0000] {base.py:1868} INFO - [generated in 0.00065s] {}
[2026-09-21T23:50:43.621+0000] {logging_mixin.py:190} INFO - 2026-09-21 23:50:43,621 INFO sqlalchemy.engine.Engine ROLLBACK
[2026-09-21T23:50:43.622+0000] {logging_mixin.py:190} INFO - [2026-09-21T23:50:43.621+0000] {base.py:1060} INFO - ROLLBACK
[2026-09-21T23:50:43.632+0000] {logging_mixin.py:190} INFO - [2026-09-21T23:50:43.623+0000] {dagbag.py:387} ERROR - Failed to import: /opt/airflow/dags/spotify_etl_pro.py
Traceback (most recent call last):
  File "/home/airflow/.local/lib/python3.10/site-packages/airflow/models/dagbag.py", line 383, in parse
    loader.exec_module(new_module)
  File "<frozen importlib._bootstrap_external>", line 883, in exec_module
  File "<frozen importlib._bootstrap>", line 241, in _call_with_frames_removed
  File "/opt/airflow/dags/spotify_etl_pro.py", line 381, in <module>
    >> xcom_artista_bigquerry
NameError: name 'xcom_artista_bigquerry' is not defined. Did you mean: 'procesar_artista_big_querry'?
[2026-09-21T23:50:43.638+0000] {processor.py:927} WARNING - No viable dags retrieved from /opt/airflow/dags/spotify_etl_pro.py
[2026-09-21T23:50:43.651+0000] {processor.py:208} INFO - Processing /opt/airflow/dags/spotify_etl_pro.py took 0.109 seconds
[2026-09-21T23:51:13.994+0000] {processor.py:186} INFO - Started process (PID=1233) to work on /opt/airflow/dags/spotify_etl_pro.py
[2026-09-21T23:51:13.995+0000] {processor.py:914} INFO - Processing file /opt/airflow/dags/spotify_etl_pro.py for tasks to queue
[2026-09-21T23:51:13.996+0000] {logging_mixin.py:190} INFO - [2026-09-21T23:51:13.996+0000] {dagbag.py:588} INFO - Filling up the DagBag from /opt/airflow/dags/spotify_etl_pro.py
[2026-09-21T23:51:14.045+0000] {logging_mixin.py:190} INFO - 2026-09-21 23:51:14,045 INFO sqlalchemy.engine.Engine select pg_catalog.version()
[2026-09-21T23:51:14.045+0000] {logging_mixin.py:190} INFO - [2026-09-21T23:51:14.045+0000] {base.py:1863} INFO - select pg_catalog.version()
[2026-09-21T23:51:14.045+0000] {logging_mixin.py:190} INFO - 2026-09-21 23:51:14,045 INFO sqlalchemy.engine.Engine [raw sql] {}
[2026-09-21T23:51:14.046+0000] {logging_mixin.py:190} INFO - [2026-09-21T23:51:14.045+0000] {base.py:1868} INFO - [raw sql] {}
[2026-09-21T23:51:14.046+0000] {logging_mixin.py:190} INFO - 2026-09-21 23:51:14,046 INFO sqlalchemy.engine.Engine select current_schema()
[2026-09-21T23:51:14.046+0000] {logging_mixin.py:190} INFO - [2026-09-21T23:51:14.046+0000] {base.py:1863} INFO - select current_schema()
[2026-09-21T23:51:14.046+0000] {logging_mixin.py:190} INFO - 2026-09-21 23:51:14,046 INFO sqlalchemy.engine.Engine [raw sql] {}
[2026-09-21T23:51:14.046+0000] {logging_mixin.py:190} INFO - [2026-09-21T23:51:14.046+0000] {base.py:1868} INFO - [raw sql] {}
[2026-09-21T23:51:14.047+0000] {logging_mixin.py:190} INFO - 2026-09-21 23:51:14,047 INFO sqlalchemy.engine.Engine show standard_conforming_strings
[2026-09-21T23:51:14.047+0000] {logging_mixin.py:190} INFO - [2026-09-21T23:51:14.047+0000] {base.py:1863} INFO - show standard_conforming_strings
[2026-09-21T23:51:14.047+0000] {logging_mixin.py:190} INFO - 2026-09-21 23:51:14,047 INFO sqlalchemy.engine.Engine [raw sql] {}
[2026-09-21T23:51:14.047+0000] {logging_mixin.py:190} INFO - [2026-09-21T23:51:14.047+0000] {base.py:1868} INFO - [raw sql] {}
[2026-09-21T23:51:14.048+0000] {logging_mixin.py:190} INFO - 2026-09-21 23:51:14,048 INFO sqlalchemy.engine.Engine BEGIN (implicit)
[2026-09-21T23:51:14.048+0000] {logging_mixin.py:190} INFO - [2026-09-21T23:51:14.048+0000] {base.py:1032} INFO - BEGIN (implicit)
[2026-09-21T23:51:14.051+0000] {logging_mixin.py:190} INFO - 2026-09-21 23:51:14,051 INFO sqlalchemy.engine.Engine SELECT artista.nombre_artista 
FROM artista ORDER BY artista.id_artista ASC
[2026-09-21T23:51:14.051+0000] {logging_mixin.py:190} INFO - [2026-09-21T23:51:14.051+0000] {base.py:1863} INFO - SELECT artista.nombre_artista 
FROM artista ORDER BY artista.id_artista ASC
[2026-09-21T23:51:14.051+0000] {logging_mixin.py:190} INFO - 2026-09-21 23:51:14,051 INFO sqlalchemy.engine.Engine [generated in 0.00035s] {}
[2026-09-21T23:51:14.051+0000] {logging_mixin.py:190} INFO - [2026-09-21T23:51:14.051+0000] {base.py:1868} INFO - [generated in 0.00035s] {}
[2026-09-21T23:51:14.052+0000] {logging_mixin.py:190} INFO - 2026-09-21 23:51:14,052 INFO sqlalchemy.engine.Engine ROLLBACK
[2026-09-21T23:51:14.052+0000] {logging_mixin.py:190} INFO - [2026-09-21T23:51:14.052+0000] {base.py:1060} INFO - ROLLBACK
[2026-09-21T23:51:14.059+0000] {logging_mixin.py:190} INFO - [2026-09-21T23:51:14.053+0000] {dagbag.py:387} ERROR - Failed to import: /opt/airflow/dags/spotify_etl_pro.py
Traceback (most recent call last):
  File "/home/airflow/.local/lib/python3.10/site-packages/airflow/models/dagbag.py", line 383, in parse
    loader.exec_module(new_module)
  File "<frozen importlib._bootstrap_external>", line 883, in exec_module
  File "<frozen importlib._bootstrap>", line 241, in _call_with_frames_removed
  File "/opt/airflow/dags/spotify_etl_pro.py", line 381, in <module>
    >> xcom_artista_bigquerry
NameError: name 'xcom_artista_bigquerry' is not defined. Did you mean: 'procesar_artista_big_querry'?
[2026-09-21T23:51:14.065+0000] {processor.py:927} WARNING - No viable dags retrieved from /opt/airflow/dags/spotify_etl_pro.py
[2026-09-21T23:51:14.075+0000] {processor.py:208} INFO - Processing /opt/airflow/dags/spotify_etl_pro.py took 0.093 seconds
[2026-09-21T23:51:44.423+0000] {processor.py:186} INFO - Started process (PID=1238) to work on /opt/airflow/dags/spotify_etl_pro.py
[2026-09-21T23:51:44.424+0000] {processor.py:914} INFO - Processing file /opt/airflow/dags/spotify_etl_pro.py for tasks to queue
[2026-09-21T23:51:44.426+0000] {logging_mixin.py:190} INFO - [2026-09-21T23:51:44.425+0000] {dagbag.py:588} INFO - Filling up the DagBag from /opt/airflow/dags/spotify_etl_pro.py
[2026-09-21T23:51:44.476+0000] {logging_mixin.py:190} INFO - 2026-09-21 23:51:44,476 INFO sqlalchemy.engine.Engine select pg_catalog.version()
[2026-09-21T23:51:44.476+0000] {logging_mixin.py:190} INFO - [2026-09-21T23:51:44.476+0000] {base.py:1863} INFO - select pg_catalog.version()
[2026-09-21T23:51:44.476+0000] {logging_mixin.py:190} INFO - 2026-09-21 23:51:44,476 INFO sqlalchemy.engine.Engine [raw sql] {}
[2026-09-21T23:51:44.476+0000] {logging_mixin.py:190} INFO - [2026-09-21T23:51:44.476+0000] {base.py:1868} INFO - [raw sql] {}
[2026-09-21T23:51:44.477+0000] {logging_mixin.py:190} INFO - 2026-09-21 23:51:44,477 INFO sqlalchemy.engine.Engine select current_schema()
[2026-09-21T23:51:44.477+0000] {logging_mixin.py:190} INFO - [2026-09-21T23:51:44.477+0000] {base.py:1863} INFO - select current_schema()
[2026-09-21T23:51:44.477+0000] {logging_mixin.py:190} INFO - 2026-09-21 23:51:44,477 INFO sqlalchemy.engine.Engine [raw sql] {}
[2026-09-21T23:51:44.477+0000] {logging_mixin.py:190} INFO - [2026-09-21T23:51:44.477+0000] {base.py:1868} INFO - [raw sql] {}
[2026-09-21T23:51:44.478+0000] {logging_mixin.py:190} INFO - 2026-09-21 23:51:44,478 INFO sqlalchemy.engine.Engine show standard_conforming_strings
[2026-09-21T23:51:44.478+0000] {logging_mixin.py:190} INFO - [2026-09-21T23:51:44.478+0000] {base.py:1863} INFO - show standard_conforming_strings
[2026-09-21T23:51:44.478+0000] {logging_mixin.py:190} INFO - 2026-09-21 23:51:44,478 INFO sqlalchemy.engine.Engine [raw sql] {}
[2026-09-21T23:51:44.478+0000] {logging_mixin.py:190} INFO - [2026-09-21T23:51:44.478+0000] {base.py:1868} INFO - [raw sql] {}
[2026-09-21T23:51:44.478+0000] {logging_mixin.py:190} INFO - 2026-09-21 23:51:44,478 INFO sqlalchemy.engine.Engine BEGIN (implicit)
[2026-09-21T23:51:44.478+0000] {logging_mixin.py:190} INFO - [2026-09-21T23:51:44.478+0000] {base.py:1032} INFO - BEGIN (implicit)
[2026-09-21T23:51:44.481+0000] {logging_mixin.py:190} INFO - 2026-09-21 23:51:44,481 INFO sqlalchemy.engine.Engine SELECT artista.nombre_artista 
FROM artista ORDER BY artista.id_artista ASC
[2026-09-21T23:51:44.481+0000] {logging_mixin.py:190} INFO - [2026-09-21T23:51:44.481+0000] {base.py:1863} INFO - SELECT artista.nombre_artista 
FROM artista ORDER BY artista.id_artista ASC
[2026-09-21T23:51:44.481+0000] {logging_mixin.py:190} INFO - 2026-09-21 23:51:44,481 INFO sqlalchemy.engine.Engine [generated in 0.00033s] {}
[2026-09-21T23:51:44.482+0000] {logging_mixin.py:190} INFO - [2026-09-21T23:51:44.481+0000] {base.py:1868} INFO - [generated in 0.00033s] {}
[2026-09-21T23:51:44.482+0000] {logging_mixin.py:190} INFO - 2026-09-21 23:51:44,482 INFO sqlalchemy.engine.Engine ROLLBACK
[2026-09-21T23:51:44.483+0000] {logging_mixin.py:190} INFO - [2026-09-21T23:51:44.482+0000] {base.py:1060} INFO - ROLLBACK
[2026-09-21T23:51:44.490+0000] {logging_mixin.py:190} INFO - [2026-09-21T23:51:44.483+0000] {dagbag.py:387} ERROR - Failed to import: /opt/airflow/dags/spotify_etl_pro.py
Traceback (most recent call last):
  File "/home/airflow/.local/lib/python3.10/site-packages/airflow/models/dagbag.py", line 383, in parse
    loader.exec_module(new_module)
  File "<frozen importlib._bootstrap_external>", line 883, in exec_module
  File "<frozen importlib._bootstrap>", line 241, in _call_with_frames_removed
  File "/opt/airflow/dags/spotify_etl_pro.py", line 381, in <module>
    >> xcom_artista_bigquerry
NameError: name 'xcom_artista_bigquerry' is not defined. Did you mean: 'procesar_artista_big_querry'?
[2026-09-21T23:51:44.496+0000] {processor.py:927} WARNING - No viable dags retrieved from /opt/airflow/dags/spotify_etl_pro.py
[2026-09-21T23:51:44.507+0000] {processor.py:208} INFO - Processing /opt/airflow/dags/spotify_etl_pro.py took 0.093 seconds
[2026-09-21T23:52:14.893+0000] {processor.py:186} INFO - Started process (PID=1243) to work on /opt/airflow/dags/spotify_etl_pro.py
[2026-09-21T23:52:14.894+0000] {processor.py:914} INFO - Processing file /opt/airflow/dags/spotify_etl_pro.py for tasks to queue
[2026-09-21T23:52:14.896+0000] {logging_mixin.py:190} INFO - [2026-09-21T23:52:14.896+0000] {dagbag.py:588} INFO - Filling up the DagBag from /opt/airflow/dags/spotify_etl_pro.py
[2026-09-21T23:52:14.949+0000] {logging_mixin.py:190} INFO - 2026-09-21 23:52:14,949 INFO sqlalchemy.engine.Engine select pg_catalog.version()
[2026-09-21T23:52:14.949+0000] {logging_mixin.py:190} INFO - [2026-09-21T23:52:14.949+0000] {base.py:1863} INFO - select pg_catalog.version()
[2026-09-21T23:52:14.949+0000] {logging_mixin.py:190} INFO - 2026-09-21 23:52:14,949 INFO sqlalchemy.engine.Engine [raw sql] {}
[2026-09-21T23:52:14.949+0000] {logging_mixin.py:190} INFO - [2026-09-21T23:52:14.949+0000] {base.py:1868} INFO - [raw sql] {}
[2026-09-21T23:52:14.950+0000] {logging_mixin.py:190} INFO - 2026-09-21 23:52:14,950 INFO sqlalchemy.engine.Engine select current_schema()
[2026-09-21T23:52:14.950+0000] {logging_mixin.py:190} INFO - [2026-09-21T23:52:14.950+0000] {base.py:1863} INFO - select current_schema()
[2026-09-21T23:52:14.950+0000] {logging_mixin.py:190} INFO - 2026-09-21 23:52:14,950 INFO sqlalchemy.engine.Engine [raw sql] {}
[2026-09-21T23:52:14.950+0000] {logging_mixin.py:190} INFO - [2026-09-21T23:52:14.950+0000] {base.py:1868} INFO - [raw sql] {}
[2026-09-21T23:52:14.951+0000] {logging_mixin.py:190} INFO - 2026-09-21 23:52:14,951 INFO sqlalchemy.engine.Engine show standard_conforming_strings
[2026-09-21T23:52:14.951+0000] {logging_mixin.py:190} INFO - [2026-09-21T23:52:14.951+0000] {base.py:1863} INFO - show standard_conforming_strings
[2026-09-21T23:52:14.951+0000] {logging_mixin.py:190} INFO - 2026-09-21 23:52:14,951 INFO sqlalchemy.engine.Engine [raw sql] {}
[2026-09-21T23:52:14.951+0000] {logging_mixin.py:190} INFO - [2026-09-21T23:52:14.951+0000] {base.py:1868} INFO - [raw sql] {}
[2026-09-21T23:52:14.952+0000] {logging_mixin.py:190} INFO - 2026-09-21 23:52:14,952 INFO sqlalchemy.engine.Engine BEGIN (implicit)
[2026-09-21T23:52:14.952+0000] {logging_mixin.py:190} INFO - [2026-09-21T23:52:14.952+0000] {base.py:1032} INFO - BEGIN (implicit)
[2026-09-21T23:52:14.955+0000] {logging_mixin.py:190} INFO - 2026-09-21 23:52:14,955 INFO sqlalchemy.engine.Engine SELECT artista.nombre_artista 
FROM artista ORDER BY artista.id_artista ASC
[2026-09-21T23:52:14.955+0000] {logging_mixin.py:190} INFO - [2026-09-21T23:52:14.955+0000] {base.py:1863} INFO - SELECT artista.nombre_artista 
FROM artista ORDER BY artista.id_artista ASC
[2026-09-21T23:52:14.955+0000] {logging_mixin.py:190} INFO - 2026-09-21 23:52:14,955 INFO sqlalchemy.engine.Engine [generated in 0.00030s] {}
[2026-09-21T23:52:14.955+0000] {logging_mixin.py:190} INFO - [2026-09-21T23:52:14.955+0000] {base.py:1868} INFO - [generated in 0.00030s] {}
[2026-09-21T23:52:14.956+0000] {logging_mixin.py:190} INFO - 2026-09-21 23:52:14,956 INFO sqlalchemy.engine.Engine ROLLBACK
[2026-09-21T23:52:14.956+0000] {logging_mixin.py:190} INFO - [2026-09-21T23:52:14.956+0000] {base.py:1060} INFO - ROLLBACK
[2026-09-21T23:52:14.964+0000] {logging_mixin.py:190} INFO - [2026-09-21T23:52:14.957+0000] {dagbag.py:387} ERROR - Failed to import: /opt/airflow/dags/spotify_etl_pro.py
Traceback (most recent call last):
  File "/home/airflow/.local/lib/python3.10/site-packages/airflow/models/dagbag.py", line 383, in parse
    loader.exec_module(new_module)
  File "<frozen importlib._bootstrap_external>", line 883, in exec_module
  File "<frozen importlib._bootstrap>", line 241, in _call_with_frames_removed
  File "/opt/airflow/dags/spotify_etl_pro.py", line 381, in <module>
    >> xcom_artista_bigquerry
NameError: name 'xcom_artista_bigquerry' is not defined. Did you mean: 'procesar_artista_big_querry'?
[2026-09-21T23:52:14.970+0000] {processor.py:927} WARNING - No viable dags retrieved from /opt/airflow/dags/spotify_etl_pro.py
[2026-09-21T23:52:14.980+0000] {processor.py:208} INFO - Processing /opt/airflow/dags/spotify_etl_pro.py took 0.101 seconds
[2026-09-21T23:52:45.380+0000] {processor.py:186} INFO - Started process (PID=1248) to work on /opt/airflow/dags/spotify_etl_pro.py
[2026-09-21T23:52:45.381+0000] {processor.py:914} INFO - Processing file /opt/airflow/dags/spotify_etl_pro.py for tasks to queue
[2026-09-21T23:52:45.383+0000] {logging_mixin.py:190} INFO - [2026-09-21T23:52:45.382+0000] {dagbag.py:588} INFO - Filling up the DagBag from /opt/airflow/dags/spotify_etl_pro.py
[2026-09-21T23:52:45.434+0000] {logging_mixin.py:190} INFO - 2026-09-21 23:52:45,434 INFO sqlalchemy.engine.Engine select pg_catalog.version()
[2026-09-21T23:52:45.434+0000] {logging_mixin.py:190} INFO - [2026-09-21T23:52:45.434+0000] {base.py:1863} INFO - select pg_catalog.version()
[2026-09-21T23:52:45.435+0000] {logging_mixin.py:190} INFO - 2026-09-21 23:52:45,435 INFO sqlalchemy.engine.Engine [raw sql] {}
[2026-09-21T23:52:45.435+0000] {logging_mixin.py:190} INFO - [2026-09-21T23:52:45.435+0000] {base.py:1868} INFO - [raw sql] {}
[2026-09-21T23:52:45.435+0000] {logging_mixin.py:190} INFO - 2026-09-21 23:52:45,435 INFO sqlalchemy.engine.Engine select current_schema()
[2026-09-21T23:52:45.436+0000] {logging_mixin.py:190} INFO - [2026-09-21T23:52:45.435+0000] {base.py:1863} INFO - select current_schema()
[2026-09-21T23:52:45.436+0000] {logging_mixin.py:190} INFO - 2026-09-21 23:52:45,436 INFO sqlalchemy.engine.Engine [raw sql] {}
[2026-09-21T23:52:45.436+0000] {logging_mixin.py:190} INFO - [2026-09-21T23:52:45.436+0000] {base.py:1868} INFO - [raw sql] {}
[2026-09-21T23:52:45.436+0000] {logging_mixin.py:190} INFO - 2026-09-21 23:52:45,436 INFO sqlalchemy.engine.Engine show standard_conforming_strings
[2026-09-21T23:52:45.436+0000] {logging_mixin.py:190} INFO - [2026-09-21T23:52:45.436+0000] {base.py:1863} INFO - show standard_conforming_strings
[2026-09-21T23:52:45.436+0000] {logging_mixin.py:190} INFO - 2026-09-21 23:52:45,436 INFO sqlalchemy.engine.Engine [raw sql] {}
[2026-09-21T23:52:45.436+0000] {logging_mixin.py:190} INFO - [2026-09-21T23:52:45.436+0000] {base.py:1868} INFO - [raw sql] {}
[2026-09-21T23:52:45.437+0000] {logging_mixin.py:190} INFO - 2026-09-21 23:52:45,437 INFO sqlalchemy.engine.Engine BEGIN (implicit)
[2026-09-21T23:52:45.437+0000] {logging_mixin.py:190} INFO - [2026-09-21T23:52:45.437+0000] {base.py:1032} INFO - BEGIN (implicit)
[2026-09-21T23:52:45.441+0000] {logging_mixin.py:190} INFO - 2026-09-21 23:52:45,441 INFO sqlalchemy.engine.Engine SELECT artista.nombre_artista 
FROM artista ORDER BY artista.id_artista ASC
[2026-09-21T23:52:45.441+0000] {logging_mixin.py:190} INFO - [2026-09-21T23:52:45.441+0000] {base.py:1863} INFO - SELECT artista.nombre_artista 
FROM artista ORDER BY artista.id_artista ASC
[2026-09-21T23:52:45.441+0000] {logging_mixin.py:190} INFO - 2026-09-21 23:52:45,441 INFO sqlalchemy.engine.Engine [generated in 0.00032s] {}
[2026-09-21T23:52:45.441+0000] {logging_mixin.py:190} INFO - [2026-09-21T23:52:45.441+0000] {base.py:1868} INFO - [generated in 0.00032s] {}
[2026-09-21T23:52:45.442+0000] {logging_mixin.py:190} INFO - 2026-09-21 23:52:45,442 INFO sqlalchemy.engine.Engine ROLLBACK
[2026-09-21T23:52:45.442+0000] {logging_mixin.py:190} INFO - [2026-09-21T23:52:45.442+0000] {base.py:1060} INFO - ROLLBACK
[2026-09-21T23:52:45.449+0000] {logging_mixin.py:190} INFO - [2026-09-21T23:52:45.443+0000] {dagbag.py:387} ERROR - Failed to import: /opt/airflow/dags/spotify_etl_pro.py
Traceback (most recent call last):
  File "/home/airflow/.local/lib/python3.10/site-packages/airflow/models/dagbag.py", line 383, in parse
    loader.exec_module(new_module)
  File "<frozen importlib._bootstrap_external>", line 883, in exec_module
  File "<frozen importlib._bootstrap>", line 241, in _call_with_frames_removed
  File "/opt/airflow/dags/spotify_etl_pro.py", line 381, in <module>
    >> xcom_artista_bigquerry
NameError: name 'xcom_artista_bigquerry' is not defined. Did you mean: 'procesar_artista_big_querry'?
[2026-09-21T23:52:45.455+0000] {processor.py:927} WARNING - No viable dags retrieved from /opt/airflow/dags/spotify_etl_pro.py
[2026-09-21T23:52:45.467+0000] {processor.py:208} INFO - Processing /opt/airflow/dags/spotify_etl_pro.py took 0.099 seconds
[2026-09-21T23:53:15.889+0000] {processor.py:186} INFO - Started process (PID=1253) to work on /opt/airflow/dags/spotify_etl_pro.py
[2026-09-21T23:53:15.892+0000] {processor.py:914} INFO - Processing file /opt/airflow/dags/spotify_etl_pro.py for tasks to queue
[2026-09-21T23:53:15.893+0000] {logging_mixin.py:190} INFO - [2026-09-21T23:53:15.893+0000] {dagbag.py:588} INFO - Filling up the DagBag from /opt/airflow/dags/spotify_etl_pro.py
[2026-09-21T23:53:15.965+0000] {logging_mixin.py:190} INFO - 2026-09-21 23:53:15,965 INFO sqlalchemy.engine.Engine select pg_catalog.version()
[2026-09-21T23:53:15.966+0000] {logging_mixin.py:190} INFO - [2026-09-21T23:53:15.965+0000] {base.py:1863} INFO - select pg_catalog.version()
[2026-09-21T23:53:15.966+0000] {logging_mixin.py:190} INFO - 2026-09-21 23:53:15,966 INFO sqlalchemy.engine.Engine [raw sql] {}
[2026-09-21T23:53:15.966+0000] {logging_mixin.py:190} INFO - [2026-09-21T23:53:15.966+0000] {base.py:1868} INFO - [raw sql] {}
[2026-09-21T23:53:15.967+0000] {logging_mixin.py:190} INFO - 2026-09-21 23:53:15,967 INFO sqlalchemy.engine.Engine select current_schema()
[2026-09-21T23:53:15.967+0000] {logging_mixin.py:190} INFO - [2026-09-21T23:53:15.967+0000] {base.py:1863} INFO - select current_schema()
[2026-09-21T23:53:15.967+0000] {logging_mixin.py:190} INFO - 2026-09-21 23:53:15,967 INFO sqlalchemy.engine.Engine [raw sql] {}
[2026-09-21T23:53:15.967+0000] {logging_mixin.py:190} INFO - [2026-09-21T23:53:15.967+0000] {base.py:1868} INFO - [raw sql] {}
[2026-09-21T23:53:15.968+0000] {logging_mixin.py:190} INFO - 2026-09-21 23:53:15,968 INFO sqlalchemy.engine.Engine show standard_conforming_strings
[2026-09-21T23:53:15.968+0000] {logging_mixin.py:190} INFO - [2026-09-21T23:53:15.968+0000] {base.py:1863} INFO - show standard_conforming_strings
[2026-09-21T23:53:15.968+0000] {logging_mixin.py:190} INFO - 2026-09-21 23:53:15,968 INFO sqlalchemy.engine.Engine [raw sql] {}
[2026-09-21T23:53:15.968+0000] {logging_mixin.py:190} INFO - [2026-09-21T23:53:15.968+0000] {base.py:1868} INFO - [raw sql] {}
[2026-09-21T23:53:15.968+0000] {logging_mixin.py:190} INFO - 2026-09-21 23:53:15,968 INFO sqlalchemy.engine.Engine BEGIN (implicit)
[2026-09-21T23:53:15.969+0000] {logging_mixin.py:190} INFO - [2026-09-21T23:53:15.968+0000] {base.py:1032} INFO - BEGIN (implicit)
[2026-09-21T23:53:15.973+0000] {logging_mixin.py:190} INFO - 2026-09-21 23:53:15,973 INFO sqlalchemy.engine.Engine SELECT artista.nombre_artista 
FROM artista ORDER BY artista.id_artista ASC
[2026-09-21T23:53:15.973+0000] {logging_mixin.py:190} INFO - [2026-09-21T23:53:15.973+0000] {base.py:1863} INFO - SELECT artista.nombre_artista 
FROM artista ORDER BY artista.id_artista ASC
[2026-09-21T23:53:15.973+0000] {logging_mixin.py:190} INFO - 2026-09-21 23:53:15,973 INFO sqlalchemy.engine.Engine [generated in 0.00035s] {}
[2026-09-21T23:53:15.973+0000] {logging_mixin.py:190} INFO - [2026-09-21T23:53:15.973+0000] {base.py:1868} INFO - [generated in 0.00035s] {}
[2026-09-21T23:53:15.974+0000] {logging_mixin.py:190} INFO - 2026-09-21 23:53:15,974 INFO sqlalchemy.engine.Engine ROLLBACK
[2026-09-21T23:53:15.974+0000] {logging_mixin.py:190} INFO - [2026-09-21T23:53:15.974+0000] {base.py:1060} INFO - ROLLBACK
[2026-09-21T23:53:15.982+0000] {logging_mixin.py:190} INFO - [2026-09-21T23:53:15.975+0000] {dagbag.py:387} ERROR - Failed to import: /opt/airflow/dags/spotify_etl_pro.py
Traceback (most recent call last):
  File "/home/airflow/.local/lib/python3.10/site-packages/airflow/models/dagbag.py", line 383, in parse
    loader.exec_module(new_module)
  File "<frozen importlib._bootstrap_external>", line 883, in exec_module
  File "<frozen importlib._bootstrap>", line 241, in _call_with_frames_removed
  File "/opt/airflow/dags/spotify_etl_pro.py", line 381, in <module>
    >> xcom_artista_bigquerry
NameError: name 'xcom_artista_bigquerry' is not defined. Did you mean: 'procesar_artista_big_querry'?
[2026-09-21T23:53:15.988+0000] {processor.py:927} WARNING - No viable dags retrieved from /opt/airflow/dags/spotify_etl_pro.py
[2026-09-21T23:53:16.005+0000] {processor.py:208} INFO - Processing /opt/airflow/dags/spotify_etl_pro.py took 0.131 seconds
[2026-09-21T23:53:46.472+0000] {processor.py:186} INFO - Started process (PID=1258) to work on /opt/airflow/dags/spotify_etl_pro.py
[2026-09-21T23:53:46.473+0000] {processor.py:914} INFO - Processing file /opt/airflow/dags/spotify_etl_pro.py for tasks to queue
[2026-09-21T23:53:46.474+0000] {logging_mixin.py:190} INFO - [2026-09-21T23:53:46.474+0000] {dagbag.py:588} INFO - Filling up the DagBag from /opt/airflow/dags/spotify_etl_pro.py
[2026-09-21T23:53:46.537+0000] {logging_mixin.py:190} INFO - 2026-09-21 23:53:46,537 INFO sqlalchemy.engine.Engine select pg_catalog.version()
[2026-09-21T23:53:46.537+0000] {logging_mixin.py:190} INFO - [2026-09-21T23:53:46.537+0000] {base.py:1863} INFO - select pg_catalog.version()
[2026-09-21T23:53:46.538+0000] {logging_mixin.py:190} INFO - 2026-09-21 23:53:46,538 INFO sqlalchemy.engine.Engine [raw sql] {}
[2026-09-21T23:53:46.538+0000] {logging_mixin.py:190} INFO - [2026-09-21T23:53:46.538+0000] {base.py:1868} INFO - [raw sql] {}
[2026-09-21T23:53:46.538+0000] {logging_mixin.py:190} INFO - 2026-09-21 23:53:46,538 INFO sqlalchemy.engine.Engine select current_schema()
[2026-09-21T23:53:46.538+0000] {logging_mixin.py:190} INFO - [2026-09-21T23:53:46.538+0000] {base.py:1863} INFO - select current_schema()
[2026-09-21T23:53:46.539+0000] {logging_mixin.py:190} INFO - 2026-09-21 23:53:46,539 INFO sqlalchemy.engine.Engine [raw sql] {}
[2026-09-21T23:53:46.539+0000] {logging_mixin.py:190} INFO - [2026-09-21T23:53:46.539+0000] {base.py:1868} INFO - [raw sql] {}
[2026-09-21T23:53:46.539+0000] {logging_mixin.py:190} INFO - 2026-09-21 23:53:46,539 INFO sqlalchemy.engine.Engine show standard_conforming_strings
[2026-09-21T23:53:46.539+0000] {logging_mixin.py:190} INFO - [2026-09-21T23:53:46.539+0000] {base.py:1863} INFO - show standard_conforming_strings
[2026-09-21T23:53:46.539+0000] {logging_mixin.py:190} INFO - 2026-09-21 23:53:46,539 INFO sqlalchemy.engine.Engine [raw sql] {}
[2026-09-21T23:53:46.540+0000] {logging_mixin.py:190} INFO - [2026-09-21T23:53:46.539+0000] {base.py:1868} INFO - [raw sql] {}
[2026-09-21T23:53:46.546+0000] {logging_mixin.py:190} INFO - 2026-09-21 23:53:46,546 INFO sqlalchemy.engine.Engine BEGIN (implicit)
[2026-09-21T23:53:46.546+0000] {logging_mixin.py:190} INFO - [2026-09-21T23:53:46.546+0000] {base.py:1032} INFO - BEGIN (implicit)
[2026-09-21T23:53:46.563+0000] {logging_mixin.py:190} INFO - 2026-09-21 23:53:46,563 INFO sqlalchemy.engine.Engine SELECT artista.nombre_artista 
FROM artista ORDER BY artista.id_artista ASC
[2026-09-21T23:53:46.563+0000] {logging_mixin.py:190} INFO - [2026-09-21T23:53:46.563+0000] {base.py:1863} INFO - SELECT artista.nombre_artista 
FROM artista ORDER BY artista.id_artista ASC
[2026-09-21T23:53:46.563+0000] {logging_mixin.py:190} INFO - 2026-09-21 23:53:46,563 INFO sqlalchemy.engine.Engine [generated in 0.00055s] {}
[2026-09-21T23:53:46.564+0000] {logging_mixin.py:190} INFO - [2026-09-21T23:53:46.563+0000] {base.py:1868} INFO - [generated in 0.00055s] {}
[2026-09-21T23:53:46.565+0000] {logging_mixin.py:190} INFO - 2026-09-21 23:53:46,565 INFO sqlalchemy.engine.Engine ROLLBACK
[2026-09-21T23:53:46.566+0000] {logging_mixin.py:190} INFO - [2026-09-21T23:53:46.565+0000] {base.py:1060} INFO - ROLLBACK
[2026-09-21T23:53:46.577+0000] {logging_mixin.py:190} INFO - [2026-09-21T23:53:46.567+0000] {dagbag.py:387} ERROR - Failed to import: /opt/airflow/dags/spotify_etl_pro.py
Traceback (most recent call last):
  File "/home/airflow/.local/lib/python3.10/site-packages/airflow/models/dagbag.py", line 383, in parse
    loader.exec_module(new_module)
  File "<frozen importlib._bootstrap_external>", line 883, in exec_module
  File "<frozen importlib._bootstrap>", line 241, in _call_with_frames_removed
  File "/opt/airflow/dags/spotify_etl_pro.py", line 381, in <module>
    >> xcom_artista_bigquerry
NameError: name 'xcom_artista_bigquerry' is not defined. Did you mean: 'procesar_artista_big_querry'?
[2026-09-21T23:53:46.583+0000] {processor.py:927} WARNING - No viable dags retrieved from /opt/airflow/dags/spotify_etl_pro.py
[2026-09-21T23:53:46.594+0000] {processor.py:208} INFO - Processing /opt/airflow/dags/spotify_etl_pro.py took 0.137 seconds
[2026-09-21T23:54:16.988+0000] {processor.py:186} INFO - Started process (PID=1263) to work on /opt/airflow/dags/spotify_etl_pro.py
[2026-09-21T23:54:16.991+0000] {processor.py:914} INFO - Processing file /opt/airflow/dags/spotify_etl_pro.py for tasks to queue
[2026-09-21T23:54:16.993+0000] {logging_mixin.py:190} INFO - [2026-09-21T23:54:16.993+0000] {dagbag.py:588} INFO - Filling up the DagBag from /opt/airflow/dags/spotify_etl_pro.py
[2026-09-21T23:54:17.053+0000] {logging_mixin.py:190} INFO - 2026-09-21 23:54:17,053 INFO sqlalchemy.engine.Engine select pg_catalog.version()
[2026-09-21T23:54:17.054+0000] {logging_mixin.py:190} INFO - [2026-09-21T23:54:17.053+0000] {base.py:1863} INFO - select pg_catalog.version()
[2026-09-21T23:54:17.054+0000] {logging_mixin.py:190} INFO - 2026-09-21 23:54:17,054 INFO sqlalchemy.engine.Engine [raw sql] {}
[2026-09-21T23:54:17.054+0000] {logging_mixin.py:190} INFO - [2026-09-21T23:54:17.054+0000] {base.py:1868} INFO - [raw sql] {}
[2026-09-21T23:54:17.055+0000] {logging_mixin.py:190} INFO - 2026-09-21 23:54:17,055 INFO sqlalchemy.engine.Engine select current_schema()
[2026-09-21T23:54:17.055+0000] {logging_mixin.py:190} INFO - [2026-09-21T23:54:17.055+0000] {base.py:1863} INFO - select current_schema()
[2026-09-21T23:54:17.055+0000] {logging_mixin.py:190} INFO - 2026-09-21 23:54:17,055 INFO sqlalchemy.engine.Engine [raw sql] {}
[2026-09-21T23:54:17.055+0000] {logging_mixin.py:190} INFO - [2026-09-21T23:54:17.055+0000] {base.py:1868} INFO - [raw sql] {}
[2026-09-21T23:54:17.055+0000] {logging_mixin.py:190} INFO - 2026-09-21 23:54:17,055 INFO sqlalchemy.engine.Engine show standard_conforming_strings
[2026-09-21T23:54:17.055+0000] {logging_mixin.py:190} INFO - [2026-09-21T23:54:17.055+0000] {base.py:1863} INFO - show standard_conforming_strings
[2026-09-21T23:54:17.055+0000] {logging_mixin.py:190} INFO - 2026-09-21 23:54:17,055 INFO sqlalchemy.engine.Engine [raw sql] {}
[2026-09-21T23:54:17.055+0000] {logging_mixin.py:190} INFO - [2026-09-21T23:54:17.055+0000] {base.py:1868} INFO - [raw sql] {}
[2026-09-21T23:54:17.056+0000] {logging_mixin.py:190} INFO - 2026-09-21 23:54:17,056 INFO sqlalchemy.engine.Engine BEGIN (implicit)
[2026-09-21T23:54:17.056+0000] {logging_mixin.py:190} INFO - [2026-09-21T23:54:17.056+0000] {base.py:1032} INFO - BEGIN (implicit)
[2026-09-21T23:54:17.060+0000] {logging_mixin.py:190} INFO - 2026-09-21 23:54:17,060 INFO sqlalchemy.engine.Engine SELECT artista.nombre_artista 
FROM artista ORDER BY artista.id_artista ASC
[2026-09-21T23:54:17.060+0000] {logging_mixin.py:190} INFO - [2026-09-21T23:54:17.060+0000] {base.py:1863} INFO - SELECT artista.nombre_artista 
FROM artista ORDER BY artista.id_artista ASC
[2026-09-21T23:54:17.060+0000] {logging_mixin.py:190} INFO - 2026-09-21 23:54:17,060 INFO sqlalchemy.engine.Engine [generated in 0.00039s] {}
[2026-09-21T23:54:17.060+0000] {logging_mixin.py:190} INFO - [2026-09-21T23:54:17.060+0000] {base.py:1868} INFO - [generated in 0.00039s] {}
[2026-09-21T23:54:17.061+0000] {logging_mixin.py:190} INFO - 2026-09-21 23:54:17,061 INFO sqlalchemy.engine.Engine ROLLBACK
[2026-09-21T23:54:17.061+0000] {logging_mixin.py:190} INFO - [2026-09-21T23:54:17.061+0000] {base.py:1060} INFO - ROLLBACK
[2026-09-21T23:54:17.069+0000] {logging_mixin.py:190} INFO - [2026-09-21T23:54:17.062+0000] {dagbag.py:387} ERROR - Failed to import: /opt/airflow/dags/spotify_etl_pro.py
Traceback (most recent call last):
  File "/home/airflow/.local/lib/python3.10/site-packages/airflow/models/dagbag.py", line 383, in parse
    loader.exec_module(new_module)
  File "<frozen importlib._bootstrap_external>", line 883, in exec_module
  File "<frozen importlib._bootstrap>", line 241, in _call_with_frames_removed
  File "/opt/airflow/dags/spotify_etl_pro.py", line 381, in <module>
    >> xcom_artista_bigquerry
NameError: name 'xcom_artista_bigquerry' is not defined. Did you mean: 'procesar_artista_big_querry'?
[2026-09-21T23:54:17.075+0000] {processor.py:927} WARNING - No viable dags retrieved from /opt/airflow/dags/spotify_etl_pro.py
[2026-09-21T23:54:17.087+0000] {processor.py:208} INFO - Processing /opt/airflow/dags/spotify_etl_pro.py took 0.114 seconds
[2026-09-21T23:54:47.461+0000] {processor.py:186} INFO - Started process (PID=1268) to work on /opt/airflow/dags/spotify_etl_pro.py
[2026-09-21T23:54:47.463+0000] {processor.py:914} INFO - Processing file /opt/airflow/dags/spotify_etl_pro.py for tasks to queue
[2026-09-21T23:54:47.467+0000] {logging_mixin.py:190} INFO - [2026-09-21T23:54:47.465+0000] {dagbag.py:588} INFO - Filling up the DagBag from /opt/airflow/dags/spotify_etl_pro.py
[2026-09-21T23:54:47.530+0000] {logging_mixin.py:190} INFO - 2026-09-21 23:54:47,530 INFO sqlalchemy.engine.Engine select pg_catalog.version()
[2026-09-21T23:54:47.530+0000] {logging_mixin.py:190} INFO - [2026-09-21T23:54:47.530+0000] {base.py:1863} INFO - select pg_catalog.version()
[2026-09-21T23:54:47.530+0000] {logging_mixin.py:190} INFO - 2026-09-21 23:54:47,530 INFO sqlalchemy.engine.Engine [raw sql] {}
[2026-09-21T23:54:47.530+0000] {logging_mixin.py:190} INFO - [2026-09-21T23:54:47.530+0000] {base.py:1868} INFO - [raw sql] {}
[2026-09-21T23:54:47.531+0000] {logging_mixin.py:190} INFO - 2026-09-21 23:54:47,531 INFO sqlalchemy.engine.Engine select current_schema()
[2026-09-21T23:54:47.531+0000] {logging_mixin.py:190} INFO - [2026-09-21T23:54:47.531+0000] {base.py:1863} INFO - select current_schema()
[2026-09-21T23:54:47.531+0000] {logging_mixin.py:190} INFO - 2026-09-21 23:54:47,531 INFO sqlalchemy.engine.Engine [raw sql] {}
[2026-09-21T23:54:47.531+0000] {logging_mixin.py:190} INFO - [2026-09-21T23:54:47.531+0000] {base.py:1868} INFO - [raw sql] {}
[2026-09-21T23:54:47.532+0000] {logging_mixin.py:190} INFO - 2026-09-21 23:54:47,532 INFO sqlalchemy.engine.Engine show standard_conforming_strings
[2026-09-21T23:54:47.532+0000] {logging_mixin.py:190} INFO - [2026-09-21T23:54:47.532+0000] {base.py:1863} INFO - show standard_conforming_strings
[2026-09-21T23:54:47.532+0000] {logging_mixin.py:190} INFO - 2026-09-21 23:54:47,532 INFO sqlalchemy.engine.Engine [raw sql] {}
[2026-09-21T23:54:47.532+0000] {logging_mixin.py:190} INFO - [2026-09-21T23:54:47.532+0000] {base.py:1868} INFO - [raw sql] {}
[2026-09-21T23:54:47.533+0000] {logging_mixin.py:190} INFO - 2026-09-21 23:54:47,533 INFO sqlalchemy.engine.Engine BEGIN (implicit)
[2026-09-21T23:54:47.533+0000] {logging_mixin.py:190} INFO - [2026-09-21T23:54:47.533+0000] {base.py:1032} INFO - BEGIN (implicit)
[2026-09-21T23:54:47.541+0000] {logging_mixin.py:190} INFO - 2026-09-21 23:54:47,541 INFO sqlalchemy.engine.Engine SELECT artista.nombre_artista 
FROM artista ORDER BY artista.id_artista ASC
[2026-09-21T23:54:47.542+0000] {logging_mixin.py:190} INFO - [2026-09-21T23:54:47.541+0000] {base.py:1863} INFO - SELECT artista.nombre_artista 
FROM artista ORDER BY artista.id_artista ASC
[2026-09-21T23:54:47.542+0000] {logging_mixin.py:190} INFO - 2026-09-21 23:54:47,542 INFO sqlalchemy.engine.Engine [generated in 0.00047s] {}
[2026-09-21T23:54:47.542+0000] {logging_mixin.py:190} INFO - [2026-09-21T23:54:47.542+0000] {base.py:1868} INFO - [generated in 0.00047s] {}
[2026-09-21T23:54:47.543+0000] {logging_mixin.py:190} INFO - 2026-09-21 23:54:47,543 INFO sqlalchemy.engine.Engine ROLLBACK
[2026-09-21T23:54:47.544+0000] {logging_mixin.py:190} INFO - [2026-09-21T23:54:47.543+0000] {base.py:1060} INFO - ROLLBACK
[2026-09-21T23:54:47.551+0000] {logging_mixin.py:190} INFO - [2026-09-21T23:54:47.544+0000] {dagbag.py:387} ERROR - Failed to import: /opt/airflow/dags/spotify_etl_pro.py
Traceback (most recent call last):
  File "/home/airflow/.local/lib/python3.10/site-packages/airflow/models/dagbag.py", line 383, in parse
    loader.exec_module(new_module)
  File "<frozen importlib._bootstrap_external>", line 883, in exec_module
  File "<frozen importlib._bootstrap>", line 241, in _call_with_frames_removed
  File "/opt/airflow/dags/spotify_etl_pro.py", line 381, in <module>
    >> xcom_artista_bigquerry
NameError: name 'xcom_artista_bigquerry' is not defined. Did you mean: 'procesar_artista_big_querry'?
[2026-09-21T23:54:47.557+0000] {processor.py:927} WARNING - No viable dags retrieved from /opt/airflow/dags/spotify_etl_pro.py
[2026-09-21T23:54:47.570+0000] {processor.py:208} INFO - Processing /opt/airflow/dags/spotify_etl_pro.py took 0.120 seconds
[2026-09-21T23:55:17.927+0000] {processor.py:186} INFO - Started process (PID=1273) to work on /opt/airflow/dags/spotify_etl_pro.py
[2026-09-21T23:55:17.929+0000] {processor.py:914} INFO - Processing file /opt/airflow/dags/spotify_etl_pro.py for tasks to queue
[2026-09-21T23:55:17.930+0000] {logging_mixin.py:190} INFO - [2026-09-21T23:55:17.930+0000] {dagbag.py:588} INFO - Filling up the DagBag from /opt/airflow/dags/spotify_etl_pro.py
[2026-09-21T23:55:17.998+0000] {logging_mixin.py:190} INFO - 2026-09-21 23:55:17,998 INFO sqlalchemy.engine.Engine select pg_catalog.version()
[2026-09-21T23:55:17.999+0000] {logging_mixin.py:190} INFO - [2026-09-21T23:55:17.998+0000] {base.py:1863} INFO - select pg_catalog.version()
[2026-09-21T23:55:17.999+0000] {logging_mixin.py:190} INFO - 2026-09-21 23:55:17,999 INFO sqlalchemy.engine.Engine [raw sql] {}
[2026-09-21T23:55:17.999+0000] {logging_mixin.py:190} INFO - [2026-09-21T23:55:17.999+0000] {base.py:1868} INFO - [raw sql] {}
[2026-09-21T23:55:18.000+0000] {logging_mixin.py:190} INFO - 2026-09-21 23:55:18,000 INFO sqlalchemy.engine.Engine select current_schema()
[2026-09-21T23:55:18.000+0000] {logging_mixin.py:190} INFO - [2026-09-21T23:55:18.000+0000] {base.py:1863} INFO - select current_schema()
[2026-09-21T23:55:18.000+0000] {logging_mixin.py:190} INFO - 2026-09-21 23:55:18,000 INFO sqlalchemy.engine.Engine [raw sql] {}
[2026-09-21T23:55:18.000+0000] {logging_mixin.py:190} INFO - [2026-09-21T23:55:18.000+0000] {base.py:1868} INFO - [raw sql] {}
[2026-09-21T23:55:18.001+0000] {logging_mixin.py:190} INFO - 2026-09-21 23:55:18,001 INFO sqlalchemy.engine.Engine show standard_conforming_strings
[2026-09-21T23:55:18.001+0000] {logging_mixin.py:190} INFO - [2026-09-21T23:55:18.001+0000] {base.py:1863} INFO - show standard_conforming_strings
[2026-09-21T23:55:18.001+0000] {logging_mixin.py:190} INFO - 2026-09-21 23:55:18,001 INFO sqlalchemy.engine.Engine [raw sql] {}
[2026-09-21T23:55:18.001+0000] {logging_mixin.py:190} INFO - [2026-09-21T23:55:18.001+0000] {base.py:1868} INFO - [raw sql] {}
[2026-09-21T23:55:18.002+0000] {logging_mixin.py:190} INFO - 2026-09-21 23:55:18,002 INFO sqlalchemy.engine.Engine BEGIN (implicit)
[2026-09-21T23:55:18.002+0000] {logging_mixin.py:190} INFO - [2026-09-21T23:55:18.002+0000] {base.py:1032} INFO - BEGIN (implicit)
[2026-09-21T23:55:18.005+0000] {logging_mixin.py:190} INFO - 2026-09-21 23:55:18,005 INFO sqlalchemy.engine.Engine SELECT artista.nombre_artista 
FROM artista ORDER BY artista.id_artista ASC
[2026-09-21T23:55:18.005+0000] {logging_mixin.py:190} INFO - [2026-09-21T23:55:18.005+0000] {base.py:1863} INFO - SELECT artista.nombre_artista 
FROM artista ORDER BY artista.id_artista ASC
[2026-09-21T23:55:18.005+0000] {logging_mixin.py:190} INFO - 2026-09-21 23:55:18,005 INFO sqlalchemy.engine.Engine [generated in 0.00031s] {}
[2026-09-21T23:55:18.006+0000] {logging_mixin.py:190} INFO - [2026-09-21T23:55:18.005+0000] {base.py:1868} INFO - [generated in 0.00031s] {}
[2026-09-21T23:55:18.007+0000] {logging_mixin.py:190} INFO - 2026-09-21 23:55:18,007 INFO sqlalchemy.engine.Engine ROLLBACK
[2026-09-21T23:55:18.007+0000] {logging_mixin.py:190} INFO - [2026-09-21T23:55:18.007+0000] {base.py:1060} INFO - ROLLBACK
[2026-09-21T23:55:18.014+0000] {logging_mixin.py:190} INFO - [2026-09-21T23:55:18.008+0000] {dagbag.py:387} ERROR - Failed to import: /opt/airflow/dags/spotify_etl_pro.py
Traceback (most recent call last):
  File "/home/airflow/.local/lib/python3.10/site-packages/airflow/models/dagbag.py", line 383, in parse
    loader.exec_module(new_module)
  File "<frozen importlib._bootstrap_external>", line 883, in exec_module
  File "<frozen importlib._bootstrap>", line 241, in _call_with_frames_removed
  File "/opt/airflow/dags/spotify_etl_pro.py", line 381, in <module>
    >> xcom_artista_bigquerry
NameError: name 'xcom_artista_bigquerry' is not defined. Did you mean: 'procesar_artista_big_querry'?
[2026-09-21T23:55:18.020+0000] {processor.py:927} WARNING - No viable dags retrieved from /opt/airflow/dags/spotify_etl_pro.py
[2026-09-21T23:55:18.031+0000] {processor.py:208} INFO - Processing /opt/airflow/dags/spotify_etl_pro.py took 0.118 seconds
[2026-09-21T23:55:48.509+0000] {processor.py:186} INFO - Started process (PID=1278) to work on /opt/airflow/dags/spotify_etl_pro.py
[2026-09-21T23:55:48.515+0000] {processor.py:914} INFO - Processing file /opt/airflow/dags/spotify_etl_pro.py for tasks to queue
[2026-09-21T23:55:48.517+0000] {logging_mixin.py:190} INFO - [2026-09-21T23:55:48.516+0000] {dagbag.py:588} INFO - Filling up the DagBag from /opt/airflow/dags/spotify_etl_pro.py
[2026-09-21T23:55:48.629+0000] {logging_mixin.py:190} INFO - 2026-09-21 23:55:48,629 INFO sqlalchemy.engine.Engine select pg_catalog.version()
[2026-09-21T23:55:48.630+0000] {logging_mixin.py:190} INFO - [2026-09-21T23:55:48.629+0000] {base.py:1863} INFO - select pg_catalog.version()
[2026-09-21T23:55:48.630+0000] {logging_mixin.py:190} INFO - 2026-09-21 23:55:48,630 INFO sqlalchemy.engine.Engine [raw sql] {}
[2026-09-21T23:55:48.630+0000] {logging_mixin.py:190} INFO - [2026-09-21T23:55:48.630+0000] {base.py:1868} INFO - [raw sql] {}
[2026-09-21T23:55:48.631+0000] {logging_mixin.py:190} INFO - 2026-09-21 23:55:48,631 INFO sqlalchemy.engine.Engine select current_schema()
[2026-09-21T23:55:48.631+0000] {logging_mixin.py:190} INFO - [2026-09-21T23:55:48.631+0000] {base.py:1863} INFO - select current_schema()
[2026-09-21T23:55:48.631+0000] {logging_mixin.py:190} INFO - 2026-09-21 23:55:48,631 INFO sqlalchemy.engine.Engine [raw sql] {}
[2026-09-21T23:55:48.631+0000] {logging_mixin.py:190} INFO - [2026-09-21T23:55:48.631+0000] {base.py:1868} INFO - [raw sql] {}
[2026-09-21T23:55:48.632+0000] {logging_mixin.py:190} INFO - 2026-09-21 23:55:48,632 INFO sqlalchemy.engine.Engine show standard_conforming_strings
[2026-09-21T23:55:48.632+0000] {logging_mixin.py:190} INFO - [2026-09-21T23:55:48.632+0000] {base.py:1863} INFO - show standard_conforming_strings
[2026-09-21T23:55:48.632+0000] {logging_mixin.py:190} INFO - 2026-09-21 23:55:48,632 INFO sqlalchemy.engine.Engine [raw sql] {}
[2026-09-21T23:55:48.632+0000] {logging_mixin.py:190} INFO - [2026-09-21T23:55:48.632+0000] {base.py:1868} INFO - [raw sql] {}
[2026-09-21T23:55:48.634+0000] {logging_mixin.py:190} INFO - 2026-09-21 23:55:48,634 INFO sqlalchemy.engine.Engine BEGIN (implicit)
[2026-09-21T23:55:48.634+0000] {logging_mixin.py:190} INFO - [2026-09-21T23:55:48.634+0000] {base.py:1032} INFO - BEGIN (implicit)
[2026-09-21T23:55:48.644+0000] {logging_mixin.py:190} INFO - 2026-09-21 23:55:48,644 INFO sqlalchemy.engine.Engine SELECT artista.nombre_artista 
FROM artista ORDER BY artista.id_artista ASC
[2026-09-21T23:55:48.645+0000] {logging_mixin.py:190} INFO - [2026-09-21T23:55:48.644+0000] {base.py:1863} INFO - SELECT artista.nombre_artista 
FROM artista ORDER BY artista.id_artista ASC
[2026-09-21T23:55:48.645+0000] {logging_mixin.py:190} INFO - 2026-09-21 23:55:48,645 INFO sqlalchemy.engine.Engine [generated in 0.00111s] {}
[2026-09-21T23:55:48.645+0000] {logging_mixin.py:190} INFO - [2026-09-21T23:55:48.645+0000] {base.py:1868} INFO - [generated in 0.00111s] {}
[2026-09-21T23:55:48.648+0000] {logging_mixin.py:190} INFO - 2026-09-21 23:55:48,647 INFO sqlalchemy.engine.Engine ROLLBACK
[2026-09-21T23:55:48.648+0000] {logging_mixin.py:190} INFO - [2026-09-21T23:55:48.647+0000] {base.py:1060} INFO - ROLLBACK
[2026-09-21T23:55:48.659+0000] {logging_mixin.py:190} INFO - [2026-09-21T23:55:48.649+0000] {dagbag.py:387} ERROR - Failed to import: /opt/airflow/dags/spotify_etl_pro.py
Traceback (most recent call last):
  File "/home/airflow/.local/lib/python3.10/site-packages/airflow/models/dagbag.py", line 383, in parse
    loader.exec_module(new_module)
  File "<frozen importlib._bootstrap_external>", line 883, in exec_module
  File "<frozen importlib._bootstrap>", line 241, in _call_with_frames_removed
  File "/opt/airflow/dags/spotify_etl_pro.py", line 381, in <module>
    >> xcom_artista_bigquerry
NameError: name 'xcom_artista_bigquerry' is not defined. Did you mean: 'procesar_artista_big_querry'?
[2026-09-21T23:55:48.667+0000] {processor.py:927} WARNING - No viable dags retrieved from /opt/airflow/dags/spotify_etl_pro.py
[2026-09-21T23:55:48.685+0000] {processor.py:208} INFO - Processing /opt/airflow/dags/spotify_etl_pro.py took 0.197 seconds
[2026-09-21T23:56:19.031+0000] {processor.py:186} INFO - Started process (PID=1283) to work on /opt/airflow/dags/spotify_etl_pro.py
[2026-09-21T23:56:19.033+0000] {processor.py:914} INFO - Processing file /opt/airflow/dags/spotify_etl_pro.py for tasks to queue
[2026-09-21T23:56:19.034+0000] {logging_mixin.py:190} INFO - [2026-09-21T23:56:19.034+0000] {dagbag.py:588} INFO - Filling up the DagBag from /opt/airflow/dags/spotify_etl_pro.py
[2026-09-21T23:56:19.089+0000] {logging_mixin.py:190} INFO - 2026-09-21 23:56:19,089 INFO sqlalchemy.engine.Engine select pg_catalog.version()
[2026-09-21T23:56:19.089+0000] {logging_mixin.py:190} INFO - [2026-09-21T23:56:19.089+0000] {base.py:1863} INFO - select pg_catalog.version()
[2026-09-21T23:56:19.090+0000] {logging_mixin.py:190} INFO - 2026-09-21 23:56:19,090 INFO sqlalchemy.engine.Engine [raw sql] {}
[2026-09-21T23:56:19.090+0000] {logging_mixin.py:190} INFO - [2026-09-21T23:56:19.090+0000] {base.py:1868} INFO - [raw sql] {}
[2026-09-21T23:56:19.090+0000] {logging_mixin.py:190} INFO - 2026-09-21 23:56:19,090 INFO sqlalchemy.engine.Engine select current_schema()
[2026-09-21T23:56:19.090+0000] {logging_mixin.py:190} INFO - [2026-09-21T23:56:19.090+0000] {base.py:1863} INFO - select current_schema()
[2026-09-21T23:56:19.091+0000] {logging_mixin.py:190} INFO - 2026-09-21 23:56:19,091 INFO sqlalchemy.engine.Engine [raw sql] {}
[2026-09-21T23:56:19.091+0000] {logging_mixin.py:190} INFO - [2026-09-21T23:56:19.091+0000] {base.py:1868} INFO - [raw sql] {}
[2026-09-21T23:56:19.091+0000] {logging_mixin.py:190} INFO - 2026-09-21 23:56:19,091 INFO sqlalchemy.engine.Engine show standard_conforming_strings
[2026-09-21T23:56:19.091+0000] {logging_mixin.py:190} INFO - [2026-09-21T23:56:19.091+0000] {base.py:1863} INFO - show standard_conforming_strings
[2026-09-21T23:56:19.091+0000] {logging_mixin.py:190} INFO - 2026-09-21 23:56:19,091 INFO sqlalchemy.engine.Engine [raw sql] {}
[2026-09-21T23:56:19.091+0000] {logging_mixin.py:190} INFO - [2026-09-21T23:56:19.091+0000] {base.py:1868} INFO - [raw sql] {}
[2026-09-21T23:56:19.092+0000] {logging_mixin.py:190} INFO - 2026-09-21 23:56:19,092 INFO sqlalchemy.engine.Engine BEGIN (implicit)
[2026-09-21T23:56:19.092+0000] {logging_mixin.py:190} INFO - [2026-09-21T23:56:19.092+0000] {base.py:1032} INFO - BEGIN (implicit)
[2026-09-21T23:56:19.095+0000] {logging_mixin.py:190} INFO - 2026-09-21 23:56:19,095 INFO sqlalchemy.engine.Engine SELECT artista.nombre_artista 
FROM artista ORDER BY artista.id_artista ASC
[2026-09-21T23:56:19.095+0000] {logging_mixin.py:190} INFO - [2026-09-21T23:56:19.095+0000] {base.py:1863} INFO - SELECT artista.nombre_artista 
FROM artista ORDER BY artista.id_artista ASC
[2026-09-21T23:56:19.096+0000] {logging_mixin.py:190} INFO - 2026-09-21 23:56:19,096 INFO sqlalchemy.engine.Engine [generated in 0.00040s] {}
[2026-09-21T23:56:19.096+0000] {logging_mixin.py:190} INFO - [2026-09-21T23:56:19.096+0000] {base.py:1868} INFO - [generated in 0.00040s] {}
[2026-09-21T23:56:19.097+0000] {logging_mixin.py:190} INFO - 2026-09-21 23:56:19,097 INFO sqlalchemy.engine.Engine ROLLBACK
[2026-09-21T23:56:19.097+0000] {logging_mixin.py:190} INFO - [2026-09-21T23:56:19.097+0000] {base.py:1060} INFO - ROLLBACK
[2026-09-21T23:56:19.104+0000] {logging_mixin.py:190} INFO - [2026-09-21T23:56:19.098+0000] {dagbag.py:387} ERROR - Failed to import: /opt/airflow/dags/spotify_etl_pro.py
Traceback (most recent call last):
  File "/home/airflow/.local/lib/python3.10/site-packages/airflow/models/dagbag.py", line 383, in parse
    loader.exec_module(new_module)
  File "<frozen importlib._bootstrap_external>", line 883, in exec_module
  File "<frozen importlib._bootstrap>", line 241, in _call_with_frames_removed
  File "/opt/airflow/dags/spotify_etl_pro.py", line 381, in <module>
    >> xcom_artista_bigquerry
NameError: name 'xcom_artista_bigquerry' is not defined. Did you mean: 'procesar_artista_big_querry'?
[2026-09-21T23:56:19.110+0000] {processor.py:927} WARNING - No viable dags retrieved from /opt/airflow/dags/spotify_etl_pro.py
[2026-09-21T23:56:19.122+0000] {processor.py:208} INFO - Processing /opt/airflow/dags/spotify_etl_pro.py took 0.105 seconds
[2026-09-21T23:56:49.458+0000] {processor.py:186} INFO - Started process (PID=1288) to work on /opt/airflow/dags/spotify_etl_pro.py
[2026-09-21T23:56:49.459+0000] {processor.py:914} INFO - Processing file /opt/airflow/dags/spotify_etl_pro.py for tasks to queue
[2026-09-21T23:56:49.460+0000] {logging_mixin.py:190} INFO - [2026-09-21T23:56:49.460+0000] {dagbag.py:588} INFO - Filling up the DagBag from /opt/airflow/dags/spotify_etl_pro.py
[2026-09-21T23:56:49.500+0000] {logging_mixin.py:190} INFO - 2026-09-21 23:56:49,500 INFO sqlalchemy.engine.Engine select pg_catalog.version()
[2026-09-21T23:56:49.500+0000] {logging_mixin.py:190} INFO - [2026-09-21T23:56:49.500+0000] {base.py:1863} INFO - select pg_catalog.version()
[2026-09-21T23:56:49.500+0000] {logging_mixin.py:190} INFO - 2026-09-21 23:56:49,500 INFO sqlalchemy.engine.Engine [raw sql] {}
[2026-09-21T23:56:49.501+0000] {logging_mixin.py:190} INFO - [2026-09-21T23:56:49.500+0000] {base.py:1868} INFO - [raw sql] {}
[2026-09-21T23:56:49.501+0000] {logging_mixin.py:190} INFO - 2026-09-21 23:56:49,501 INFO sqlalchemy.engine.Engine select current_schema()
[2026-09-21T23:56:49.501+0000] {logging_mixin.py:190} INFO - [2026-09-21T23:56:49.501+0000] {base.py:1863} INFO - select current_schema()
[2026-09-21T23:56:49.501+0000] {logging_mixin.py:190} INFO - 2026-09-21 23:56:49,501 INFO sqlalchemy.engine.Engine [raw sql] {}
[2026-09-21T23:56:49.501+0000] {logging_mixin.py:190} INFO - [2026-09-21T23:56:49.501+0000] {base.py:1868} INFO - [raw sql] {}
[2026-09-21T23:56:49.502+0000] {logging_mixin.py:190} INFO - 2026-09-21 23:56:49,502 INFO sqlalchemy.engine.Engine show standard_conforming_strings
[2026-09-21T23:56:49.502+0000] {logging_mixin.py:190} INFO - [2026-09-21T23:56:49.502+0000] {base.py:1863} INFO - show standard_conforming_strings
[2026-09-21T23:56:49.502+0000] {logging_mixin.py:190} INFO - 2026-09-21 23:56:49,502 INFO sqlalchemy.engine.Engine [raw sql] {}
[2026-09-21T23:56:49.502+0000] {logging_mixin.py:190} INFO - [2026-09-21T23:56:49.502+0000] {base.py:1868} INFO - [raw sql] {}
[2026-09-21T23:56:49.502+0000] {logging_mixin.py:190} INFO - 2026-09-21 23:56:49,502 INFO sqlalchemy.engine.Engine BEGIN (implicit)
[2026-09-21T23:56:49.502+0000] {logging_mixin.py:190} INFO - [2026-09-21T23:56:49.502+0000] {base.py:1032} INFO - BEGIN (implicit)
[2026-09-21T23:56:49.505+0000] {logging_mixin.py:190} INFO - 2026-09-21 23:56:49,505 INFO sqlalchemy.engine.Engine SELECT artista.nombre_artista 
FROM artista ORDER BY artista.id_artista ASC
[2026-09-21T23:56:49.505+0000] {logging_mixin.py:190} INFO - [2026-09-21T23:56:49.505+0000] {base.py:1863} INFO - SELECT artista.nombre_artista 
FROM artista ORDER BY artista.id_artista ASC
[2026-09-21T23:56:49.505+0000] {logging_mixin.py:190} INFO - 2026-09-21 23:56:49,505 INFO sqlalchemy.engine.Engine [generated in 0.00032s] {}
[2026-09-21T23:56:49.505+0000] {logging_mixin.py:190} INFO - [2026-09-21T23:56:49.505+0000] {base.py:1868} INFO - [generated in 0.00032s] {}
[2026-09-21T23:56:49.506+0000] {logging_mixin.py:190} INFO - 2026-09-21 23:56:49,506 INFO sqlalchemy.engine.Engine ROLLBACK
[2026-09-21T23:56:49.506+0000] {logging_mixin.py:190} INFO - [2026-09-21T23:56:49.506+0000] {base.py:1060} INFO - ROLLBACK
[2026-09-21T23:56:49.513+0000] {logging_mixin.py:190} INFO - [2026-09-21T23:56:49.507+0000] {dagbag.py:387} ERROR - Failed to import: /opt/airflow/dags/spotify_etl_pro.py
Traceback (most recent call last):
  File "/home/airflow/.local/lib/python3.10/site-packages/airflow/models/dagbag.py", line 383, in parse
    loader.exec_module(new_module)
  File "<frozen importlib._bootstrap_external>", line 883, in exec_module
  File "<frozen importlib._bootstrap>", line 241, in _call_with_frames_removed
  File "/opt/airflow/dags/spotify_etl_pro.py", line 381, in <module>
    >> xcom_artista_bigquerry
NameError: name 'xcom_artista_bigquerry' is not defined. Did you mean: 'procesar_artista_big_querry'?
[2026-09-21T23:56:49.520+0000] {processor.py:927} WARNING - No viable dags retrieved from /opt/airflow/dags/spotify_etl_pro.py
[2026-09-21T23:56:49.528+0000] {processor.py:208} INFO - Processing /opt/airflow/dags/spotify_etl_pro.py took 0.078 seconds
[2026-09-21T23:57:19.919+0000] {processor.py:186} INFO - Started process (PID=1293) to work on /opt/airflow/dags/spotify_etl_pro.py
[2026-09-21T23:57:19.920+0000] {processor.py:914} INFO - Processing file /opt/airflow/dags/spotify_etl_pro.py for tasks to queue
[2026-09-21T23:57:19.921+0000] {logging_mixin.py:190} INFO - [2026-09-21T23:57:19.921+0000] {dagbag.py:588} INFO - Filling up the DagBag from /opt/airflow/dags/spotify_etl_pro.py
[2026-09-21T23:57:19.965+0000] {logging_mixin.py:190} INFO - 2026-09-21 23:57:19,965 INFO sqlalchemy.engine.Engine select pg_catalog.version()
[2026-09-21T23:57:19.966+0000] {logging_mixin.py:190} INFO - [2026-09-21T23:57:19.965+0000] {base.py:1863} INFO - select pg_catalog.version()
[2026-09-21T23:57:19.966+0000] {logging_mixin.py:190} INFO - 2026-09-21 23:57:19,966 INFO sqlalchemy.engine.Engine [raw sql] {}
[2026-09-21T23:57:19.966+0000] {logging_mixin.py:190} INFO - [2026-09-21T23:57:19.966+0000] {base.py:1868} INFO - [raw sql] {}
[2026-09-21T23:57:19.966+0000] {logging_mixin.py:190} INFO - 2026-09-21 23:57:19,966 INFO sqlalchemy.engine.Engine select current_schema()
[2026-09-21T23:57:19.966+0000] {logging_mixin.py:190} INFO - [2026-09-21T23:57:19.966+0000] {base.py:1863} INFO - select current_schema()
[2026-09-21T23:57:19.967+0000] {logging_mixin.py:190} INFO - 2026-09-21 23:57:19,967 INFO sqlalchemy.engine.Engine [raw sql] {}
[2026-09-21T23:57:19.967+0000] {logging_mixin.py:190} INFO - [2026-09-21T23:57:19.967+0000] {base.py:1868} INFO - [raw sql] {}
[2026-09-21T23:57:19.967+0000] {logging_mixin.py:190} INFO - 2026-09-21 23:57:19,967 INFO sqlalchemy.engine.Engine show standard_conforming_strings
[2026-09-21T23:57:19.967+0000] {logging_mixin.py:190} INFO - [2026-09-21T23:57:19.967+0000] {base.py:1863} INFO - show standard_conforming_strings
[2026-09-21T23:57:19.967+0000] {logging_mixin.py:190} INFO - 2026-09-21 23:57:19,967 INFO sqlalchemy.engine.Engine [raw sql] {}
[2026-09-21T23:57:19.967+0000] {logging_mixin.py:190} INFO - [2026-09-21T23:57:19.967+0000] {base.py:1868} INFO - [raw sql] {}
[2026-09-21T23:57:19.968+0000] {logging_mixin.py:190} INFO - 2026-09-21 23:57:19,968 INFO sqlalchemy.engine.Engine BEGIN (implicit)
[2026-09-21T23:57:19.968+0000] {logging_mixin.py:190} INFO - [2026-09-21T23:57:19.968+0000] {base.py:1032} INFO - BEGIN (implicit)
[2026-09-21T23:57:19.971+0000] {logging_mixin.py:190} INFO - 2026-09-21 23:57:19,971 INFO sqlalchemy.engine.Engine SELECT artista.nombre_artista 
FROM artista ORDER BY artista.id_artista ASC
[2026-09-21T23:57:19.971+0000] {logging_mixin.py:190} INFO - [2026-09-21T23:57:19.971+0000] {base.py:1863} INFO - SELECT artista.nombre_artista 
FROM artista ORDER BY artista.id_artista ASC
[2026-09-21T23:57:19.971+0000] {logging_mixin.py:190} INFO - 2026-09-21 23:57:19,971 INFO sqlalchemy.engine.Engine [generated in 0.00037s] {}
[2026-09-21T23:57:19.972+0000] {logging_mixin.py:190} INFO - [2026-09-21T23:57:19.971+0000] {base.py:1868} INFO - [generated in 0.00037s] {}
[2026-09-21T23:57:19.972+0000] {logging_mixin.py:190} INFO - 2026-09-21 23:57:19,972 INFO sqlalchemy.engine.Engine ROLLBACK
[2026-09-21T23:57:19.973+0000] {logging_mixin.py:190} INFO - [2026-09-21T23:57:19.972+0000] {base.py:1060} INFO - ROLLBACK
[2026-09-21T23:57:19.980+0000] {logging_mixin.py:190} INFO - [2026-09-21T23:57:19.973+0000] {dagbag.py:387} ERROR - Failed to import: /opt/airflow/dags/spotify_etl_pro.py
Traceback (most recent call last):
  File "/home/airflow/.local/lib/python3.10/site-packages/airflow/models/dagbag.py", line 383, in parse
    loader.exec_module(new_module)
  File "<frozen importlib._bootstrap_external>", line 883, in exec_module
  File "<frozen importlib._bootstrap>", line 241, in _call_with_frames_removed
  File "/opt/airflow/dags/spotify_etl_pro.py", line 381, in <module>
    >> xcom_artista_bigquerry
NameError: name 'xcom_artista_bigquerry' is not defined. Did you mean: 'procesar_artista_big_querry'?
[2026-09-21T23:57:19.985+0000] {processor.py:927} WARNING - No viable dags retrieved from /opt/airflow/dags/spotify_etl_pro.py
[2026-09-21T23:57:19.995+0000] {processor.py:208} INFO - Processing /opt/airflow/dags/spotify_etl_pro.py took 0.089 seconds
[2026-09-21T23:57:50.233+0000] {processor.py:186} INFO - Started process (PID=1298) to work on /opt/airflow/dags/spotify_etl_pro.py
[2026-09-21T23:57:50.234+0000] {processor.py:914} INFO - Processing file /opt/airflow/dags/spotify_etl_pro.py for tasks to queue
[2026-09-21T23:57:50.235+0000] {logging_mixin.py:190} INFO - [2026-09-21T23:57:50.235+0000] {dagbag.py:588} INFO - Filling up the DagBag from /opt/airflow/dags/spotify_etl_pro.py
[2026-09-21T23:57:50.305+0000] {logging_mixin.py:190} INFO - 2026-09-21 23:57:50,305 INFO sqlalchemy.engine.Engine select pg_catalog.version()
[2026-09-21T23:57:50.305+0000] {logging_mixin.py:190} INFO - [2026-09-21T23:57:50.305+0000] {base.py:1863} INFO - select pg_catalog.version()
[2026-09-21T23:57:50.305+0000] {logging_mixin.py:190} INFO - 2026-09-21 23:57:50,305 INFO sqlalchemy.engine.Engine [raw sql] {}
[2026-09-21T23:57:50.305+0000] {logging_mixin.py:190} INFO - [2026-09-21T23:57:50.305+0000] {base.py:1868} INFO - [raw sql] {}
[2026-09-21T23:57:50.306+0000] {logging_mixin.py:190} INFO - 2026-09-21 23:57:50,306 INFO sqlalchemy.engine.Engine select current_schema()
[2026-09-21T23:57:50.306+0000] {logging_mixin.py:190} INFO - [2026-09-21T23:57:50.306+0000] {base.py:1863} INFO - select current_schema()
[2026-09-21T23:57:50.306+0000] {logging_mixin.py:190} INFO - 2026-09-21 23:57:50,306 INFO sqlalchemy.engine.Engine [raw sql] {}
[2026-09-21T23:57:50.306+0000] {logging_mixin.py:190} INFO - [2026-09-21T23:57:50.306+0000] {base.py:1868} INFO - [raw sql] {}
[2026-09-21T23:57:50.307+0000] {logging_mixin.py:190} INFO - 2026-09-21 23:57:50,307 INFO sqlalchemy.engine.Engine show standard_conforming_strings
[2026-09-21T23:57:50.307+0000] {logging_mixin.py:190} INFO - [2026-09-21T23:57:50.307+0000] {base.py:1863} INFO - show standard_conforming_strings
[2026-09-21T23:57:50.307+0000] {logging_mixin.py:190} INFO - 2026-09-21 23:57:50,307 INFO sqlalchemy.engine.Engine [raw sql] {}
[2026-09-21T23:57:50.307+0000] {logging_mixin.py:190} INFO - [2026-09-21T23:57:50.307+0000] {base.py:1868} INFO - [raw sql] {}
[2026-09-21T23:57:50.307+0000] {logging_mixin.py:190} INFO - 2026-09-21 23:57:50,307 INFO sqlalchemy.engine.Engine BEGIN (implicit)
[2026-09-21T23:57:50.308+0000] {logging_mixin.py:190} INFO - [2026-09-21T23:57:50.307+0000] {base.py:1032} INFO - BEGIN (implicit)
[2026-09-21T23:57:50.311+0000] {logging_mixin.py:190} INFO - 2026-09-21 23:57:50,311 INFO sqlalchemy.engine.Engine SELECT artista.nombre_artista 
FROM artista ORDER BY artista.id_artista ASC
[2026-09-21T23:57:50.311+0000] {logging_mixin.py:190} INFO - [2026-09-21T23:57:50.311+0000] {base.py:1863} INFO - SELECT artista.nombre_artista 
FROM artista ORDER BY artista.id_artista ASC
[2026-09-21T23:57:50.311+0000] {logging_mixin.py:190} INFO - 2026-09-21 23:57:50,311 INFO sqlalchemy.engine.Engine [generated in 0.00032s] {}
[2026-09-21T23:57:50.311+0000] {logging_mixin.py:190} INFO - [2026-09-21T23:57:50.311+0000] {base.py:1868} INFO - [generated in 0.00032s] {}
[2026-09-21T23:57:50.313+0000] {logging_mixin.py:190} INFO - 2026-09-21 23:57:50,313 INFO sqlalchemy.engine.Engine ROLLBACK
[2026-09-21T23:57:50.313+0000] {logging_mixin.py:190} INFO - [2026-09-21T23:57:50.313+0000] {base.py:1060} INFO - ROLLBACK
[2026-09-21T23:57:50.321+0000] {logging_mixin.py:190} INFO - [2026-09-21T23:57:50.314+0000] {dagbag.py:387} ERROR - Failed to import: /opt/airflow/dags/spotify_etl_pro.py
Traceback (most recent call last):
  File "/home/airflow/.local/lib/python3.10/site-packages/airflow/models/dagbag.py", line 383, in parse
    loader.exec_module(new_module)
  File "<frozen importlib._bootstrap_external>", line 883, in exec_module
  File "<frozen importlib._bootstrap>", line 241, in _call_with_frames_removed
  File "/opt/airflow/dags/spotify_etl_pro.py", line 381, in <module>
    >> xcom_artista_bigquerry
NameError: name 'xcom_artista_bigquerry' is not defined. Did you mean: 'procesar_artista_big_querry'?
[2026-09-21T23:57:50.327+0000] {processor.py:927} WARNING - No viable dags retrieved from /opt/airflow/dags/spotify_etl_pro.py
[2026-09-21T23:57:50.341+0000] {processor.py:208} INFO - Processing /opt/airflow/dags/spotify_etl_pro.py took 0.123 seconds
